# freq, uncal T[mK], calib T[mK]
5.0000000000000000e+01 2.6636713600000002e+02 3.1159233084478370e+02
5.0048828000000000e+01 2.6640438999999998e+02 3.1227205514240637e+02
5.0097656000000001e+01 2.6641752100000002e+02 3.1232362571447288e+02
5.0146484000000001e+01 2.6641822900000000e+02 3.1204789847830648e+02
5.0195312000000001e+01 2.6636608600000000e+02 3.1041019933647112e+02
5.0244140999999999e+01 2.6632385900000003e+02 3.0901915478865544e+02
5.0292968999999999e+01 2.6632702000000000e+02 3.0878197090536122e+02
5.0341797000000000e+01 2.6644659999999999e+02 3.1151346884469518e+02
5.0390625000000000e+01 2.6648164600000001e+02 3.1207340005909265e+02
5.0439453000000000e+01 2.6639611600000001e+02 3.0954401588598097e+02
5.0488281000000001e+01 2.6641762199999999e+02 3.0974210434136694e+02
5.0537109000000001e+01 2.6646265499999998e+02 3.1053254491500064e+02
5.0585937999999999e+01 2.6643885299999999e+02 3.0955797485828612e+02
5.0634765999999999e+01 2.6651992500000000e+02 3.1125133685525509e+02
5.0683593999999999e+01 2.6651666799999998e+02 3.1078561180454773e+02
5.0732422000000000e+01 2.6647216300000002e+02 3.0926141946554219e+02
5.0781250000000000e+01 2.6650520399999999e+02 3.0970658816528675e+02
5.0830078000000000e+01 2.6643724400000002e+02 3.0757182197325585e+02
5.0878906000000001e+01 2.6645588700000002e+02 3.0763620743482471e+02
5.0927734000000001e+01 2.6649979800000000e+02 3.0833655225840255e+02
5.0976562000000001e+01 2.6651655399999999e+02 3.0833860772689627e+02
5.1025390999999999e+01 2.6651369199999999e+02 3.0783488425402641e+02
5.1074218999999999e+01 2.6652606700000001e+02 3.0771221362382215e+02
5.1123047000000000e+01 2.6656536999999997e+02 3.0826750651709722e+02
5.1171875000000000e+01 2.6659721300000001e+02 3.0862647784862844e+02
5.1220703000000000e+01 2.6664497999999998e+02 3.0938345496170450e+02
5.1269531000000001e+01 2.6662401499999999e+02 3.0838837383280452e+02
5.1318359000000001e+01 2.6665671600000002e+02 3.0875030788202588e+02
5.1367187999999999e+01 2.6670680499999997e+02 3.0954747076965884e+02
5.1416015999999999e+01 2.6667397000000000e+02 3.0823429630942240e+02
5.1464843999999999e+01 2.6675997500000000e+02 3.0993092380530823e+02
5.1513672000000000e+01 2.6661149799999998e+02 3.0567431808985651e+02
5.1562500000000000e+01 2.6669440200000003e+02 3.0728124748776031e+02
5.1611328000000000e+01 2.6669634900000000e+02 3.0682993930836886e+02
5.1660156000000001e+01 2.6672039599999999e+02 3.0693384038918401e+02
5.1708984000000001e+01 2.6675433600000002e+02 3.0728340215550122e+02
5.1757812000000001e+01 2.6673279800000000e+02 3.0622257014843365e+02
5.1806640999999999e+01 2.6675426900000002e+02 3.0624679389628250e+02
5.1855468999999999e+01 2.6681887899999998e+02 3.0735884214299830e+02
5.1904297000000000e+01 2.6685651400000000e+02 3.0778309374923060e+02
5.1953125000000000e+01 2.6685339199999999e+02 3.0717124066488361e+02
5.2001953000000000e+01 2.6686789099999999e+02 3.0700142669378215e+02
5.2050781000000001e+01 2.6682805600000000e+02 3.0545283524990185e+02
5.2099609000000001e+01 2.6685800499999999e+02 3.0566637961290314e+02
5.2148437999999999e+01 2.6687633000000000e+02 3.0558207747704716e+02
5.2197265999999999e+01 2.6691613100000001e+02 3.0603735946166171e+02
5.2246093999999999e+01 2.6693602800000002e+02 3.0598573219564861e+02
5.2294922000000000e+01 2.6698857900000002e+02 3.0675639208199198e+02
5.2343750000000000e+01 2.6696468099999998e+02 3.0559107115696520e+02
5.2392578000000000e+01 2.6699278399999997e+02 3.0573740394185722e+02
5.2441406000000001e+01 2.6697343599999999e+02 3.0468159283031639e+02
5.2490234000000001e+01 2.6703786600000001e+02 3.0574028600183021e+02
5.2539062000000001e+01 2.6701706899999999e+02 3.0464273984084292e+02
5.2587890999999999e+01 2.6711476099999999e+02 3.0653634311057078e+02
5.2636718999999999e+01 2.6707847400000003e+02 3.0504284559473183e+02
5.2685547000000000e+01 2.6710618799999997e+02 3.0516396466323164e+02
5.2734375000000000e+01 2.6713606099999998e+02 3.0533750850965237e+02
5.2783203000000000e+01 2.6717045200000001e+02 3.0562317177110134e+02
5.2832031000000001e+01 2.6725139400000000e+02 3.0708239382605615e+02
5.2880859000000001e+01 2.6724722500000001e+02 3.0639084297513813e+02
5.2929687999999999e+01 2.6731732000000000e+02 3.0757271992508390e+02
5.2978515999999999e+01 2.6726599099999999e+02 3.0568786881692824e+02
5.3027343999999999e+01 2.6724268599999999e+02 3.0450943618048495e+02
5.3076172000000000e+01 2.6728679899999997e+02 3.0503168517295876e+02
5.3125000000000000e+01 2.6726567100000000e+02 3.0390632090747772e+02
5.3173828000000000e+01 2.6731586700000003e+02 3.0458024036173731e+02
5.3222656000000001e+01 2.6733403099999998e+02 3.0444504104702156e+02
5.3271484000000001e+01 2.6737075299999998e+02 3.0477758129263083e+02
5.3320312000000001e+01 2.6739653900000002e+02 3.0483371232168406e+02
5.3369140999999999e+01 2.6741723100000002e+02 3.0476100078226352e+02
5.3417968999999999e+01 2.6745284099999998e+02 3.0506453894728691e+02
5.3466797000000000e+01 2.6744731999999999e+02 3.0433030013592645e+02
5.3515625000000000e+01 2.6749827699999997e+02 3.0502110446516718e+02
5.3564453000000000e+01 2.6750147900000002e+02 3.0450732677081095e+02
5.3613281000000001e+01 2.6744833000000000e+02 3.0257232647447228e+02
5.3662109000000001e+01 2.6757637399999999e+02 3.0520894529097649e+02
5.3710937999999999e+01 2.6760573099999999e+02 3.0535651807851582e+02
5.3759765999999999e+01 2.6760863000000001e+02 3.0483741681099633e+02
5.3808593999999999e+01 2.6764430800000002e+02 3.0514613379577605e+02
5.3857422000000000e+01 2.6766667600000000e+02 3.0512011194780644e+02
5.3906250000000000e+01 2.6772761200000002e+02 3.0606820352793710e+02
5.3955078000000000e+01 2.6774446699999999e+02 3.0590556305476673e+02
5.4003906000000001e+01 2.6775177500000001e+02 3.0550349477175530e+02
5.4052734000000001e+01 2.6779680000000002e+02 3.0605448049624533e+02
5.4101562000000001e+01 2.6783255300000002e+02 3.0637324530791210e+02
5.4150390999999999e+01 2.6775468499999999e+02 3.0382728134026314e+02
5.4199218999999999e+01 2.6782264400000003e+02 3.0496227645324365e+02
5.4248047000000000e+01 2.6781836600000003e+02 3.0427681800542859e+02
5.4296875000000000e+01 2.6786887400000001e+02 3.0497580531048908e+02
5.4345703000000000e+01 2.6791461500000003e+02 3.0555685781252834e+02
5.4394531000000001e+01 2.6788565499999999e+02 3.0425541910428359e+02
5.4443359000000001e+01 2.6795818300000002e+02 3.0551740521118961e+02
5.4492187999999999e+01 2.6794320699999997e+02 3.0457392718392271e+02
5.4541015999999999e+01 2.6797934900000001e+02 3.0492321569413667e+02
5.4589843999999999e+01 2.6806473000000000e+02 3.0651816945897002e+02
5.4638672000000000e+01 2.6804584199999999e+02 3.0548456095621196e+02
5.4687500000000000e+01 2.6802196300000003e+02 3.0432797355897009e+02
5.4736328000000000e+01 2.6805817200000001e+02 3.0469131800060649e+02
5.4785156000000001e+01 2.6806559900000002e+02 3.0433146194162407e+02
5.4833984000000001e+01 2.6811110700000000e+02 3.0493647575608378e+02
5.4882812000000001e+01 2.6813212199999998e+02 3.0492674164471339e+02
5.4931640999999999e+01 2.6815405399999997e+02 3.0494385484942944e+02
5.4980468999999999e+01 2.6821690000000001e+02 3.0599802926934683e+02
5.5029297000000000e+01 2.6817552999999998e+02 3.0442423757941089e+02
5.5078125000000000e+01 2.6822728599999999e+02 3.0520640285546750e+02
5.5126953000000000e+01 2.6825521800000001e+02 3.0539104681533240e+02
5.5175781000000001e+01 2.6827502800000002e+02 3.0537478945159995e+02
5.5224609000000001e+01 2.6825926500000003e+02 3.0446409728588844e+02
5.5273437999999999e+01 2.6827886999999998e+02 3.0445136657647879e+02
5.5322265999999999e+01 2.6835847200000001e+02 3.0595942378899559e+02
5.5371093999999999e+01 2.6839455800000002e+02 3.0637264803282591e+02
5.5419922000000000e+01 2.6840300700000000e+02 3.0609214950208462e+02
5.5468750000000000e+01 2.6839844799999997e+02 3.0548760875065329e+02
5.5517578000000000e+01 2.6845499200000000e+02 3.0643279176415990e+02
5.5566406000000001e+01 2.6847590500000001e+02 3.0648228890178393e+02
5.5615234000000001e+01 2.6843365200000000e+02 3.0493949454993293e+02
5.5664062000000001e+01 2.6845290899999998e+02 3.0495735065016936e+02
5.5712890999999999e+01 2.6841920099999999e+02 3.0364070681326200e+02
5.5761718999999999e+01 2.6845682199999999e+02 3.0413380163282744e+02
5.5810547000000000e+01 2.6849829199999999e+02 3.0472996440451061e+02
5.5859375000000000e+01 2.6854086200000000e+02 3.0535976326506648e+02
5.5908203000000000e+01 2.6853115800000000e+02 3.0467233895758142e+02
5.5957031000000001e+01 2.6859971200000001e+02 3.0597162675819646e+02
5.6005859000000001e+01 2.6858103799999998e+02 3.0506867504320917e+02
5.6054687999999999e+01 2.6860458100000000e+02 3.0524047260736768e+02
5.6103515999999999e+01 2.6859428300000002e+02 3.0456130374038577e+02
5.6152343999999999e+01 2.6863345800000002e+02 3.0514126416290259e+02
5.6201172000000000e+01 2.6872244899999998e+02 3.0698973780658883e+02
5.6250000000000000e+01 2.6870133600000003e+02 3.0605515807851816e+02
5.6298828000000000e+01 2.6865172400000000e+02 3.0440438023502878e+02
5.6347656000000001e+01 2.6866084999999998e+02 3.0424839427571214e+02
5.6396484000000001e+01 2.6870691599999998e+02 3.0503540933395720e+02
5.6445312000000001e+01 2.6875683400000003e+02 3.0592698575954449e+02
5.6494140999999999e+01 2.6877625799999998e+02 3.0605218459901829e+02
5.6542968999999999e+01 2.6876949500000001e+02 3.0551993323924216e+02
5.6591797000000000e+01 2.6874525899999998e+02 3.0455101306829260e+02
5.6640625000000000e+01 2.6875244400000003e+02 3.0438594981785400e+02
5.6689453000000000e+01 2.6876338299999998e+02 3.0432306277030193e+02
5.6738281000000001e+01 2.6883241299999997e+02 3.0574181555036921e+02
5.6787109000000001e+01 2.6882824699999998e+02 3.0530977001561757e+02
5.6835937999999999e+01 2.6884578699999997e+02 3.0543592536854158e+02
5.6884765999999999e+01 2.6888319799999999e+02 3.0607407094953095e+02
5.6933593999999999e+01 2.6888474100000002e+02 3.0580853061097497e+02
5.6982422000000000e+01 2.6895136500000001e+02 3.0720391298572196e+02
5.7031250000000000e+01 2.6894449700000001e+02 3.0673946221456379e+02
5.7080078000000000e+01 2.6897427499999998e+02 3.0721381570161014e+02
5.7128906000000001e+01 2.6895546800000000e+02 3.0646058617992577e+02
5.7177734000000001e+01 2.6893472100000002e+02 3.0566527027459961e+02
5.7226562000000001e+01 2.6892206700000003e+02 3.0508308382056867e+02
5.7275390999999999e+01 2.6890928300000002e+02 3.0450499859329079e+02
5.7324218999999999e+01 2.6893318199999999e+02 3.0486782597385235e+02
5.7373047000000000e+01 2.6899273599999998e+02 3.0614603513469649e+02
5.7421875000000000e+01 2.6903092199999998e+02 3.0688861546022713e+02
5.7470703000000000e+01 2.6902741700000001e+02 3.0657779529063083e+02
5.7519531000000001e+01 2.6898221999999998e+02 3.0521291309199358e+02
5.7568359000000001e+01 2.6907979599999999e+02 3.0749228860918646e+02
5.7617187999999999e+01 2.6901991199999998e+02 3.0576868531763336e+02
5.7666015999999999e+01 2.6907479100000000e+02 3.0697701761378090e+02
5.7714843999999999e+01 2.6904505799999998e+02 3.0603714166478198e+02
5.7763672000000000e+01 2.6905685000000000e+02 3.0616363094307695e+02
5.7812500000000000e+01 2.6908941199999998e+02 3.0682793855387717e+02
5.7861328000000000e+01 2.6910443600000002e+02 3.0705332980057341e+02
5.7910156000000001e+01 2.6909719600000000e+02 3.0671896929132350e+02
5.7958984000000001e+01 2.6908373399999999e+02 3.0623387465783236e+02
5.8007812000000001e+01 2.6908669300000003e+02 3.0617590792265963e+02
5.8056640999999999e+01 2.6906316399999997e+02 3.0544992367767492e+02
5.8105468999999999e+01 2.6908082999999999e+02 3.0578380852139310e+02
5.8154297000000000e+01 2.6902945799999998e+02 3.0436282522961011e+02
5.8203125000000000e+01 2.6905085300000002e+02 3.0480847040085848e+02
5.8251953000000000e+01 2.6909861000000001e+02 3.0593625139702431e+02
5.8300781000000001e+01 2.6906745400000000e+02 3.0505600503772911e+02
5.8349609000000001e+01 2.6911831899999999e+02 3.0628049538277207e+02
5.8398437999999999e+01 2.6917297100000002e+02 3.0761073304254336e+02
5.8447265999999999e+01 2.6921144800000002e+02 3.0853626684236252e+02
5.8496093999999999e+01 2.6904349999999999e+02 3.0419004342039540e+02
5.8544922000000000e+01 2.6906443700000000e+02 3.0468323026074563e+02
5.8593750000000000e+01 2.6919240300000001e+02 3.0792417540708050e+02
5.8642578000000000e+01 2.6914806700000003e+02 3.0676437257583461e+02
5.8691406000000001e+01 2.6913753900000000e+02 3.0647808557710738e+02
5.8740234000000001e+01 2.6916116899999997e+02 3.0707485938101252e+02
5.8789062000000001e+01 2.6918089099999997e+02 3.0758021485382608e+02
5.8837890999999999e+01 2.6915120400000001e+02 3.0682832300911906e+02
5.8886718999999999e+01 2.6910299099999997e+02 3.0560977015716020e+02
5.8935547000000000e+01 2.6914969200000002e+02 3.0683192330601446e+02
5.8984375000000000e+01 2.6917295999999999e+02 3.0746225817872175e+02
5.9033203000000000e+01 2.6915407199999999e+02 3.0702026796628667e+02
5.9082031000000001e+01 2.6908056599999998e+02 3.0518562094528903e+02
5.9130859000000001e+01 2.6912459999999999e+02 3.0637393452258027e+02
5.9179687999999999e+01 2.6914150899999999e+02 3.0687512362859133e+02
5.9228515999999999e+01 2.6914403299999998e+02 3.0701570071350932e+02
5.9277343999999999e+01 2.6911516499999999e+02 3.0635885237896474e+02
5.9326172000000000e+01 2.6908971800000000e+02 3.0579790140309746e+02
5.9375000000000000e+01 2.6908721700000001e+02 3.0583430638941252e+02
5.9423828000000000e+01 2.6914534200000003e+02 3.0743626080971990e+02
5.9472656000000001e+01 2.6909712100000002e+02 3.0631499815049295e+02
5.9521484000000001e+01 2.6910491600000000e+02 3.0664094360128462e+02
5.9570312000000001e+01 2.6910406499999999e+02 3.0675303997507638e+02
5.9619140999999999e+01 2.6912542900000000e+02 3.0744446186077704e+02
5.9667968999999999e+01 2.6915830799999998e+02 3.0844040127730477e+02
5.9716797000000000e+01 2.6907442099999997e+02 3.0644208121369695e+02
5.9765625000000000e+01 2.6907758300000000e+02 3.0669013532219446e+02
5.9814453000000000e+01 2.6904440899999997e+02 3.0601159718370815e+02
5.9863281000000001e+01 2.6901273200000003e+02 3.0537939212285426e+02
5.9912109000000001e+01 2.6909130499999998e+02 3.0759234003415656e+02
5.9960937999999999e+01 2.6910096099999998e+02 3.0804015278676519e+02
6.0009765999999999e+01 2.6907510200000002e+02 3.0758175300217573e+02
6.0058593999999999e+01 2.6910349700000000e+02 3.0852811977891832e+02
6.0107422000000000e+01 2.6901024500000000e+02 3.0634982260076868e+02
6.0156250000000000e+01 2.6906746700000002e+02 3.0805456492965988e+02
6.0205078000000000e+01 2.6905831899999998e+02 3.0805782529102476e+02
6.0253906000000001e+01 2.6899937799999998e+02 3.0678584072088108e+02
6.0302734000000001e+01 2.6898560500000002e+02 3.0668517927193500e+02
6.0351562000000001e+01 2.6902668399999999e+02 3.0800596728580649e+02
6.0400390999999999e+01 2.6895420200000001e+02 3.0640730818542971e+02
6.0449218999999999e+01 2.6900728600000002e+02 3.0805318693106665e+02
6.0498047000000000e+01 2.6896125999999998e+02 3.0715135939132671e+02
6.0546875000000000e+01 2.6890277900000001e+02 3.0593552087545066e+02
6.0595703000000000e+01 2.6891156999999998e+02 3.0646198446311416e+02
6.0644531000000001e+01 2.6894199200000003e+02 3.0755399842237745e+02
6.0693359000000001e+01 2.6887248499999998e+02 3.0607533473076074e+02
6.0742187999999999e+01 2.6885162200000002e+02 3.0585878575196108e+02
6.0791015999999999e+01 2.6886726800000002e+02 3.0659160141969147e+02
6.0839843999999999e+01 2.6885085900000001e+02 3.0650437198356281e+02
6.0888672000000000e+01 2.6883643100000000e+02 3.0647534534394180e+02
6.0937500000000000e+01 2.6885031099999998e+02 3.0718417114583019e+02
6.0986328000000000e+01 2.6884792099999999e+02 3.0748002658422854e+02
6.1035156000000001e+01 2.6878568899999999e+02 3.0623754830302192e+02
6.1083984000000001e+01 2.6879062299999998e+02 3.0673624623002780e+02
6.1132812000000001e+01 2.6881183900000002e+02 3.0766235094037211e+02
6.1181640999999999e+01 2.6878147200000001e+02 3.0726291966442102e+02
6.1230468999999999e+01 2.6878118699999999e+02 3.0764714907239886e+02
6.1279297000000000e+01 2.6877092800000003e+02 3.0778032826660149e+02
6.1328125000000000e+01 2.6876497699999999e+02 3.0803133010652431e+02
6.1376953000000000e+01 2.6874640299999999e+02 3.0796261983156444e+02
6.1425781000000001e+01 2.6868685199999999e+02 3.0684134074658130e+02
6.1474609000000001e+01 2.6872295400000002e+02 3.0819816681841343e+02
6.1523437999999999e+01 2.6868181800000002e+02 3.0756517055049886e+02
6.1572265999999999e+01 2.6861727300000001e+02 3.0633317028962188e+02
6.1621093999999999e+01 2.6856239099999999e+02 3.0535685120400024e+02
6.1669922000000000e+01 2.6855601100000001e+02 3.0564015538774061e+02
6.1718750000000000e+01 2.6855561100000000e+02 3.0608397799404088e+02
6.1767578000000000e+01 2.6856320299999999e+02 3.0674026931771198e+02
6.1816406000000001e+01 2.6854598199999998e+02 3.0676087163446664e+02
6.1865234000000001e+01 2.6852805799999999e+02 3.0676895889179184e+02
6.1914062000000001e+01 2.6852480900000000e+02 3.0716203264078115e+02
6.1962890999999999e+01 2.6847478300000000e+02 3.0635122110302484e+02
6.2011718999999999e+01 2.6846717699999999e+02 3.0664255572367443e+02
6.2060547000000000e+01 2.6843821800000001e+02 3.0638713250413946e+02
6.2109375000000000e+01 2.6843094100000002e+02 3.0669754844960636e+02
6.2158203000000000e+01 2.6838797099999999e+02 3.0609025266290882e+02
6.2207031000000001e+01 2.6839359600000000e+02 3.0674448163539012e+02
6.2255859000000001e+01 2.6843688100000003e+02 3.0837739565718323e+02
6.2304687999999999e+01 2.6834465200000000e+02 3.0651144310454799e+02
6.2353515999999999e+01 2.6831153200000000e+02 3.0617857951042470e+02
6.2402343999999999e+01 2.6829951799999998e+02 3.0639611576454399e+02
6.2451172000000000e+01 2.6824536400000000e+02 3.0552880891300714e+02
6.2500000000000000e+01 2.6829322700000000e+02 3.0730345870037883e+02
6.2548828000000000e+01 2.6829873500000002e+02 3.0798747768865053e+02
6.2597656000000001e+01 2.6826264600000002e+02 3.0760048969599450e+02
6.2646484000000001e+01 2.6816930800000000e+02 3.0573797388865023e+02
6.2695312000000001e+01 2.6820423499999998e+02 3.0719510349969255e+02
6.2744140999999999e+01 2.6821107599999999e+02 3.0793022648276121e+02
6.2792968999999999e+01 2.6818815899999998e+02 3.0790013807655373e+02
6.2841797000000000e+01 2.6819076699999999e+02 3.0853352450519787e+02
6.2890625000000000e+01 2.6811520800000000e+02 3.0715075624117503e+02
6.2939453000000000e+01 2.6811124500000000e+02 3.0762174837167350e+02
6.2988281000000001e+01 2.6806513400000000e+02 3.0700732427088224e+02
6.3037109000000001e+01 2.6805403600000000e+02 3.0730096627401167e+02
6.3085937999999999e+01 2.6800713600000000e+02 3.0667316805631930e+02
6.3134765999999999e+01 2.6801917800000001e+02 3.0757107001875073e+02
6.3183593999999999e+01 2.6791858200000001e+02 3.0556315633589429e+02
6.3232422000000000e+01 2.6787194299999999e+02 3.0495202358836343e+02
6.3281250000000000e+01 2.6793433700000003e+02 3.0715901672852351e+02
6.3330078000000000e+01 2.6792547200000001e+02 3.0752880020147029e+02
6.3378906000000001e+01 2.6791362400000003e+02 3.0782425428652374e+02
6.3427734000000001e+01 2.6789985999999999e+02 3.0807283872416303e+02
6.3476562000000001e+01 2.6787399599999998e+02 3.0801168730948507e+02
6.3525390999999999e+01 2.6779404699999998e+02 3.0655767314664064e+02
6.3574218999999999e+01 2.6777056700000003e+02 3.0656308426357890e+02
6.3623047000000000e+01 2.6770693999999997e+02 3.0553533212944876e+02
6.3671875000000000e+01 2.6773863899999998e+02 3.0696817702707671e+02
6.3720703000000000e+01 2.6765668199999999e+02 3.0547233825836690e+02
6.3769531000000001e+01 2.6769490200000001e+02 3.0707675847147334e+02
6.3818359000000001e+01 2.6764969500000001e+02 3.0653234821941646e+02
6.3867187999999999e+01 2.6761083400000001e+02 3.0615340979712175e+02
6.3916015999999999e+01 2.6759793700000000e+02 3.0644510641306442e+02
6.3964843999999999e+01 2.6764311600000002e+02 3.0823400133502133e+02
6.4013672000000000e+01 2.6757366500000001e+02 3.0707177900271859e+02
6.4062500000000000e+01 2.6756117499999999e+02 3.0737780859283794e+02
6.4111328000000000e+01 2.6748838100000000e+02 3.0613275286180954e+02
6.4160156000000001e+01 2.6746944100000002e+02 3.0627517736387404e+02
6.4208984000000001e+01 2.6743872900000002e+02 3.0611567403904377e+02
6.4257812000000001e+01 2.6741649300000000e+02 3.0617513732390972e+02
6.4306640999999999e+01 2.6739804600000002e+02 3.0633279096364004e+02
6.4355468999999999e+01 2.6736510099999998e+02 3.0611832397140125e+02
6.4404297000000000e+01 2.6733414099999999e+02 3.0595554970613694e+02
6.4453125000000000e+01 2.6728308299999998e+02 3.0527694422471507e+02
6.4501953000000000e+01 2.6727138100000002e+02 3.0560996268318308e+02
6.4550781000000001e+01 2.6721037799999999e+02 3.0467706206856548e+02
6.4599609000000001e+01 2.6721920499999999e+02 3.0553746006659702e+02
6.4648437999999999e+01 2.6725787000000003e+02 3.0716315031276235e+02
6.4697265999999999e+01 2.6721786500000002e+02 3.0676943299723337e+02
6.4746093999999999e+01 2.6714307700000001e+02 3.0548366060233860e+02
6.4794922000000000e+01 2.6717101300000002e+02 3.0683222697870440e+02
6.4843750000000000e+01 2.6709424999999999e+02 3.0549593723594239e+02
6.4892578000000000e+01 2.6706704999999999e+02 3.0542997759122863e+02
6.4941406000000001e+01 2.6708475199999998e+02 3.0651360820227404e+02
6.4990234000000001e+01 2.6704267399999998e+02 3.0606506852417260e+02
6.5039062000000001e+01 2.6708107400000000e+02 3.0767602471398732e+02
6.5087890999999999e+01 2.6702648099999999e+02 3.0690541603561724e+02
6.5136718999999999e+01 2.6700567000000001e+02 3.0699841535532136e+02
6.5185547000000000e+01 2.6698398700000001e+02 3.0706790894753129e+02
6.5234375000000000e+01 2.6696392100000003e+02 3.0717743517840336e+02
6.5283203000000000e+01 2.6693788999999998e+02 3.0713311658810829e+02
6.5332031000000001e+01 2.6684967100000000e+02 3.0549902962291452e+02
6.5380859000000001e+01 2.6686337900000001e+02 3.0646695638987950e+02
6.5429687999999999e+01 2.6685450900000001e+02 3.0685626370225401e+02
6.5478515999999999e+01 2.6679545000000002e+02 3.0596311458563201e+02
6.5527343999999999e+01 2.6682124800000003e+02 3.0723272021700291e+02
6.5576172000000000e+01 2.6676212299999997e+02 3.0633461627162654e+02
6.5625000000000000e+01 2.6673889400000002e+02 3.0634979248433132e+02
6.5673828000000000e+01 2.6669269800000001e+02 3.0577783826431181e+02
6.5722656000000001e+01 2.6669171399999999e+02 3.0635509368478324e+02
6.5771484000000001e+01 2.6665447300000000e+02 3.0600684653171038e+02
6.5820312000000001e+01 2.6661559999999997e+02 3.0561491239553482e+02
6.5869140999999999e+01 2.6658900799999998e+02 3.0553299342920968e+02
6.5917968999999999e+01 2.6653730899999999e+02 3.0481041871742639e+02
6.5966797000000000e+01 2.6652645899999999e+02 3.0512333642633718e+02
6.6015625000000000e+01 2.6654477900000001e+02 3.0617369744165893e+02
6.6064453000000000e+01 2.6645819200000000e+02 3.0455782494560617e+02
6.6113281000000001e+01 2.6648629599999998e+02 3.0584959037837388e+02
6.6162109000000001e+01 2.6650000499999999e+02 3.0677198610786724e+02
6.6210937999999999e+01 2.6646622000000002e+02 3.0648668139613568e+02
6.6259765999999999e+01 2.6643295400000000e+02 3.0621141394616461e+02
6.6308593999999999e+01 2.6639287200000001e+02 3.0576039543011700e+02
6.6357422000000000e+01 2.6639872900000000e+02 3.0646866449866206e+02
6.6406250000000000e+01 2.6634779600000002e+02 3.0573632009919987e+02
6.6455078000000000e+01 2.6634116699999998e+02 3.0612085411998675e+02
6.6503906000000001e+01 2.6631510600000001e+02 3.0601020759513210e+02
6.6552734000000001e+01 2.6631166999999999e+02 3.0646703374207959e+02
6.6601562000000001e+01 2.6630183000000000e+02 3.0675771753485134e+02
6.6650390999999999e+01 2.6626849800000002e+02 3.0645140773898288e+02
6.6699218999999999e+01 2.6624822599999999e+02 3.0647043942257170e+02
6.6748047000000000e+01 2.6623219399999999e+02 3.0659196840851996e+02
6.6796875000000000e+01 2.6619535800000000e+02 3.0618505897385927e+02
6.6845703000000000e+01 2.6616118699999998e+02 3.0584118119277605e+02
6.6894531000000001e+01 2.6613646499999999e+02 3.0573079102483109e+02
6.6943359000000001e+01 2.6618257899999998e+02 3.0739667901686352e+02
6.6992187999999999e+01 2.6608055100000001e+02 3.0533374396151265e+02
6.7041015999999999e+01 2.6604086599999999e+02 3.0483383547852668e+02
6.7089843999999999e+01 2.6599744900000002e+02 3.0423592264488866e+02
6.7138672000000000e+01 2.6602932099999998e+02 3.0552207611708769e+02
6.7187500000000000e+01 2.6607668300000000e+02 3.0718989136431145e+02
6.7236328000000000e+01 2.6604335900000001e+02 3.0682919946237655e+02
6.7285156000000001e+01 2.6598519800000003e+02 3.0584183386952958e+02
6.7333984000000001e+01 2.6595511699999997e+02 3.0555291316549682e+02
6.7382812000000001e+01 2.6597680200000002e+02 3.0655336974245421e+02
6.7431640999999999e+01 2.6590051999999997e+02 3.0509884671499066e+02
6.7480468999999999e+01 2.6596334800000000e+02 3.0711477564443157e+02
6.7529297000000000e+01 2.6594855999999999e+02 3.0718527227453006e+02
6.7578125000000000e+01 2.6592789699999997e+02 3.0710337801253996e+02
6.7626953000000000e+01 2.6587887300000000e+02 3.0630878908353793e+02
6.7675781000000001e+01 2.6587697300000002e+02 3.0668322377086639e+02
6.7724609000000001e+01 2.6578199300000000e+02 3.0473396137737893e+02
6.7773437999999999e+01 2.6581003900000002e+02 3.0584191952908054e+02
6.7822265999999999e+01 2.6580756200000002e+02 3.0618340910231296e+02
6.7871093999999999e+01 2.6578160200000002e+02 3.0593478510240749e+02
6.7919922000000000e+01 2.6573704300000003e+02 3.0521841537369738e+02
6.7968750000000000e+01 2.6575925799999999e+02 3.0615348212589038e+02
6.8017578000000000e+01 2.6570507800000001e+02 3.0518660410690097e+02
6.8066406000000001e+01 2.6571123100000000e+02 3.0570952197438163e+02
6.8115234000000001e+01 2.6563271900000001e+02 3.0412872412712875e+02
6.8164062000000001e+01 2.6568916500000000e+02 3.0588294529946126e+02
6.8212890999999999e+01 2.6566138400000000e+02 3.0554534446870827e+02
6.8261718999999999e+01 2.6571091799999999e+02 3.0711188722717378e+02
6.8310547000000000e+01 2.6568843800000002e+02 3.0689119474777863e+02
6.8359375000000000e+01 2.6558231200000000e+02 3.0459996819378892e+02
6.8408203000000000e+01 2.6552832100000001e+02 3.0359056026418909e+02
6.8457031000000001e+01 2.6560460499999999e+02 3.0578549354460779e+02
6.8505859000000001e+01 2.6557073900000000e+02 3.0525811379759648e+02
6.8554687999999999e+01 2.6560965299999998e+02 3.0651502130464087e+02
6.8603515999999999e+01 2.6556960400000003e+02 3.0582153186589471e+02
6.8652343999999999e+01 2.6553812900000003e+02 3.0533244594722976e+02
6.8701172000000000e+01 2.6556346400000001e+02 3.0623141285502066e+02
6.8750000000000000e+01 2.6550835999999998e+02 3.0514842705589808e+02
6.8798828000000000e+01 2.6551646199999999e+02 3.0560897567386684e+02
6.8847656000000001e+01 2.6549955699999998e+02 3.0544882966307267e+02
6.8896484000000001e+01 2.6552967899999999e+02 3.0643239909845295e+02
6.8945312000000001e+01 2.6552599500000002e+02 3.0658009764632948e+02
6.8994140999999999e+01 2.6545844899999997e+02 3.0515927459937302e+02
6.9042968999999999e+01 2.6543287600000002e+02 3.0475789098277198e+02
6.9091797000000000e+01 2.6541611499999999e+02 3.0456440984443054e+02
6.9140625000000000e+01 2.6549344700000000e+02 3.0665754732760871e+02
6.9189453000000000e+01 2.6545155899999997e+02 3.0583513119010149e+02
6.9238281000000001e+01 2.6541855099999998e+02 3.0522229228880320e+02
6.9287109000000001e+01 2.6545742600000000e+02 3.0635095329831501e+02
6.9335937999999999e+01 2.6548121200000003e+02 3.0710312929477129e+02
6.9384765999999999e+01 2.6535566100000000e+02 3.0421946280454119e+02
6.9433593999999999e+01 2.6534696400000001e+02 3.0416786980463871e+02
6.9482422000000000e+01 2.6542372599999999e+02 3.0618028805442583e+02
6.9531250000000000e+01 2.6536939699999999e+02 3.0500549846368369e+02
6.9580078000000000e+01 2.6538971800000002e+02 3.0563145029846334e+02
6.9628906000000001e+01 2.6536447500000003e+02 3.0514613829824850e+02
6.9677734000000001e+01 2.6534647300000000e+02 3.0482836962258898e+02
6.9726562000000001e+01 2.6540678800000001e+02 3.0639393681273384e+02
6.9775390999999999e+01 2.6542972400000002e+02 3.0704676842370128e+02
6.9824218999999999e+01 2.6537589600000001e+02 3.0583965136795888e+02
6.9873047000000000e+01 2.6534638300000000e+02 3.0521182689075056e+02
6.9921875000000000e+01 2.6535689100000002e+02 3.0553979089306773e+02
6.9970703000000000e+01 2.6532581499999998e+02 3.0485884733971642e+02
7.0019531000000001e+01 2.6535111100000000e+02 3.0552494042856097e+02
7.0068359000000001e+01 2.6528270600000002e+02 3.0393213345997577e+02
7.0117187999999999e+01 2.6529404799999998e+02 3.0424619925556368e+02
7.0166015999999999e+01 2.6530870199999998e+02 3.0463054943668521e+02
7.0214843999999999e+01 2.6534266500000001e+02 3.0546798261288052e+02
7.0263672000000000e+01 2.6533960900000000e+02 3.0540979582712453e+02
7.0312500000000000e+01 2.6530388900000003e+02 3.0456237600649206e+02
7.0361328000000000e+01 2.6531532900000002e+02 3.0483400252354198e+02
7.0410156000000001e+01 2.6534059900000000e+02 3.0542647549558677e+02
7.0458984000000001e+01 2.6534715399999999e+02 3.0556309047627917e+02
7.0507812000000001e+01 2.6531093800000002e+02 3.0467206712197219e+02
7.0556640999999999e+01 2.6535492799999997e+02 3.0568252813448720e+02
7.0605468999999999e+01 2.6531098700000001e+02 3.0459188261782640e+02
7.0654297000000000e+01 2.6532150200000001e+02 3.0478799253865219e+02
7.0703125000000000e+01 2.6529890300000000e+02 3.0418911230968172e+02
7.0751953000000000e+01 2.6533785899999998e+02 3.0504210114305579e+02
7.0800781000000001e+01 2.6535658200000000e+02 3.0540545682930730e+02
7.0849609000000001e+01 2.6536153200000001e+02 3.0543338077776775e+02
7.0898437999999999e+01 2.6535351200000002e+02 3.0514575308356791e+02
7.0947265999999999e+01 2.6531808300000000e+02 3.0420229676197300e+02
7.0996093999999999e+01 2.6534908999999999e+02 3.0481990413385989e+02
7.1044922000000000e+01 2.6530718100000001e+02 3.0370804677185680e+02
7.1093750000000000e+01 2.6536101900000000e+02 3.0484526495576910e+02
7.1142578000000000e+01 2.6541992900000002e+02 3.0609095317421668e+02
7.1191406000000001e+01 2.6538906800000001e+02 3.0521437472238216e+02
7.1240234000000001e+01 2.6532813199999998e+02 3.0362398573311646e+02
7.1289062000000001e+01 2.6534172000000001e+02 3.0377704824838361e+02
7.1337890999999999e+01 2.6542149200000000e+02 3.0547309273641690e+02
7.1386718999999999e+01 2.6539198699999997e+02 3.0459687766503964e+02
7.1435547000000000e+01 2.6537953599999997e+02 3.0411267825164344e+02
7.1484375000000000e+01 2.6544899600000002e+02 3.0553606818476675e+02
7.1533203000000000e+01 2.6547888999999998e+02 3.0602358656116922e+02
7.1582031000000001e+01 2.6541656899999998e+02 3.0434902284950215e+02
7.1630859000000001e+01 2.6543969199999998e+02 3.0466127090859783e+02
7.1679687999999999e+01 2.6540535599999998e+02 3.0362556695143871e+02
7.1728515999999999e+01 2.6552497599999998e+02 3.0616622221295046e+02
7.1777343999999999e+01 2.6546900399999998e+02 3.0461047465535040e+02
7.1826172000000000e+01 2.6548703599999999e+02 3.0476801452532868e+02
7.1875000000000000e+01 2.6547694600000000e+02 3.0426390111349951e+02
7.1923828000000000e+01 2.6550670600000001e+02 3.0467593343942718e+02
7.1972656000000001e+01 2.6551574199999999e+02 3.0459846296554485e+02
7.2021484000000001e+01 2.6550931200000002e+02 3.0415458843757028e+02
7.2070312000000001e+01 2.6556740700000000e+02 3.0519450549511225e+02
7.2119140999999999e+01 2.6561114199999997e+02 3.0589210604836421e+02
7.2167968999999999e+01 2.6554190299999999e+02 3.0397326280955889e+02
7.2216797000000000e+01 2.6557487600000002e+02 3.0440542084220527e+02
7.2265625000000000e+01 2.6557770699999998e+02 3.0413409865178289e+02
7.2314453000000000e+01 2.6559726499999999e+02 3.0423952421794343e+02
7.2363281000000001e+01 2.6561275499999999e+02 3.0424272089144949e+02
7.2412109000000001e+01 2.6564247000000000e+02 3.0456397108051584e+02
7.2460937999999999e+01 2.6562514800000002e+02 3.0379731024573840e+02
7.2509765999999999e+01 2.6568082099999998e+02 3.0469617701077249e+02
7.2558593999999999e+01 2.6569633599999997e+02 3.0466564594327821e+02
7.2607422000000000e+01 2.6568679400000002e+02 3.0405382098044242e+02
7.2656250000000000e+01 2.6574198100000001e+02 3.0491346492269111e+02
7.2705078000000000e+01 2.6575402600000001e+02 3.0477853765555881e+02
7.2753906000000001e+01 2.6576779900000002e+02 3.0467496933478697e+02
7.2802734000000001e+01 2.6577482900000001e+02 3.0440977179703538e+02
7.2851562000000001e+01 2.6577055500000000e+02 3.0387969492666963e+02
7.2900390999999999e+01 2.6583972199999999e+02 3.0501165333076722e+02
7.2949218999999999e+01 2.6585643599999997e+02 3.0494221556987469e+02
7.2998047000000000e+01 2.6581658700000003e+02 3.0358183578101000e+02
7.3046875000000000e+01 2.6587491699999998e+02 3.0444075444225155e+02
7.3095703000000000e+01 2.6594149800000002e+02 3.0547664043660484e+02
7.3144531000000001e+01 2.6593643900000001e+02 3.0488244194833368e+02
7.3193359000000001e+01 2.6596667900000000e+02 3.0507887270845447e+02
7.3242187999999999e+01 2.6596569000000000e+02 3.0456224802116321e+02
7.3291015999999999e+01 2.6601630399999999e+02 3.0520209758937403e+02
7.3339843999999999e+01 2.6602769300000000e+02 3.0494945808477337e+02
7.3388672000000000e+01 2.6608489300000002e+02 3.0572013566601242e+02
7.3437500000000000e+01 2.6611266100000000e+02 3.0582004384095120e+02
7.3486328000000000e+01 2.6613414899999998e+02 3.0577106043603544e+02
7.3535156000000001e+01 2.6608740499999999e+02 3.0418430505457587e+02
7.3583984000000001e+01 2.6615241900000001e+02 3.0509701082566528e+02
7.3632812000000001e+01 2.6615613700000000e+02 3.0462845536634711e+02
7.3681640999999999e+01 2.6620629700000001e+02 3.0519166608762515e+02
7.3730468999999999e+01 2.6619179200000002e+02 3.0430206497114517e+02
7.3779297000000000e+01 2.6624267600000002e+02 3.0486577775823446e+02
7.3828125000000000e+01 2.6628237300000001e+02 3.0517165069471190e+02
7.3876953000000000e+01 2.6624543499999999e+02 3.0376341906522674e+02
7.3925781000000001e+01 2.6631787000000003e+02 3.0478340911953308e+02
7.3974609000000001e+01 2.6633006399999999e+02 3.0445571104164958e+02
7.4023437999999999e+01 2.6639473500000003e+02 3.0528623779716406e+02
7.4072265999999999e+01 2.6641404299999999e+02 3.0510225766392068e+02
7.4121093999999999e+01 2.6644213400000001e+02 3.0510618526282155e+02
7.4169922000000000e+01 2.6646832899999998e+02 3.0506122046566003e+02
7.4218750000000000e+01 2.6650266599999998e+02 3.0518941634299961e+02
7.4267578000000000e+01 2.6654893600000003e+02 3.0557397427319171e+02
7.4316406000000001e+01 2.6651321600000000e+02 3.0414276855931320e+02
7.4365234000000001e+01 2.6652482800000001e+02 3.0375064957240755e+02
7.4414062000000001e+01 2.6656540200000001e+02 3.0399011206938178e+02
7.4462890999999999e+01 2.6659039400000000e+02 3.0387994195199428e+02
7.4511718999999999e+01 2.6669348500000001e+02 3.0547863568179315e+02
7.4560547000000000e+01 2.6670507400000002e+02 3.0506019576982209e+02
7.4609375000000000e+01 2.6672963700000003e+02 3.0492059646580157e+02
7.4658203000000000e+01 2.6675601100000000e+02 3.0481464530880544e+02
7.4707031000000001e+01 2.6684295500000002e+02 3.0602721879935638e+02
7.4755859000000001e+01 2.6686368800000002e+02 3.0578472123786355e+02
7.4804687999999999e+01 2.6685344600000002e+02 3.0486072835197763e+02
7.4853515999999999e+01 2.6686757799999998e+02 3.0446400496892096e+02
7.4902343999999999e+01 2.6690557999999999e+02 3.0458194863440724e+02
7.4951172000000000e+01 2.6697877099999999e+02 3.0545918941992545e+02
7.5000000000000000e+01 2.6698733900000002e+02 3.0492461154241363e+02
7.5048828000000000e+01 2.6700899600000002e+02 3.0466955050737795e+02
7.5097656000000001e+01 2.6705520899999999e+02 3.0494181220411679e+02
7.5146484000000001e+01 2.6704429800000003e+02 3.0397067288331777e+02
7.5195312000000001e+01 2.6714025299999997e+02 3.0530825160170036e+02
7.5244140999999999e+01 2.6715343000000001e+02 3.0484847665505612e+02
7.5292968999999999e+01 2.6718189000000001e+02 3.0471431158967937e+02
7.5341797000000000e+01 2.6719113800000002e+02 3.0416082818438815e+02
7.5390625000000000e+01 2.6730254200000002e+02 3.0580416197815845e+02
7.5439453000000000e+01 2.6731500499999999e+02 3.0530959873756819e+02
7.5488281000000001e+01 2.6736836799999998e+02 3.0569032238613170e+02
7.5537109000000001e+01 2.6731642599999998e+02 3.0380387666940288e+02
7.5585937999999999e+01 2.6736057699999998e+02 3.0397795528995897e+02
7.5634765999999999e+01 2.6742251099999999e+02 3.0452796838361991e+02
7.5683593999999999e+01 2.6743729200000001e+02 3.0406273961238855e+02
7.5732422000000000e+01 2.6755136800000002e+02 3.0571714856700385e+02
7.5781250000000000e+01 2.6754577899999998e+02 3.0480737780443957e+02
7.5830078000000000e+01 2.6758334700000000e+02 3.0481597029602722e+02
7.5878906000000001e+01 2.6758619900000002e+02 3.0408020031799072e+02
7.5927734000000001e+01 2.6761695800000001e+02 3.0393592173300812e+02
7.5976562000000001e+01 2.6772676700000000e+02 3.0546912898468281e+02
7.6025390999999999e+01 2.6771536099999997e+02 3.0441947239114637e+02
7.6074218999999999e+01 2.6776821400000000e+02 3.0473190764633364e+02
7.6123047000000000e+01 2.6782046600000001e+02 3.0502699801368573e+02
7.6171875000000000e+01 2.6781141400000001e+02 3.0401922139489483e+02
7.6220703000000000e+01 2.6786158599999999e+02 3.0426282419814521e+02
7.6269531000000001e+01 2.6793083999999999e+02 3.0490552596693919e+02
7.6318359000000001e+01 2.6801768800000002e+02 3.0591472781902638e+02
7.6367187999999999e+01 2.6797117700000001e+02 3.0410575426979665e+02
7.6416015999999999e+01 2.6800944900000002e+02 3.0408338738767299e+02
7.6464843999999999e+01 2.6805875500000002e+02 3.0428996378144967e+02
7.6513672000000000e+01 2.6810765600000002e+02 3.0448436215598082e+02
7.6562500000000000e+01 2.6815736500000003e+02 3.0469218247061997e+02
7.6611328000000000e+01 2.6821093999999999e+02 3.0497762328406469e+02
7.6660156000000001e+01 2.6827589599999999e+02 3.0549801756421323e+02
7.6708984000000001e+01 2.6835056800000001e+02 3.0621785700092914e+02
7.6757812000000001e+01 2.6837230799999998e+02 3.0582646415893981e+02
7.6806640999999999e+01 2.6841754100000003e+02 3.0592398471193945e+02
7.6855468999999999e+01 2.6844021199999997e+02 3.0554789051304033e+02
7.6904297000000000e+01 2.6849457000000001e+02 3.0583067323594389e+02
7.6953125000000000e+01 2.6853076299999998e+02 3.0573217688379071e+02
7.7001953000000000e+01 2.6851021900000001e+02 3.0445125129523848e+02
7.7050781000000001e+01 2.6854719999999998e+02 3.0436626362037111e+02
7.7099609000000001e+01 2.6861125600000003e+02 3.0484142251511656e+02
7.7148437999999999e+01 2.6866826500000002e+02 3.0516741113864458e+02
7.7197265999999999e+01 2.6864742500000000e+02 3.0387800076342927e+02
7.7246093999999999e+01 2.6876793900000001e+02 3.0551486270164287e+02
7.7294922000000000e+01 2.6880900700000001e+02 3.0550410850831804e+02
7.7343750000000000e+01 2.6882907299999999e+02 3.0505798240476798e+02
7.7392578000000000e+01 2.6887730399999998e+02 3.0519232845300741e+02
7.7441406000000001e+01 2.6895321799999999e+02 3.0589551661893626e+02
7.7490234000000001e+01 2.6900759199999999e+02 3.0615241526891873e+02
7.7539062000000001e+01 2.6896959099999998e+02 3.0450752721064430e+02
7.7587890999999999e+01 2.6905936600000001e+02 3.0549029358881438e+02
7.7636718999999999e+01 2.6905575299999998e+02 3.0455308742916901e+02
7.7685547000000000e+01 2.6916767700000003e+02 3.0598598171217469e+02
7.7734375000000000e+01 2.6918929900000001e+02 3.0556528413157258e+02
7.7783203000000000e+01 2.6925387599999999e+02 3.0602370533250291e+02
7.7832031000000001e+01 2.6924851200000001e+02 3.0505070015075250e+02
7.7880859000000001e+01 2.6926641599999999e+02 3.0455428201822195e+02
7.7929687999999999e+01 2.6937655500000000e+02 3.0594017066206550e+02
7.7978515999999999e+01 2.6935749800000002e+02 3.0468967404686390e+02
7.8027343999999999e+01 2.6942247200000003e+02 3.0515238987352706e+02
7.8076172000000000e+01 2.6946759600000001e+02 3.0521022994601191e+02
7.8125000000000000e+01 2.6949535700000001e+02 3.0491504101711399e+02
7.8173828000000000e+01 2.6955253099999999e+02 3.0521755659816876e+02
7.8222656000000001e+01 2.6959816899999998e+02 3.0528562920149108e+02
7.8271484000000001e+01 2.6959164700000002e+02 3.0429698792119416e+02
7.8320312000000001e+01 2.6969327099999998e+02 3.0549954421100750e+02
7.8369140999999999e+01 2.6969992100000002e+02 3.0477968255040184e+02
7.8417968999999999e+01 2.6970798300000001e+02 3.0409027710739178e+02
7.8466797000000000e+01 2.6975013500000000e+02 3.0409079911418445e+02
7.8515625000000000e+01 2.6983861200000001e+02 3.0502600804313846e+02
7.8564453000000000e+01 2.6988935900000001e+02 3.0520024029875799e+02
7.8613281000000001e+01 2.6993834199999998e+02 3.0533953742510965e+02
7.8662109000000001e+01 2.6999435599999998e+02 3.0562090856229383e+02
7.8710937999999999e+01 2.7002516600000001e+02 3.0539662072395043e+02
7.8759765999999999e+01 2.7003352400000000e+02 3.0472347871076647e+02
7.8808593999999999e+01 2.7008722799999998e+02 3.0496189929214023e+02
7.8857422000000000e+01 2.7008216900000002e+02 3.0402443172698707e+02
7.8906250000000000e+01 2.7016173099999997e+02 3.0478328850401067e+02
7.8955078000000000e+01 2.7023642999999998e+02 3.0544508843642717e+02
7.9003906000000001e+01 2.7025585100000001e+02 3.0500342400141608e+02
7.9052734000000001e+01 2.7040242799999999e+02 3.0710128859859145e+02
7.9101562000000001e+01 2.7042726099999999e+02 3.0677043205218718e+02
7.9150390999999999e+01 2.7034240999999997e+02 3.0425788667711947e+02
7.9199218999999999e+01 2.7044051300000001e+02 3.0539208279991675e+02
7.9248047000000000e+01 2.7050431900000001e+02 3.0584461608753901e+02
7.9296875000000000e+01 2.7047062399999999e+02 3.0436229433842027e+02
7.9345703000000000e+01 2.7051272799999998e+02 3.0438896952265327e+02
7.9394531000000001e+01 2.7059023400000001e+02 3.0511981912597082e+02
7.9443359000000001e+01 2.7065869800000002e+02 3.0567281482822114e+02
7.9492187999999999e+01 2.7062506300000001e+02 3.0420719830144458e+02
7.9541015999999999e+01 2.7068424099999999e+02 3.0458182412687461e+02
7.9589843999999999e+01 2.7072758399999998e+02 3.0464584549460659e+02
7.9638672000000000e+01 2.7084844700000002e+02 3.0624246620894559e+02
7.9687500000000000e+01 2.7082547399999999e+02 3.0500332821587750e+02
7.9736328000000000e+01 2.7090870300000000e+02 3.0586159229858930e+02
7.9785156000000001e+01 2.7092531300000002e+02 3.0541037542221079e+02
7.9833984000000001e+01 2.7093537099999998e+02 3.0483441430981082e+02
7.9882812000000001e+01 2.7102319299999999e+02 3.0579073314517103e+02
7.9931640999999999e+01 2.7105269199999998e+02 3.0560395984931426e+02
7.9980468999999999e+01 2.7109859899999998e+02 3.0574293568665644e+02
8.0029297000000000e+01 2.7118849100000000e+02 3.0674732603988872e+02
8.0078125000000000e+01 2.7115793900000000e+02 3.0539545997674736e+02
8.0126953000000000e+01 2.7118750699999998e+02 3.0522592126184492e+02
8.0175781000000001e+01 2.7121811900000000e+02 3.0508103296347332e+02
8.0224609000000001e+01 2.7123247300000003e+02 3.0462290461939841e+02
8.0273437999999999e+01 2.7133219000000003e+02 3.0583547753812945e+02
8.0322265999999999e+01 2.7138166500000000e+02 3.0607064879130553e+02
8.0371093999999999e+01 2.7136905100000001e+02 3.0510012299095894e+02
8.0419922000000000e+01 2.7140913000000000e+02 3.0516133627588061e+02
8.0468750000000000e+01 2.7149280499999998e+02 3.0607490712565607e+02
8.0517578000000000e+01 2.7147672699999998e+02 3.0505292315984002e+02
8.0566406000000001e+01 2.7148615500000000e+02 3.0453256575505696e+02
8.0615234000000001e+01 2.7153089199999999e+02 3.0470292099781972e+02
8.0664062000000001e+01 2.7160311700000000e+02 3.0541079154929810e+02
8.0712890999999999e+01 2.7165841200000000e+02 3.0579448692645042e+02
8.0761718999999999e+01 2.7174609400000003e+02 3.0680954978338258e+02
8.0810547000000000e+01 2.7176262000000003e+02 3.0645182107217192e+02
8.0859375000000000e+01 2.7175391200000001e+02 3.0561214801321483e+02
8.0908203000000000e+01 2.7180877400000003e+02 3.0600674904951546e+02
8.0957031000000001e+01 2.7186483700000002e+02 3.0642929322473094e+02
8.1005859000000001e+01 2.7188395200000002e+02 3.0614418576130777e+02
8.1054687999999999e+01 2.7187329699999998e+02 3.0529141970899235e+02
8.1103515999999999e+01 2.7194850600000001e+02 3.0609879042416344e+02
8.1152343999999999e+01 2.7185210599999999e+02 3.0360897941978374e+02
8.1201172000000000e+01 2.7198415699999998e+02 3.0552069025814836e+02
8.1250000000000000e+01 2.7203087399999998e+02 3.0579608400271820e+02
8.1298828000000000e+01 2.7204300400000000e+02 3.0541305415571378e+02
8.1347656000000001e+01 2.7212190199999998e+02 3.0631744300161711e+02
8.1396484000000001e+01 2.7215699100000000e+02 3.0638684713171955e+02
8.1445312000000001e+01 2.7213082100000003e+02 3.0528888161762933e+02
8.1494140999999999e+01 2.7215959099999998e+02 3.0525041115116409e+02
8.1542968999999999e+01 2.7218005799999997e+02 3.0505952964071389e+02
8.1591797000000000e+01 2.7223148300000003e+02 3.0546711867965143e+02
8.1640625000000000e+01 2.7224712199999999e+02 3.0519705415046678e+02
8.1689453000000000e+01 2.7228935500000000e+02 3.0544159997561724e+02
8.1738281000000001e+01 2.7237776700000001e+02 3.0657338857001105e+02
8.1787109000000001e+01 2.7239345300000002e+02 3.0632398749158489e+02
8.1835937999999999e+01 2.7245005600000002e+02 3.0686121489149451e+02
8.1884765999999999e+01 2.7243910699999998e+02 3.0611858302387463e+02
8.1933593999999999e+01 2.7243300299999999e+02 3.0547607236787144e+02
8.1982422000000000e+01 2.7243278299999997e+02 3.0495330753438969e+02
8.2031250000000000e+01 2.7249373700000001e+02 3.0560066650676725e+02
8.2080078000000000e+01 2.7257738000000001e+02 3.0668519647188702e+02
8.2128906000000001e+01 2.7256588900000003e+02 3.0597030037299953e+02
8.2177734000000001e+01 2.7256648899999999e+02 3.0549292826557144e+02
8.2226562000000001e+01 2.7258664299999998e+02 3.0539414118658584e+02
8.2275390999999999e+01 2.7262814700000001e+02 3.0570731077324024e+02
8.2324218999999999e+01 2.7265294899999998e+02 3.0571147652282178e+02
8.2373047000000000e+01 2.7270418500000000e+02 3.0622330339841034e+02
8.2421875000000000e+01 2.7272226400000000e+02 3.0611530036720262e+02
8.2470703000000000e+01 2.7274278299999997e+02 3.0606126226974726e+02
8.2519531000000001e+01 2.7280090500000000e+02 3.0672517761735435e+02
8.2568359000000001e+01 2.7281410099999999e+02 3.0654829657185303e+02
8.2617187999999999e+01 2.7284998999999999e+02 3.0680757724961614e+02
8.2666015999999999e+01 2.7279828099999997e+02 3.0542323768938746e+02
8.2714843999999999e+01 2.7282736599999998e+02 3.0557072429725798e+02
8.2763672000000000e+01 2.7286424099999999e+02 3.0587284364106381e+02
8.2812500000000000e+01 2.7285364299999998e+02 3.0528938549876591e+02
8.2861328000000000e+01 2.7288828500000000e+02 3.0556573222976908e+02
8.2910156000000001e+01 2.7287705000000000e+02 3.0498763452598484e+02
8.2958984000000001e+01 2.7295879300000001e+02 3.0616546310343341e+02
8.3007812000000001e+01 2.7299626999999998e+02 3.0651918627804952e+02
8.3056640999999999e+01 2.7301724000000002e+02 3.0657118683201924e+02
8.3105468999999999e+01 2.7296484900000002e+02 3.0525547800399158e+02
8.3154297000000000e+01 2.7299214000000001e+02 3.0544371914900574e+02
8.3203125000000000e+01 2.7306349299999999e+02 3.0646613543448746e+02
8.3251953000000000e+01 2.7305632900000001e+02 3.0602554325331124e+02
8.3300781000000001e+01 2.7305387200000001e+02 3.0568226521537719e+02
8.3349609000000001e+01 2.7305174299999999e+02 3.0535426745402492e+02
8.3398437999999999e+01 2.7302569000000000e+02 3.0458798315409933e+02
8.3447265999999999e+01 2.7311215900000002e+02 3.0593485910596098e+02
8.3496093999999999e+01 2.7313357600000001e+02 3.0607389217456148e+02
8.3544922000000000e+01 2.7309180700000002e+02 3.0504169893220075e+02
8.3593750000000000e+01 2.7310980100000000e+02 3.0513518048763621e+02
8.3642578000000000e+01 2.7315555000000001e+02 3.0575557985047766e+02
8.3691406000000001e+01 2.7316088600000000e+02 3.0563082014673591e+02
8.3740234000000001e+01 2.7318005299999999e+02 3.0577322523052300e+02
8.3789062000000001e+01 2.7322048899999999e+02 3.0632109991702083e+02
8.3837890999999999e+01 2.7316338200000001e+02 3.0506086881569479e+02
8.3886718999999999e+01 2.7321308599999998e+02 3.0579976655503731e+02
8.3935547000000000e+01 2.7323228100000000e+02 3.0597961407806287e+02
8.3984375000000000e+01 2.7324571800000001e+02 3.0606161852238171e+02
8.4033203000000000e+01 2.7317948300000000e+02 3.0467144544992823e+02
8.4082031000000001e+01 2.7330061999999998e+02 3.0677486326145572e+02
8.4130859000000001e+01 2.7329305099999999e+02 3.0649465173738054e+02
8.4179687999999999e+01 2.7328741400000001e+02 3.0626013275279854e+02
8.4228515999999999e+01 2.7324668700000001e+02 3.0538391460682988e+02
8.4277343999999999e+01 2.7325761100000000e+02 3.0547665715532730e+02
8.4326172000000000e+01 2.7328262200000000e+02 3.0584038342063025e+02
8.4375000000000000e+01 2.7333599900000002e+02 3.0673965836639076e+02
8.4423828000000000e+01 2.7332520299999999e+02 3.0645832099696781e+02
8.4472656000000001e+01 2.7334758900000003e+02 3.0680195298409410e+02
8.4521484000000001e+01 2.7329399799999999e+02 3.0574759810009198e+02
8.4570312000000001e+01 2.7332322900000003e+02 3.0623771835640451e+02
8.4619140999999999e+01 2.7334083399999997e+02 3.0652216616040721e+02
8.4667968999999999e+01 2.7335117100000002e+02 3.0668184638428727e+02
8.4716797000000000e+01 2.7335225700000001e+02 3.0668022812583575e+02
8.4765625000000000e+01 2.7332056599999999e+02 3.0608236473632985e+02
8.4814453000000000e+01 2.7340431599999999e+02 3.0762942060377566e+02
8.4863281000000001e+01 2.7332761499999998e+02 3.0621972046515822e+02
8.4912109000000001e+01 2.7335450200000002e+02 3.0673514430917879e+02
8.4960937999999999e+01 2.7332634700000000e+02 3.0624354794384288e+02
8.5009765999999999e+01 2.7331779100000000e+02 3.0612431812852407e+02
8.5058593999999999e+01 2.7330664600000000e+02 3.0596750247600909e+02
8.5107422000000000e+01 2.7331999100000002e+02 3.0627297118372280e+02
8.5156250000000000e+01 2.7329626200000001e+02 3.0590434899551173e+02
8.5205078000000000e+01 2.7332309299999997e+02 3.0647885122820730e+02
8.5253906000000001e+01 2.7332569300000000e+02 3.0661639238925096e+02
8.5302734000000001e+01 2.7328638699999999e+02 3.0599144512537339e+02
8.5351562000000001e+01 2.7330167000000000e+02 3.0638334842905971e+02
8.5400390999999999e+01 2.7330107400000003e+02 3.0649271111429567e+02
8.5449218999999999e+01 2.7332369100000000e+02 3.0704001024038507e+02
8.5498047000000000e+01 2.7325871400000000e+02 3.0598386467862230e+02
8.5546875000000000e+01 2.7326748099999998e+02 3.0629661017963650e+02
8.5595703000000000e+01 2.7325393700000001e+02 3.0620876864943529e+02
8.5644531000000001e+01 2.7325186100000002e+02 3.0634242319876404e+02
8.5693359000000001e+01 2.7319820499999997e+02 3.0553710762403330e+02
8.5742187999999999e+01 2.7318877700000002e+02 3.0555631201489712e+02
8.5791015999999999e+01 2.7315016900000001e+02 3.0504907752365426e+02
8.5839843999999999e+01 2.7320049100000000e+02 3.0618811392485446e+02
8.5888672000000000e+01 2.7325368800000001e+02 3.0738998102414223e+02
8.5937500000000000e+01 2.7318886500000002e+02 3.0643189896269587e+02
8.5986328000000000e+01 2.7310071299999998e+02 3.0505573510403394e+02
8.6035156000000001e+01 2.7310918800000002e+02 3.0546642325653693e+02
8.6083984000000001e+01 2.7307879600000001e+02 3.0517315768698165e+02
8.6132812000000001e+01 2.7312984699999998e+02 3.0638678550473065e+02
8.6181640999999999e+01 2.7310317600000002e+02 3.0618267558865045e+02
8.6230468999999999e+01 2.7308582400000000e+02 3.0616021998963618e+02
8.6279297000000000e+01 2.7308857300000000e+02 3.0651735007118936e+02
8.6328125000000000e+01 2.7307604300000003e+02 3.0660425085011946e+02
8.6376953000000000e+01 2.7305554000000001e+02 3.0655517510362461e+02
8.6425781000000001e+01 2.7302361700000000e+02 3.0630690085140162e+02
8.6474609000000001e+01 2.7301164000000000e+02 3.0643521512318699e+02
8.6523437999999999e+01 2.7297213499999998e+02 3.0606871627804207e+02
8.6572265999999999e+01 2.7298039399999999e+02 3.0658918721151900e+02
8.6621093999999999e+01 2.7297555699999998e+02 3.0687965455628904e+02
8.6669922000000000e+01 2.7293363199999999e+02 3.0650003679218622e+02
8.6718750000000000e+01 2.7286648700000001e+02 3.0566825046066458e+02
8.6767578000000000e+01 2.7286252000000002e+02 3.0600583902886535e+02
8.6816406000000001e+01 2.7287864100000002e+02 3.0672215197383139e+02
8.6865234000000001e+01 2.7278765299999998e+02 3.0548443327558306e+02
8.6914062000000001e+01 2.7278381200000001e+02 3.0585531219726158e+02
8.6962890999999999e+01 2.7277519999999998e+02 3.0614898673561163e+02
8.7011718999999999e+01 2.7271168399999999e+02 3.0544629221431575e+02
8.7060547000000000e+01 2.7273059200000000e+02 3.0626508073554345e+02
8.7109375000000000e+01 2.7270454699999999e+02 3.0626997114146747e+02
8.7158203000000000e+01 2.7267484700000000e+02 3.0621813051264184e+02
8.7207031000000001e+01 2.7262218899999999e+02 3.0575573712203328e+02
8.7255859000000001e+01 2.7260279600000001e+02 3.0591332274898645e+02
8.7304687999999999e+01 2.7258693499999998e+02 3.0614584500694758e+02
8.7353515999999999e+01 2.7252735500000000e+02 3.0558729753851645e+02
8.7402343999999999e+01 2.7254563500000000e+02 3.0646582384180965e+02
8.7451172000000000e+01 2.7254709500000001e+02 3.0704619556807722e+02
8.7500000000000000e+01 2.7246129900000000e+02 3.0603771483819531e+02
8.7548828000000000e+01 2.7244006999999999e+02 3.0622252699696304e+02
8.7597656000000001e+01 2.7243392000000000e+02 3.0669370291325339e+02
8.7646484000000001e+01 2.7239765499999999e+02 3.0662309835504095e+02
8.7695312000000001e+01 2.7234044399999999e+02 3.0617872256018484e+02
8.7744140999999999e+01 2.7229949800000003e+02 3.0604238057032251e+02
8.7792968999999999e+01 2.7229915899999997e+02 3.0666001223213118e+02
8.7841797000000000e+01 2.7228428200000002e+02 3.0702119407304616e+02
8.7890625000000000e+01 2.7218728900000002e+02 3.0588770823764185e+02
8.7939453000000000e+01 2.7211655200000001e+02 3.0524516062203179e+02
8.7988281000000001e+01 2.7213280900000001e+02 3.0620639426180293e+02
8.8037109000000001e+01 2.7209607299999999e+02 3.0620646185878917e+02
8.8085937999999999e+01 2.7201180399999998e+02 3.0534535650452915e+02
8.8134765999999999e+01 2.7207389999999998e+02 3.0717583855386880e+02
8.8183593999999999e+01 2.7202135800000002e+02 3.0691548399164139e+02
8.8232422000000000e+01 2.7195792000000000e+02 3.0646511192199893e+02
8.8281250000000000e+01 2.7191112199999998e+02 3.0632925529651521e+02
8.8330078000000000e+01 2.7188237600000002e+02 3.0653377521543456e+02
8.8378906000000001e+01 2.7181897900000001e+02 3.0611282952514074e+02
8.8427734000000001e+01 2.7178408200000001e+02 3.0622365699006792e+02
8.8476562000000001e+01 2.7176154000000002e+02 3.0657038065336076e+02
8.8525390999999999e+01 2.7169155999999998e+02 3.0605709863526641e+02
8.8574218999999999e+01 2.7162353999999999e+02 3.0558904015252574e+02
8.8623047000000000e+01 2.7162753300000003e+02 3.0645026473735720e+02
8.8671875000000000e+01 2.7155245200000002e+02 3.0587133039363579e+02
8.8720703000000000e+01 2.7149836299999998e+02 3.0568638613239062e+02
8.8769531000000001e+01 2.7143052299999999e+02 3.0525849185954672e+02
8.8818359000000001e+01 2.7141045900000000e+02 3.0571562602035465e+02
8.8867187999999999e+01 2.7140233000000001e+02 3.0640075547173774e+02
8.8916015999999999e+01 2.7130275399999999e+02 3.0541810881471321e+02
8.8964843999999999e+01 2.7125282700000002e+02 3.0535478690647199e+02
8.9013672000000000e+01 2.7123940599999997e+02 3.0596989861927995e+02
8.9062500000000000e+01 2.7124402099999998e+02 3.0692478575710248e+02
8.9111328000000000e+01 2.7112164799999999e+02 3.0555930827611053e+02
8.9160156000000001e+01 2.7107356700000003e+02 3.0556521712384199e+02
8.9208984000000001e+01 2.7109120400000000e+02 3.0678550878371584e+02
8.9257812000000001e+01 2.7100754999999998e+02 3.0615619816772858e+02
8.9306640999999999e+01 2.7099307800000003e+02 3.0680484570288064e+02
8.9355468999999999e+01 2.7092735699999997e+02 3.0652164582603945e+02
8.9404297000000000e+01 2.7079534799999999e+02 3.0503027089877179e+02
8.9453125000000000e+01 2.7078580799999997e+02 3.0579493643238379e+02
8.9501953000000000e+01 2.7074778199999997e+02 3.0604519729188536e+02
8.9550781000000001e+01 2.7067103300000002e+02 3.0559289120748787e+02
8.9599609000000001e+01 2.7064330899999999e+02 3.0604886309203312e+02
8.9648437999999999e+01 2.7057131199999998e+02 3.0570013837270585e+02
8.9697265999999999e+01 2.7052834600000000e+02 3.0589257503829521e+02
8.9746093999999999e+01 2.7048050100000000e+02 3.0600348061541229e+02
8.9794922000000000e+01 2.7044465600000001e+02 3.0634281791102870e+02
8.9843750000000000e+01 2.7037005199999999e+02 3.0597807736818606e+02
8.9892578000000000e+01 2.7035190499999999e+02 3.0665842109788537e+02
8.9941406000000001e+01 2.7030962599999998e+02 3.0690325130932979e+02
8.9990234000000001e+01 2.7018002200000001e+02 3.0555094201792735e+02
9.0039062000000001e+01 2.7013504699999999e+02 3.0576147357869411e+02
9.0087890999999999e+01 2.7006812300000001e+02 3.0557614657356157e+02
9.0136718999999999e+01 2.6997399700000000e+02 3.0489810841066844e+02
9.0185547000000000e+01 2.6997185800000000e+02 3.0591878278916181e+02
9.0234375000000000e+01 2.6992231199999998e+02 3.0607522809800042e+02
9.0283203000000000e+01 2.6983127000000002e+02 3.0547573805853909e+02
9.0332031000000001e+01 2.6976759199999998e+02 3.0538666091076738e+02
9.0380859000000001e+01 2.6977888300000001e+02 3.0668399696038318e+02
9.0429687999999999e+01 2.6969405999999998e+02 3.0622016240244523e+02
9.0478515999999999e+01 2.6960367900000000e+02 3.0566085035087269e+02
9.0527343999999999e+01 2.6953620200000000e+02 3.0552984793465828e+02
9.0576172000000000e+01 2.6950220000000002e+02 3.0602186950512510e+02
9.0625000000000000e+01 2.6941417200000001e+02 3.0552603986843951e+02
9.0673828000000000e+01 2.6940568999999999e+02 3.0650154291907972e+02
9.0722656000000001e+01 2.6931468100000001e+02 3.0596395857977598e+02
9.0771484000000001e+01 2.6925420400000002e+02 3.0599511626787864e+02
9.0820312000000001e+01 2.6914304600000003e+02 3.0509897403041509e+02
9.0869140999999999e+01 2.6903108500000002e+02 3.0419410304842359e+02
9.0917968999999999e+01 2.6897846700000002e+02 3.0438881168238748e+02
9.0966797000000000e+01 2.6897602300000000e+02 3.0551455878336060e+02
9.1015625000000000e+01 2.6890992299999999e+02 3.0547322978083474e+02
9.1064453000000000e+01 2.6886256200000003e+02 3.0578338939388698e+02
9.1113281000000001e+01 2.6878441700000002e+02 3.0553185772174885e+02
9.1162109000000001e+01 2.6874164500000001e+02 3.0593848833400909e+02
9.1210937999999999e+01 2.6861995400000001e+02 3.0489516064133818e+02
9.1259765999999999e+01 2.6857238799999999e+02 3.0522473792094132e+02
9.1308593999999999e+01 2.6849856999999997e+02 3.0507553443276981e+02
9.1357422000000000e+01 2.6844808399999999e+02 3.0536237242070695e+02
9.1406250000000000e+01 2.6836620199999999e+02 3.0507511566403849e+02
9.1455078000000000e+01 2.6834868599999999e+02 3.0598142716912895e+02
9.1503906000000001e+01 2.6826916199999999e+02 3.0574819249822843e+02
9.1552734000000001e+01 2.6818517600000001e+02 3.0543756531562298e+02
9.1601562000000001e+01 2.6810783400000003e+02 3.0525456696257817e+02
9.1650390999999999e+01 2.6802746800000000e+02 3.0502057182791089e+02
9.1699218999999999e+01 2.6794441699999999e+02 3.0474167129189476e+02
9.1748047000000000e+01 2.6796969500000000e+02 3.0646955275160798e+02
9.1796875000000000e+01 2.6786808800000000e+02 3.0585714615329056e+02
9.1845703000000000e+01 2.6778436599999998e+02 3.0557972737698032e+02
9.1894531000000001e+01 2.6778445900000003e+02 3.0685655263172964e+02
9.1943359000000001e+01 2.6765830399999999e+02 3.0580318203449360e+02
9.1992187999999999e+01 2.6759344199999998e+02 3.0588753829310980e+02
9.2041015999999999e+01 2.6745339799999999e+02 3.0458503675977795e+02
9.2089843999999999e+01 2.6744898899999998e+02 3.0579606544226982e+02
9.2138672000000000e+01 2.6738037800000001e+02 3.0582319394943130e+02
9.2187500000000000e+01 2.6729447299999998e+02 3.0553403744750347e+02
9.2236328000000000e+01 2.6720289100000002e+02 3.0514341501537001e+02
9.2285156000000001e+01 2.6710575000000000e+02 3.0465335556960264e+02
9.2333984000000001e+01 2.6704505999999998e+02 3.0484180585273651e+02
9.2382812000000001e+01 2.6703294099999999e+02 3.0593355680086893e+02
9.2431640999999999e+01 2.6692683399999999e+02 3.0528761308476976e+02
9.2480468999999999e+01 2.6689265300000000e+02 3.0597757494730678e+02
9.2529297000000000e+01 2.6681579399999998e+02 3.0587987756627501e+02
9.2578125000000000e+01 2.6673142200000001e+02 3.0564589907624639e+02
9.2626953000000000e+01 2.6664836500000001e+02 3.0543914946492043e+02
9.2675781000000001e+01 2.6657884300000001e+02 3.0548616273887649e+02
9.2724609000000001e+01 2.6645866500000000e+02 3.0459631185498591e+02
9.2773437999999999e+01 2.6643120199999998e+02 3.0542883732461451e+02
9.2822265999999999e+01 2.6636347899999998e+02 3.0551710663821609e+02
9.2871093999999999e+01 2.6626400500000000e+02 3.0501855279026756e+02
9.2919922000000000e+01 2.6623445199999998e+02 3.0582000071856902e+02
9.2968750000000000e+01 2.6618792600000000e+02 3.0630881774185315e+02
9.3017578000000000e+01 2.6602554600000002e+02 3.0464861953092532e+02
9.3066406000000001e+01 2.6601591600000000e+02 3.0582670254964819e+02
9.3115234000000001e+01 2.6593799600000000e+02 3.0573855447840043e+02
9.3164062000000001e+01 2.6580239300000000e+02 3.0458044879835506e+02
9.3212890999999999e+01 2.6576576000000000e+02 3.0526268845760285e+02
9.3261718999999999e+01 2.6569171499999999e+02 3.0525136439449204e+02
9.3310547000000000e+01 2.6557602700000001e+02 3.0446737262172792e+02
9.3359375000000000e+01 2.6553931499999999e+02 3.0515275973844950e+02
9.3408203000000000e+01 2.6544618300000002e+02 3.0479044608255873e+02
9.3457031000000001e+01 2.6539366300000000e+02 3.0518443944347206e+02
9.3505859000000001e+01 2.6531621400000000e+02 3.0511583228056367e+02
9.3554687999999999e+01 2.6524008099999998e+02 3.0507259345200907e+02
9.3603515999999999e+01 2.6517120699999998e+02 3.0516515958390590e+02
9.3652343999999999e+01 2.6509133600000001e+02 3.0505373988676718e+02
9.3701172000000000e+01 2.6503425700000003e+02 3.0536710171552448e+02
9.3750000000000000e+01 2.6495323999999999e+02 3.0523531834176595e+02
9.3798828000000000e+01 2.6487070999999997e+02 3.0507563423626436e+02
9.3847656000000001e+01 2.6477850999999998e+02 3.0473599982858809e+02
9.3896484000000001e+01 2.6473255899999998e+02 3.0525786874895851e+02
9.3945312000000001e+01 2.6460154699999998e+02 3.0419510938017942e+02
9.3994140999999999e+01 2.6454097100000001e+02 3.0444441258867852e+02
9.4042968999999999e+01 2.6452298500000001e+02 3.0548729752449452e+02
9.4091797000000000e+01 2.6442467099999999e+02 3.0503280672302594e+02
9.4140625000000000e+01 2.6438904100000002e+02 3.0574635484076549e+02
9.4189453000000000e+01 2.6432247599999999e+02 3.0588270961259980e+02
9.4238281000000001e+01 2.6420712900000001e+02 3.0510862069906148e+02
9.4287109000000001e+01 2.6415766000000002e+02 3.0556228335206833e+02
9.4335937999999999e+01 2.6406396100000001e+02 3.0519002820257572e+02
9.4384765999999999e+01 2.6401136600000001e+02 3.0558354041760526e+02
9.4433593999999999e+01 2.6394340199999999e+02 3.0568919624503098e+02
9.4482422000000000e+01 2.6385901500000000e+02 3.0548706699855495e+02
9.4531250000000000e+01 2.6378696600000001e+02 3.0551380508017752e+02
9.4580078000000000e+01 2.6364139799999998e+02 3.0416635526843828e+02
9.4628906000000001e+01 2.6356918000000002e+02 3.0418659826655590e+02
9.4677734000000001e+01 2.6352848200000000e+02 3.0479380578549404e+02
9.4726562000000001e+01 2.6345606099999998e+02 3.0480676086460920e+02
9.4775390999999999e+01 2.6337966200000000e+02 3.0474345305439215e+02
9.4824218999999999e+01 2.6332433300000002e+02 3.0507171436721114e+02
9.4873047000000000e+01 2.6323163000000000e+02 3.0469940397208222e+02
9.4921875000000000e+01 2.6319635599999998e+02 3.0539808219580618e+02
9.4970703000000000e+01 2.6309181799999999e+02 3.0479970006381092e+02
9.5019531000000001e+01 2.6304555199999999e+02 3.0528808910606318e+02
9.5068359000000001e+01 2.6289636600000000e+02 3.0384938295973762e+02
9.5117187999999999e+01 2.6279834000000000e+02 3.0336430886423494e+02
9.5166015999999999e+01 2.6276278800000000e+02 3.0404474238839202e+02
9.5214843999999999e+01 2.6277414399999998e+02 3.0559989162236144e+02
9.5263672000000000e+01 2.6269671899999997e+02 3.0549121908950912e+02
9.5312500000000000e+01 2.6261785300000003e+02 3.0535229501506853e+02
9.5361328000000000e+01 2.6248751399999998e+02 3.0424661468389894e+02
9.5410156000000001e+01 2.6244393400000001e+02 3.0476110858801866e+02
9.5458984000000001e+01 2.6233742100000001e+02 3.0409399225356725e+02
9.5507812000000001e+01 2.6228902599999998e+02 3.0451112962536149e+02
9.5556640999999999e+01 2.6223970900000000e+02 3.0490730409026651e+02
9.5605468999999999e+01 2.6213669399999998e+02 3.0429394292088762e+02
9.5654297000000000e+01 2.6204015800000002e+02 3.0379770962983957e+02
9.5703125000000000e+01 2.6201032099999998e+02 3.0454663035130795e+02
9.5751953000000000e+01 2.6195436699999999e+02 3.0480213265835278e+02
9.5800781000000001e+01 2.6184485699999999e+02 3.0404977401305950e+02
9.5849609000000001e+01 2.6179370499999999e+02 3.0438631957201659e+02
9.5898437999999999e+01 2.6170834500000001e+02 3.0407719648765948e+02
9.5947265999999999e+01 2.6166430300000002e+02 3.0453769007916287e+02
9.5996093999999999e+01 2.6162092200000001e+02 3.0500580635029178e+02
9.6044922000000000e+01 2.6152742499999999e+02 3.0452942802808241e+02
9.6093750000000000e+01 2.6145096200000000e+02 3.0436723474753023e+02
9.6142578000000000e+01 2.6137094500000001e+02 3.0413313499894429e+02
9.6191406000000001e+01 2.6134401600000001e+02 3.0488931229487434e+02
9.6240234000000001e+01 2.6127268500000002e+02 3.0480735340223833e+02
9.6289062000000001e+01 2.6119956000000002e+02 3.0468615739036898e+02
9.6337890999999999e+01 2.6119695500000000e+02 3.0588230528713211e+02
9.6386718999999999e+01 2.6109088200000002e+02 3.0513152047940298e+02
9.6435547000000000e+01 2.6098382900000001e+02 3.0435628624316223e+02
9.6484375000000000e+01 2.6090075300000001e+02 3.0402484573320237e+02
9.6533203000000000e+01 2.6088567799999998e+02 3.0496348108822707e+02
9.6582031000000001e+01 2.6084650599999998e+02 3.0544374369583699e+02
9.6630859000000001e+01 2.6074059799999998e+02 3.0466497215631750e+02
9.6679687999999999e+01 2.6061237100000000e+02 3.0346060379166414e+02
9.6728515999999999e+01 2.6057779099999999e+02 3.0400766571544824e+02
9.6777343999999999e+01 2.6055193500000001e+02 3.0471194044582569e+02
9.6826172000000000e+01 2.6047989100000001e+02 3.0454218916577565e+02
9.6875000000000000e+01 2.6044747300000000e+02 3.0510967130335212e+02
9.6923828000000000e+01 2.6034887199999997e+02 3.0442720022133716e+02
9.6972656000000001e+01 2.6030439600000000e+02 3.0475411421189182e+02
9.7021484000000001e+01 2.6023171100000002e+02 3.0454394239133757e+02
9.7070312000000001e+01 2.6014206600000000e+02 3.0400777690079570e+02
9.7119140999999999e+01 2.6012176299999999e+02 3.0476682829515761e+02
9.7167968999999999e+01 2.6003652699999998e+02 3.0429840169479502e+02
9.7216797000000000e+01 2.6000385000000000e+02 3.0480979415719884e+02
9.7265625000000000e+01 2.5992435000000000e+02 3.0443361948692683e+02
9.7314453000000000e+01 2.5989968699999997e+02 3.0507999595184612e+02
9.7363281000000001e+01 2.5982517500000000e+02 3.0478162730111075e+02
9.7412109000000001e+01 2.5977611800000000e+02 3.0495351715491415e+02
9.7460937999999999e+01 2.5964130599999999e+02 3.0350544849619547e+02
9.7509765999999999e+01 2.5965128900000002e+02 3.0477047204846912e+02
9.7558593999999999e+01 2.5963019100000002e+02 3.0544296190607798e+02
9.7607422000000000e+01 2.5953502800000001e+02 3.0471470867182882e+02
9.7656250000000000e+01 2.5943574000000001e+02 3.0390020490912974e+02
9.7705078000000000e+01 2.5941577100000001e+02 3.0456805520683605e+02
9.7753906000000001e+01 2.5936705400000000e+02 3.0468664198873807e+02
9.7802734000000001e+01 2.5932924300000002e+02 3.0500133287064767e+02
9.7851562000000001e+01 2.5928528999999997e+02 3.0519151408914456e+02
9.7900390999999999e+01 2.5923311600000000e+02 3.0521800043129628e+02
9.7949218999999999e+01 2.5912768000000000e+02 3.0423373634001365e+02
9.7998047000000000e+01 2.5917909700000001e+02 3.0618941910760321e+02
9.8046875000000000e+01 2.5906367999999998e+02 3.0499863487402462e+02
9.8095703000000000e+01 2.5899912699999999e+02 3.0475469582798479e+02
9.8144531000000001e+01 2.5889434399999999e+02 3.0374458843441380e+02
9.8193359000000001e+01 2.5888414100000000e+02 3.0450325326717638e+02
9.8242187999999999e+01 2.5885487200000000e+02 3.0489357238454727e+02
9.8291015999999999e+01 2.5879774099999997e+02 3.0474998229361762e+02
9.8339843999999999e+01 2.5869460800000002e+02 3.0373126241687453e+02
9.8388672000000000e+01 2.5870631600000002e+02 3.0486202659584944e+02
9.8437500000000000e+01 2.5864984399999997e+02 3.0470040623117831e+02
9.8486328000000000e+01 2.5859369700000002e+02 3.0453456765382560e+02
9.8535156000000001e+01 2.5852813400000002e+02 3.0418123558179678e+02
9.8583984000000001e+01 2.5848430500000001e+02 3.0422610392268808e+02
9.8632812000000001e+01 2.5840347100000002e+02 3.0356448406803094e+02
9.8681640999999999e+01 2.5839387199999999e+02 3.0423175467396578e+02
9.8730468999999999e+01 2.5844178299999999e+02 3.0596963954742500e+02
9.8779297000000000e+01 2.5832717200000002e+02 3.0464049923660008e+02
9.8828125000000000e+01 2.5826654600000001e+02 3.0431555640559259e+02
9.8876953000000000e+01 2.5822055200000000e+02 3.0425469589078813e+02
9.8925781000000001e+01 2.5823626899999999e+02 3.0534301868759826e+02
9.8974609000000001e+01 2.5812019900000001e+02 3.0394217124272780e+02
9.9023437999999999e+01 2.5808858099999998e+02 3.0411792439832232e+02
9.9072265999999999e+01 2.5805573199999998e+02 3.0425909593818750e+02
9.9121093999999999e+01 2.5798359399999998e+02 3.0365013234275705e+02
9.9169922000000000e+01 2.5801368800000000e+02 3.0495150870039885e+02
9.9218750000000000e+01 2.5798519599999997e+02 3.0513979086635885e+02
9.9267578000000000e+01 2.5787143900000001e+02 3.0371356227453998e+02
9.9316406000000001e+01 2.5790449599999999e+02 3.0503520054817000e+02
9.9365234000000001e+01 2.5782911700000000e+02 3.0430671394111954e+02
9.9414062000000001e+01 2.5779919500000000e+02 3.0442064111479522e+02
9.9462890999999999e+01 2.5779651300000000e+02 3.0503441277457091e+02
9.9511718999999999e+01 2.5774100099999998e+02 3.0464318604817447e+02
9.9560547000000000e+01 2.5770263699999998e+02 3.0456200065881444e+02
9.9609375000000000e+01 2.5768301900000000e+02 3.0482073803976527e+02
9.9658203000000000e+01 2.5764048800000000e+02 3.0463658334545653e+02
9.9707031000000001e+01 2.5762945800000000e+02 3.0503177387250832e+02
9.9755859000000001e+01 2.5760780799999998e+02 3.0521488135146211e+02
9.9804687999999999e+01 2.5750732399999998e+02 3.0390466601666157e+02
9.9853515999999999e+01 2.5751181900000000e+02 3.0455359035252224e+02
9.9902343999999999e+01 2.5752039800000000e+02 3.0526634167187177e+02
9.9951172000000000e+01 2.5748827899999998e+02 3.0520194564791313e+02
1.0000000000000000e+02 2.5741568400000000e+02 3.0436473140754299e+02
1.0004882800000000e+02 2.5741136599999999e+02 3.0479651695366908e+02
1.0009765600000000e+02 2.5736375099999998e+02 3.0440245452880328e+02
1.0014648400000000e+02 2.5735585700000001e+02 3.0474091696567052e+02
1.0019531200000000e+02 2.5735625099999999e+02 3.0522168729637281e+02
1.0024414100000000e+02 2.5723373299999997e+02 3.0338274949637201e+02
1.0029296900000000e+02 2.5727907599999998e+02 3.0468041485380036e+02
1.0034179700000000e+02 2.5729075000000000e+02 3.0533278600811872e+02
1.0039062500000000e+02 2.5727612299999998e+02 3.0547824500438770e+02
1.0043945300000000e+02 2.5721442600000000e+02 3.0472741287386680e+02
1.0048828100000000e+02 2.5719751100000002e+02 3.0480301982274045e+02
1.0053710900000000e+02 2.5715253600000000e+02 3.0433891494087891e+02
1.0058593800000000e+02 2.5714699899999999e+02 3.0460064360807917e+02
1.0063476600000000e+02 2.5715629999999999e+02 3.0512671109503481e+02
1.0068359400000000e+02 2.5714050700000001e+02 3.0516858196621820e+02
1.0073242200000000e+02 2.5709226500000000e+02 3.0458860896152822e+02
1.0078125000000000e+02 2.5708588600000002e+02 3.0477926120944915e+02
1.0083007800000000e+02 2.5713526800000000e+02 3.0600043655220469e+02
1.0087890600000000e+02 2.5701333599999998e+02 3.0399879123776179e+02
1.0092773400000000e+02 2.5695174800000001e+02 3.0311378527802191e+02
1.0097656200000000e+02 2.5698042099999998e+02 3.0390488951519745e+02
1.0102539100000000e+02 2.5696480800000000e+02 3.0385265051347653e+02
1.0107421900000000e+02 2.5694674199999997e+02 3.0374037234342256e+02
1.0112304700000000e+02 2.5701681600000001e+02 3.0526315316951730e+02
1.0117187500000000e+02 2.5699519400000003e+02 3.0505569549179529e+02
1.0122070300000000e+02 2.5697962500000000e+02 3.0494725247497036e+02
1.0126953100000000e+02 2.5694895200000002e+02 3.0454208660690625e+02
1.0131835900000000e+02 2.5690837099999999e+02 3.0393748691505562e+02
1.0136718800000000e+02 2.5689720100000000e+02 3.0386850106773090e+02
1.0141601600000000e+02 2.5693963200000002e+02 3.0478680482553199e+02
1.0146484400000000e+02 2.5691158100000001e+02 3.0437335384791555e+02
1.0151367200000000e+02 2.5691877699999998e+02 3.0460398264744850e+02
1.0156250000000000e+02 2.5690673099999998e+02 3.0446061259015278e+02
1.0161132800000000e+02 2.5691037899999998e+02 3.0459575759132366e+02
1.0166015600000000e+02 2.5687952500000000e+02 3.0407219967415409e+02
1.0170898400000000e+02 2.5694868900000000e+02 3.0540079658121414e+02
1.0175781200000000e+02 2.5690769499999999e+02 3.0465881316071528e+02
1.0180664100000000e+02 2.5697036600000001e+02 3.0583613876980024e+02
1.0185546900000000e+02 2.5699636299999997e+02 3.0631424868753498e+02
1.0190429700000000e+02 2.5690966700000001e+02 3.0467641899645537e+02
1.0195312500000000e+02 2.5690581100000003e+02 3.0456866412397977e+02
1.0200195300000000e+02 2.5692057699999998e+02 3.0479316332736397e+02
1.0205078100000000e+02 2.5689733799999999e+02 3.0429477301729059e+02
1.0209960900000000e+02 2.5692157600000002e+02 3.0466598446427201e+02
1.0214843800000000e+02 2.5693096200000002e+02 3.0474562969162849e+02
1.0219726600000000e+02 2.5694788599999998e+02 3.0495066444804991e+02
1.0224609400000000e+02 2.5696032000000002e+02 3.0505715410607081e+02
1.0229492200000000e+02 2.5693730599999998e+02 3.0448930776588878e+02
1.0234375000000000e+02 2.5695316600000001e+02 3.0462978035368934e+02
1.0239257800000000e+02 2.5697813700000000e+02 3.0492462163004643e+02
1.0244140600000000e+02 2.5698230599999999e+02 3.0481776235625046e+02
1.0249023400000000e+02 2.5697394200000002e+02 3.0446318845453783e+02
1.0253906200000000e+02 2.5700106000000000e+02 3.0475288081503157e+02
1.0258789100000000e+02 2.5703136699999999e+02 3.0508663814482634e+02
1.0263671900000000e+02 2.5706451800000002e+02 3.0545800945693742e+02
1.0268554700000000e+02 2.5709412800000001e+02 3.0574847166655934e+02
1.0273437500000000e+02 2.5707029599999998e+02 3.0503253851950439e+02
1.0278320300000000e+02 2.5706962399999998e+02 3.0473154972178054e+02
1.0283203100000000e+02 2.5705482799999999e+02 3.0415401809959309e+02
1.0288085900000000e+02 2.5706466599999999e+02 3.0401836610279349e+02
1.0292968800000000e+02 2.5711084000000000e+02 3.0454086482388311e+02
1.0297851600000000e+02 2.5719914599999998e+02 3.0582813115946857e+02
1.0302734400000000e+02 2.5723398500000002e+02 3.0610992106817588e+02
1.0307617200000000e+02 2.5714148499999999e+02 3.0402058425130531e+02
1.0312500000000000e+02 2.5722158899999999e+02 3.0511013879668678e+02
1.0317382800000000e+02 2.5718475699999999e+02 3.0402208247093051e+02
1.0322265600000000e+02 2.5724048900000003e+02 3.0463059245185377e+02
1.0327148400000000e+02 2.5729970500000002e+02 3.0528810535042896e+02
1.0332031200000000e+02 2.5732185199999998e+02 3.0524570924443589e+02
1.0336914100000000e+02 2.5735977600000001e+02 3.0547970180823154e+02
1.0341796900000000e+02 2.5736009500000000e+02 3.0500481525190213e+02
1.0346679700000000e+02 2.5738735700000001e+02 3.0501242433530842e+02
1.0351562500000000e+02 2.5739226300000001e+02 3.0459307142126801e+02
1.0356445300000000e+02 2.5740595000000002e+02 3.0432111336081482e+02
1.0361328100000000e+02 2.5751575300000002e+02 3.0580515325398596e+02
1.0366210900000000e+02 2.5754431699999998e+02 3.0577736874663958e+02
1.0371093800000000e+02 2.5752920999999998e+02 3.0493113743744362e+02
1.0375976600000000e+02 2.5756239099999999e+02 3.0495932626953351e+02
1.0380859400000000e+02 2.5761569500000002e+02 3.0534288559072752e+02
1.0385742200000000e+02 2.5769241199999999e+02 3.0614183613984403e+02
1.0390625000000000e+02 2.5769322199999999e+02 3.0553091278076846e+02
1.0395507800000000e+02 2.5765346000000000e+02 3.0416094299534836e+02
1.0400390600000000e+02 2.5771489200000002e+02 3.0463517799928860e+02
1.0405273400000000e+02 2.5776172800000001e+02 3.0482671830053391e+02
1.0410156200000000e+02 2.5786719799999997e+02 3.0607889395407523e+02
1.0415039100000000e+02 2.5786353400000002e+02 3.0531510743772583e+02
1.0419921900000000e+02 2.5787617200000000e+02 3.0483637933430265e+02
1.0424804700000000e+02 2.5795172800000000e+02 3.0549595543671848e+02
1.0429687500000000e+02 2.5796808199999998e+02 3.0505706012930648e+02
1.0434570300000000e+02 2.5799252300000001e+02 3.0475232580364462e+02
1.0439453100000000e+02 2.5802625100000000e+02 3.0460354106120411e+02
1.0444335900000000e+02 2.5808571999999998e+02 3.0491122431453522e+02
1.0449218800000000e+02 2.5817629599999998e+02 3.0577272780113429e+02
1.0454101600000000e+02 2.5819402300000002e+02 3.0528935039308993e+02
1.0458984400000000e+02 2.5823192399999999e+02 3.0516063632678311e+02
1.0463867200000000e+02 2.5830584900000002e+02 3.0567515964489706e+02
1.0468750000000000e+02 2.5838412399999999e+02 3.0625458868357924e+02
1.0473632800000000e+02 2.5837498399999998e+02 3.0522701384071524e+02
1.0478515600000000e+02 2.5846223400000002e+02 3.0594197552396719e+02
1.0483398400000000e+02 2.5845687400000003e+02 3.0495706401959126e+02
1.0488281200000000e+02 2.5850480900000002e+02 3.0492901565252657e+02
1.0493164100000000e+02 2.5858637800000002e+02 3.0549888351596042e+02
1.0498046900000000e+02 2.5859111500000000e+02 3.0465867762076982e+02
1.0502929700000000e+02 2.5863470000000001e+02 3.0451144576459967e+02
1.0507812500000000e+02 2.5870331800000002e+02 3.0480536436103370e+02
1.0512695300000000e+02 2.5876712199999997e+02 3.0499836152640466e+02
1.0517578100000000e+02 2.5884932600000002e+02 3.0551150179039502e+02
1.0522460900000000e+02 2.5885199000000000e+02 3.0456982215474318e+02
1.0527343800000000e+02 2.5887259100000000e+02 3.0394095119851033e+02
1.0532226600000000e+02 2.5899820899999997e+02 3.0520034035034718e+02
1.0537109400000000e+02 2.5905752000000001e+02 3.0524610762829559e+02
1.0541992200000000e+02 2.5910757300000000e+02 3.0511165413920708e+02
1.0546875000000000e+02 2.5921581200000003e+02 3.0601573237579004e+02
1.0551757800000000e+02 2.5931701099999998e+02 3.0677896242913835e+02
1.0556640600000000e+02 2.5930602699999997e+02 3.0550457233933321e+02
1.0561523400000000e+02 2.5935695299999998e+02 3.0533559110136633e+02
1.0566406200000000e+02 2.5945286900000002e+02 3.0596516503286017e+02
1.0571289100000000e+02 2.5952611400000001e+02 3.0617331456007832e+02
1.0576171900000000e+02 2.5951115600000003e+02 3.0478146305413168e+02
1.0581054700000000e+02 2.5954338600000000e+02 3.0422798767931727e+02
1.0585937500000000e+02 2.5963015700000000e+02 3.0464358197480777e+02
1.0590820300000000e+02 2.5974643200000003e+02 3.0557671556656493e+02
1.0595703100000000e+02 2.5982747000000001e+02 3.0586417852346176e+02
1.0600585900000000e+02 2.5984662400000002e+02 3.0502920239822123e+02
1.0605468800000000e+02 2.5994999100000001e+02 3.0569353272448512e+02
1.0610351600000000e+02 2.5996860800000002e+02 3.0482686993838831e+02
1.0615234400000000e+02 2.6001789900000000e+02 3.0449912216281302e+02
1.0620117200000000e+02 2.6011031800000001e+02 3.0493219036164095e+02
1.0625000000000000e+02 2.6015303699999998e+02 3.0446462703221636e+02
1.0629882800000000e+02 2.6025441599999999e+02 3.0503482251104265e+02
1.0634765600000000e+02 2.6035993600000000e+02 3.0566713786919951e+02
1.0639648400000000e+02 2.6039103100000000e+02 3.0495937013271134e+02
1.0644531200000000e+02 2.6051294899999999e+02 3.0586151824079468e+02
1.0649414100000000e+02 2.6058084000000002e+02 3.0578874683454882e+02
1.0654296900000000e+02 2.6057854900000001e+02 3.0445547045811679e+02
1.0659179700000000e+02 2.6073489200000000e+02 3.0593691233025737e+02
1.0664062500000000e+02 2.6075314300000002e+02 3.0494977652070600e+02
1.0668945300000000e+02 2.6080666500000001e+02 3.0458059400782179e+02
1.0673828100000000e+02 2.6095286399999998e+02 3.0584779093822300e+02
1.0678710900000000e+02 2.6103821099999999e+02 3.0602308021323086e+02
1.0683593800000000e+02 2.6109060699999998e+02 3.0560369838377363e+02
1.0688476600000000e+02 2.6112970999999999e+02 3.0493948568473388e+02
1.0693359400000000e+02 2.6122958199999999e+02 3.0534277222262619e+02
1.0698242200000000e+02 2.6126430699999997e+02 3.0458287386734827e+02
1.0703125000000000e+02 2.6131585699999999e+02 3.0411213935915038e+02
1.0708007800000000e+02 2.6144101300000000e+02 3.0493355359128446e+02
1.0712890600000000e+02 2.6155711100000002e+02 3.0558457127952607e+02
1.0717773400000000e+02 2.6164595900000000e+02 3.0574463350902693e+02
1.0722656200000000e+02 2.6164668100000000e+02 3.0434141727114633e+02
1.0727539100000000e+02 2.6179912500000000e+02 3.0560492131211083e+02
1.0732421900000000e+02 2.6183198900000002e+02 3.0475223382295150e+02
1.0737304700000000e+02 2.6192767700000002e+02 3.0499760882691044e+02
1.0742187500000000e+02 2.6203511400000002e+02 3.0544071226072805e+02
1.0747070300000000e+02 2.6213826000000000e+02 3.0579941244060808e+02
1.0751953100000000e+02 2.6223014400000000e+02 3.0595163566687404e+02
1.0756835900000000e+02 2.6234258399999999e+02 3.0645615119994864e+02
1.0761718800000000e+02 2.6234590200000002e+02 3.0503903739938016e+02
1.0766601600000000e+02 2.6244836500000002e+02 3.0535294135724365e+02
1.0771484400000000e+02 2.6251625899999999e+02 3.0505361422737940e+02
1.0776367200000000e+02 2.6261321600000002e+02 3.0525549912041060e+02
1.0781250000000000e+02 2.6272095200000001e+02 3.0563804127472463e+02
1.0786132800000000e+02 2.6277936099999999e+02 3.0515131661658728e+02
1.0791015600000000e+02 2.6287444399999998e+02 3.0529815187999105e+02
1.0795898400000000e+02 2.6301605899999998e+02 3.0624910779612441e+02
1.0800781200000000e+02 2.6313333899999998e+02 3.0676775214707715e+02
1.0805664100000000e+02 2.6314107400000000e+02 3.0537173971765611e+02
1.0810546900000000e+02 2.6319531100000000e+02 3.0478028781134935e+02
1.0815429700000000e+02 2.6334933799999999e+02 3.0591789773012960e+02
1.0820312500000000e+02 2.6338208200000003e+02 3.0494092218350687e+02
1.0825195300000000e+02 2.6352451000000002e+02 3.0586290236064627e+02
1.0830078100000000e+02 2.6356876799999998e+02 3.0507503004502263e+02
1.0834960900000000e+02 2.6368921899999998e+02 3.0560279902261254e+02
1.0839843800000000e+02 2.6382031300000000e+02 3.0630827219246777e+02
1.0844726600000000e+02 2.6392876300000000e+02 3.0661535190839095e+02
1.0849609400000000e+02 2.6399627500000003e+02 3.0620884818898344e+02
1.0854492200000000e+02 2.6409786300000002e+02 3.0638631973348589e+02
1.0859375000000000e+02 2.6414061199999998e+02 3.0554287600584860e+02
1.0864257800000000e+02 2.6425179700000001e+02 3.0587602558891081e+02
1.0869140600000000e+02 2.6428961299999997e+02 3.0493955380888684e+02
1.0874023400000000e+02 2.6440871099999998e+02 3.0539942895199999e+02
1.0878906200000000e+02 2.6453997800000002e+02 3.0606341648408261e+02
1.0883789100000000e+02 2.6458748100000003e+02 3.0528201280334139e+02
1.0888671900000000e+02 2.6472332000000000e+02 3.0601500166125555e+02
1.0893554700000000e+02 2.6481311499999998e+02 3.0595251783310675e+02
1.0898437500000000e+02 2.6486073599999997e+02 3.0516299689489892e+02
1.0903320300000000e+02 2.6500570299999998e+02 3.0603903901613626e+02
1.0908203100000000e+02 2.6507408199999998e+02 3.0559879471723281e+02
1.0913085900000000e+02 2.6517039799999998e+02 3.0563375796156856e+02
1.0917968800000000e+02 2.6528666199999998e+02 3.0600633609450369e+02
1.0922851600000000e+02 2.6538072699999998e+02 3.0599606870258299e+02
1.0927734400000000e+02 2.6544592299999999e+02 3.0549017710117874e+02
1.0932617200000000e+02 2.6550728299999997e+02 3.0491688578758101e+02
1.0937500000000000e+02 2.6560494000000000e+02 3.0496030893281585e+02
1.0942382800000000e+02 2.6573091699999998e+02 3.0548329723066706e+02
1.0947265600000000e+02 2.6579549800000001e+02 3.0495872365768344e+02
1.0952148400000000e+02 2.6593812900000000e+02 3.0575941376047086e+02
1.0957031200000000e+02 2.6598638599999998e+02 3.0495404553793435e+02
1.0961914100000000e+02 2.6612822499999999e+02 3.0573608543967754e+02
1.0966796900000000e+02 2.6621845000000002e+02 3.0564005932255964e+02
1.0971679700000000e+02 2.6630088100000000e+02 3.0541060552662628e+02
1.0976562500000000e+02 2.6640015599999998e+02 3.0546526923038624e+02
1.0981445300000000e+02 2.6655787700000002e+02 3.0650716038226790e+02
1.0986328100000000e+02 2.6663650799999999e+02 3.0620967069024800e+02
1.0991210900000000e+02 2.6672768900000000e+02 3.0612368199290177e+02
1.0996093800000000e+02 2.6677213799999998e+02 3.0524857205021766e+02
1.1000976600000000e+02 2.6686197199999998e+02 3.0513946738922499e+02
1.1005859400000000e+02 2.6696262999999999e+02 3.0521244549887166e+02
1.1010742200000000e+02 2.6707232299999998e+02 3.0543711056173640e+02
1.1015625000000000e+02 2.6722517499999998e+02 3.0638713472135157e+02
1.1020507800000000e+02 2.6729517199999998e+02 3.0594338357229555e+02
1.1025390600000000e+02 2.6737036400000000e+02 3.0558779467241737e+02
1.1030273400000000e+02 2.6747380299999998e+02 3.0570704791721948e+02
1.1035156200000000e+02 2.6757678800000002e+02 3.0581903358149668e+02
1.1040039100000000e+02 2.6768397099999999e+02 3.0600181508973611e+02
1.1044921900000000e+02 2.6776933500000001e+02 3.0582003119352504e+02
1.1049804700000000e+02 2.6786158499999999e+02 3.0575470779497351e+02
1.1054687500000000e+02 2.6800250000000000e+02 3.0650379838322795e+02
1.1059570300000000e+02 2.6808760799999999e+02 3.0632130269348460e+02
1.1064453100000000e+02 2.6819916000000001e+02 3.0658173117769127e+02
1.1069335900000000e+02 2.6827537500000000e+02 3.0625438568489994e+02
1.1074218800000000e+02 2.6836777599999999e+02 3.0619892642143907e+02
1.1079101600000000e+02 2.6846797299999997e+02 3.0627530071137301e+02
1.1083984400000000e+02 2.6854932500000001e+02 3.0604032630659515e+02
1.1088867200000000e+02 2.6857488400000000e+02 3.0488102351294907e+02
1.1093750000000000e+02 2.6875586099999998e+02 3.0630621757985733e+02
1.1098632800000000e+02 2.6881923999999998e+02 3.0578098247472906e+02
1.1103515600000000e+02 2.6885779200000002e+02 3.0484783811173793e+02
1.1108398400000000e+02 2.6893201800000003e+02 3.0450993329914024e+02
1.1113281200000000e+02 2.6911780199999998e+02 3.0602180160367681e+02
1.1118164100000000e+02 2.6923925200000002e+02 3.0647066807450153e+02
1.1123046900000000e+02 2.6928201899999999e+02 3.0562219598504959e+02
1.1127929700000000e+02 2.6937001400000003e+02 3.0552531092830719e+02
1.1132812500000000e+02 2.6951589700000000e+02 3.0638724262815612e+02
1.1137695300000000e+02 2.6958619199999998e+02 3.0600570920130559e+02
1.1142578100000000e+02 2.6962218600000000e+02 3.0506382307825197e+02
1.1147460900000000e+02 2.6976776000000001e+02 3.0593104103076280e+02
1.1152343800000000e+02 2.6984920799999998e+02 3.0574663757706003e+02
1.1157226600000000e+02 2.7000956700000000e+02 3.0686372299163111e+02
1.1162109400000000e+02 2.7007931600000001e+02 3.0649592317146966e+02
1.1166992200000000e+02 2.7016883700000000e+02 3.0645787293598909e+02
1.1171875000000000e+02 2.7026150799999999e+02 3.0647645759614778e+02
1.1176757800000000e+02 2.7034399800000000e+02 3.0633331664202444e+02
1.1181640600000000e+02 2.7044286499999998e+02 3.0646370888323014e+02
1.1186523400000000e+02 2.7046710500000000e+02 3.0537863703280294e+02
1.1191406200000000e+02 2.7054921100000001e+02 3.0524652752157704e+02
1.1196289100000000e+02 2.7062921299999999e+02 3.0508590799110618e+02
1.1201171900000000e+02 2.7067569700000001e+02 3.0438439363595575e+02
1.1206054700000000e+02 2.7085043899999999e+02 3.0578144344792946e+02
1.1210937500000000e+02 2.7093207100000001e+02 3.0566529261288395e+02
1.1215820300000000e+02 2.7108557700000000e+02 3.0672589537624145e+02
1.1220703100000000e+02 2.7118459999999999e+02 3.0690485887687288e+02
1.1225585900000000e+02 2.7118640900000003e+02 3.0550955734383240e+02
1.1230468800000000e+02 2.7130691999999999e+02 3.0605149600040500e+02
1.1235351600000000e+02 2.7138729499999999e+02 3.0594792009003248e+02
1.1240234400000000e+02 2.7149334800000003e+02 3.0626805196147433e+02
1.1245117200000000e+02 2.7155853200000001e+02 3.0593232654941676e+02
1.1250000000000000e+02 2.7164616999999998e+02 3.0596809506579370e+02
1.1254882800000000e+02 2.7176119699999998e+02 3.0645457679383168e+02
1.1259765600000000e+02 2.7181533999999999e+02 3.0596307026840071e+02
1.1264648400000000e+02 2.7187215500000002e+02 3.0552314939720679e+02
1.1269531200000000e+02 2.7199491000000000e+02 3.0615677506120545e+02
1.1274414100000000e+02 2.7206735099999997e+02 3.0598531596746272e+02
1.1279296900000000e+02 2.7208593600000000e+02 3.0495355366944733e+02
1.1284179700000000e+02 2.7220659599999999e+02 3.0557673667162084e+02
1.1289062500000000e+02 2.7234604700000000e+02 3.0651007015354514e+02
1.1293945300000000e+02 2.7242127499999998e+02 3.0641688968154580e+02
1.1298828100000000e+02 2.7250499300000001e+02 3.0646902553132776e+02
1.1303710900000000e+02 2.7262382700000001e+02 3.0709427902989449e+02
1.1308593800000000e+02 2.7271055999999999e+02 3.0721192340494525e+02
1.1313476600000000e+02 2.7277155800000003e+02 3.0692537546700061e+02
1.1318359400000000e+02 2.7282816400000002e+02 3.0657791738433679e+02
1.1323242200000000e+02 2.7284436299999999e+02 3.0559250235917472e+02
1.1328125000000000e+02 2.7300720300000000e+02 3.0696680441479924e+02
1.1333007800000000e+02 2.7306475499999999e+02 3.0666334336784286e+02
1.1337890600000000e+02 2.7313367299999999e+02 3.0655175919791583e+02
1.1342773400000000e+02 2.7320112999999998e+02 3.0642673527818448e+02
1.1347656200000000e+02 2.7324360500000000e+02 3.0591264930614511e+02
1.1352539100000000e+02 2.7335436299999998e+02 3.0649940779381888e+02
1.1357421900000000e+02 2.7340395799999999e+02 3.0611967838681790e+02
1.1362304700000000e+02 2.7341669899999999e+02 3.0516304879687044e+02
1.1367187500000000e+02 2.7357903499999998e+02 3.0660177154415646e+02
1.1372070300000000e+02 2.7358645799999999e+02 3.0558220415509726e+02
1.1376953100000000e+02 2.7369092999999998e+02 3.0611900900980527e+02
1.1381835900000000e+02 2.7377187099999998e+02 3.0629159172756499e+02
1.1386718800000000e+02 2.7386067300000002e+02 3.0659969879540466e+02
1.1391601600000000e+02 2.7394726600000001e+02 3.0688328375791423e+02
1.1396484400000000e+02 2.7398788500000001e+02 3.0644772865474005e+02
1.1401367200000000e+02 2.7402682700000003e+02 3.0599725019212917e+02
1.1406250000000000e+02 2.7408527299999997e+02 3.0586781733727037e+02
1.1411132800000000e+02 2.7414213899999999e+02 3.0572486193417245e+02
1.1416015600000000e+02 2.7423080099999999e+02 3.0609706918773134e+02
1.1420898400000000e+02 2.7428753499999999e+02 3.0597507763887694e+02
1.1425781200000000e+02 2.7436395800000003e+02 3.0617632728336378e+02
1.1430664100000000e+02 2.7442749800000001e+02 3.0618543127830651e+02
1.1435546900000000e+02 2.7448008499999997e+02 3.0603336747361459e+02
1.1440429700000000e+02 2.7460009500000001e+02 3.0695803763794220e+02
1.1445312500000000e+02 2.7460561200000001e+02 3.0608693074457193e+02
1.1450195300000000e+02 2.7464510600000000e+02 3.0576485294322691e+02
1.1455078100000000e+02 2.7477353799999997e+02 3.0685729745481763e+02
1.1459960900000000e+02 2.7481215300000002e+02 3.0654589211617679e+02
1.1464843800000000e+02 2.7482798700000001e+02 3.0588856569552939e+02
1.1469726600000000e+02 2.7492908699999998e+02 3.0658629232248586e+02
1.1474609400000000e+02 2.7496651000000003e+02 3.0629437108999463e+02
1.1479492200000000e+02 2.7498485399999998e+02 3.0571556494570763e+02
1.1484375000000000e+02 2.7507302600000003e+02 3.0624722209291667e+02
1.1489257800000000e+02 2.7520521600000001e+02 3.0748236826608496e+02
1.1494140600000000e+02 2.7519130300000000e+02 3.0643621861943154e+02
1.1499023400000000e+02 2.7528722699999997e+02 3.0712709137081254e+02
1.1503906200000000e+02 2.7530127900000002e+02 3.0654680777128470e+02
1.1508789100000000e+02 2.7534155099999998e+02 3.0639116445527316e+02
1.1513671900000000e+02 2.7540597000000002e+02 3.0662715254746308e+02
1.1518554700000000e+02 2.7538221800000002e+02 3.0549606437657025e+02
1.1523437500000000e+02 2.7548014300000000e+02 3.0628326348552366e+02
1.1528320300000000e+02 2.7555522700000000e+02 3.0672599119829107e+02
1.1533203100000000e+02 2.7557692900000001e+02 3.0634748371135879e+02
1.1538085900000000e+02 2.7559397600000000e+02 3.0591026827659800e+02
1.1542968800000000e+02 2.7566888399999999e+02 3.0639067573638954e+02
1.1547851600000000e+02 2.7572932600000001e+02 3.0665863739311970e+02
1.1552734400000000e+02 2.7576766199999997e+02 3.0659533520403204e+02
1.1557617200000000e+02 2.7580725300000000e+02 3.0656557459124167e+02
1.1562500000000000e+02 2.7589785100000000e+02 3.0734479179238059e+02
1.1567382800000000e+02 2.7587984399999999e+02 3.0644543615332890e+02
1.1572265600000000e+02 2.7595845200000002e+02 3.0706542487671976e+02
1.1577148400000000e+02 2.7599513999999999e+02 3.0704655580306076e+02
1.1582031200000000e+02 2.7600030900000002e+02 3.0655156758791611e+02
1.1586914100000000e+02 2.7599656099999999e+02 3.0593261351583050e+02
1.1591796900000000e+02 2.7602066100000002e+02 3.0576139818446796e+02
1.1596679700000000e+02 2.7612907799999999e+02 3.0691474181306444e+02
1.1601562500000000e+02 2.7619687099999999e+02 3.0745062050866932e+02
1.1606445300000000e+02 2.7619834500000002e+02 3.0697100250846546e+02
1.1611328100000000e+02 2.7616499900000002e+02 3.0596600240496855e+02
1.1616210900000000e+02 2.7621471700000001e+02 3.0626481234658843e+02
1.1621093800000000e+02 2.7626983400000000e+02 3.0666169769448015e+02
1.1625976600000000e+02 2.7626426500000002e+02 3.0613240079754314e+02
1.1630859400000000e+02 2.7630365100000000e+02 3.0631468736336024e+02
1.1635742200000000e+02 2.7639318200000002e+02 3.0728813029260232e+02
1.1640625000000000e+02 2.7638848300000001e+02 3.0681691283560042e+02
1.1645507800000000e+02 2.7638629100000003e+02 3.0639968155771936e+02
1.1650390600000000e+02 2.7645323000000002e+02 3.0706697142241535e+02
1.1655273400000000e+02 2.7643773900000002e+02 3.0647408482787966e+02
1.1660156200000000e+02 2.7650517500000001e+02 3.0717835776373050e+02
1.1665039100000000e+02 2.7643646999999999e+02 3.0579353907702819e+02
1.1669921900000000e+02 2.7647381100000001e+02 3.0606266664295606e+02
1.1674804700000000e+02 2.7653250100000002e+02 3.0667625498599563e+02
1.1679687500000000e+02 2.7655658399999999e+02 3.0677031546693706e+02
1.1684570300000000e+02 2.7655750100000000e+02 3.0652195464443906e+02
1.1689453100000000e+02 2.7661903000000001e+02 3.0722375157881862e+02
1.1694335900000000e+02 2.7661974400000003e+02 3.0700250454021341e+02
1.1699218800000000e+02 2.7659749900000003e+02 3.0644266833281165e+02
1.1704101600000000e+02 2.7665561500000001e+02 3.0713663274450715e+02
1.1708984400000000e+02 2.7664052600000002e+02 3.0671770787933588e+02
1.1713867200000000e+02 2.7666287100000000e+02 3.0689069707796034e+02
1.1718750000000000e+02 2.7669736599999999e+02 3.0726583686367832e+02
1.1723632800000000e+02 2.7665819399999998e+02 3.0652230483663755e+02
1.1728515600000000e+02 2.7665506399999998e+02 3.0634896716972082e+02
1.1733398400000000e+02 2.7674047300000001e+02 3.0755271595550101e+02
1.1738281200000000e+02 2.7670156100000003e+02 3.0685954188539387e+02
1.1743164100000000e+02 2.7669566800000001e+02 3.0668958483581019e+02
1.1748046900000000e+02 2.7670262900000000e+02 3.0673253540279245e+02
1.1752929700000000e+02 2.7670647800000000e+02 3.0674294720752204e+02
1.1757812500000000e+02 2.7671735799999999e+02 3.0687663149835748e+02
1.1762695300000000e+02 2.7672437600000001e+02 3.0696624648871517e+02
1.1767578100000000e+02 2.7667997900000000e+02 3.0628191615420684e+02
1.1772460900000000e+02 2.7666657099999998e+02 3.0608879168260717e+02
1.1777343800000000e+02 2.7674284299999999e+02 3.0728689526940292e+02
1.1782226600000000e+02 2.7670209399999999e+02 3.0670485559699301e+02
1.1787109400000000e+02 2.7669555900000000e+02 3.0666303216622595e+02
1.1791992200000000e+02 2.7671463699999998e+02 3.0702916255792911e+02
1.1796875000000000e+02 2.7664605499999999e+02 3.0606689143657468e+02
1.1801757800000000e+02 2.7663312800000000e+02 3.0597313111659446e+02
1.1806640600000000e+02 2.7663936100000001e+02 3.0618818501817884e+02
1.1811523400000000e+02 2.7662649900000002e+02 3.0612593499597506e+02
1.1816406200000000e+02 2.7667834099999999e+02 3.0706970106621151e+02
1.1821289100000000e+02 2.7669291099999998e+02 3.0745768572804667e+02
1.1826171900000000e+02 2.7661748899999998e+02 3.0648334100627415e+02
1.1831054700000000e+02 2.7661342300000001e+02 3.0661650301991938e+02
1.1835937500000000e+02 2.7660618599999998e+02 3.0671626557130594e+02
1.1840820300000000e+02 2.7656674700000002e+02 3.0633857980057570e+02
1.1845703100000000e+02 2.7654777999999999e+02 3.0628924835125508e+02
1.1850585900000000e+02 2.7657415400000002e+02 3.0694829666965546e+02
1.1855468800000000e+02 2.7658256899999998e+02 3.0734764183278622e+02
1.1860351600000000e+02 2.7651160800000002e+02 3.0654870593445776e+02
1.1865234400000000e+02 2.7648341499999998e+02 3.0641864354865851e+02
1.1870117200000000e+02 2.7648369000000002e+02 3.0673857760107029e+02
1.1875000000000000e+02 2.7643446599999999e+02 3.0631723564410157e+02
1.1879882800000000e+02 2.7640739300000001e+02 3.0624929744716951e+02
1.1884765600000000e+02 2.7638697700000000e+02 3.0629794821966334e+02
1.1889648400000000e+02 2.7637384100000003e+02 3.0647261123486510e+02
1.1894531200000000e+02 2.7640780599999999e+02 3.0738108869542270e+02
1.1899414100000000e+02 2.7633998200000002e+02 3.0675046362663875e+02
1.1904296900000000e+02 2.7632034299999998e+02 3.0687014532600995e+02
1.1909179700000000e+02 2.7629873700000002e+02 3.0697451043238726e+02
1.1914062500000000e+02 2.7624496399999998e+02 3.0660278336801383e+02
1.1918945300000000e+02 2.7614185900000001e+02 3.0549328679256729e+02
1.1923828100000000e+02 2.7615598599999998e+02 3.0618675653482387e+02
1.1928710900000000e+02 2.7616840400000001e+02 3.0686854101453747e+02
1.1933593800000000e+02 2.7607791800000001e+02 3.0599557436055551e+02
1.1938476600000000e+02 2.7607400799999999e+02 3.0645726007837862e+02
1.1943359400000000e+02 2.7604902900000002e+02 3.0661207426117090e+02
1.1948242200000000e+02 2.7602210700000001e+02 3.0675161556397194e+02
1.1953125000000000e+02 2.7600358399999999e+02 3.0703346437571719e+02
1.1958007800000000e+02 2.7600907699999999e+02 3.0769551568718356e+02
1.1962890600000000e+02 2.7588995599999998e+02 3.0647284483543154e+02
1.1967773400000000e+02 2.7586231600000002e+02 3.0665840843676176e+02
1.1972656200000000e+02 2.7580565600000000e+02 3.0641595407490485e+02
1.1977539100000000e+02 2.7579446300000001e+02 3.0688022120288082e+02
1.1982421900000000e+02 2.7577858900000001e+02 3.0728709882077567e+02
1.1987304700000000e+02 2.7569243599999999e+02 3.0663750227376619e+02
1.1992187500000000e+02 2.7564138200000002e+02 3.0653642912066806e+02
1.1997070300000000e+02 2.7552531800000003e+02 3.0545927190353729e+02
1.2001953100000000e+02 2.7555158399999999e+02 3.0656320707732840e+02
1.2006835900000000e+02 2.7548607299999998e+02 3.0628337197633618e+02
1.2011718800000000e+02 2.7540947000000000e+02 3.0584837870276908e+02
1.2016601600000000e+02 2.7540491600000001e+02 3.0652380099611338e+02
1.2021484400000000e+02 2.7538079800000003e+02 3.0691484877085480e+02
1.2026367200000000e+02 2.7531101300000000e+02 3.0662421219193237e+02
1.2031250000000000e+02 2.7522346700000003e+02 3.0607667906666950e+02
1.2036132800000000e+02 2.7520097700000002e+02 3.0653260593221478e+02
1.2041015600000000e+02 2.7513337899999999e+02 3.0631527231476650e+02
1.2045898400000000e+02 2.7512411800000001e+02 3.0699886334031657e+02
1.2050781200000000e+02 2.7508410300000003e+02 3.0722752287745658e+02
1.2055664100000000e+02 2.7490264000000002e+02 3.0531698025698461e+02
1.2060546900000000e+02 2.7487750399999999e+02 3.0579807031953561e+02
1.2065429700000000e+02 2.7489954000000000e+02 3.0700969328524485e+02
1.2070312500000000e+02 2.7474081400000000e+02 3.0548395166411268e+02
1.2075195300000000e+02 2.7470984099999998e+02 3.0591459085065310e+02
1.2080078100000000e+02 2.7464818500000001e+02 3.0589107995606184e+02
1.2084960900000000e+02 2.7458287999999999e+02 3.0582463479929800e+02
1.2089843800000000e+02 2.7452863900000000e+02 3.0593901100571918e+02
1.2094726600000000e+02 2.7450690800000001e+02 3.0656030076489378e+02
1.2099609400000000e+02 2.7445479200000000e+02 3.0673170582141455e+02
1.2104492200000000e+02 2.7438102600000002e+02 3.0658604268214469e+02
1.2109375000000000e+02 2.7429564099999999e+02 3.0627582344586511e+02
1.2114257800000000e+02 2.7418898200000001e+02 3.0565411509469908e+02
1.2119140600000000e+02 2.7413275800000002e+02 3.0581154497598760e+02
1.2124023400000000e+02 2.7405015200000003e+02 3.0557961529023953e+02
1.2128906200000000e+02 2.7399648900000000e+02 3.0579973491213599e+02
1.2133789100000000e+02 2.7397091399999999e+02 3.0645882520335772e+02
1.2138671900000000e+02 2.7391862200000003e+02 3.0672318341236644e+02
1.2143554700000000e+02 2.7385389199999997e+02 3.0680992674124781e+02
1.2148437500000000e+02 2.7380054600000000e+02 3.0708129310680647e+02
1.2153320300000000e+02 2.7370712300000002e+02 3.0675448179669490e+02
1.2158203100000000e+02 2.7359929199999999e+02 3.0621981503049824e+02
1.2163085900000000e+02 2.7357015999999999e+02 3.0689335602442037e+02
1.2167968800000000e+02 2.7342856899999998e+02 3.0586751421850005e+02
1.2172851600000000e+02 2.7336315800000000e+02 3.0601136694817950e+02
1.2177734400000000e+02 2.7329888799999998e+02 3.0618349675801312e+02
1.2182617200000000e+02 2.7320122400000002e+02 3.0585850125178587e+02
1.2187500000000000e+02 2.7309218299999998e+02 3.0537116174546367e+02
1.2192382800000000e+02 2.7301524899999998e+02 3.0538282790638118e+02
1.2197265600000000e+02 2.7297967999999997e+02 3.0603426627507713e+02
1.2202148400000000e+02 2.7293068299999999e+02 3.0649190014096331e+02
1.2207031200000000e+02 2.7286196300000000e+02 3.0665985420536680e+02
1.2211914100000000e+02 2.7270928900000001e+02 3.0556087406340896e+02
1.2216796900000000e+02 2.7263505700000002e+02 3.0566532557303714e+02
1.2221679700000000e+02 2.7250823100000002e+02 3.0497964521443612e+02
1.2226562500000000e+02 2.7247536000000002e+02 3.0573334499867150e+02
1.2231445300000000e+02 2.7245881000000003e+02 3.0674525784288141e+02
1.2236328100000000e+02 2.7235555499999998e+02 3.0644768844997532e+02
1.2241210900000000e+02 2.7223819400000002e+02 3.0594507838150082e+02
1.2246093800000000e+02 2.7216430600000001e+02 3.0611350701073661e+02
1.2250976600000000e+02 2.7207295499999998e+02 3.0602559302366615e+02
1.2255859400000000e+02 2.7195477299999999e+02 3.0553865667414112e+02
1.2260742200000000e+02 2.7187035200000003e+02 3.0557469449348309e+02
1.2265625000000000e+02 2.7176817599999998e+02 3.0534960522099828e+02
1.2270507800000000e+02 2.7172379000000001e+02 3.0601308790112893e+02
1.2275390600000000e+02 2.7162311899999997e+02 3.0582878379363910e+02
1.2280273400000000e+02 2.7153184700000003e+02 3.0579631152523967e+02
1.2285156200000000e+02 2.7147894800000000e+02 3.0635666066356060e+02
1.2290039100000000e+02 2.7137806799999998e+02 3.0619519965866118e+02
1.2294921900000000e+02 2.7124433599999998e+02 3.0554197621030181e+02
1.2299804700000000e+02 2.7115458100000001e+02 3.0556659879556184e+02
1.2304687500000000e+02 2.7102181200000001e+02 3.0494449370753523e+02
1.2309570300000000e+02 2.7098079700000000e+02 3.0572762429413393e+02
1.2314453100000000e+02 2.7092148200000003e+02 3.0624017716998895e+02
1.2319335900000000e+02 2.7082123200000001e+02 3.0613726954987953e+02
1.2324218800000000e+02 2.7072155500000002e+02 3.0605088852723975e+02
1.2329101600000000e+02 2.7059148499999998e+02 3.0550920391235337e+02
1.2333984400000000e+02 2.7052366699999999e+02 3.0592326395294896e+02
1.2338867200000000e+02 2.7033946700000001e+02 3.0457189843249216e+02
1.2343750000000000e+02 2.7027766300000002e+02 3.0509234491848491e+02
1.2348632800000000e+02 2.7020963599999999e+02 3.0552526707551448e+02
1.2353515600000000e+02 2.7013141999999999e+02 3.0581010239505855e+02
1.2358398400000000e+02 2.7001450499999999e+02 3.0551226581417052e+02
1.2363281200000000e+02 2.6992064399999998e+02 3.0557257925785785e+02
1.2368164100000000e+02 2.6981127600000002e+02 3.0540335310937024e+02
1.2373046900000000e+02 2.6970711299999999e+02 3.0532003963646770e+02
1.2377929700000000e+02 2.6957724700000000e+02 3.0485144884176583e+02
1.2382812500000000e+02 2.6952786300000002e+02 3.0561605157358173e+02
1.2387695300000000e+02 2.6941565700000001e+02 3.0542932943717119e+02
1.2392578100000000e+02 2.6935884600000003e+02 3.0609332065975360e+02
1.2397460900000000e+02 2.6918861199999998e+02 3.0503403588366916e+02
1.2402343800000000e+02 2.6913317999999998e+02 3.0573114683284808e+02
1.2407226600000000e+02 2.6899856999999997e+02 3.0522667658952247e+02
1.2412109400000000e+02 2.6895687299999997e+02 3.0614487685654768e+02
1.2416992200000000e+02 2.6886269299999998e+02 3.0626829795879394e+02
1.2421875000000000e+02 2.6874274100000002e+02 3.0600406936480789e+02
1.2426757800000000e+02 2.6866392800000000e+02 3.0637272467006062e+02
1.2431640600000000e+02 2.6853037300000000e+02 3.0591147816380123e+02
1.2436523400000000e+02 2.6841193299999998e+02 3.0568587425267668e+02
1.2441406200000000e+02 2.6828218500000003e+02 3.0529265418917498e+02
1.2446289100000000e+02 2.6819177400000001e+02 3.0550456678239783e+02
1.2451171900000000e+02 2.6810096700000003e+02 3.0571517686598980e+02
1.2456054700000000e+02 2.6801348200000001e+02 3.0598114551063969e+02
1.2460937500000000e+02 2.6794254699999999e+02 3.0650429108727172e+02
1.2465820300000000e+02 2.6780732200000000e+02 3.0605043351251135e+02
1.2470703100000000e+02 2.6772673500000002e+02 3.0643494213437242e+02
1.2475585900000000e+02 2.6752798600000000e+02 3.0501941951842105e+02
1.2480468800000000e+02 2.6740778799999998e+02 3.0480719282301783e+02
1.2485351600000000e+02 2.6740358300000003e+02 3.0637022276673230e+02
1.2490234400000000e+02 2.6728124700000001e+02 3.0613304485827268e+02
1.2495117200000000e+02 2.6716007800000000e+02 3.0591728978790212e+02
1.2500000000000000e+02 2.6701865099999998e+02 3.0539554562514047e+02
1.2504882800000000e+02 2.6692555299999998e+02 3.0561545820621041e+02
1.2509765600000000e+02 2.6678015199999999e+02 3.0503953744223588e+02
1.2514648400000000e+02 2.6669902900000000e+02 3.0544886990468916e+02
1.2519531200000000e+02 2.6654461900000001e+02 3.0474132591517741e+02
1.2524414100000000e+02 2.6645431300000001e+02 3.0501632703361963e+02
1.2529296900000000e+02 2.6627741700000001e+02 3.0397059234353782e+02
1.2534179700000000e+02 2.6624280099999999e+02 3.0510229059756790e+02
1.2539062500000000e+02 2.6615007800000001e+02 3.0534840071115804e+02
1.2543945300000000e+02 2.6608026999999998e+02 3.0594733233911933e+02
1.2548828100000000e+02 2.6592547200000001e+02 3.0524908420108324e+02
1.2553710900000000e+02 2.6581531699999999e+02 3.0523557176031613e+02
1.2558593800000000e+02 2.6569321600000001e+02 3.0504143181557890e+02
1.2563476600000000e+02 2.6561433699999998e+02 3.0551024356469372e+02
1.2568359400000000e+02 2.6544845800000002e+02 3.0465010153982138e+02
1.2573242200000000e+02 2.6533162600000003e+02 3.0454181162954171e+02
1.2578125000000000e+02 2.6527694300000002e+02 3.0538593263901828e+02
1.2583007800000000e+02 2.6525556699999999e+02 3.0674129441450026e+02
1.2587890600000000e+02 2.6507369599999998e+02 3.0564216318436496e+02
1.2592773400000000e+02 2.6489737200000002e+02 3.0462889014334388e+02
1.2597656200000000e+02 2.6481315799999999e+02 3.0502631480675842e+02
1.2602539100000000e+02 2.6468364000000003e+02 3.0473129167555845e+02
1.2607421900000000e+02 2.6454455200000001e+02 3.0429047812859255e+02
1.2612304700000000e+02 2.6448108600000000e+02 3.0500807922548694e+02
1.2617187500000000e+02 2.6440631200000001e+02 3.0555323525604069e+02
1.2622070300000000e+02 2.6429479400000002e+02 3.0553625669516083e+02
1.2626953100000000e+02 2.6414731300000000e+02 3.0496881653887630e+02
1.2631835900000000e+02 2.6402734800000002e+02 3.0482290907930991e+02
1.2636718800000000e+02 2.6394916699999999e+02 3.0531712679290587e+02
1.2641601600000000e+02 2.6384757000000002e+02 3.0545263171888030e+02
1.2646484400000000e+02 2.6368121800000000e+02 3.0459587645658530e+02
1.2651367200000000e+02 2.6359843999999998e+02 3.0501921797337752e+02
1.2656250000000000e+02 2.6350755700000002e+02 3.0531801969615572e+02
1.2661132800000000e+02 2.6340978400000000e+02 3.0551074318180400e+02
1.2666015600000000e+02 2.6327516200000002e+02 3.0513805687982176e+02
1.2670898400000000e+02 2.6314912299999997e+02 3.0489607411373464e+02
1.2675781200000000e+02 2.6301620300000002e+02 3.0454765011158071e+02
1.2680664100000000e+02 2.6294412799999998e+02 3.0513099255634552e+02
1.2685546900000000e+02 2.6278498500000001e+02 3.0437826719290757e+02
1.2690429700000000e+02 2.6269356900000002e+02 3.0466265951791456e+02
1.2695312500000000e+02 2.6258559100000002e+02 3.0469171860766119e+02
1.2700195300000000e+02 2.6247266900000000e+02 3.0464343666650353e+02
1.2705078100000000e+02 2.6235449000000000e+02 3.0451286984297997e+02
1.2709960900000000e+02 2.6229855700000002e+02 3.0533536030086555e+02
1.2714843800000000e+02 2.6213146399999999e+02 3.0445081733105206e+02
1.2719726600000000e+02 2.6202947599999999e+02 3.0456295669721732e+02
1.2724609400000000e+02 2.6191884299999998e+02 3.0454034094877551e+02
1.2729492200000000e+02 2.6182274999999998e+02 3.0473859684699818e+02
1.2734375000000000e+02 2.6173570799999999e+02 3.0507342483388987e+02
1.2739257800000000e+02 2.6164006100000000e+02 3.0527375349208836e+02
1.2744140600000000e+02 2.6151280700000001e+02 3.0498635661612519e+02
1.2749023400000000e+02 2.6140604800000000e+02 3.0501079721694629e+02
1.2753906200000000e+02 2.6132747100000000e+02 3.0546505034952952e+02
1.2758789100000000e+02 2.6120298500000001e+02 3.0521158242486911e+02
1.2763671900000000e+02 2.6108443299999999e+02 3.0504606551457829e+02
1.2768554700000000e+02 2.6098592600000001e+02 3.0518512863393300e+02
1.2773437500000000e+02 2.6090055000000001e+02 3.0552254905141018e+02
1.2778320300000000e+02 2.6081625500000001e+02 3.0587318481859461e+02
1.2783203100000000e+02 2.6064483400000000e+02 3.0488205833399502e+02
1.2788085900000000e+02 2.6052707900000001e+02 3.0471146667079989e+02
1.2792968800000000e+02 2.6047351300000003e+02 3.0552318813974307e+02
1.2797851600000000e+02 2.6040255999999999e+02 3.0606396068366530e+02
1.2802734400000000e+02 2.6028290399999997e+02 3.0585246339305888e+02
1.2807617200000001e+02 2.6008453100000003e+02 3.0442719841206815e+02
1.2812500000000000e+02 2.5995665600000001e+02 3.0408081371362647e+02
1.2817382799999999e+02 2.5987396699999999e+02 3.0442443629215046e+02
1.2822265600000000e+02 2.5980042800000001e+02 3.0490424371771650e+02
1.2827148399999999e+02 2.5969103500000000e+02 3.0482839684114310e+02
1.2832031200000000e+02 2.5957673899999998e+02 3.0467243554975130e+02
1.2836914100000001e+02 2.5947811200000001e+02 3.0475251700873508e+02
1.2841796900000000e+02 2.5940754800000002e+02 3.0525906155661488e+02
1.2846679700000001e+02 2.5931458800000001e+02 3.0541625077794225e+02
1.2851562500000000e+02 2.5916811100000001e+02 3.0474536338115399e+02
1.2856445299999999e+02 2.5907239700000002e+02 3.0484968321429062e+02
1.2861328100000000e+02 2.5902210000000002e+02 3.0564704310800187e+02
1.2866210899999999e+02 2.5887979300000001e+02 3.0502389248174489e+02
1.2871093800000000e+02 2.5878091499999999e+02 3.0506300489361604e+02
1.2875976600000001e+02 2.5866080499999998e+02 3.0476974215129820e+02
1.2880859400000000e+02 2.5857570199999998e+02 3.0500906308408048e+02
1.2885742200000001e+02 2.5847167800000000e+02 3.0495135043278822e+02
1.2890625000000000e+02 2.5843431199999998e+02 3.0591302896283048e+02
1.2895507799999999e+02 2.5831247700000000e+02 3.0556901397844382e+02
1.2900390600000000e+02 2.5817567200000002e+02 3.0498829623688778e+02
1.2905273399999999e+02 2.5813204500000001e+02 3.0583482467832670e+02
1.2910156200000000e+02 2.5791581200000002e+02 3.0401881833568058e+02
1.2915039100000001e+02 2.5785011700000001e+02 3.0451260407369722e+02
1.2919921900000000e+02 2.5775351100000000e+02 3.0452392857021886e+02
1.2924804700000001e+02 2.5769619499999999e+02 3.0513307016001704e+02
1.2929687500000000e+02 2.5760878000000002e+02 3.0527201866732446e+02
1.2934570299999999e+02 2.5747961199999997e+02 3.0476121248331026e+02
1.2939453100000000e+02 2.5742035499999997e+02 3.0531927944813884e+02
1.2944335899999999e+02 2.5738291500000003e+02 3.0620592354453322e+02
1.2949218800000000e+02 2.5724313999999998e+02 3.0550987516655255e+02
1.2954101600000001e+02 2.5714577100000002e+02 3.0545903963805296e+02
1.2958984400000000e+02 2.5701706899999999e+02 3.0491816622593649e+02
1.2963867200000001e+02 2.5696329300000002e+02 3.0552307982124006e+02
1.2968750000000000e+02 2.5690005600000001e+02 3.0597451615574835e+02
1.2973632799999999e+02 2.5679166700000002e+02 3.0572279848331669e+02
1.2978515600000000e+02 2.5663328700000000e+02 3.0469323159736359e+02
1.2983398399999999e+02 2.5653538600000002e+02 3.0458670773468532e+02
1.2988281200000000e+02 2.5647133200000002e+02 3.0499311089792508e+02
1.2993164100000001e+02 2.5643952500000000e+02 3.0588777442888488e+02
1.2998046900000000e+02 2.5629538400000001e+02 3.0504403278889600e+02
1.3002929700000001e+02 2.5615071499999999e+02 3.0418351993100578e+02
1.3007812500000000e+02 2.5609397700000000e+02 3.0466847743337524e+02
1.3012695299999999e+02 2.5603258399999999e+02 3.0507296998920231e+02
1.3017578100000000e+02 2.5592561200000000e+02 3.0476659386771763e+02
1.3022460899999999e+02 2.5590073300000000e+02 3.0571558890726840e+02
1.3027343800000000e+02 2.5581571199999999e+02 3.0572922612375328e+02
1.3032226600000001e+02 2.5572311900000000e+02 3.0561700267780026e+02
1.3037109400000000e+02 2.5565043000000000e+02 3.0580204316584934e+02
1.3041992200000001e+02 2.5550649700000000e+02 3.0488031750187952e+02
1.3046875000000000e+02 2.5539030000000000e+02 3.0437628180104861e+02
1.3051757799999999e+02 2.5531951900000001e+02 3.0456218317379120e+02
1.3056640600000000e+02 2.5523698500000000e+02 3.0455734825738813e+02
1.3061523399999999e+02 2.5516012599999999e+02 3.0463012513787743e+02
1.3066406200000000e+02 2.5508063000000001e+02 3.0465238293119739e+02
1.3071289100000001e+02 2.5501951099999999e+02 3.0494773811565892e+02
1.3076171900000000e+02 2.5501148300000000e+02 3.0605076018518304e+02
1.3081054700000001e+02 2.5490662800000001e+02 3.0565211192696847e+02
1.3085937500000000e+02 2.5483359400000001e+02 3.0573332800352324e+02
1.3090820299999999e+02 2.5476416599999999e+02 3.0585970148177057e+02
1.3095703100000000e+02 2.5469528500000001e+02 3.0598401714483134e+02
1.3100585899999999e+02 2.5460964700000000e+02 3.0583964586240535e+02
1.3105468800000000e+02 2.5450612400000000e+02 3.0540915246628236e+02
1.3110351600000001e+02 2.5444538200000000e+02 3.0562682203025241e+02
1.3115234400000000e+02 2.5433010100000001e+02 3.0499360206730233e+02
1.3120117200000001e+02 2.5427419399999999e+02 3.0526393658397279e+02
1.3125000000000000e+02 2.5425094100000001e+02 3.0602614556622564e+02
1.3129882799999999e+02 2.5414794599999999e+02 3.0554905704918440e+02
1.3134765600000000e+02 2.5405834700000000e+02 3.0526708007075598e+02
1.3139648399999999e+02 2.5392820599999999e+02 3.0434944243130292e+02
1.3144531200000000e+02 2.5392396500000001e+02 3.0535931201998972e+02
1.3149414100000001e+02 2.5383108999999999e+02 3.0499273386608746e+02
1.3154296900000000e+02 2.5381024700000000e+02 3.0572379003094125e+02
1.3159179700000001e+02 2.5371155400000001e+02 3.0524436771610465e+02
1.3164062500000000e+02 2.5365100799999999e+02 3.0534060087097868e+02
1.3168945299999999e+02 2.5360957300000001e+02 3.0571923371675308e+02
1.3173828100000000e+02 2.5357066699999999e+02 3.0612483907678990e+02
1.3178710899999999e+02 2.5344492900000000e+02 3.0518156916035053e+02
1.3183593800000000e+02 2.5337684300000001e+02 3.0511384804904907e+02
1.3188476600000001e+02 2.5337338199999999e+02 3.0602875654103559e+02
1.3193359400000000e+02 2.5332139400000000e+02 3.0618431837424697e+02
1.3198242200000001e+02 2.5325465600000001e+02 3.0610047501113758e+02
1.3203125000000000e+02 2.5317991000000001e+02 3.0588095313436270e+02
1.3208007799999999e+02 2.5308027600000000e+02 3.0526591229829563e+02
1.3212890600000000e+02 2.5304783300000000e+02 3.0567236024108473e+02
1.3217773399999999e+02 2.5300545099999999e+02 3.0591313092851232e+02
1.3222656200000000e+02 2.5294909000000001e+02 3.0592601349573619e+02
1.3227539100000001e+02 2.5290295599999999e+02 3.0608342034624258e+02
1.3232421900000000e+02 2.5281506300000001e+02 3.0558542606953984e+02
1.3237304700000001e+02 2.5273855499999999e+02 3.0524965280869441e+02
1.3242187500000000e+02 2.5266192500000000e+02 3.0489898572108825e+02
1.3247070299999999e+02 2.5265863999999999e+02 3.0566331491052460e+02
1.3251953100000000e+02 2.5263482099999999e+02 3.0609848512829745e+02
1.3256835899999999e+02 2.5260830600000000e+02 3.0647881258430840e+02
1.3261718800000000e+02 2.5254597999999999e+02 3.0629506586453215e+02
1.3266601600000001e+02 2.5241020499999999e+02 3.0496863120447932e+02
1.3271484400000000e+02 2.5237015800000000e+02 3.0510057729390155e+02
1.3276367200000001e+02 2.5234548599999999e+02 3.0545523591449580e+02
1.3281250000000000e+02 2.5231402600000001e+02 3.0569181897670859e+02
1.3286132799999999e+02 2.5229433700000001e+02 3.0609550602861577e+02
1.3291015600000000e+02 2.5223191499999999e+02 3.0582864046000327e+02
1.3295898399999999e+02 2.5221830600000001e+02 3.0629794144027790e+02
1.3300781200000000e+02 2.5217015200000000e+02 3.0622247613290193e+02
1.3305664100000001e+02 2.5210146499999999e+02 3.0581762117349064e+02
1.3310546900000000e+02 2.5206415999999999e+02 3.0588075586292246e+02
1.3315429700000001e+02 2.5203625500000001e+02 3.0607407359156412e+02
1.3320312500000000e+02 2.5196130600000001e+02 3.0553077643035516e+02
1.3325195299999999e+02 2.5195298500000001e+02 3.0599625111650761e+02
1.3330078100000000e+02 2.5194415000000001e+02 3.0643935622481666e+02
1.3334960899999999e+02 2.5186867000000001e+02 3.0584504458830594e+02
1.3339843800000000e+02 2.5179063199999999e+02 3.0519718816291504e+02
1.3344726600000001e+02 2.5179547099999999e+02 3.0580660433802427e+02
1.3349609400000000e+02 2.5177856600000001e+02 3.0606765764072867e+02
1.3354492200000001e+02 2.5165578099999999e+02 3.0468990702074581e+02
1.3359375000000000e+02 2.5166865600000000e+02 3.0537839604190935e+02
1.3364257799999999e+02 2.5173659499999999e+02 3.0689621859172127e+02
1.3369140600000000e+02 2.5167321699999999e+02 3.0638546157640019e+02
1.3374023399999999e+02 2.5168499900000000e+02 3.0701207179455253e+02
1.3378906200000000e+02 2.5155839200000000e+02 3.0550259643029125e+02
1.3383789100000001e+02 2.5160153099999999e+02 3.0657968212042914e+02
1.3388671900000000e+02 2.5157230200000001e+02 3.0653261701146897e+02
1.3393554700000001e+02 2.5152885699999999e+02 3.0625270514953280e+02
1.3398437500000000e+02 2.5145277500000000e+02 3.0545791825075582e+02
1.3403320299999999e+02 2.5150264799999999e+02 3.0657677429763601e+02
1.3408203100000000e+02 2.5143772700000000e+02 3.0592261164353670e+02
1.3413085899999999e+02 2.5144159900000000e+02 3.0630629251168483e+02
1.3417968800000000e+02 2.5136516900000001e+02 3.0544566357345934e+02
1.3422851600000001e+02 2.5134381300000001e+02 3.0541254902094698e+02
1.3427734400000000e+02 2.5137148600000000e+02 3.0611392347878638e+02
1.3432617200000001e+02 2.5132369000000000e+02 3.0564538978699306e+02
1.3437500000000000e+02 2.5132762000000000e+02 3.0595235039725043e+02
1.3442382799999999e+02 2.5136481900000001e+02 3.0675211502494346e+02
1.3447265600000000e+02 2.5130393900000001e+02 3.0603702544140702e+02
1.3452148399999999e+02 2.5134118799999999e+02 3.0680585128680809e+02
1.3457031200000000e+02 2.5135006400000000e+02 3.0712519695823102e+02
1.3461914100000001e+02 2.5126421099999999e+02 3.0598199717549642e+02
1.3466796900000000e+02 2.5122365800000000e+02 3.0551516513496341e+02
1.3471679700000001e+02 2.5127176800000001e+02 3.0638605448623650e+02
1.3476562500000000e+02 2.5124789500000000e+02 3.0614217773704189e+02
1.3481445299999999e+02 2.5124654699999999e+02 3.0622615301490134e+02
1.3486328100000000e+02 2.5120852500000001e+02 3.0573478384734761e+02
1.3491210899999999e+02 2.5124862400000001e+02 3.0641888061514408e+02
1.3496093800000000e+02 2.5126685900000001e+02 3.0675330549807632e+02
1.3500976600000001e+02 2.5124340300000000e+02 3.0643613788492371e+02
1.3505859400000000e+02 2.5121617000000001e+02 3.0604552034756642e+02
1.3510742200000001e+02 2.5127042100000000e+02 3.0688011978995519e+02
1.3515625000000000e+02 2.5126520500000001e+02 3.0679260707362357e+02
1.3520507799999999e+02 2.5126589300000001e+02 3.0677885210878509e+02
1.3525390600000000e+02 2.5124837500000001e+02 3.0647185103582126e+02
1.3530273399999999e+02 2.5127081300000000e+02 3.0675668908682894e+02
1.3535156200000000e+02 2.5125568200000001e+02 3.0645372620384364e+02
1.3540039100000001e+02 2.5124192600000001e+02 3.0615558662662147e+02
1.3544921900000000e+02 2.5128510800000001e+02 3.0670678808471558e+02
1.3549804700000001e+02 2.5127372700000001e+02 3.0641225650000649e+02
1.3554687500000000e+02 2.5128982800000000e+02 3.0651903947754494e+02
1.3559570299999999e+02 2.5130738299999999e+02 3.0663148836452655e+02
1.3564453100000000e+02 2.5130879400000001e+02 3.0648243052890285e+02
1.3569335899999999e+02 2.5130368300000001e+02 3.0621811847952813e+02
1.3574218800000000e+02 2.5139397299999999e+02 3.0738484088226073e+02
1.3579101600000001e+02 2.5134376200000000e+02 3.0640365951706735e+02
1.3583984400000000e+02 2.5137470700000000e+02 3.0663704435248320e+02
1.3588867200000001e+02 2.5146070300000000e+02 3.0768811582493692e+02
1.3593750000000000e+02 2.5139234999999999e+02 3.0638372211047908e+02
1.3598632799999999e+02 2.5146769300000000e+02 3.0723992636707766e+02
1.3603515600000000e+02 2.5144281799999999e+02 3.0656190574454700e+02
1.3608398399999999e+02 2.5146662100000000e+02 3.0660455582831946e+02
1.3613281200000000e+02 2.5146406899999999e+02 3.0623202103995357e+02
1.3618164100000001e+02 2.5148867799999999e+02 3.0625400641468303e+02
1.3623046900000000e+02 2.5151544899999999e+02 3.0629218880515958e+02
1.3627929700000001e+02 2.5153874700000000e+02 3.0626138785351003e+02
1.3632812500000000e+02 2.5155508499999999e+02 3.0610900670416544e+02
1.3637695299999999e+02 2.5158300500000001e+02 3.0611514240810186e+02
1.3642578100000000e+02 2.5158329000000001e+02 3.0568771366025129e+02
1.3647460899999999e+02 2.5171233000000001e+02 3.0718665142728122e+02
1.3652343800000000e+02 2.5171608000000001e+02 3.0677845510760483e+02
1.3657226600000001e+02 2.5179127500000001e+02 3.0743114097932278e+02
1.3662109400000000e+02 2.5184016500000001e+02 3.0767046650588406e+02
1.3666992200000001e+02 2.5184435199999999e+02 3.0721982655049430e+02
1.3671875000000000e+02 2.5180641499999999e+02 3.0611891756425155e+02
1.3676757799999999e+02 2.5187124499999999e+02 3.0654910528738270e+02
1.3681640600000000e+02 2.5188076200000000e+02 3.0613044767399322e+02
1.3686523399999999e+02 2.5197551300000001e+02 3.0697738375223861e+02
1.3691406200000000e+02 2.5201096899999999e+02 3.0691600674195195e+02
1.3696289100000001e+02 2.5202151699999999e+02 3.0646411015564780e+02
1.3701171900000000e+02 2.5208672100000001e+02 3.0681703887501618e+02
1.3706054700000001e+02 2.5214189800000000e+02 3.0700282821545289e+02
1.3710937500000000e+02 2.5219487300000000e+02 3.0713911429289544e+02
1.3715820299999999e+02 2.5221127400000000e+02 3.0671052537234175e+02
1.3720703100000000e+02 2.5224067700000001e+02 3.0646097136796345e+02
1.3725585899999999e+02 2.5232524599999999e+02 3.0702194437269827e+02
1.3730468800000000e+02 2.5233702900000000e+02 3.0647618201986586e+02
1.3735351600000001e+02 2.5230201400000001e+02 3.0521429556775007e+02
1.3740234400000000e+02 2.5241216800000001e+02 3.0610936919506474e+02
1.3745117200000001e+02 2.5249706000000000e+02 3.0660971361391449e+02
1.3750000000000000e+02 2.5258459700000000e+02 3.0713303395479147e+02
1.3754882799999999e+02 2.5259696000000000e+02 3.0651675306509571e+02
1.3759765600000000e+02 2.5262892700000000e+02 3.0617780130608190e+02
1.3764648399999999e+02 2.5268874299999999e+02 3.0623885398421146e+02
1.3769531200000000e+02 2.5278399999999999e+02 3.0681259333437669e+02
1.3774414100000001e+02 2.5280997199999999e+02 3.0633684693858009e+02
1.3779296900000000e+02 2.5288839600000000e+02 3.0662738878445634e+02
1.3784179700000001e+02 2.5292255599999999e+02 3.0624255499055147e+02
1.3789062500000000e+02 2.5303344999999999e+02 3.0698465975561231e+02
1.3793945299999999e+02 2.5303776400000001e+02 3.0612451027705100e+02
1.3798828100000000e+02 2.5314037600000000e+02 3.0671137542390483e+02
1.3803710899999999e+02 2.5318752100000000e+02 3.0645760224422867e+02
1.3808593800000000e+02 2.5327349599999999e+02 3.0676533652603518e+02
1.3813476600000001e+02 2.5328440599999999e+02 3.0594275684121607e+02
1.3818359400000000e+02 2.5335212200000001e+02 3.0594855346969979e+02
1.3823242200000001e+02 2.5341068999999999e+02 3.0580327137478116e+02
1.3828125000000000e+02 2.5353625099999999e+02 3.0663582488566215e+02
1.3833007799999999e+02 2.5359013100000001e+02 3.0639025333141933e+02
1.3837890600000000e+02 2.5365424500000000e+02 3.0628125526897225e+02
1.3842773399999999e+02 2.5377657700000000e+02 3.0701872176121998e+02
1.3847656200000000e+02 2.5383145099999999e+02 3.0674257669411270e+02
1.3852539100000001e+02 2.5387202900000000e+02 3.0624037058903826e+02
1.3857421900000000e+02 2.5395936900000001e+02 3.0641459083246770e+02
1.3862304700000001e+02 2.5403154900000001e+02 3.0634988094626897e+02
1.3867187500000000e+02 2.5410180099999999e+02 3.0624196164230455e+02
1.3872070299999999e+02 2.5419921099999999e+02 3.0651990445365522e+02
1.3876953100000000e+02 2.5429217000000000e+02 3.0671722837496361e+02
1.3881835899999999e+02 2.5432464800000000e+02 3.0600883156107585e+02
1.3886718800000000e+02 2.5441747899999999e+02 3.0617516115228273e+02
1.3891601600000001e+02 2.5451635500000000e+02 3.0641578608461816e+02
1.3896484400000000e+02 2.5453814399999999e+02 3.0550829669032174e+02
1.3901367200000001e+02 2.5466944899999999e+02 3.0619687426721896e+02
1.3906250000000000e+02 2.5471239700000001e+02 3.0557282021264109e+02
1.3911132799999999e+02 2.5480423900000000e+02 3.0565298114726028e+02
1.3916015600000000e+02 2.5498684200000000e+02 3.0705022978342839e+02
1.3920898399999999e+02 2.5509211700000000e+02 3.0729826838670471e+02
1.3925781200000000e+02 2.5508771200000001e+02 3.0592536178872552e+02
1.3930664100000001e+02 2.5517043500000000e+02 3.0581591850537473e+02
1.3935546900000000e+02 2.5527573899999999e+02 3.0602331922399310e+02
1.3940429700000001e+02 2.5535197299999999e+02 3.0579178775590680e+02
1.3945312500000000e+02 2.5544606999999999e+02 3.0580805535686545e+02
1.3950195299999999e+02 2.5560592900000000e+02 3.0677122349643184e+02
1.3955078100000000e+02 2.5567004900000001e+02 3.0632261833154172e+02
1.3959960899999999e+02 2.5577982000000000e+02 3.0652716072290286e+02
1.3964843800000000e+02 2.5588137800000001e+02 3.0659857366037050e+02
1.3969726600000001e+02 2.5601465999999999e+02 3.0711897812805682e+02
1.3974609400000000e+02 2.5608987100000002e+02 3.0678047932500334e+02
1.3979492200000001e+02 2.5618534199999999e+02 3.0672431692927779e+02
1.3984375000000000e+02 2.5626133299999998e+02 3.0637232581838930e+02
1.3989257799999999e+02 2.5638181900000001e+02 3.0665459773660234e+02
1.3994140600000000e+02 2.5647982900000000e+02 3.0659768927059247e+02
1.3999023399999999e+02 2.5660328099999998e+02 3.0689758971306355e+02
1.4003906200000000e+02 2.5671224699999999e+02 3.0697478425019312e+02
1.4008789100000001e+02 2.5683193499999999e+02 3.0719503087443570e+02
1.4013671900000000e+02 2.5691863499999999e+02 3.0692531987763579e+02
1.4018554700000001e+02 2.5703289599999999e+02 3.0704283304292602e+02
1.4023437500000000e+02 2.5708064899999999e+02 3.0618668463359944e+02
1.4028320299999999e+02 2.5722657900000002e+02 3.0673865114272439e+02
1.4033203100000000e+02 2.5730159800000001e+02 3.0625433387861574e+02
1.4038085899999999e+02 2.5741679299999998e+02 3.0633897391988080e+02
1.4042968800000000e+02 2.5756315599999999e+02 3.0686158967374132e+02
1.4047851600000001e+02 2.5762478499999997e+02 3.0615126973451066e+02
1.4052734400000000e+02 2.5770130499999999e+02 3.0564529059534976e+02
1.4057617200000001e+02 2.5783594199999999e+02 3.0596539475194044e+02
1.4062500000000000e+02 2.5799017500000002e+02 3.0655603797205470e+02
1.4067382799999999e+02 2.5811203999999998e+02 3.0667003114472442e+02
1.4072265600000000e+02 2.5817839800000002e+02 3.0597620830565154e+02
1.4077148399999999e+02 2.5832028300000002e+02 3.0635677430954667e+02
1.4082031200000000e+02 2.5839643799999999e+02 3.0578393629862114e+02
1.4086914100000001e+02 2.5854211900000001e+02 3.0619804151409079e+02
1.4091796900000000e+02 2.5867971899999998e+02 3.0648586705249511e+02
1.4096679700000001e+02 2.5876389999999998e+02 3.0599899223705904e+02
1.4101562500000000e+02 2.5887089900000001e+02 3.0582936963980632e+02
1.4106445299999999e+02 2.5904418700000002e+02 3.0659764625405853e+02
1.4111328100000000e+02 2.5913537800000000e+02 3.0618308371880539e+02
1.4116210899999999e+02 2.5925330500000001e+02 3.0614131526968549e+02
1.4121093800000000e+02 2.5937608699999998e+02 3.0615964475278179e+02
1.4125976600000001e+02 2.5951542000000001e+02 3.0640480980157736e+02
1.4130859400000000e+02 2.5961691300000001e+02 3.0610197419165814e+02
1.4135742200000001e+02 2.5973641700000002e+02 3.0604713314137700e+02
1.4140625000000000e+02 2.5988155599999999e+02 3.0634829707486671e+02
1.4145507799999999e+02 2.5999034499999999e+02 3.0612416351430636e+02
1.4150390600000000e+02 2.6008030500000001e+02 3.0562477366504521e+02
1.4155273399999999e+02 2.6024595799999997e+02 3.0619189773230841e+02
1.4160156200000000e+02 2.6042096600000002e+02 3.0688288834901266e+02
1.4165039100000001e+02 2.6055034100000000e+02 3.0691857999816392e+02
1.4169921900000000e+02 2.6058853399999998e+02 3.0565580339992295e+02
1.4174804700000001e+02 2.6073860100000002e+02 3.0596999998277738e+02
1.4179687500000000e+02 2.6090402799999998e+02 3.0649356514156722e+02
1.4184570299999999e+02 2.6097727800000001e+02 3.0570715652945569e+02
1.4189453100000000e+02 2.6118179099999998e+02 3.0676775092500577e+02
1.4194335899999999e+02 2.6129308200000003e+02 3.0650507146739068e+02
1.4199218800000000e+02 2.6143539399999997e+02 3.0667332367051552e+02
1.4204101600000001e+02 2.6153879999999998e+02 3.0628690757459083e+02
1.4208984400000000e+02 2.6164462800000001e+02 3.0592882613496590e+02
1.4213867200000001e+02 2.6177124199999997e+02 3.0585745401570085e+02
1.4218750000000000e+02 2.6193517600000001e+02 3.0630469339785685e+02
1.4223632799999999e+02 2.6206631599999997e+02 3.0628492797124989e+02
1.4228515600000000e+02 2.6223567400000002e+02 3.0679587550395598e+02
1.4233398399999999e+02 2.6237104699999998e+02 3.0682404004782700e+02
1.4238281200000000e+02 2.6247396300000003e+02 3.0639206037746197e+02
1.4243164100000001e+02 2.6262169100000000e+02 3.0658303438278142e+02
1.4248046900000000e+02 2.6268543099999999e+02 3.0559364506094624e+02
1.4252929700000001e+02 2.6283130999999997e+02 3.0574940334608056e+02
1.4257812500000000e+02 2.6304669600000000e+02 3.0687148205910029e+02
1.4262695299999999e+02 2.6310669600000000e+02 3.0581807450923526e+02
1.4267578100000000e+02 2.6323361999999997e+02 3.0569565494548061e+02
1.4272460899999999e+02 2.6337430400000000e+02 3.0576119152615252e+02
1.4277343800000000e+02 2.6354696300000001e+02 3.0626816566141520e+02
1.4282226600000001e+02 2.6364408900000001e+02 3.0571925984666376e+02
1.4287109400000000e+02 2.6376160900000002e+02 3.0545133894343610e+02
1.4291992200000001e+02 2.6393194299999999e+02 3.0591462863773324e+02
1.4296875000000000e+02 2.6412987700000002e+02 3.0675747917545539e+02
1.4301757799999999e+02 2.6422748000000001e+02 3.0620350445413970e+02
1.4306640600000000e+02 2.6436421200000001e+02 3.0619029199691437e+02
1.4311523399999999e+02 2.6449874499999999e+02 3.0614402899737860e+02
1.4316406200000000e+02 2.6462136800000002e+02 3.0593047076627528e+02
1.4321289100000001e+02 2.6477092900000002e+02 3.0608779404870893e+02
1.4326171900000000e+02 2.6491072300000002e+02 3.0610781736987417e+02
1.4331054700000001e+02 2.6505520000000001e+02 3.0619068918100959e+02
1.4335937500000000e+02 2.6523758900000001e+02 3.0679536764578097e+02
1.4340820299999999e+02 2.6533440200000001e+02 3.0621671863625289e+02
1.4345703100000000e+02 2.6541820300000001e+02 3.0545817882905419e+02
1.4350585899999999e+02 2.6555828300000002e+02 3.0547520435424991e+02
1.4355468800000000e+02 2.6570794699999999e+02 3.0562324916272655e+02
1.4360351600000001e+02 2.6581698200000000e+02 3.0521131498352332e+02
1.4365234400000000e+02 2.6598691900000000e+02 3.0563693374715331e+02
1.4370117200000001e+02 2.6612258400000002e+02 3.0559067260165210e+02
1.4375000000000000e+02 2.6628534300000001e+02 3.0591639462514354e+02
1.4379882799999999e+02 2.6637145500000003e+02 3.0518995480194963e+02
1.4384765600000000e+02 2.6658365900000001e+02 3.0619382394620442e+02
1.4389648399999999e+02 2.6675635599999998e+02 3.0665536794447343e+02
1.4394531200000000e+02 2.6683308299999999e+02 3.0580276322574952e+02
1.4399414100000001e+02 2.6696760999999998e+02 3.0574305915202990e+02
1.4404296900000000e+02 2.6711565400000001e+02 3.0586933442659790e+02
1.4409179700000001e+02 2.6724864400000001e+02 3.0579094449172959e+02
1.4414062500000000e+02 2.6736446100000001e+02 3.0547957473649188e+02
1.4418945299999999e+02 2.6748869999999999e+02 3.0528516462603028e+02
1.4423828100000000e+02 2.6764755700000001e+02 3.0556488297440109e+02
1.4428710899999999e+02 2.6782562899999999e+02 3.0610805148340808e+02
1.4433593800000000e+02 2.6798048100000000e+02 3.0633642355990457e+02
1.4438476600000001e+02 2.6806915900000001e+02 3.0566638596295820e+02
1.4443359400000000e+02 2.6823408300000000e+02 3.0603671229986816e+02
1.4448242200000001e+02 2.6832666300000000e+02 3.0542615952085555e+02
1.4453125000000000e+02 2.6845039000000003e+02 3.0524239333074638e+02
1.4458007799999999e+02 2.6862851799999999e+02 3.0580033901779649e+02
1.4462890600000000e+02 2.6870921800000002e+02 3.0503952020609995e+02
1.4467773399999999e+02 2.6888449700000001e+02 3.0556513374425748e+02
1.4472656200000000e+02 2.6900186300000001e+02 3.0530938600520949e+02
1.4477539100000001e+02 2.6915264100000002e+02 3.0551011834024268e+02
1.4482421900000000e+02 2.6926306399999999e+02 3.0516888302117650e+02
1.4487304700000001e+02 2.6944316900000001e+02 3.0577435318013295e+02
1.4492187500000000e+02 2.6954870000000000e+02 3.0537613105667970e+02
1.4497070299999999e+02 2.6974660299999999e+02 3.0623015987417307e+02
1.4501953100000000e+02 2.6981841600000001e+02 3.0538685296248963e+02
1.4506835899999999e+02 2.6995147900000001e+02 3.0537553331937096e+02
1.4511718800000000e+02 2.7012017300000002e+02 3.0584956091435981e+02
1.4516601600000001e+02 2.7022892899999999e+02 3.0552139832467992e+02
1.4521484400000000e+02 2.7036290800000000e+02 3.0553873455726676e+02
1.4526367200000001e+02 2.7053081800000001e+02 3.0601821394983023e+02
1.4531250000000000e+02 2.7063631900000001e+02 3.0566435761922105e+02
1.4536132799999999e+02 2.7075847499999998e+02 3.0554087418228448e+02
1.4541015600000000e+02 2.7086771599999997e+02 3.0525060047048140e+02
1.4545898399999999e+02 2.7103086400000001e+02 3.0569044371724584e+02
1.4550781200000000e+02 2.7119355100000001e+02 3.0613035542785514e+02
1.4555664100000001e+02 2.7128260000000000e+02 3.0559004070845350e+02
1.4560546900000000e+02 2.7141521799999998e+02 3.0564098387609067e+02
1.4565429700000001e+02 2.7154390599999999e+02 3.0564662279619262e+02
1.4570312500000000e+02 2.7163168800000000e+02 3.0511270799332419e+02
1.4575195299999999e+02 2.7181497500000000e+02 3.0586367949506769e+02
1.4580078100000000e+02 2.7197500000000002e+02 3.0631092059816535e+02
1.4584960899999999e+02 2.7205264000000000e+02 3.0566585470773617e+02
1.4589843800000000e+02 2.7216377899999998e+02 3.0547673765430568e+02
1.4594726600000001e+02 2.7227833500000003e+02 3.0534188588586892e+02
1.4599609400000000e+02 2.7249109499999997e+02 3.0652457621198272e+02
1.4604492200000001e+02 2.7261731300000002e+02 3.0656203140340699e+02
1.4609375000000000e+02 2.7271004599999998e+02 3.0616268795739961e+02
1.4614257799999999e+02 2.7278788900000001e+02 3.0557486239166627e+02
1.4619140600000000e+02 2.7290009400000002e+02 3.0545393631003145e+02
1.4624023399999999e+02 2.7305851799999999e+02 3.0595687005432512e+02
1.4628906200000000e+02 2.7318208299999998e+02 3.0600593902481256e+02
1.4633789100000001e+02 2.7329465099999999e+02 3.0591880177159777e+02
1.4638671900000000e+02 2.7341916800000001e+02 3.0600035446267668e+02
1.4643554700000001e+02 2.7351743800000003e+02 3.0574398548720762e+02
1.4648437500000000e+02 2.7365264600000000e+02 3.0598780017301095e+02
1.4653320299999999e+02 2.7376283400000000e+02 3.0591048507274974e+02
1.4658203100000000e+02 2.7388719500000002e+02 3.0603159372233659e+02
1.4663085899999999e+02 2.7401267200000001e+02 3.0617821639995572e+02
1.4667968800000000e+02 2.7408622000000003e+02 3.0564894183799896e+02
1.4672851600000001e+02 2.7430571099999997e+02 3.0706052766661060e+02
1.4677734400000000e+02 2.7437754400000000e+02 3.0653128606313828e+02
1.4682617200000001e+02 2.7444218699999999e+02 3.0591917584751769e+02
1.4687500000000000e+02 2.7452125899999999e+02 3.0550980555912611e+02
1.4692382799999999e+02 2.7468471599999998e+02 3.0622583175727016e+02
1.4697265600000000e+02 2.7475614600000000e+02 3.0573980416888526e+02
1.4702148399999999e+02 2.7483073600000000e+02 3.0530805853221074e+02
1.4707031200000000e+02 2.7499670300000002e+02 3.0609264198649623e+02
1.4711914100000001e+02 2.7507182299999999e+02 3.0569286749784936e+02
1.4716796900000000e+02 2.7513153699999998e+02 3.0510339451214145e+02
1.4721679700000001e+02 2.7526684799999998e+02 3.0552156384494589e+02
1.4726562500000000e+02 2.7537969800000002e+02 3.0565696666779689e+02
1.4731445299999999e+02 2.7551764600000001e+02 3.0613510775072143e+02
1.4736328100000000e+02 2.7562835300000000e+02 3.0626821990854165e+02
1.4741210899999999e+02 2.7572327300000001e+02 3.0620730530603907e+02
1.4746093800000000e+02 2.7582007599999997e+02 3.0618462669886577e+02
1.4750976600000001e+02 2.7587663300000003e+02 3.0564773683167550e+02
1.4755859400000000e+02 2.7600091400000002e+02 3.0601302375928947e+02
1.4760742200000001e+02 2.7604392600000000e+02 3.0532685651954961e+02
1.4765625000000000e+02 2.7622259300000002e+02 3.0643234977176252e+02
1.4770507799999999e+02 2.7629326400000002e+02 3.0613698567521544e+02
1.4775390600000000e+02 2.7637373900000000e+02 3.0598450817160546e+02
1.4780273399999999e+02 2.7644809099999998e+02 3.0576649909589332e+02
1.4785156200000000e+02 2.7656141800000000e+02 3.0607294125989870e+02
1.4790039100000001e+02 2.7664069799999999e+02 3.0594874381917646e+02
1.4794921900000000e+02 2.7672385300000002e+02 3.0589013347018420e+02
1.4799804700000001e+02 2.7683662600000002e+02 3.0623338099722525e+02
1.4804687500000000e+02 2.7694130400000000e+02 3.0648573856081686e+02
1.4809570299999999e+02 2.7698169700000000e+02 3.0591408638247532e+02
1.4814453100000000e+02 2.7706918000000002e+02 3.0597254137016404e+02
1.4819335899999999e+02 2.7715260599999999e+02 3.0599347075859095e+02
1.4824218800000000e+02 2.7723308500000002e+02 3.0599148698972664e+02
1.4829101600000001e+02 2.7735556000000003e+02 3.0655245828419169e+02
1.4833984400000000e+02 2.7742955599999999e+02 3.0649725471474903e+02
1.4838867200000001e+02 2.7746068900000000e+02 3.0589979901877075e+02
1.4843750000000000e+02 2.7748667000000000e+02 3.0525168654994218e+02
1.4848632799999999e+02 2.7759795500000001e+02 3.0573017133432722e+02
1.4853515600000000e+02 2.7767319199999997e+02 3.0575558156672918e+02
1.4858398399999999e+02 2.7771820900000000e+02 3.0540428253862700e+02
1.4863281200000000e+02 2.7781354800000003e+02 3.0572377313683381e+02
1.4868164100000001e+02 2.7787877300000002e+02 3.0566817592319535e+02
1.4873046900000000e+02 2.7790096000000000e+02 3.0507010544270923e+02
1.4877929700000001e+02 2.7806628599999999e+02 3.0634801270126655e+02
1.4882812500000000e+02 2.7809250100000003e+02 3.0583583171169448e+02
1.4887695299999999e+02 2.7815071799999998e+02 3.0575616752993500e+02
1.4892578100000000e+02 2.7820172100000002e+02 3.0559989189010878e+02
1.4897460899999999e+02 2.7832300900000001e+02 3.0637237850294332e+02
1.4902343800000000e+02 2.7832217200000002e+02 3.0557792003998242e+02
1.4907226600000001e+02 2.7837790999999999e+02 3.0553451513642040e+02
1.4912109400000000e+02 2.7851529699999998e+02 3.0656650906291566e+02
1.4916992200000001e+02 2.7852051799999998e+02 3.0590296877272539e+02
1.4921875000000000e+02 2.7862047799999999e+02 3.0648427303639278e+02
1.4926757799999999e+02 2.7865696000000003e+02 3.0626080643178170e+02
1.4931640600000000e+02 2.7872984600000001e+02 3.0652626666996076e+02
1.4936523399999999e+02 2.7872652099999999e+02 3.0582292933425890e+02
1.4941406200000000e+02 2.7877359300000001e+02 3.0578969348235972e+02
1.4946289100000001e+02 2.7880028499999997e+02 3.0551060398327922e+02
1.4951171900000000e+02 2.7887689799999998e+02 3.0589503901802527e+02
1.4956054700000001e+02 2.7899425700000000e+02 3.0682393799911796e+02
1.4960937500000000e+02 2.7897320900000000e+02 3.0598137154809689e+02
1.4965820299999999e+02 2.7896628399999997e+02 3.0533969441691778e+02
1.4970703100000000e+02 2.7902751200000000e+02 3.0559683826265979e+02
1.4975585899999999e+02 2.7911192399999999e+02 3.0617140392621366e+02
1.4980468800000000e+02 2.7912526300000002e+02 3.0584604426345891e+02
1.4985351600000001e+02 2.7918422099999998e+02 3.0612799166269940e+02
1.4990234400000000e+02 2.7920482099999998e+02 3.0593292636773907e+02
1.4995117200000001e+02 2.7921531099999999e+02 3.0562574157789425e+02
1.5000000000000000e+02 2.7928960400000000e+02 3.0616021431944552e+02
1.5004882799999999e+02 2.7927042599999999e+02 3.0550704344694850e+02
1.5009765600000000e+02 2.7936470500000001e+02 3.0633582215172839e+02
1.5014648399999999e+02 2.7937724100000003e+02 3.0612861908828000e+02
1.5019531200000000e+02 2.7939071500000000e+02 3.0595203420673522e+02
1.5024414100000001e+02 2.7941807299999999e+02 3.0597295220644122e+02
1.5029296900000000e+02 2.7940926999999999e+02 3.0554632511879714e+02
1.5034179700000001e+02 2.7946810799999997e+02 3.0600998511481521e+02
1.5039062500000000e+02 2.7948579999999998e+02 3.0596192255412222e+02
1.5043945299999999e+02 2.7952646499999997e+02 3.0622837480434276e+02
1.5048828100000000e+02 2.7949644499999999e+02 3.0560293231971116e+02
1.5053710899999999e+02 2.7956529499999999e+02 3.0626949958838043e+02
1.5058593800000000e+02 2.7958645899999999e+02 3.0634048569921981e+02
1.5063476600000001e+02 2.7957552700000002e+02 3.0601688317265825e+02
1.5068359400000000e+02 2.7962469700000003e+02 3.0648564851217458e+02
1.5073242200000001e+02 2.7960415000000000e+02 3.0607564697650008e+02
1.5078125000000000e+02 2.7967690499999998e+02 3.0688507797342851e+02
1.5083007799999999e+02 2.7962231100000002e+02 3.0607434777986066e+02
1.5087890600000000e+02 2.7961402199999998e+02 3.0587820797042832e+02
1.5092773399999999e+02 2.7963448699999998e+02 3.0607065622439637e+02
1.5097656200000000e+02 2.7959894700000001e+02 3.0556134094837142e+02
1.5102539100000001e+02 2.7968555099999998e+02 3.0664168817533925e+02
1.5107421900000000e+02 2.7967062199999998e+02 3.0643474865954659e+02
1.5112304700000001e+02 2.7967852599999998e+02 3.0654007506993366e+02
1.5117187500000000e+02 2.7964355399999999e+02 3.0611272635445141e+02
1.5122070299999999e+02 2.7960325200000000e+02 3.0563553284996550e+02
1.5126953100000000e+02 2.7967611399999998e+02 3.0663172377727864e+02
1.5131835899999999e+02 2.7964403900000002e+02 3.0629746137084095e+02
1.5136718800000000e+02 2.7958640800000001e+02 3.0565333156658994e+02
1.5141601600000001e+02 2.7963447300000001e+02 3.0638621379005707e+02
1.5146484400000000e+02 2.7970554900000002e+02 3.0743320108423580e+02
1.5151367200000001e+02 2.7963551400000000e+02 3.0668522421454810e+02
1.5156250000000000e+02 2.7959959300000003e+02 3.0639413070631866e+02
1.5161132799999999e+02 2.7952602700000000e+02 3.0563780081436647e+02
1.5166015600000000e+02 2.7950428399999998e+02 3.0556574936705454e+02
1.5170898399999999e+02 2.7954548199999999e+02 3.0632066505417225e+02
1.5175781200000000e+02 2.7953285699999998e+02 3.0640237313633003e+02
1.5180664100000001e+02 2.7956218500000000e+02 3.0704128202135763e+02
1.5185546900000000e+02 2.7950297799999998e+02 3.0656108518974929e+02
1.5190429700000001e+02 2.7945568800000001e+02 3.0625218901120161e+02
1.5195312500000000e+02 2.7943823099999997e+02 3.0634465430900252e+02
1.5200195299999999e+02 2.7939219200000002e+02 3.0608809568017722e+02
1.5205078100000000e+02 2.7940459199999998e+02 3.0660019443546145e+02
1.5209960899999999e+02 2.7937900300000001e+02 3.0664235016565613e+02
1.5214843800000000e+02 2.7930201899999997e+02 3.0604236678328789e+02
1.5219726600000001e+02 2.7928773100000001e+02 3.0626552060284655e+02
1.5224609400000000e+02 2.7923198400000001e+02 3.0597403910965033e+02
1.5229492200000001e+02 2.7925196099999999e+02 3.0667288834568660e+02
1.5234375000000000e+02 2.7925750599999998e+02 3.0720410615824687e+02
1.5239257799999999e+02 2.7916869200000002e+02 3.0654111304442779e+02
1.5244140600000000e+02 2.7912010400000003e+02 3.0641235468158084e+02
1.5249023399999999e+02 2.7909195299999999e+02 3.0656361522459343e+02
1.5253906200000000e+02 2.7901951000000003e+02 3.0616348141036542e+02
1.5258789100000001e+02 2.7897989500000000e+02 3.0620238980370488e+02
1.5263671900000000e+02 2.7897690799999998e+02 3.0672907824756533e+02
1.5268554700000001e+02 2.7896552500000001e+02 3.0716521381651137e+02
1.5273437500000000e+02 2.7889487500000001e+02 3.0685729510377541e+02
1.5278320299999999e+02 2.7885271499999999e+02 3.0693243681901652e+02
1.5283203100000000e+02 2.7881171000000001e+02 3.0703946373278018e+02
1.5288085899999999e+02 2.7870133099999998e+02 3.0627228140584464e+02
1.5292968800000000e+02 2.7860422399999999e+02 3.0569243824935455e+02
1.5297851600000001e+02 2.7859134799999998e+02 3.0621146336097428e+02
1.5302734400000000e+02 2.7856917299999998e+02 3.0662778579950913e+02
1.5307617200000001e+02 2.7852446099999997e+02 3.0677122339086299e+02
1.5312500000000000e+02 2.7846158200000002e+02 3.0669780070110801e+02
1.5317382799999999e+02 2.7836494399999998e+02 3.0620704029930420e+02
1.5322265600000000e+02 2.7836525499999999e+02 3.0697845040310796e+02
1.5327148399999999e+02 2.7826206600000000e+02 3.0643612665079252e+02
1.5332031200000000e+02 2.7816541999999998e+02 3.0599402199783304e+02
1.5336914100000001e+02 2.7812207500000000e+02 3.0625306103830684e+02
1.5341796900000000e+02 2.7801829800000002e+02 3.0575133415328503e+02
1.5346679700000001e+02 2.7798976299999998e+02 3.0623268169646133e+02
1.5351562500000000e+02 2.7796648800000003e+02 3.0679754209271834e+02
1.5356445299999999e+02 2.7792646300000001e+02 3.0716285686890006e+02
1.5361328100000000e+02 2.7780874499999999e+02 3.0654486789248739e+02
1.5366210899999999e+02 2.7773306900000000e+02 3.0648292020024758e+02
1.5371093800000000e+02 2.7764916599999998e+02 3.0633059490335017e+02
1.5375976600000001e+02 2.7757996100000003e+02 3.0638257489383187e+02
1.5380859400000000e+02 2.7756311899999997e+02 3.0712330646770772e+02
1.5385742200000001e+02 2.7746855599999998e+02 3.0687947863628523e+02
1.5390625000000000e+02 2.7744522400000000e+02 3.0756700905411765e+02
1.5395507799999999e+02 2.7732613400000002e+02 3.0703748325292548e+02
1.5400390600000000e+02 2.7721581099999997e+02 3.0663543912164073e+02
1.5405273399999999e+02 2.7715029199999998e+02 3.0682457676340067e+02
1.5410156200000000e+02 2.7702633900000001e+02 3.0627621598158919e+02
1.5415039100000001e+02 2.7696622800000000e+02 3.0656398851043826e+02
1.5419921900000000e+02 2.7683107500000000e+02 3.0590005677485749e+02
1.5424804700000001e+02 2.7679462400000000e+02 3.0652100059583609e+02
1.5429687500000000e+02 2.7673771099999999e+02 3.0689270204533329e+02
1.5434570299999999e+02 2.7664478500000001e+02 3.0681468084787684e+02
1.5439453100000000e+02 2.7656557800000002e+02 3.0692720308411106e+02
1.5444335899999999e+02 2.7640776199999999e+02 3.0604087301049861e+02
1.5449218800000000e+02 2.7638424800000001e+02 3.0689822917662900e+02
1.5454101600000001e+02 2.7624907200000001e+02 3.0633050469956606e+02
1.5458984400000000e+02 2.7617498399999999e+02 3.0656323964590939e+02
1.5463867200000001e+02 2.7608555200000001e+02 3.0661152793021211e+02
1.5468750000000000e+02 2.7598387300000002e+02 3.0651508957764423e+02
1.5473632799999999e+02 2.7588422100000003e+02 3.0645776137594459e+02
1.5478515600000000e+02 2.7581453499999998e+02 3.0679968262043576e+02
1.5483398399999999e+02 2.7569366300000002e+02 3.0649435761352794e+02
1.5488281200000000e+02 2.7561030299999999e+02 3.0668539665320634e+02
1.5493164100000001e+02 2.7551057300000002e+02 3.0667784402219922e+02
1.5498046900000000e+02 2.7543148300000001e+02 3.0694892619220116e+02
1.5502929700000001e+02 2.7527610600000003e+02 3.0624792958653933e+02
1.5507812500000000e+02 2.7516410600000000e+02 3.0611864155600267e+02
1.5512695299999999e+02 2.7513617699999998e+02 3.0708647501043924e+02
1.5517578100000000e+02 2.7500225899999998e+02 3.0669813796712810e+02
1.5522460899999999e+02 2.7490405800000002e+02 3.0678257037238365e+02
1.5527343800000000e+02 2.7480542000000003e+02 3.0687299304549259e+02
1.5532226600000001e+02 2.7462956300000002e+02 3.0597746704741451e+02
1.5537109400000000e+02 2.7460414800000001e+02 3.0703645221605649e+02
1.5541992200000001e+02 2.7445350400000001e+02 3.0648890915192061e+02
1.5546875000000000e+02 2.7431770100000000e+02 3.0614400728875205e+02
1.5551757799999999e+02 2.7424612000000002e+02 3.0663997487817494e+02
1.5556640600000000e+02 2.7412972300000001e+02 3.0656751880976890e+02
1.5561523399999999e+02 2.7401321000000002e+02 3.0650416423609397e+02
1.5566406200000000e+02 2.7392382500000002e+02 3.0680209962208971e+02
1.5571289100000001e+02 2.7380512800000002e+02 3.0673138684304081e+02
1.5576171900000000e+02 2.7367235499999998e+02 3.0648873084220980e+02
1.5581054700000001e+02 2.7353611699999999e+02 3.0621122320722867e+02
1.5585937500000000e+02 2.7346655399999997e+02 3.0680642766859506e+02
1.5590820299999999e+02 2.7332138900000001e+02 3.0643304934545267e+02
1.5595703100000000e+02 2.7318851000000001e+02 3.0622824183487955e+02
1.5600585899999999e+02 2.7310619300000002e+02 3.0668759034283579e+02
1.5605468800000000e+02 2.7297129300000000e+02 3.0647548872911750e+02
1.5610351600000001e+02 2.7283360599999997e+02 3.0623639742626222e+02
1.5615234400000000e+02 2.7278260399999999e+02 3.0712942513323208e+02
1.5620117200000001e+02 2.7269002300000000e+02 3.0749292155214567e+02
1.5625000000000000e+02 2.7252448399999997e+02 3.0691971339465897e+02
1.5629882799999999e+02 2.7231486200000001e+02 3.0578343825141309e+02
1.5634765600000000e+02 2.7224601500000000e+02 3.0648060446910938e+02
1.5639648399999999e+02 2.7213196499999998e+02 3.0660016693199680e+02
1.5644531200000000e+02 2.7202218399999998e+02 3.0678337791654354e+02
1.5649414100000001e+02 2.7184531500000003e+02 3.0610434074314168e+02
1.5654296900000000e+02 2.7179110700000001e+02 3.0702472115804284e+02
1.5659179700000001e+02 2.7167598400000003e+02 3.0716260213223120e+02
1.5664062500000000e+02 2.7154426400000000e+02 3.0709271469423396e+02
1.5668945299999999e+02 2.7143516099999999e+02 3.0732398547361231e+02
1.5673828100000000e+02 2.7128367100000003e+02 3.0701218890576553e+02
1.5678710899999999e+02 2.7116078199999998e+02 3.0707901731497634e+02
1.5683593800000000e+02 2.7098853300000002e+02 3.0651161901320665e+02
1.5688476600000001e+02 2.7088828899999999e+02 3.0688665206895837e+02
1.5693359400000000e+02 2.7073554999999999e+02 3.0658623996959574e+02
1.5698242200000001e+02 2.7062642799999998e+02 3.0685942095417835e+02
1.5703125000000000e+02 2.7044590899999997e+02 3.0621072034438583e+02
1.5708007799999999e+02 2.7038229899999999e+02 3.0708874243721505e+02
1.5712890600000000e+02 2.7022726100000000e+02 3.0678384762314278e+02
1.5717773399999999e+02 2.7010143299999999e+02 3.0686497112384524e+02
1.5722656200000000e+02 2.6997349800000001e+02 3.0692460332968778e+02
1.5727539100000001e+02 2.6983267400000000e+02 3.0682225217665888e+02
1.5732421900000000e+02 2.6966660000000002e+02 3.0639663500849906e+02
1.5737304700000001e+02 2.6956860100000000e+02 3.0686291978578953e+02
1.5742187500000000e+02 2.6943444599999998e+02 3.0686371311976495e+02
1.5747070299999999e+02 2.6930050399999999e+02 3.0687245009267627e+02
1.5751953100000000e+02 2.6919943000000001e+02 3.0731458035667157e+02
1.5756835899999999e+02 2.6899299200000002e+02 3.0638827327795622e+02
1.5761718800000000e+02 2.6886725200000001e+02 3.0651852268873046e+02
1.5766601600000001e+02 2.6876948299999998e+02 3.0701816825872760e+02
1.5771484400000000e+02 2.6857698399999998e+02 3.0628676092705979e+02
1.5776367200000001e+02 2.6843059799999997e+02 3.0616098081310946e+02
1.5781250000000000e+02 2.6829156000000000e+02 3.0613518794913864e+02
1.5786132799999999e+02 2.6819436800000000e+02 3.0665962146600452e+02
1.5791015600000000e+02 2.6807723299999998e+02 3.0692776760902768e+02
1.5795898399999999e+02 2.6790863100000001e+02 3.0652762410265859e+02
1.5800781200000000e+02 2.6771865800000000e+02 3.0585171411253060e+02
1.5805664100000001e+02 2.6768384600000002e+02 3.0720618208439458e+02
1.5810546900000000e+02 2.6748950000000002e+02 3.0647967903384171e+02
1.5815429700000001e+02 2.6732865800000002e+02 3.0619392099725684e+02
1.5820312500000000e+02 2.6723738300000002e+02 3.0682056055948493e+02
1.5825195299999999e+02 2.6712633599999998e+02 3.0719177382538481e+02
1.5830078100000000e+02 2.6696818000000002e+02 3.0694966839280426e+02
1.5834960899999999e+02 2.6682679999999999e+02 3.0692949956333217e+02
1.5839843800000000e+02 2.6665254399999998e+02 3.0648155820003717e+02
1.5844726600000001e+02 2.6647023799999999e+02 3.0593028426431943e+02
1.5849609400000000e+02 2.6642020400000001e+02 3.0711262446187294e+02
1.5854492200000001e+02 2.6624960299999998e+02 3.0671865219567979e+02
1.5859375000000000e+02 2.6618651100000000e+02 3.0773452640079137e+02
1.5864257799999999e+02 2.6601342899999997e+02 3.0731157551134157e+02
1.5869140600000000e+02 2.6578768800000000e+02 3.0619994503830924e+02
1.5874023399999999e+02 2.6567882900000001e+02 3.0662123215541760e+02
1.5878906200000000e+02 2.6559994799999998e+02 3.0743701981633239e+02
1.5883789100000001e+02 2.6539582000000001e+02 3.0661197357695511e+02
1.5888671900000000e+02 2.6529178100000001e+02 3.0710031185048712e+02
1.5893554700000001e+02 2.6514675099999999e+02 3.0705197148683391e+02
1.5898437500000000e+02 2.6505267400000002e+02 3.0767295744399621e+02
1.5903320299999999e+02 2.6486232200000001e+02 3.0703118355036707e+02
1.5908203100000000e+02 2.6474146800000000e+02 3.0730195696492808e+02
1.5913085899999999e+02 2.6459631600000000e+02 3.0725410503690915e+02
1.5917968800000000e+02 2.6439695699999999e+02 3.0649447687939596e+02
1.5922851600000001e+02 2.6420326799999998e+02 3.0580899200720319e+02
1.5927734400000000e+02 2.6408664399999998e+02 3.0613575129685483e+02
1.5932617200000001e+02 2.6391399899999999e+02 3.0572612830670994e+02
1.5937500000000000e+02 2.6382765100000000e+02 3.0645042924563387e+02
1.5942382799999999e+02 2.6368035500000002e+02 3.0637313573517417e+02
1.5947265600000000e+02 2.6355084299999999e+02 3.0652906477759319e+02
1.5952148399999999e+02 2.6349260900000002e+02 3.0762196107061408e+02
1.5957031200000000e+02 2.6335388499999999e+02 3.0765534351310407e+02
1.5961914100000001e+02 2.6313566500000002e+02 3.0664148206252895e+02
1.5966796900000000e+02 2.6297391499999998e+02 3.0636932154489313e+02
1.5971679700000001e+02 2.6286582299999998e+02 3.0680224134228803e+02
1.5976562500000000e+02 2.6267513700000001e+02 3.0614615585953572e+02
1.5981445299999999e+02 2.6257613199999997e+02 3.0669590111178798e+02
1.5986328100000000e+02 2.6241086500000000e+02 3.0637113086366162e+02
1.5991210899999999e+02 2.6227247299999999e+02 3.0639855475741655e+02
1.5996093800000000e+02 2.6210324500000002e+02 3.0601759156901500e+02
1.6000976600000001e+02 2.6200524100000001e+02 3.0657337455378166e+02
1.6005859400000000e+02 2.6188913600000001e+02 3.0688846683763109e+02
1.6010742200000001e+02 2.6171583399999997e+02 3.0644689403454316e+02
1.6015625000000000e+02 2.6163112400000000e+02 3.0717144584446754e+02
1.6020507799999999e+02 2.6143031600000000e+02 3.0636166678938309e+02
1.6025390600000000e+02 2.6130782099999999e+02 3.0658243315533934e+02
1.6030273399999999e+02 2.6118567600000000e+02 3.0680504273426214e+02
1.6035156200000000e+02 2.6105581699999999e+02 3.0692288849655642e+02
1.6040039100000001e+02 2.6087772600000000e+02 3.0640067959951909e+02
1.6044921900000000e+02 2.6077842199999998e+02 3.0691574593588746e+02
1.6049804700000001e+02 2.6061879499999998e+02 3.0663060891717691e+02
1.6054687500000000e+02 2.6038318900000002e+02 3.0533773201406075e+02
1.6059570299999999e+02 2.6029865699999999e+02 3.0603765529701667e+02
1.6064453100000000e+02 2.6017254200000002e+02 3.0618434179914760e+02
1.6069335899999999e+02 2.6007226000000003e+02 3.0666883021198299e+02
1.6074218800000000e+02 2.5998480200000000e+02 3.0731917766245294e+02
1.6079101600000001e+02 2.5980773299999998e+02 3.0678013302740356e+02
1.6083984400000000e+02 2.5964673800000003e+02 3.0644931879416146e+02
1.6088867200000001e+02 2.5960539100000000e+02 3.0769752474574352e+02
1.6093750000000000e+02 2.5943393300000002e+02 3.0721940922533150e+02
1.6098632799999999e+02 2.5930095599999999e+02 3.0724598951049842e+02
1.6103515600000000e+02 2.5917953799999998e+02 3.0742092842335882e+02
1.6108398399999999e+02 2.5900215700000001e+02 3.0684984104108395e+02
1.6113281200000000e+02 2.5889894700000002e+02 3.0725618207096443e+02
1.6118164100000001e+02 2.5874928599999998e+02 3.0704213511943578e+02
1.6123046900000000e+02 2.5864610699999997e+02 3.0743880227294682e+02
1.6127929700000001e+02 2.5847673900000001e+02 3.0695292600711900e+02
1.6132812500000000e+02 2.5834791999999999e+02 3.0699903880379816e+02
1.6137695299999999e+02 2.5819130400000000e+02 3.0667101272415613e+02
1.6142578100000000e+02 2.5802519500000000e+02 3.0621129215091128e+02
1.6147460899999999e+02 2.5787457699999999e+02 3.0595112112346226e+02
1.6152343800000000e+02 2.5776880599999998e+02 3.0628003423485126e+02
1.6157226600000001e+02 2.5765527600000001e+02 3.0650006124189485e+02
1.6162109400000000e+02 2.5756398000000002e+02 3.0700916127785416e+02
1.6166992200000001e+02 2.5743363099999999e+02 3.0699376997762744e+02
1.6171875000000000e+02 2.5725189499999999e+02 3.0628972540094043e+02
1.6176757799999999e+02 2.5711702800000000e+02 3.0620140061645861e+02
1.6181640600000000e+02 2.5702219900000000e+02 3.0663828057036716e+02
1.6186523399999999e+02 2.5692859199999998e+02 3.0708486998946859e+02
1.6191406200000000e+02 2.5678769699999998e+02 3.0689651081283068e+02
1.6196289100000001e+02 2.5661778199999998e+02 3.0631557151188196e+02
1.6201171900000000e+02 2.5649257499999999e+02 3.0632163332240015e+02
1.6206054700000001e+02 2.5642032799999998e+02 3.0702461882068536e+02
1.6210937500000000e+02 2.5627773999999999e+02 3.0678537108592462e+02
1.6215820299999999e+02 2.5607418799999999e+02 3.0572801729220987e+02
1.6220703100000000e+02 2.5601286099999999e+02 3.0655450538422025e+02
1.6225585899999999e+02 2.5590680699999999e+02 3.0677874755453610e+02
1.6230468800000000e+02 2.5581517900000000e+02 3.0718737718057372e+02
1.6235351600000001e+02 2.5557811100000001e+02 3.0565306843805416e+02
1.6240234400000000e+02 2.5550073699999999e+02 3.0623571259169768e+02
1.6245117200000001e+02 2.5544694600000000e+02 3.0712447655108747e+02
1.6250000000000000e+02 2.5530145099999999e+02 3.0678464579818137e+02
1.6254882799999999e+02 2.5513283799999999e+02 3.0612875216981206e+02
1.6259765600000000e+02 2.5504766100000001e+02 3.0657545978427862e+02
1.6264648399999999e+02 2.5489882299999999e+02 3.0616608474478988e+02
1.6269531200000000e+02 2.5485407100000000e+02 3.0713455373648691e+02
1.6274414100000001e+02 2.5470754800000000e+02 3.0673898180370793e+02
1.6279296900000000e+02 2.5455491000000001e+02 3.0625313121936608e+02
1.6284179700000001e+02 2.5445071700000000e+02 3.0640393514473345e+02
1.6289062500000000e+02 2.5431923399999999e+02 3.0618222041290926e+02
1.6293945299999999e+02 2.5419550100000001e+02 3.0605478790833376e+02
1.6298828100000000e+02 2.5410836000000000e+02 3.0640605628396395e+02
1.6303710899999999e+02 2.5393753200000000e+02 3.0563253433129881e+02
1.6308593800000000e+02 2.5384968599999999e+02 3.0595606640800952e+02
1.6313476600000001e+02 2.5381812400000001e+02 3.0702086558696169e+02
1.6318359400000000e+02 2.5372933800000001e+02 3.0731328596978688e+02
1.6323242200000001e+02 2.5358394999999999e+02 3.0684126100137183e+02
1.6328125000000000e+02 2.5347582100000000e+02 3.0685653100129588e+02
1.6333007799999999e+02 2.5333418399999999e+02 3.0641504489900944e+02
1.6337890600000000e+02 2.5323613399999999e+02 3.0654521918319023e+02
1.6342773399999999e+02 2.5309177299999999e+02 3.0604754129915045e+02
1.6347656200000000e+02 2.5296067800000000e+02 3.0571680828479367e+02
1.6352539100000001e+02 2.5283308199999999e+02 3.0542265522413140e+02
1.6357421900000000e+02 2.5277308400000001e+02 3.0602053664074396e+02
1.6362304700000001e+02 2.5268433400000001e+02 3.0622445117712846e+02
1.6367187500000000e+02 2.5262719799999999e+02 3.0684010684582353e+02
1.6372070299999999e+02 2.5248365600000000e+02 3.0629177945534735e+02
1.6376953100000000e+02 2.5234392099999999e+02 3.0578366350431048e+02
1.6381835899999999e+02 2.5228715900000000e+02 3.0637284360735549e+02
1.6386718800000000e+02 2.5217894000000001e+02 3.0626424866717082e+02
1.6391601600000001e+02 2.5214324400000001e+02 3.0711341708041772e+02
1.6396484400000000e+02 2.5201757699999999e+02 3.0675012242969046e+02
1.6401367200000001e+02 2.5187199500000000e+02 3.0610980155584775e+02
1.6406250000000000e+02 2.5179840100000001e+02 3.0642000171257632e+02
1.6411132799999999e+02 2.5173937699999999e+02 3.0691376117608047e+02
1.6416015600000000e+02 2.5162049099999999e+02 3.0659660988491771e+02
1.6420898399999999e+02 2.5151536500000000e+02 3.0645197614484664e+02
1.6425781200000000e+02 2.5145076800000001e+02 3.0683748524039487e+02
1.6430664100000001e+02 2.5139913200000001e+02 3.0738479354804076e+02
1.6435546900000000e+02 2.5123621700000001e+02 3.0643358791417091e+02
1.6440429700000001e+02 2.5113973999999999e+02 3.0635852381589206e+02
1.6445312500000000e+02 2.5106097900000000e+02 3.0650851850874778e+02
1.6450195299999999e+02 2.5094739100000001e+02 3.0618130925186642e+02
1.6455078100000000e+02 2.5089357400000000e+02 3.0664106632774229e+02
1.6459960899999999e+02 2.5074347299999999e+02 3.0580205612062377e+02
1.6464843800000000e+02 2.5065917999999999e+02 3.0583059349385888e+02
1.6469726600000001e+02 2.5054737800000001e+02 3.0547934577584914e+02
1.6474609400000000e+02 2.5047945700000000e+02 3.0570246138021133e+02
1.6479492200000001e+02 2.5052051700000001e+02 3.0737006500100694e+02
1.6484375000000000e+02 2.5040095800000000e+02 3.0687845812154734e+02
1.6489257799999999e+02 2.5024682100000001e+02 3.0591226068775427e+02
1.6494140600000000e+02 2.5015997200000001e+02 3.0583304006379984e+02
1.6499023399999999e+02 2.5012441899999999e+02 3.0642697843027366e+02
1.6503906200000000e+02 2.5007216600000001e+02 3.0678509764384199e+02
1.6508789100000001e+02 2.4999274500000001e+02 3.0676741767939791e+02
1.6513671900000000e+02 2.4992544300000000e+02 3.0689897675844401e+02
1.6518554700000001e+02 2.4975732400000001e+02 3.0567012675501513e+02
1.6523437500000000e+02 2.4975298300000000e+02 3.0661759915986710e+02
1.6528320299999999e+02 2.4966226800000001e+02 3.0639759184913140e+02
1.6533203100000000e+02 2.4957046600000001e+02 3.0615005694381171e+02
1.6538085899999999e+02 2.4953597300000001e+02 3.0665544074652752e+02
1.6542968800000000e+02 2.4938363899999999e+02 3.0557268123200384e+02
1.6547851600000001e+02 2.4936258400000000e+02 3.0623130722091622e+02
1.6552734400000000e+02 2.4936261300000001e+02 3.0715839551975233e+02
1.6557617200000001e+02 2.4924065600000000e+02 3.0644185603130182e+02
1.6562500000000000e+02 2.4916222099999999e+02 3.0629357864470876e+02
1.6567382799999999e+02 2.4908409700000001e+02 3.0613600837663586e+02
1.6572265600000000e+02 2.4903979899999999e+02 3.0641691624915615e+02
1.6577148399999999e+02 2.4898079999999999e+02 3.0648778219510046e+02
1.6582031200000000e+02 2.4891268400000001e+02 3.0642318347982399e+02
1.6586914100000001e+02 2.4890971300000001e+02 3.0721522315833329e+02
1.6591796900000000e+02 2.4874844999999999e+02 3.0587876865030933e+02
1.6596679700000001e+02 2.4874295400000000e+02 3.0660939851403833e+02
1.6601562500000000e+02 2.4868942600000000e+02 3.0668447552007132e+02
1.6606445299999999e+02 2.4862611899999999e+02 3.0661498938292596e+02
1.6611328100000000e+02 2.4853250199999999e+02 3.0612672855272780e+02
1.6616210899999999e+02 2.4847477499999999e+02 3.0610375781207790e+02
1.6621093800000000e+02 2.4837964500000001e+02 3.0556727210408303e+02
1.6625976600000001e+02 2.4835775799999999e+02 3.0599459022201921e+02
1.6630859400000000e+02 2.4830470399999999e+02 3.0599152963581162e+02
1.6635742200000001e+02 2.4830705300000000e+02 3.0671374715884673e+02
1.6640625000000000e+02 2.4821707799999999e+02 3.0618922288206420e+02
1.6645507799999999e+02 2.4810791900000001e+02 3.0539440894886934e+02
1.6650390600000000e+02 2.4802363500000001e+02 3.0491728182761375e+02
1.6655273399999999e+02 2.4802458200000001e+02 3.0556299196566704e+02
1.6660156200000000e+02 2.4799954099999999e+02 3.0584731333540645e+02
1.6665039100000001e+02 2.4798553300000000e+02 3.0626416938622020e+02
1.6669921900000000e+02 2.4788259700000000e+02 3.0548019559550397e+02
1.6674804700000001e+02 2.4794669500000001e+02 3.0690927848234247e+02
1.6679687500000000e+02 2.4786173500000001e+02 3.0633571965570542e+02
1.6684570299999999e+02 2.4782063700000000e+02 3.0633231890989089e+02
1.6689453100000000e+02 2.4774872900000000e+02 3.0590340391889868e+02
1.6694335899999999e+02 2.4768992600000001e+02 3.0563442043997833e+02
1.6699218800000000e+02 2.4762970400000000e+02 3.0533171687108558e+02
1.6704101600000001e+02 2.4763399899999999e+02 3.0587376578334795e+02
1.6708984400000000e+02 2.4759959200000000e+02 3.0588507511704194e+02
1.6713867200000001e+02 2.4758822599999999e+02 3.0618824059262050e+02
1.6718750000000000e+02 2.4741803700000000e+02 3.0436116605670310e+02
1.6723632799999999e+02 2.4748978900000000e+02 3.0574100538682245e+02
1.6728515600000000e+02 2.4745845600000001e+02 3.0573289574752005e+02
1.6733398399999999e+02 2.4743997700000000e+02 3.0588068230833994e+02
1.6738281200000000e+02 2.4746786299999999e+02 3.0663017843133059e+02
1.6743164100000001e+02 2.4738660999999999e+02 3.0591205299793290e+02
1.6748046900000000e+02 2.4738551200000001e+02 3.0624512988579744e+02
1.6752929700000001e+02 2.4736145200000001e+02 3.0625734925285508e+02
1.6757812500000000e+02 2.4730598699999999e+02 3.0583660325777043e+02
1.6762695299999999e+02 2.4727245099999999e+02 3.0569214528650014e+02
1.6767578100000000e+02 2.4727427000000000e+02 3.0600221128117613e+02
1.6772460899999999e+02 2.4728312800000000e+02 3.0639020116732661e+02
1.6777343800000000e+02 2.4715824100000000e+02 3.0498569128439016e+02
1.6782226600000001e+02 2.4718345600000001e+02 3.0555994892590201e+02
1.6787109400000000e+02 2.4716643700000000e+02 3.0555754765612500e+02
1.6791992200000001e+02 2.4723220000000001e+02 3.0663855509809417e+02
1.6796875000000000e+02 2.4723349800000000e+02 3.0684779162046664e+02
1.6801757799999999e+02 2.4720296999999999e+02 3.0661895429892172e+02
1.6806640600000000e+02 2.4713350199999999e+02 3.0585796270347009e+02
1.6811523399999999e+02 2.4714703399999999e+02 3.0618245433074776e+02
1.6816406200000000e+02 2.4707975900000000e+02 3.0541959964541934e+02
1.6821289100000001e+02 2.4709515400000001e+02 3.0573724842711289e+02
1.6826171900000000e+02 2.4710343000000000e+02 3.0594460263698886e+02
1.6831054700000001e+02 2.4702510100000001e+02 3.0498863822681216e+02
1.6835937500000000e+02 2.4708413100000001e+02 3.0583669936724533e+02
1.6840820299999999e+02 2.4712744499999999e+02 3.0646034151317264e+02
1.6845703100000000e+02 2.4712067999999999e+02 3.0640483834204292e+02
1.6850585899999999e+02 2.4712882400000001e+02 3.0653077980957420e+02
1.6855468800000000e+02 2.4706386300000000e+02 3.0567357211282030e+02
1.6860351600000001e+02 2.4708204799999999e+02 3.0590063047800436e+02
1.6865234400000000e+02 2.4710136399999999e+02 3.0612656747125658e+02
1.6870117200000001e+02 2.4711870700000000e+02 3.0631033218859648e+02
1.6875000000000000e+02 2.4707106999999999e+02 3.0561938152213816e+02
1.6879882799999999e+02 2.4705680699999999e+02 3.0535373748419494e+02
1.6884765600000000e+02 2.4704958600000001e+02 3.0516525955358901e+02
1.6889648399999999e+02 2.4713973600000000e+02 3.0624630252650758e+02
1.6894531200000000e+02 2.4714428899999999e+02 3.0618101411731743e+02
1.6899414100000001e+02 2.4716073100000000e+02 3.0625657816201488e+02
1.6904296900000000e+02 2.4715104900000000e+02 3.0597153007345662e+02
1.6909179700000001e+02 2.4714131000000000e+02 3.0566987433909782e+02
1.6914062500000000e+02 2.4715514700000000e+02 3.0566307647549598e+02
1.6918945299999999e+02 2.4722641500000000e+02 3.0639683638876159e+02
1.6923828100000000e+02 2.4717298400000001e+02 3.0547176461873858e+02
1.6928710899999999e+02 2.4723386400000001e+02 3.0603617938076695e+02
1.6933593800000000e+02 2.4728010800000001e+02 3.0639149225526808e+02
1.6938476600000001e+02 2.4727542600000001e+02 3.0606051808772202e+02
1.6943359400000000e+02 2.4727004500000001e+02 3.0570451265119209e+02
1.6948242200000001e+02 2.4723655700000000e+02 3.0496320695088554e+02
1.6953125000000000e+02 2.4733258799999999e+02 3.0590834033127265e+02
1.6958007799999999e+02 2.4735748500000000e+02 3.0590228549238833e+02
1.6962890600000000e+02 2.4743771100000001e+02 3.0660665345772878e+02
1.6967773399999999e+02 2.4738383200000001e+02 3.0553421546368537e+02
1.6972656200000000e+02 2.4742485700000000e+02 3.0569170756961813e+02
1.6977539100000001e+02 2.4743723299999999e+02 3.0545726919933509e+02
1.6982421900000000e+02 2.4748517100000001e+02 3.0567317284615837e+02
1.6987304700000001e+02 2.4749564899999999e+02 3.0538195980617678e+02
1.6992187500000000e+02 2.4756540000000001e+02 3.0585135361388899e+02
1.6997070299999999e+02 2.4759076300000001e+02 3.0572312809605160e+02
1.7001953100000000e+02 2.4765096399999999e+02 3.0603494244353635e+02
1.7006835899999999e+02 2.4772062299999999e+02 3.0645421084001697e+02
1.7011718800000000e+02 2.4769996100000000e+02 3.0567598984948978e+02
1.7016601600000001e+02 2.4775724299999999e+02 3.0590128047079219e+02
1.7021484400000000e+02 2.4785038700000001e+02 3.0657895505432657e+02
1.7026367200000001e+02 2.4783718999999999e+02 3.0585128100412106e+02
1.7031250000000000e+02 2.4783216500000000e+02 3.0521498106005976e+02
1.7036132799999999e+02 2.4790582200000000e+02 3.0558997843302222e+02
1.7041015600000000e+02 2.4792000400000001e+02 3.0517304076282005e+02
1.7045898399999999e+02 2.4801480900000001e+02 3.0579162377182382e+02
1.7050781200000000e+02 2.4805206799999999e+02 3.0564392670500740e+02
1.7055664100000001e+02 2.4812569900000000e+02 3.0595422729777556e+02
1.7060546900000000e+02 2.4812987899999999e+02 3.0534429479221308e+02
1.7065429700000001e+02 2.4823576499999999e+02 3.0604254972325754e+02
1.7070312500000000e+02 2.4824948599999999e+02 3.0552567062125593e+02
1.7075195299999999e+02 2.4830828800000000e+02 3.0557957813058567e+02
1.7080078100000000e+02 2.4834625399999999e+02 3.0534697862932484e+02
1.7084960899999999e+02 2.4842075399999999e+02 3.0557338729111854e+02
1.7089843800000000e+02 2.4848431800000000e+02 3.0564193670777661e+02
1.7094726600000001e+02 2.4851079899999999e+02 3.0521366590975708e+02
1.7099609400000000e+02 2.4859984800000001e+02 3.0558160529261642e+02
1.7104492200000001e+02 2.4872113700000000e+02 3.0635149266885310e+02
1.7109375000000000e+02 2.4878265600000000e+02 3.0633074342418712e+02
1.7114257799999999e+02 2.4882304800000000e+02 3.0602094743977409e+02
1.7119140600000000e+02 2.4886764400000001e+02 3.0575040799061065e+02
1.7124023399999999e+02 2.4893049099999999e+02 3.0570080019765578e+02
1.7128906200000000e+02 2.4902225600000000e+02 3.0600972548539187e+02
1.7133789100000001e+02 2.4911408200000000e+02 3.0630375025042088e+02
1.7138671900000000e+02 2.4915341000000001e+02 3.0590415438507307e+02
1.7143554700000001e+02 2.4926757200000000e+02 3.0645569698560604e+02
1.7148437500000000e+02 2.4928334200000000e+02 3.0572202101144671e+02
1.7153320299999999e+02 2.4928007900000000e+02 3.0472852008794604e+02
1.7158203100000000e+02 2.4942690700000000e+02 3.0565528978654123e+02
1.7163085899999999e+02 2.4947440599999999e+02 3.0528653641046378e+02
1.7167968800000000e+02 2.4963511700000001e+02 3.0636059750968946e+02
1.7172851600000001e+02 2.4973981100000000e+02 3.0669775751060308e+02
1.7177734400000000e+02 2.4975605800000000e+02 3.0588219705730671e+02
1.7182617200000001e+02 2.4983600700000000e+02 3.0587138575754108e+02
1.7187500000000000e+02 2.4989287100000001e+02 3.0554921020196372e+02
1.7192382799999999e+02 2.4993069499999999e+02 3.0496816802519487e+02
1.7197265600000000e+02 2.5004391000000001e+02 3.0534040787459321e+02
1.7202148399999999e+02 2.5014242899999999e+02 3.0550909884518370e+02
1.7207031200000000e+02 2.5028498700000000e+02 3.0622742227076571e+02
1.7211914100000001e+02 2.5042498599999999e+02 3.0689757197425615e+02
1.7216796900000000e+02 2.5047716500000001e+02 3.0642820111741145e+02
1.7221679700000001e+02 2.5055378999999999e+02 3.0625771289294784e+02
1.7226562500000000e+02 2.5064479299999999e+02 3.0625690498626375e+02
1.7231445299999999e+02 2.5067134400000000e+02 3.0541809546824379e+02
1.7236328100000000e+02 2.5076392899999999e+02 3.0540943878465504e+02
1.7241210899999999e+02 2.5086910800000001e+02 3.0554737953422233e+02
1.7246093800000000e+02 2.5098426799999999e+02 3.0579835784092108e+02
1.7250976600000001e+02 2.5102887899999999e+02 3.0513552472191168e+02
1.7255859400000000e+02 2.5107286099999999e+02 3.0445149151047946e+02
1.7260742200000001e+02 2.5124227800000000e+02 3.0535177227401363e+02
1.7265625000000000e+02 2.5131478200000001e+02 3.0500371721300945e+02
1.7270507799999999e+02 2.5144053600000001e+02 3.0531964702264321e+02
1.7275390600000000e+02 2.5156093600000000e+02 3.0555345987693613e+02
1.7280273399999999e+02 2.5172773900000001e+02 3.0636290512260740e+02
1.7285156200000000e+02 2.5184899700000000e+02 3.0657957853659650e+02
1.7290039100000001e+02 2.5189937100000000e+02 3.0588307752167680e+02
1.7294921900000000e+02 2.5198591999999999e+02 3.0563282459618779e+02
1.7299804700000001e+02 2.5215856299999999e+02 3.0646068827024772e+02
1.7304687500000000e+02 2.5228361899999999e+02 3.0667161760653488e+02
1.7309570299999999e+02 2.5241315499999999e+02 3.0692587241368864e+02
1.7314453100000000e+02 2.5240149700000001e+02 3.0538069485168421e+02
1.7319335899999999e+02 2.5253033600000001e+02 3.0560064772094853e+02
1.7324218800000000e+02 2.5266145900000001e+02 3.0583629460833475e+02
1.7329101600000001e+02 2.5275572299999999e+02 3.0559351622024593e+02
1.7333984400000000e+02 2.5292638900000000e+02 3.0630242369278699e+02
1.7338867200000001e+02 2.5301956000000001e+02 3.0602061179782714e+02
1.7343750000000000e+02 2.5309585799999999e+02 3.0551401748245689e+02
1.7348632799999999e+02 2.5322659200000001e+02 3.0568125136107966e+02
1.7353515600000000e+02 2.5334373400000001e+02 3.0566489174694510e+02
1.7358398399999999e+02 2.5350247500000000e+02 3.0615959365660166e+02
1.7363281200000000e+02 2.5356338600000001e+02 3.0541178716183981e+02
1.7368164100000001e+02 2.5371885300000000e+02 3.0584074153601529e+02
1.7373046900000000e+02 2.5383807700000000e+02 3.0580225773472938e+02
1.7377929700000001e+02 2.5399836999999999e+02 3.0626727673034276e+02
1.7382812500000000e+02 2.5409603899999999e+02 3.0593479438589782e+02
1.7387695299999999e+02 2.5419101200000000e+02 3.0555735448306160e+02
1.7392578100000000e+02 2.5433611200000001e+02 3.0579659797693762e+02
1.7397460899999999e+02 2.5448888900000000e+02 3.0612021099463550e+02
1.7402343800000000e+02 2.5455905000000001e+02 3.0539890314315841e+02
1.7407226600000001e+02 2.5474285499999999e+02 3.0608768546536425e+02
1.7412109400000000e+02 2.5486293699999999e+02 3.0596863285077160e+02
1.7416992200000001e+02 2.5502475200000001e+02 3.0635967427816604e+02
1.7421875000000000e+02 2.5515136000000001e+02 3.0630021813866273e+02
1.7426757799999999e+02 2.5528597600000001e+02 3.0632993711332205e+02
1.7431640600000000e+02 2.5533552700000001e+02 3.0528934998272774e+02
1.7436523399999999e+02 2.5554756000000000e+02 3.0626235610335095e+02
1.7441406200000000e+02 2.5566266800000000e+02 3.0601789705252105e+02
1.7446289100000001e+02 2.5579105999999999e+02 3.0592862560590885e+02
1.7451171900000000e+02 2.5594061099999999e+02 3.0609226166328335e+02
1.7456054700000001e+02 2.5607743299999998e+02 3.0608762689081334e+02
1.7460937500000000e+02 2.5615911699999998e+02 3.0538895815749856e+02
1.7465820299999999e+02 2.5636471299999999e+02 3.0621793844583505e+02
1.7470703100000000e+02 2.5655694399999999e+02 3.0687057480225297e+02
1.7475585899999999e+02 2.5668447500000002e+02 3.0671162926580018e+02
1.7480468800000000e+02 2.5681217299999997e+02 3.0654554345899749e+02
1.7485351600000001e+02 2.5692961900000000e+02 3.0624367393963013e+02
1.7490234400000000e+02 2.5700642399999998e+02 3.0543080439140937e+02
1.7495117200000001e+02 2.5715240100000000e+02 3.0546434834569243e+02
1.7500000000000000e+02 2.5735485999999997e+02 3.0618612598527807e+02
1.7504882799999999e+02 2.5753290900000002e+02 3.0659714482455195e+02
1.7509765600000000e+02 2.5761345299999999e+02 3.0579716675392825e+02
1.7514648399999999e+02 2.5778892600000000e+02 3.0615914012854961e+02
1.7519531200000000e+02 2.5793518799999998e+02 3.0615273992810074e+02
1.7524414100000001e+02 2.5809156999999999e+02 3.0626263344986376e+02
1.7529296900000000e+02 2.5829442399999999e+02 3.0693569412450256e+02
1.7534179700000001e+02 2.5845482900000002e+02 3.0707847010308751e+02
1.7539062500000000e+02 2.5854504200000002e+02 3.0635154425391659e+02
1.7543945299999999e+02 2.5863629900000001e+02 3.0563078803849578e+02
1.7548828100000000e+02 2.5884234700000002e+02 3.0631098255202505e+02
1.7553710899999999e+02 2.5896807200000001e+02 3.0599877638228003e+02
1.7558593800000000e+02 2.5911961400000001e+02 3.0599590486381823e+02
1.7563476600000001e+02 2.5927444500000001e+02 3.0602630604489377e+02
1.7568359400000000e+02 2.5948149899999999e+02 3.0668841470187795e+02
1.7573242200000001e+02 2.5967326200000002e+02 3.0715606930260219e+02
1.7578125000000000e+02 2.5982816300000002e+02 3.0716636773653261e+02
1.7583007799999999e+02 2.5987624099999999e+02 3.0586653256606706e+02
1.7587890600000000e+02 2.6006549699999999e+02 3.0628400942172203e+02
1.7592773399999999e+02 2.6021830999999997e+02 3.0625065577013942e+02
1.7597656200000000e+02 2.6041675700000002e+02 3.0676723571586018e+02
1.7602539100000001e+02 2.6049946999999997e+02 3.0586856066832155e+02
1.7607421900000000e+02 2.6067524600000002e+02 3.0609752023313723e+02
1.7612304700000001e+02 2.6087314700000002e+02 3.0658966668960164e+02
1.7617187500000000e+02 2.6103877299999999e+02 3.0668376847308451e+02
1.7622070299999999e+02 2.6118686400000001e+02 3.0655971453178233e+02
1.7626953100000000e+02 2.6134927800000003e+02 3.0660460843334039e+02
1.7631835899999999e+02 2.6146622100000002e+02 3.0609330114810450e+02
1.7636718800000000e+02 2.6166065400000002e+02 3.0651688272063024e+02
1.7641601600000001e+02 2.6182262100000003e+02 3.0654233172458805e+02
1.7646484400000000e+02 2.6195300500000002e+02 3.0618123235591651e+02
1.7651367200000001e+02 2.6214028600000000e+02 3.0650450164048590e+02
1.7656250000000000e+02 2.6230532099999999e+02 3.0655450725047154e+02
1.7661132799999999e+02 2.6241698200000002e+02 3.0595599484961480e+02
1.7666015600000000e+02 2.6266930400000001e+02 3.0705234253449089e+02
1.7670898399999999e+02 2.6282014500000002e+02 3.0691972886140707e+02
1.7675781200000000e+02 2.6295659799999999e+02 3.0661053330179510e+02
1.7680664100000001e+02 2.6308942500000001e+02 3.0625486947998536e+02
1.7685546900000000e+02 2.6321888799999999e+02 3.0585623053601103e+02
1.7690429700000001e+02 2.6342923700000000e+02 3.0642846173023059e+02
1.7695312500000000e+02 2.6369129099999998e+02 3.0761902487657341e+02
1.7700195299999999e+02 2.6382744600000001e+02 3.0729283196326918e+02
1.7705078100000000e+02 2.6389573100000001e+02 3.0614977121285369e+02
1.7709960899999999e+02 2.6409402899999998e+02 3.0656632420869187e+02
1.7714843800000000e+02 2.6427193100000000e+02 3.0673578187638793e+02
1.7719726600000001e+02 2.6443888299999998e+02 3.0677208550073738e+02
1.7724609400000000e+02 2.6467547999999999e+02 3.0764101586292151e+02
1.7729492200000001e+02 2.6476344899999998e+02 3.0672827994365417e+02
1.7734375000000000e+02 2.6488416400000000e+02 3.0620723460692335e+02
1.7739257799999999e+02 2.6506945800000000e+02 3.0645792560345478e+02
1.7744140600000000e+02 2.6523434500000002e+02 3.0646363436049234e+02
1.7749023399999999e+02 2.6537143300000002e+02 3.0613672504249121e+02
1.7753906200000000e+02 2.6548133700000000e+02 3.0548533045608463e+02
1.7758789100000001e+02 2.6572560399999998e+02 3.0643691367141861e+02
1.7763671900000000e+02 2.6591712699999999e+02 3.0675859270033601e+02
1.7768554700000001e+02 2.6603541100000001e+02 3.0620751998861607e+02
1.7773437500000000e+02 2.6622041500000000e+02 3.0645168425706288e+02
1.7778320299999999e+02 2.6639210100000003e+02 3.0653754825302940e+02
1.7783203100000000e+02 2.6650375200000002e+02 3.0591008203599648e+02
1.7788085899999999e+02 2.6665650199999999e+02 3.0577259468922171e+02
1.7792968800000000e+02 2.6689113300000002e+02 3.0660870895560356e+02
1.7797851600000001e+02 2.6699610600000000e+02 3.0590607891739751e+02
1.7802734400000000e+02 2.6718775599999998e+02 3.0623387592319926e+02
1.7807617200000001e+02 2.6739782900000000e+02 3.0678127472797104e+02
1.7812500000000000e+02 2.6754903800000000e+02 3.0663232908862386e+02
1.7817382799999999e+02 2.6771333099999998e+02 3.0664044334831004e+02
1.7822265600000000e+02 2.6793014699999998e+02 3.0727229342823284e+02
1.7827148399999999e+02 2.6806007799999998e+02 3.0687805065453313e+02
1.7832031200000000e+02 2.6824966300000000e+02 3.0719196869805791e+02
1.7836914100000001e+02 2.6839227000000000e+02 3.0695316546791003e+02
1.7841796900000000e+02 2.6858849900000001e+02 3.0735073220002835e+02
1.7846679700000001e+02 2.6871619900000002e+02 3.0694220520723917e+02
1.7851562500000000e+02 2.6883058299999999e+02 3.0638035498020537e+02
1.7856445299999999e+02 2.6906129600000003e+02 3.0719388591599244e+02
1.7861328100000000e+02 2.6920510999999999e+02 3.0698636605926964e+02
1.7866210899999999e+02 2.6933753800000000e+02 3.0664885064182386e+02
1.7871093800000000e+02 2.6948891400000002e+02 3.0653869088450625e+02
1.7875976600000001e+02 2.6967119700000001e+02 3.0679644261376137e+02
1.7880859400000000e+02 2.6983702499999998e+02 3.0686488794268757e+02
1.7885742200000001e+02 2.7000976200000002e+02 3.0701903866311187e+02
1.7890625000000000e+02 2.7016493900000000e+02 3.0697161140853331e+02
1.7895507799999999e+02 2.7029167699999999e+02 3.0659544020746921e+02
1.7900390600000000e+02 2.7049571700000001e+02 3.0713162848843211e+02
1.7905273399999999e+02 2.7063112999999998e+02 3.0686801409138997e+02
1.7910156200000000e+02 2.7077948199999997e+02 3.0676185039402839e+02
1.7915039100000001e+02 2.7092704800000001e+02 3.0665229652388933e+02
1.7919921900000000e+02 2.7106033800000000e+02 3.0638171160787255e+02
1.7924804700000001e+02 2.7127144399999997e+02 3.0702796131442688e+02
1.7929687500000000e+02 2.7142761800000000e+02 3.0703748893284001e+02
1.7934570299999999e+02 2.7157325400000002e+02 3.0693033685404669e+02
1.7939453100000000e+02 2.7179714200000001e+02 3.0774412091750327e+02
1.7944335899999999e+02 2.7188884300000001e+02 3.0702052261201754e+02
1.7949218800000000e+02 2.7206212299999999e+02 3.0725672747185712e+02
1.7954101600000001e+02 2.7225319100000002e+02 3.0770747225218008e+02
1.7958984400000000e+02 2.7237306200000000e+02 3.0733513138429487e+02
1.7963867200000001e+02 2.7247681100000000e+02 3.0678290141063025e+02
1.7968750000000000e+02 2.7264114799999999e+02 3.0694471354270928e+02
1.7973632799999999e+02 2.7282626699999997e+02 3.0735630236666384e+02
1.7978515600000000e+02 2.7297982700000000e+02 3.0740843788057100e+02
1.7983398399999999e+02 2.7312864200000001e+02 3.0741369338327371e+02
1.7988281200000000e+02 2.7325941699999998e+02 3.0721776126834538e+02
1.7993164100000001e+02 2.7339655900000002e+02 3.0710468528642292e+02
1.7998046900000000e+02 2.7355569500000001e+02 3.0725610793429678e+02
1.8002929700000001e+02 2.7365946500000001e+02 3.0677370978399057e+02
1.8007812500000000e+02 2.7387426299999998e+02 3.0758940283751815e+02
1.8012695299999999e+02 2.7398438900000002e+02 3.0719972106064154e+02
1.8017578100000000e+02 2.7413985100000002e+02 3.0734562817912234e+02
1.8022460899999999e+02 2.7423876300000001e+02 3.0684586960455186e+02
1.8027343800000000e+02 2.7442890199999999e+02 3.0741323165225862e+02
1.8032226600000001e+02 2.7452869399999997e+02 3.0694420025683849e+02
1.8037109400000000e+02 2.7467041899999998e+02 3.0697121932696319e+02
1.8041992200000001e+02 2.7478714000000002e+02 3.0671945677755139e+02
1.8046875000000000e+02 2.7489290099999999e+02 3.0635184533875776e+02
1.8051757799999999e+02 2.7514950099999999e+02 3.0773893262945666e+02
1.8056640600000000e+02 2.7527817599999997e+02 3.0765782340599202e+02
1.8061523399999999e+02 2.7534279600000002e+02 3.0684817581393946e+02
1.8066406200000000e+02 2.7549316800000003e+02 3.0704053596234223e+02
1.8071289100000001e+02 2.7565487700000000e+02 3.0737507039967187e+02
1.8076171900000000e+02 2.7577040799999997e+02 3.0718837904933787e+02
1.8081054700000001e+02 2.7590040699999997e+02 3.0718052979989534e+02
1.8085937500000000e+02 2.7609036300000002e+02 3.0787581200604507e+02
1.8090820299999999e+02 2.7617464899999999e+02 3.0736521057210172e+02
1.8095703100000000e+02 2.7626497699999999e+02 3.0693694495654250e+02
1.8100585899999999e+02 2.7641058500000003e+02 3.0715797823878904e+02
1.8105468800000000e+02 2.7652599600000002e+02 3.0704395146183884e+02
1.8110351600000001e+02 2.7663026500000001e+02 3.0681468455959669e+02
1.8115234400000000e+02 2.7677061800000001e+02 3.0701356606734811e+02
1.8120117200000001e+02 2.7689648899999997e+02 3.0705895666589049e+02
1.8125000000000000e+02 2.7702738199999999e+02 3.0717533085999003e+02
1.8129882799999999e+02 2.7709262500000000e+02 3.0655085900674379e+02
1.8134765600000000e+02 2.7719620800000001e+02 3.0638074046104941e+02
1.8139648399999999e+02 2.7740205500000002e+02 3.0739854036941375e+02
1.8144531200000000e+02 2.7747864800000002e+02 3.0694614509650540e+02
1.8149414100000001e+02 2.7756459999999998e+02 3.0661545099096179e+02
1.8154296900000000e+02 2.7776609999999999e+02 3.0762442961525852e+02
1.8159179700000001e+02 2.7783429000000001e+02 3.0711864073945162e+02
1.8164062500000000e+02 2.7794772799999998e+02 3.0714628017356063e+02
1.8168945299999999e+02 2.7801686100000001e+02 3.0668087360117869e+02
1.8173828100000000e+02 2.7813564000000002e+02 3.0679919129153507e+02
1.8178710899999999e+02 2.7831602299999997e+02 3.0763776398826150e+02
1.8183593800000000e+02 2.7841746999999998e+02 3.0758721277921819e+02
1.8188476600000001e+02 2.7850915099999997e+02 3.0744012401271317e+02
1.8193359400000000e+02 2.7863555700000001e+02 3.0770570726008197e+02
1.8198242200000001e+02 2.7865881600000000e+02 3.0680682398573663e+02
1.8203125000000000e+02 2.7881749400000001e+02 3.0747243203953030e+02
1.8208007799999999e+02 2.7890624100000002e+02 3.0735396680223545e+02
1.8212890600000000e+02 2.7904570200000001e+02 3.0783093631098001e+02
1.8217773399999999e+02 2.7910446500000000e+02 3.0740162199981819e+02
1.8222656200000000e+02 2.7912715800000001e+02 3.0657661122658362e+02
1.8227539100000001e+02 2.7921086500000001e+02 3.0646489452616674e+02
1.8232421900000000e+02 2.7931977899999998e+02 3.0665730779821541e+02
1.8237304700000001e+02 2.7948911399999997e+02 3.0755561380584169e+02
1.8242187500000000e+02 2.7954009300000001e+02 3.0711953296329892e+02
1.8247070299999999e+02 2.7960173500000002e+02 3.0682193685891332e+02
1.8251953100000000e+02 2.7969722600000000e+02 3.0692726225990606e+02
1.8256835899999999e+02 2.7972140999999999e+02 3.0623634630172080e+02
1.8261718800000000e+02 2.7985241800000000e+02 3.0678040938203418e+02
1.8266601600000001e+02 2.8003195099999999e+02 3.0789433171100796e+02
1.8271484400000000e+02 2.8010225300000002e+02 3.0778031334776392e+02
1.8276367200000001e+02 2.8017130900000001e+02 3.0766941381081341e+02
1.8281250000000000e+02 2.8021823699999999e+02 3.0732389705596643e+02
1.8286132799999999e+02 2.8026956200000001e+02 3.0704604730503706e+02
1.8291015600000000e+02 2.8033268399999997e+02 3.0692016223192149e+02
1.8295898399999999e+02 2.8047546100000000e+02 3.0771863375698865e+02
1.8300781200000000e+02 2.8055388399999998e+02 3.0780215432826031e+02
1.8305664100000001e+02 2.8058456400000000e+02 3.0736021607636621e+02
1.8310546900000000e+02 2.8059715499999999e+02 3.0673057544598640e+02
1.8315429700000001e+02 2.8063790299999999e+02 3.0643939718892750e+02
1.8320312500000000e+02 2.8070495399999999e+02 3.0646549392575224e+02
1.8325195299999999e+02 2.8089588099999997e+02 3.0791818667143048e+02
1.8330078100000000e+02 2.8092714699999999e+02 3.0757355664460380e+02
1.8334960899999999e+02 2.8095180499999998e+02 3.0717221732349225e+02
1.8339843800000000e+02 2.8109474499999999e+02 3.0813356276176876e+02
1.8344726600000001e+02 2.8108123699999999e+02 3.0733537120323456e+02
1.8349609400000000e+02 2.8114293199999997e+02 3.0741029715264887e+02
1.8354492200000001e+02 2.8113357400000001e+02 3.0669663485252158e+02
1.8359375000000000e+02 2.8125339900000000e+02 3.0746902835425311e+02
1.8364257799999999e+02 2.8135733900000002e+02 3.0807949102593483e+02
1.8369140600000000e+02 2.8136258900000001e+02 3.0758792055303019e+02
1.8374023399999999e+02 2.8138062400000001e+02 3.0726041827079246e+02
1.8378906200000000e+02 2.8140725800000001e+02 3.0704945292421877e+02
1.8383789100000001e+02 2.8146322300000003e+02 3.0719034348034199e+02
1.8388671900000000e+02 2.8151341100000002e+02 3.0728458385402877e+02
1.8393554700000001e+02 2.8150725799999998e+02 3.0675842052190961e+02
1.8398437500000000e+02 2.8158669500000002e+02 3.0722257986355856e+02
1.8403320299999999e+02 2.8162351400000000e+02 3.0722217449347960e+02
1.8408203100000000e+02 2.8166802999999999e+02 3.0732819472612016e+02
1.8413085899999999e+02 2.8172667799999999e+02 3.0761364593751597e+02
1.8417968800000000e+02 2.8172195699999997e+02 3.0719943816032753e+02
1.8422851600000001e+02 2.8173674499999998e+02 3.0702578081572426e+02
1.8427734400000000e+02 2.8178380299999998e+02 3.0723735615228736e+02
1.8432617200000001e+02 2.8177138200000002e+02 3.0679366473639260e+02
1.8437500000000000e+02 2.8180455899999998e+02 3.0688636870453951e+02
1.8442382799999999e+02 2.8185247900000002e+02 3.0716552970485202e+02
1.8447265600000000e+02 2.8184403400000002e+02 3.0682492395864239e+02
1.8452148399999999e+02 2.8191694200000001e+02 3.0742601505541825e+02
1.8457031200000000e+02 2.8192195099999998e+02 3.0727665514887320e+02
1.8461914100000001e+02 2.8191790900000001e+02 3.0704407439059185e+02
1.8466796900000000e+02 2.8198275599999999e+02 3.0761179323674429e+02
1.8471679700000001e+02 2.8190541000000002e+02 3.0658708162319647e+02
1.8476562500000000e+02 2.8191208200000000e+02 3.0653415581838641e+02
1.8481445299999999e+02 2.8194642700000003e+02 3.0681428101588273e+02
1.8486328100000000e+02 2.8194802600000003e+02 3.0674263977975414e+02
1.8491210899999999e+02 2.8197615600000000e+02 3.0699108979430503e+02
1.8496093800000000e+02 2.8198626400000001e+02 3.0705466384456798e+02
1.8500976600000001e+02 2.8198034000000001e+02 3.0695592259841959e+02
1.8505859400000000e+02 2.8199113399999999e+02 3.0706602570915828e+02
1.8510742200000001e+02 2.8196583700000002e+02 3.0678646389398853e+02
1.8515625000000000e+02 2.8199308100000002e+02 3.0712170534466054e+02
1.8520507799999999e+02 2.8195170700000000e+02 3.0669862221501143e+02
1.8525390600000000e+02 2.8198843099999999e+02 3.0717994792362930e+02
1.8530273399999999e+02 2.8200379299999997e+02 3.0743847266440213e+02
1.8535156200000000e+02 2.8195639000000000e+02 3.0700493298462845e+02
1.8540039100000001e+02 2.8189659899999998e+02 3.0645022800018728e+02
1.8544921900000000e+02 2.8189559600000001e+02 3.0658100983161637e+02
1.8549804700000001e+02 2.8188459999999998e+02 3.0661772246622695e+02
1.8554687500000000e+02 2.8188539500000002e+02 3.0680723641250819e+02
1.8559570299999999e+02 2.8183706699999999e+02 3.0645908413760191e+02
1.8564453100000000e+02 2.8183127500000001e+02 3.0661214655154413e+02
1.8569335899999999e+02 2.8181343600000002e+02 3.0664770598970466e+02
1.8574218800000000e+02 2.8178016400000001e+02 3.0652732861141203e+02
1.8579101600000001e+02 2.8173833800000000e+02 3.0632892347387605e+02
1.8583984400000000e+02 2.8178847300000001e+02 3.0719200061786393e+02
1.8588867200000001e+02 2.8166896800000001e+02 3.0615068408014940e+02
1.8593750000000000e+02 2.8168847099999999e+02 3.0670421614977340e+02
1.8598632799999999e+02 2.8165960600000000e+02 3.0672812818442497e+02
1.8603515600000000e+02 2.8163001100000002e+02 3.0676248118483511e+02
1.8608398399999999e+02 2.8150849499999998e+02 3.0577304527062665e+02
1.8613281200000000e+02 2.8146755400000001e+02 3.0571591649295067e+02
1.8618164100000001e+02 2.8146232800000001e+02 3.0608242284872716e+02
1.8623046900000000e+02 2.8147104600000000e+02 3.0662562813784456e+02
1.8627929700000001e+02 2.8141721600000000e+02 3.0647777541283239e+02
1.8632812500000000e+02 2.8138591400000001e+02 3.0660383419100276e+02
1.8637695299999999e+02 2.8134172300000000e+02 3.0660195539324775e+02
1.8642578100000000e+02 2.8129161699999997e+02 3.0655116930982297e+02
1.8647460899999999e+02 2.8122259000000003e+02 3.0630378987556008e+02
1.8652343800000000e+02 2.8116478799999999e+02 3.0620183855329788e+02
1.8657226600000001e+02 2.8110561500000000e+02 3.0610228335040495e+02
1.8662109400000000e+02 2.8107946299999998e+02 3.0639547373991820e+02
1.8666992200000001e+02 2.8102387099999999e+02 3.0637232165540507e+02
1.8671875000000000e+02 2.8097455400000001e+02 3.0643816636265876e+02
1.8676757799999999e+02 2.8085912300000001e+02 3.0577091301728592e+02
1.8681640600000000e+02 2.8081026000000003e+02 3.0587711237392125e+02
1.8686523399999999e+02 2.8084122800000000e+02 3.0690760536775309e+02
1.8691406200000000e+02 2.8070049699999998e+02 3.0600525131197151e+02
1.8696289100000001e+02 2.8063022300000000e+02 3.0592049922188352e+02
1.8701171900000000e+02 2.8061911500000002e+02 3.0652524290869167e+02
1.8706054700000001e+02 2.8053995099999997e+02 3.0637385191556837e+02
1.8710937500000000e+02 2.8041331000000002e+02 3.0569982317099721e+02
1.8715820299999999e+02 2.8035699000000000e+02 3.0584193919260485e+02
1.8720703100000000e+02 2.8032538299999999e+02 3.0628190974143723e+02
1.8725585899999999e+02 2.8020111100000003e+02 3.0568504152948992e+02
1.8730468800000000e+02 2.8014960500000001e+02 3.0593220800093457e+02
1.8735351600000001e+02 2.8010032100000001e+02 3.0622124202114617e+02
1.8740234400000000e+02 2.7996281099999999e+02 3.0552309897765133e+02
1.8745117200000001e+02 2.7990996699999999e+02 3.0580440736233930e+02
1.8750000000000000e+02 2.7982569100000001e+02 3.0574432127395636e+02
1.8754882799999999e+02 2.7973076700000001e+02 3.0557912438062692e+02
1.8759765600000000e+02 2.7960848800000002e+02 3.0511845765228003e+02
1.8764648399999999e+02 2.7952448700000002e+02 3.0510934271095061e+02
1.8769531200000000e+02 2.7943147299999998e+02 3.0501335137924218e+02
1.8774414100000001e+02 2.7936693100000002e+02 3.0525729054585503e+02
1.8779296900000000e+02 2.7930092500000001e+02 3.0550015411002050e+02
1.8784179700000001e+02 2.7920765799999998e+02 3.0544791013168913e+02
1.8789062500000000e+02 2.7916874500000000e+02 3.0603037350917799e+02
1.8793945299999999e+02 2.7903892000000002e+02 3.0559198925598906e+02
1.8798828100000000e+02 2.7892799500000001e+02 3.0538396487361456e+02
1.8803710899999999e+02 2.7884977300000003e+02 3.0556369758858375e+02
1.8808593800000000e+02 2.7872612600000002e+02 3.0524026139020441e+02
1.8813476600000001e+02 2.7861809099999999e+02 3.0510944901727640e+02
1.8818359400000000e+02 2.7856065699999999e+02 3.0557047787464865e+02
1.8823242200000001e+02 2.7837858399999999e+02 3.0462375483222650e+02
1.8828125000000000e+02 2.7826845700000001e+02 3.0451215419926996e+02
1.8833007799999999e+02 2.7814336500000002e+02 3.0424382642832768e+02
1.8837890600000000e+02 2.7804665999999997e+02 3.0431357950944590e+02
1.8842773399999999e+02 2.7796234700000002e+02 3.0453880723964863e+02
1.8847656200000000e+02 2.7790674799999999e+02 3.0510594090054616e+02
1.8852539100000001e+02 2.7780879700000003e+02 3.0520305254391366e+02
1.8857421900000000e+02 2.7765215499999999e+02 3.0464290205183778e+02
1.8862304700000001e+02 2.7753262000000001e+02 3.0452007188763162e+02
1.8867187500000000e+02 2.7745781799999997e+02 3.0492191790638611e+02
1.8872070299999999e+02 2.7729729800000001e+02 3.0435668929982148e+02
1.8876953100000000e+02 2.7721985699999999e+02 3.0475456060225076e+02
1.8881835899999999e+02 2.7714570400000002e+02 3.0520306669332086e+02
1.8886718800000000e+02 2.7697592100000003e+02 3.0456999735056860e+02
1.8891601600000001e+02 2.7686788500000000e+02 3.0465601783027029e+02
1.8896484400000000e+02 2.7678028399999999e+02 3.0498848066513045e+02
1.8901367200000001e+02 2.7667501299999998e+02 3.0513098615246884e+02
1.8906250000000000e+02 2.7647464300000001e+02 3.0419618842888161e+02
1.8911132799999999e+02 2.7641061300000001e+02 3.0483526420310949e+02
1.8916015600000000e+02 2.7626687199999998e+02 3.0457283199997465e+02
1.8920898399999999e+02 2.7606162799999998e+02 3.0361681165213145e+02
1.8925781200000000e+02 2.7598943000000003e+02 3.0419763818576774e+02
1.8930664100000001e+02 2.7585113500000000e+02 3.0403198653911937e+02
1.8935546900000000e+02 2.7577219100000002e+02 3.0455848249099103e+02
1.8940429700000001e+02 2.7560527200000001e+02 3.0408665234127415e+02
1.8945312500000000e+02 2.7544395700000001e+02 3.0368986811026247e+02
1.8950195299999999e+02 2.7540035699999999e+02 3.0465547382809655e+02
1.8955078100000000e+02 2.7523813400000000e+02 3.0426968932280261e+02
1.8959960899999999e+02 2.7505648800000000e+02 3.0367104493198121e+02
1.8964843800000000e+02 2.7491828500000003e+02 3.0358176896004397e+02
1.8969726600000001e+02 2.7480340000000001e+02 3.0377071266458859e+02
1.8974609400000000e+02 2.7467511800000000e+02 3.0381578088049696e+02
1.8979492200000001e+02 2.7451158400000003e+02 3.0346529869990582e+02
1.8984375000000000e+02 2.7440591000000001e+02 3.0379015700761960e+02
1.8989257799999999e+02 2.7427933899999999e+02 3.0388431810641379e+02
1.8994140600000000e+02 2.7405238800000001e+02 3.0283231552112761e+02
1.8999023399999999e+02 2.7403148399999998e+02 3.0416200837803109e+02
