# freq, uncal T[mK], calib T[mK]
5.0000000000000000e+01 3.2640950199999997e+02 3.9353678192528957e+02
5.0048828000000000e+01 3.2637173200000001e+02 3.9340198750028691e+02
5.0097656000000001e+01 3.2633528699999999e+02 3.9327153742241859e+02
5.0146484000000001e+01 3.2629835300000002e+02 3.9313953379727934e+02
5.0195312000000001e+01 3.2632659500000000e+02 3.9321938238521312e+02
5.0244140999999999e+01 3.2628170000000000e+02 3.9306155354086047e+02
5.0292968999999999e+01 3.2627870100000001e+02 3.9303988965432177e+02
5.0341797000000000e+01 3.2630211400000002e+02 3.9310403434438712e+02
5.0390625000000000e+01 3.2632951700000001e+02 3.9318112273380825e+02
5.0439453000000000e+01 3.2633747199999999e+02 3.9319502935265450e+02
5.0488281000000001e+01 3.2636956199999997e+02 3.9328730632434940e+02
5.0537109000000001e+01 3.2643536499999999e+02 3.9348902047642196e+02
5.0585937999999999e+01 3.2641860200000002e+02 3.9342263696291275e+02
5.0634765999999999e+01 3.2631340499999999e+02 3.9306921669858997e+02
5.0683593999999999e+01 3.2635397899999998e+02 3.9318899889365713e+02
5.0732422000000000e+01 3.2631983100000002e+02 3.9306626813404574e+02
5.0781250000000000e+01 3.2632427000000001e+02 3.9306877332720376e+02
5.0830078000000000e+01 3.2640534300000002e+02 3.9331989782631229e+02
5.0878906000000001e+01 3.2642839300000003e+02 3.9338274002008984e+02
5.0927734000000001e+01 3.2637881399999998e+02 3.9321000291594243e+02
5.0976562000000001e+01 3.2641050899999999e+02 3.9330087930774226e+02
5.1025390999999999e+01 3.2640798500000000e+02 3.9328077637511677e+02
5.1074218999999999e+01 3.2642355400000002e+02 3.9331933836829194e+02
5.1123047000000000e+01 3.2642542900000001e+02 3.9331349959685105e+02
5.1171875000000000e+01 3.2640736900000002e+02 3.9324304957935340e+02
5.1220703000000000e+01 3.2639583099999999e+02 3.9319375523033051e+02
5.1269531000000001e+01 3.2640367400000002e+02 3.9320727545788219e+02
5.1318359000000001e+01 3.2638974999999999e+02 3.9315026972104329e+02
5.1367187999999999e+01 3.2640770700000002e+02 3.9319655682296212e+02
5.1416015999999999e+01 3.2644953800000002e+02 3.9332016081668849e+02
5.1464843999999999e+01 3.2646936799999997e+02 3.9337247984940012e+02
5.1513672000000000e+01 3.2637006600000001e+02 3.9303901680497813e+02
5.1562500000000000e+01 3.2633378499999998e+02 3.9290968836927431e+02
5.1611328000000000e+01 3.2643655799999999e+02 3.9323055358248951e+02
5.1660156000000001e+01 3.2635241300000001e+02 3.9294630607083741e+02
5.1708984000000001e+01 3.2643282099999999e+02 3.9319469871519289e+02
5.1757812000000001e+01 3.2639511199999998e+02 3.9306079963010797e+02
5.1806640999999999e+01 3.2647460899999999e+02 3.9330616352048304e+02
5.1855468999999999e+01 3.2644995299999999e+02 3.9321451441682797e+02
5.1904297000000000e+01 3.2643141800000001e+02 3.9314268988894730e+02
5.1953125000000000e+01 3.2650528300000002e+02 3.9336973058841983e+02
5.2001953000000000e+01 3.2647346099999999e+02 3.9325493763534712e+02
5.2050781000000001e+01 3.2646129400000001e+02 3.9320372824149950e+02
5.2099609000000001e+01 3.2645371200000000e+02 3.9316735617069742e+02
5.2148437999999999e+01 3.2642849699999999e+02 3.9307399494055056e+02
5.2197265999999999e+01 3.2650560800000000e+02 3.9331138673385453e+02
5.2246093999999999e+01 3.2650706500000001e+02 3.9330422734579878e+02
5.2294922000000000e+01 3.2649774100000002e+02 3.9326223449937800e+02
5.2343750000000000e+01 3.2646443099999999e+02 3.9314275951159175e+02
5.2392578000000000e+01 3.2655175500000001e+02 3.9341300881638011e+02
5.2441406000000001e+01 3.2654132800000002e+02 3.9336745721296171e+02
5.2490234000000001e+01 3.2648714799999999e+02 3.9318061800380161e+02
5.2539062000000001e+01 3.2647499099999999e+02 3.9312952445483216e+02
5.2587890999999999e+01 3.2656160899999998e+02 3.9339735343257701e+02
5.2636718999999999e+01 3.2649883499999999e+02 3.9318284363446134e+02
5.2685547000000000e+01 3.2651175699999999e+02 3.9321272126088655e+02
5.2734375000000000e+01 3.2644808300000000e+02 3.9299539003809952e+02
5.2783203000000000e+01 3.2644834400000002e+02 3.9298442998033727e+02
5.2832031000000001e+01 3.2647784600000000e+02 3.9306781889143775e+02
5.2880859000000001e+01 3.2659787499999999e+02 3.9344323046069854e+02
5.2929687999999999e+01 3.2657213000000002e+02 3.9334833111529133e+02
5.2978515999999999e+01 3.2656570599999998e+02 3.9331577178314939e+02
5.3027343999999999e+01 3.2655071500000003e+02 3.9325559530815013e+02
5.3076172000000000e+01 3.2650310100000002e+02 3.9309024846052961e+02
5.3125000000000000e+01 3.2654495200000002e+02 3.9321337193655319e+02
5.3173828000000000e+01 3.2654155700000001e+02 3.9319061443313882e+02
5.3222656000000001e+01 3.2657795399999998e+02 3.9329611451037022e+02
5.3271484000000001e+01 3.2658971400000001e+02 3.9332219187145608e+02
5.3320312000000001e+01 3.2660693900000001e+02 3.9336587210585787e+02
5.3369140999999999e+01 3.2664315499999998e+02 3.9347072518161127e+02
5.3417968999999999e+01 3.2654309899999998e+02 3.9313657690113712e+02
5.3466797000000000e+01 3.2655342400000001e+02 3.9315804245202577e+02
5.3515625000000000e+01 3.2656170100000003e+02 3.9317290751321138e+02
5.3564453000000000e+01 3.2661180999999999e+02 3.9332246920774116e+02
5.3613281000000001e+01 3.2653346399999998e+02 3.9305841928036040e+02
5.3662109000000001e+01 3.2654527400000001e+02 3.9308466720752949e+02
5.3710937999999999e+01 3.2654588300000000e+02 3.9307485564892545e+02
5.3759765999999999e+01 3.2659234099999998e+02 3.9321260363789133e+02
5.3808593999999999e+01 3.2663031699999999e+02 3.9332302167484045e+02
5.3857422000000000e+01 3.2660357099999999e+02 3.9322517169729150e+02
5.3906250000000000e+01 3.2664575300000001e+02 3.9334909098097472e+02
5.3955078000000000e+01 3.2668391500000001e+02 3.9346004736902722e+02
5.4003906000000001e+01 3.2665314000000001e+02 3.9334926282719033e+02
5.4052734000000001e+01 3.2656781799999999e+02 3.9306310036007875e+02
5.4101562000000001e+01 3.2660880500000002e+02 3.9318313625296679e+02
5.4150390999999999e+01 3.2666826400000002e+02 3.9336252587239795e+02
5.4199218999999999e+01 3.2664130599999999e+02 3.9326408634066928e+02
5.4248047000000000e+01 3.2662688900000001e+02 3.9320598087935429e+02
5.4296875000000000e+01 3.2660315100000003e+02 3.9311793796432448e+02
5.4345703000000000e+01 3.2660804200000001e+02 3.9312190891593070e+02
5.4394531000000001e+01 3.2659268100000003e+02 3.9306081552409177e+02
5.4443359000000001e+01 3.2662870199999998e+02 3.9316479385853626e+02
5.4492187999999999e+01 3.2664433800000000e+02 3.9320327114925925e+02
5.4541015999999999e+01 3.2664808099999999e+02 3.9320354565551071e+02
5.4589843999999999e+01 3.2664781399999998e+02 3.9319094487085891e+02
5.4638672000000000e+01 3.2669007099999999e+02 3.9331487565813927e+02
5.4687500000000000e+01 3.2663180199999999e+02 3.9311606938247297e+02
5.4736328000000000e+01 3.2665802700000000e+02 3.9318852063367541e+02
5.4785156000000001e+01 3.2666021100000000e+02 3.9318379857472695e+02
5.4833984000000001e+01 3.2662158599999998e+02 3.9304812743171715e+02
5.4882812000000001e+01 3.2665053699999999e+02 3.9312930815768385e+02
5.4931640999999999e+01 3.2671937300000002e+02 3.9333842043693778e+02
5.4980468999999999e+01 3.2673152599999997e+02 3.9336566175993613e+02
5.5029297000000000e+01 3.2670939099999998e+02 3.9328292917980826e+02
5.5078125000000000e+01 3.2673822300000000e+02 3.9336365822056285e+02
5.5126953000000000e+01 3.2671228100000002e+02 3.9326874359224973e+02
5.5175781000000001e+01 3.2664277199999998e+02 3.9303418383241660e+02
5.5224609000000001e+01 3.2668973399999999e+02 3.9317303232239283e+02
5.5273437999999999e+01 3.2667947400000003e+02 3.9312844552235197e+02
5.5322265999999999e+01 3.2674298700000003e+02 3.9332028661276058e+02
5.5371093999999999e+01 3.2670078899999999e+02 3.9317335896859419e+02
5.5419922000000000e+01 3.2672420499999998e+02 3.9323668382022163e+02
5.5468750000000000e+01 3.2670917600000001e+02 3.9317684035336151e+02
5.5517578000000000e+01 3.2673214400000001e+02 3.9323871538886488e+02
5.5566406000000001e+01 3.2669970300000000e+02 3.9312312803304553e+02
5.5615234000000001e+01 3.2669618800000001e+02 3.9310019569776574e+02
5.5664062000000001e+01 3.2672112800000002e+02 3.9316837355038763e+02
5.5712890999999999e+01 3.2675723399999998e+02 3.9327227916911397e+02
5.5761718999999999e+01 3.2672998200000001e+02 3.9317336250623515e+02
5.5810547000000000e+01 3.2672950800000001e+02 3.9316017294634435e+02
5.5859375000000000e+01 3.2673122899999998e+02 3.9315401203427439e+02
5.5908203000000000e+01 3.2680945600000001e+02 3.9339263698303705e+02
5.5957031000000001e+01 3.2677965100000000e+02 3.9328559455550311e+02
5.6005859000000001e+01 3.2672459400000002e+02 3.9309780874829374e+02
5.6054687999999999e+01 3.2674919899999998e+02 3.9316485313280782e+02
5.6103515999999999e+01 3.2681766299999998e+02 3.9337213500045158e+02
5.6152343999999999e+01 3.2675700100000000e+02 3.9316649479180893e+02
5.6201172000000000e+01 3.2679737100000000e+02 3.9328390812767657e+02
5.6250000000000000e+01 3.2686405500000001e+02 3.9348540605151351e+02
5.6298828000000000e+01 3.2679940599999998e+02 3.9326709351710912e+02
5.6347656000000001e+01 3.2682419299999998e+02 3.9333465215631065e+02
5.6396484000000001e+01 3.2681859500000002e+02 3.9330510531310489e+02
5.6445312000000001e+01 3.2677468099999999e+02 3.9315315300705350e+02
5.6494140999999999e+01 3.2681457899999998e+02 3.9326897512544224e+02
5.6542968999999999e+01 3.2682942000000003e+02 3.9330473555449544e+02
5.6591797000000000e+01 3.2683841500000000e+02 3.9332181813458078e+02
5.6640625000000000e+01 3.2680111299999999e+02 3.9319106289227074e+02
5.6689453000000000e+01 3.2679180800000000e+02 3.9314973132605780e+02
5.6738281000000001e+01 3.2682445600000000e+02 3.9324234027174634e+02
5.6787109000000001e+01 3.2679203600000000e+02 3.9312723459279994e+02
5.6835937999999999e+01 3.2683861200000001e+02 3.9326427585678834e+02
5.6884765999999999e+01 3.2684519399999999e+02 3.9327365884763987e+02
5.6933593999999999e+01 3.2680831599999999e+02 3.9314437509198899e+02
5.6982422000000000e+01 3.2680919299999999e+02 3.9313557412252845e+02
5.7031250000000000e+01 3.2685034200000001e+02 3.9325523700539571e+02
5.7080078000000000e+01 3.2682165800000001e+02 3.9315214518824916e+02
5.7128906000000001e+01 3.2686666800000000e+02 3.9328408993977490e+02
5.7177734000000001e+01 3.2686703299999999e+02 3.9327364867751470e+02
5.7226562000000001e+01 3.2688123100000001e+02 3.9330731307049803e+02
5.7275390999999999e+01 3.2687557500000003e+02 3.9327768114301716e+02
5.7324218999999999e+01 3.2684787699999998e+02 3.9317780462036262e+02
5.7373047000000000e+01 3.2691293100000001e+02 3.9337354430814867e+02
5.7421875000000000e+01 3.2691662100000002e+02 3.9337370081182758e+02
5.7470703000000000e+01 3.2683214500000003e+02 3.9309295950304767e+02
5.7519531000000001e+01 3.2681653499999999e+02 3.9303167382520650e+02
5.7568359000000001e+01 3.2688314000000003e+02 3.9323227619063221e+02
5.7617187999999999e+01 3.2692615499999999e+02 3.9335769838489921e+02
5.7666015999999999e+01 3.2685017299999998e+02 3.9310416123228850e+02
5.7714843999999999e+01 3.2688852600000001e+02 3.9321472724353970e+02
5.7763672000000000e+01 3.2687070799999998e+02 3.9314644468430771e+02
5.7812500000000000e+01 3.2689897000000002e+02 3.9322485869590543e+02
5.7861328000000000e+01 3.2687967099999997e+02 3.9315188248630415e+02
5.7910156000000001e+01 3.2687940600000002e+02 3.9313949819408958e+02
5.7958984000000001e+01 3.2691643099999999e+02 3.9324576958664937e+02
5.8007812000000001e+01 3.2688994700000001e+02 3.9314996585078245e+02
5.8056640999999999e+01 3.2690038900000002e+02 3.9317165043529315e+02
5.8105468999999999e+01 3.2688235200000003e+02 3.9310275135244132e+02
5.8154297000000000e+01 3.2690831300000002e+02 3.9317379305614185e+02
5.8203125000000000e+01 3.2700348500000001e+02 3.9346489146740572e+02
5.8251953000000000e+01 3.2697223600000001e+02 3.9335398076051348e+02
5.8300781000000001e+01 3.2695142900000002e+02 3.9327629510796896e+02
5.8349609000000001e+01 3.2688400700000000e+02 3.9305046586403023e+02
5.8398437999999999e+01 3.2696378399999998e+02 3.9329250773714892e+02
5.8447265999999999e+01 3.2698455000000001e+02 3.9334697093068610e+02
5.8496093999999999e+01 3.2699140499999999e+02 3.9335722288625556e+02
5.8544922000000000e+01 3.2693983500000002e+02 3.9318186753142191e+02
5.8593750000000000e+01 3.2695474600000000e+02 3.9321773113688818e+02
5.8642578000000000e+01 3.2692436199999997e+02 3.9310973023973247e+02
5.8691406000000001e+01 3.2690424800000000e+02 3.9303437263989792e+02
5.8740234000000001e+01 3.2693478499999998e+02 3.9311986192487882e+02
5.8789062000000001e+01 3.2698664700000000e+02 3.9327303216641400e+02
5.8837890999999999e+01 3.2699611800000002e+02 3.9329160060360761e+02
5.8886718999999999e+01 3.2700060100000002e+02 3.9329433469919292e+02
5.8935547000000000e+01 3.2693554399999999e+02 3.9307638437005033e+02
5.8984375000000000e+01 3.2690852799999999e+02 3.9297920037326821e+02
5.9033203000000000e+01 3.2695572199999998e+02 3.9311748778522320e+02
5.9082031000000001e+01 3.2696233599999999e+02 3.9312701055760510e+02
5.9130859000000001e+01 3.2703848599999998e+02 3.9335709007654566e+02
5.9179687999999999e+01 3.2699913500000002e+02 3.9322080767814469e+02
5.9228515999999999e+01 3.2702371399999998e+02 3.9328728602521034e+02
5.9277343999999999e+01 3.2702640400000001e+02 3.9328434755420494e+02
5.9326172000000000e+01 3.2697474099999999e+02 3.9310910250457277e+02
5.9375000000000000e+01 3.2700954600000000e+02 3.9320798907176641e+02
5.9423828000000000e+01 3.2706677200000001e+02 3.9337791190715473e+02
5.9472656000000001e+01 3.2698779600000000e+02 3.9311617545898338e+02
5.9521484000000001e+01 3.2701996700000001e+02 3.9320668210427834e+02
5.9570312000000001e+01 3.2699441700000000e+02 3.9311430000977703e+02
5.9619140999999999e+01 3.2698914300000001e+02 3.9308617208652447e+02
5.9667968999999999e+01 3.2696956999999998e+02 3.9301276451151568e+02
5.9716797000000000e+01 3.2705049600000001e+02 3.9325764628049757e+02
5.9765625000000000e+01 3.2708163900000000e+02 3.9334482988392142e+02
5.9814453000000000e+01 3.2704095899999999e+02 3.9320459713034387e+02
5.9863281000000001e+01 3.2701594899999998e+02 3.9311400846197256e+02
5.9912109000000001e+01 3.2703985799999998e+02 3.9317828522409070e+02
5.9960937999999999e+01 3.2703272900000002e+02 3.9314431733236762e+02
6.0009765999999999e+01 3.2702048800000000e+02 3.9309418402267681e+02
6.0058593999999999e+01 3.2704864400000002e+02 3.9317188159748463e+02
6.0107422000000000e+01 3.2707988899999998e+02 3.9325933322332367e+02
6.0156250000000000e+01 3.2703218299999997e+02 3.9309702853581774e+02
6.0205078000000000e+01 3.2703763199999997e+02 3.9310288453923079e+02
6.0253906000000001e+01 3.2713358899999997e+02 3.9339495885914999e+02
6.0302734000000001e+01 3.2707841500000001e+02 3.9320909243427138e+02
6.0351562000000001e+01 3.2706321600000001e+02 3.9314965834575708e+02
6.0400390999999999e+01 3.2704681699999998e+02 3.9308644812800048e+02
6.0449218999999999e+01 3.2712008100000003e+02 3.9330665491249556e+02
6.0498047000000000e+01 3.2711163900000003e+02 3.9326859144561172e+02
6.0546875000000000e+01 3.2710543999999999e+02 3.9323762750374738e+02
6.0595703000000000e+01 3.2708075600000001e+02 3.9314827073230674e+02
6.0644531000000001e+01 3.2713957799999997e+02 3.9332274005783319e+02
6.0693359000000001e+01 3.2711117100000001e+02 3.9322163982603877e+02
6.0742187999999999e+01 3.2706800800000002e+02 3.9307396455691838e+02
6.0791015999999999e+01 3.2712593800000002e+02 3.9324556498878775e+02
6.0839843999999999e+01 3.2716724699999997e+02 3.9336464340077202e+02
6.0888672000000000e+01 3.2719148100000001e+02 3.9342978693860795e+02
6.0937500000000000e+01 3.2717956299999997e+02 3.9338079795029194e+02
6.0986328000000000e+01 3.2718916400000001e+02 3.9339974199538557e+02
6.1035156000000001e+01 3.2715349600000002e+02 3.9327582370264651e+02
6.1083984000000001e+01 3.2714101799999997e+02 3.9322511290671548e+02
6.1132812000000001e+01 3.2708277099999998e+02 3.9303001730309069e+02
6.1181640999999999e+01 3.2717477100000002e+02 3.9330893816665548e+02
6.1230468999999999e+01 3.2717124000000001e+02 3.9328646931829263e+02
6.1279297000000000e+01 3.2711876200000000e+02 3.9310964177104722e+02
6.1328125000000000e+01 3.2717312700000002e+02 3.9326977465461937e+02
6.1376953000000000e+01 3.2714880399999998e+02 3.9318177010373722e+02
6.1425781000000001e+01 3.2714306099999999e+02 3.9315236438923858e+02
6.1474609000000001e+01 3.2715644700000001e+02 3.9318326531927966e+02
6.1523437999999999e+01 3.2720451000000003e+02 3.9332345214608176e+02
6.1572265999999999e+01 3.2718655999999999e+02 3.9325557794557534e+02
6.1621093999999999e+01 3.2718051800000001e+02 3.9322524433469584e+02
6.1669922000000000e+01 3.2720089999999999e+02 3.9327816934593619e+02
6.1718750000000000e+01 3.2720852900000000e+02 3.9329090980619929e+02
6.1767578000000000e+01 3.2729753899999997e+02 3.9355997331724137e+02
6.1816406000000001e+01 3.2728653300000002e+02 3.9351399177052406e+02
6.1865234000000001e+01 3.2715944900000000e+02 3.9310250987704660e+02
6.1914062000000001e+01 3.2720170600000000e+02 3.9322430008922089e+02
6.1962890999999999e+01 3.2718649399999998e+02 3.9316514517034238e+02
6.2011718999999999e+01 3.2713404600000001e+02 3.9298880194676985e+02
6.2060547000000000e+01 3.2714820500000002e+02 3.9302213499381082e+02
6.2109375000000000e+01 3.2715046999999998e+02 3.9301803312906583e+02
6.2158203000000000e+01 3.2719301600000000e+02 3.9314067614454376e+02
6.2207031000000001e+01 3.2721269999999998e+02 3.9319136523894844e+02
6.2255859000000001e+01 3.2723858899999999e+02 3.9326156213506454e+02
6.2304687999999999e+01 3.2720614999999998e+02 3.9314828842184534e+02
6.2353515999999999e+01 3.2723032999999998e+02 3.9321310277604078e+02
6.2402343999999999e+01 3.2724362900000000e+02 3.9324368833846427e+02
6.2451172000000000e+01 3.2720190600000001e+02 3.9310127854406295e+02
6.2500000000000000e+01 3.2720738399999999e+02 3.9310728896043895e+02
6.2548828000000000e+01 3.2723750400000000e+02 3.9319075489784768e+02
6.2597656000000001e+01 3.2724275699999998e+02 3.9319604967040715e+02
6.2646484000000001e+01 3.2726414100000000e+02 3.9325203534604816e+02
6.2695312000000001e+01 3.2719918400000000e+02 3.9303672609661174e+02
6.2744140999999999e+01 3.2726210600000002e+02 3.9322321753920858e+02
6.2792968999999999e+01 3.2730250999999998e+02 3.9333893041091761e+02
6.2841797000000000e+01 3.2729915499999998e+02 3.9331717830679099e+02
6.2890625000000000e+01 3.2729816000000000e+02 3.9330284537627716e+02
6.2939453000000000e+01 3.2725594400000000e+02 3.9315908530345820e+02
6.2988281000000001e+01 3.2729574600000001e+02 3.9327286625780715e+02
6.3037109000000001e+01 3.2726914499999998e+02 3.9317816968774883e+02
6.3085937999999999e+01 3.2731552099999999e+02 3.9331255776425388e+02
6.3134765999999999e+01 3.2729563200000001e+02 3.9323894974551632e+02
6.3183593999999999e+01 3.2730996199999998e+02 3.9327274111588406e+02
6.3232422000000000e+01 3.2728694000000002e+02 3.9318933167133508e+02
6.3281250000000000e+01 3.2724739099999999e+02 3.9305409790657558e+02
6.3330078000000000e+01 3.2729637000000002e+02 3.9319659281212097e+02
6.3378906000000001e+01 3.2734663899999998e+02 3.9334309955875653e+02
6.3427734000000001e+01 3.2730380400000001e+02 3.9319760023424396e+02
6.3476562000000001e+01 3.2731883900000003e+02 3.9323359561550023e+02
6.3525390999999999e+01 3.2736559299999999e+02 3.9336902824905610e+02
6.3574218999999999e+01 3.2731492600000001e+02 3.9319903694235654e+02
6.3623047000000000e+01 3.2730644200000000e+02 3.9316130831892173e+02
6.3671875000000000e+01 3.2734116799999998e+02 3.9325901034467529e+02
6.3720703000000000e+01 3.2730413499999997e+02 3.9313182828044597e+02
6.3769531000000001e+01 3.2729961200000002e+02 3.9310654026843412e+02
6.3818359000000001e+01 3.2738162999999997e+02 3.9335237388960712e+02
6.3867187999999999e+01 3.2730421799999999e+02 3.9309875360798821e+02
6.3916015999999999e+01 3.2731030299999998e+02 3.9310671058057562e+02
6.3964843999999999e+01 3.2734480300000001e+02 3.9320365149820452e+02
6.4013672000000000e+01 3.2734365500000001e+02 3.9318895013815813e+02
6.4062500000000000e+01 3.2731144499999999e+02 3.9307700685760267e+02
6.4111328000000000e+01 3.2737313999999998e+02 3.9325905233320390e+02
6.4160156000000001e+01 3.2737659300000001e+02 3.9325875781786880e+02
6.4208984000000001e+01 3.2737016199999999e+02 3.9322753305002624e+02
6.4257812000000001e+01 3.2733865100000003e+02 3.9311783879252965e+02
6.4306640999999999e+01 3.2737524900000000e+02 3.9322127293746416e+02
6.4355468999999999e+01 3.2739443399999999e+02 3.9327020888664799e+02
6.4404297000000000e+01 3.2739712400000002e+02 3.9326753868030738e+02
6.4453125000000000e+01 3.2737522500000000e+02 3.9318796725320243e+02
6.4501953000000000e+01 3.2738862000000000e+02 3.9321878969357959e+02
6.4550781000000001e+01 3.2734380599999997e+02 3.9306759898741461e+02
6.4599609000000001e+01 3.2740030899999999e+02 3.9323320671511880e+02
6.4648437999999999e+01 3.2742235299999999e+02 3.9329105567964814e+02
6.4697265999999999e+01 3.2738538799999998e+02 3.9316445363156680e+02
6.4746093999999999e+01 3.2740169400000002e+02 3.9320436935732477e+02
6.4794922000000000e+01 3.2746076299999999e+02 3.9337790399519531e+02
6.4843750000000000e+01 3.2742249199999998e+02 3.9324726601854655e+02
6.4892578000000000e+01 3.2740518600000001e+02 3.9318215881207027e+02
6.4941406000000001e+01 3.2741194000000002e+02 3.9319222512571190e+02
6.4990234000000001e+01 3.2742412400000001e+02 3.9321925055893354e+02
6.5039062000000001e+01 3.2742248999999998e+02 3.9320312025939722e+02
6.5087890999999999e+01 3.2736629199999999e+02 3.9301662323370783e+02
6.5136718999999999e+01 3.2740064699999999e+02 3.9311288712059280e+02
6.5185547000000000e+01 3.2744569899999999e+02 3.9324252154472151e+02
6.5234375000000000e+01 3.2747149899999999e+02 3.9331203521141890e+02
6.5283203000000000e+01 3.2744587400000000e+02 3.9322104325001061e+02
6.5332031000000001e+01 3.2747972700000003e+02 3.9331567630598317e+02
6.5380859000000001e+01 3.2748658499999999e+02 3.9332606146713107e+02
6.5429687999999999e+01 3.2748394900000000e+02 3.9330682802855074e+02
6.5478515999999999e+01 3.2742350599999997e+02 3.9310728528868589e+02
6.5527343999999999e+01 3.2744383599999998e+02 3.9315971824309366e+02
6.5576172000000000e+01 3.2746869500000003e+02 3.9322626424144551e+02
6.5625000000000000e+01 3.2745469500000002e+02 3.9317162927957685e+02
6.5673828000000000e+01 3.2752396199999998e+02 3.9337661383253675e+02
6.5722656000000001e+01 3.2755147799999997e+02 3.9345139778613543e+02
6.5771484000000001e+01 3.2751571100000001e+02 3.9332891649336040e+02
6.5820312000000001e+01 3.2750774400000000e+02 3.9329310849331893e+02
6.5869140999999999e+01 3.2745562999999999e+02 3.9311974316512527e+02
6.5917968999999999e+01 3.2750727599999999e+02 3.9326971535856291e+02
6.5966797000000000e+01 3.2746157599999998e+02 3.9311638392979955e+02
6.6015625000000000e+01 3.2746125899999998e+02 3.9310446055528996e+02
6.6064453000000000e+01 3.2747353299999997e+02 3.9313175849149144e+02
6.6113281000000001e+01 3.2749949099999998e+02 3.9320166677330116e+02
6.6162109000000001e+01 3.2756024600000001e+02 3.9337991104267002e+02
6.6210937999999999e+01 3.2756278800000001e+02 3.9337687197429727e+02
6.6259765999999999e+01 3.2757597299999998e+02 3.9340696837463429e+02
6.6308593999999999e+01 3.2751899400000002e+02 3.9321866532516725e+02
6.6357422000000000e+01 3.2754404199999999e+02 3.9328569974243027e+02
6.6406250000000000e+01 3.2757477000000000e+02 3.9337039527024302e+02
6.6455078000000000e+01 3.2749475799999999e+02 3.9311050927144458e+02
6.6503906000000001e+01 3.2750118400000002e+02 3.9311960558657671e+02
6.6552734000000001e+01 3.2752738299999999e+02 3.9319020970751302e+02
6.6601562000000001e+01 3.2753744300000000e+02 3.9321060181694992e+02
6.6650390999999999e+01 3.2754710899999998e+02 3.9322976593519166e+02
6.6699218999999999e+01 3.2751974100000001e+02 3.9313377049273601e+02
6.6748047000000000e+01 3.2750737700000002e+02 3.9308445098037174e+02
6.6796875000000000e+01 3.2755713500000002e+02 3.9322826717308919e+02
6.6845703000000000e+01 3.2757302399999998e+02 3.9326677353606590e+02
6.6894531000000001e+01 3.2753703899999999e+02 3.9314405081865164e+02
6.6943359000000001e+01 3.2752856000000003e+02 3.9310683818666530e+02
6.6992187999999999e+01 3.2758903199999997e+02 3.9328388043332842e+02
6.7041015999999999e+01 3.2760910300000000e+02 3.9333536386677827e+02
6.7089843999999999e+01 3.2758116799999999e+02 3.9323771109434620e+02
6.7138672000000000e+01 3.2759831600000001e+02 3.9328011390253522e+02
6.7187500000000000e+01 3.2760415599999999e+02 3.9328739035954715e+02
6.7236328000000000e+01 3.2762319800000000e+02 3.9333566308552764e+02
6.7285156000000001e+01 3.2755823299999997e+02 3.9312309694362250e+02
6.7333984000000001e+01 3.2754317300000002e+02 3.9306551492942549e+02
6.7382812000000001e+01 3.2758584800000000e+02 3.9318716406610417e+02
6.7431640999999999e+01 3.2763682999999997e+02 3.9333456776437504e+02
6.7480468999999999e+01 3.2762337300000002e+02 3.9328196361446771e+02
6.7529297000000000e+01 3.2752833800000002e+02 3.9297624510218213e+02
6.7578125000000000e+01 3.2754078399999997e+02 3.9300406901832895e+02
6.7626953000000000e+01 3.2766194300000001e+02 3.9336913275015951e+02
6.7675781000000001e+01 3.2766177499999998e+02 3.9335778065527114e+02
6.7724609000000001e+01 3.2762971499999998e+02 3.9324752492722251e+02
6.7773437999999999e+01 3.2765998200000001e+02 3.9333057472018965e+02
6.7822265999999999e+01 3.2768205499999999e+02 3.9338820044278310e+02
6.7871093999999999e+01 3.2763394299999999e+02 3.9322822540368765e+02
6.7919922000000000e+01 3.2767852399999998e+02 3.9335562615060542e+02
6.7968750000000000e+01 3.2769170100000002e+02 3.9338566276115870e+02
6.8017578000000000e+01 3.2764880199999999e+02 3.9324191123361709e+02
6.8066406000000001e+01 3.2762272500000000e+02 3.9315032418130988e+02
6.8115234000000001e+01 3.2759982700000000e+02 3.9306861207533859e+02
6.8164062000000001e+01 3.2765917700000000e+02 3.9324172046582123e+02
6.8212890999999999e+01 3.2768748699999998e+02 3.9331864105169768e+02
6.8261718999999999e+01 3.2772434700000002e+02 3.9342202619278856e+02
6.8310547000000000e+01 3.2767965700000002e+02 3.9327284717608973e+02
6.8359375000000000e+01 3.2765177899999998e+02 3.9317576424021746e+02
6.8408203000000000e+01 3.2766152000000000e+02 3.9319517652414805e+02
6.8457031000000001e+01 3.2769463700000000e+02 3.9328694992532877e+02
6.8505859000000001e+01 3.2764486099999999e+02 3.9312213009801894e+02
6.8554687999999999e+01 3.2767884500000002e+02 3.9321657839330635e+02
6.8603515999999999e+01 3.2767100599999998e+02 3.9318158632236509e+02
6.8652343999999999e+01 3.2768387200000001e+02 3.9321066875973133e+02
6.8701172000000000e+01 3.2764314300000001e+02 3.9307393962516454e+02
6.8750000000000000e+01 3.2769558999999998e+02 3.9322547058935402e+02
6.8798828000000000e+01 3.2768543799999998e+02 3.9318335183778413e+02
6.8847656000000001e+01 3.2770863100000003e+02 3.9324436771214278e+02
6.8896484000000001e+01 3.2772008399999999e+02 3.9326906914089284e+02
6.8945312000000001e+01 3.2771199700000000e+02 3.9323335352861284e+02
6.8994140999999999e+01 3.2773587900000001e+02 3.9329647883174658e+02
6.9042968999999999e+01 3.2781791700000002e+02 3.9353935395767343e+02
6.9091797000000000e+01 3.2768186500000002e+02 3.9310813080472650e+02
6.9140625000000000e+01 3.2765257100000002e+02 3.9300692831096649e+02
6.9189453000000000e+01 3.2773824200000001e+02 3.9326098341142108e+02
6.9238281000000001e+01 3.2774568199999999e+02 3.9327328290623052e+02
6.9287109000000001e+01 3.2769602400000002e+02 3.9310919870153180e+02
6.9335937999999999e+01 3.2779035099999999e+02 3.9338989201904036e+02
6.9384765999999999e+01 3.2771559600000001e+02 3.9314833045777470e+02
6.9433593999999999e+01 3.2777647700000000e+02 3.9332567470015260e+02
6.9482422000000000e+01 3.2770608499999997e+02 3.9309765728466738e+02
6.9531250000000000e+01 3.2775984799999998e+02 3.9325299488870695e+02
6.9580078000000000e+01 3.2778568100000001e+02 3.9332208118444282e+02
6.9628906000000001e+01 3.2775139100000001e+02 3.9320558480723992e+02
6.9677734000000001e+01 3.2777290299999999e+02 3.9326133059247525e+02
6.9726562000000001e+01 3.2775187699999998e+02 3.9318580496615829e+02
6.9775390999999999e+01 3.2774285700000001e+02 3.9314734315367645e+02
6.9824218999999999e+01 3.2779883599999999e+02 3.9330941375136950e+02
6.9873047000000000e+01 3.2778370300000000e+02 3.9325209602499041e+02
6.9921875000000000e+01 3.2781473499999998e+02 3.9333717792875058e+02
6.9970703000000000e+01 3.2777135600000003e+02 3.9319277049025578e+02
7.0019531000000001e+01 3.2781556599999999e+02 3.9331847837763468e+02
7.0068359000000001e+01 3.2779017299999998e+02 3.9322956658848364e+02
7.0117187999999999e+01 3.2775626199999999e+02 3.9311442069514806e+02
7.0166015999999999e+01 3.2774014699999998e+02 3.9305415915043540e+02
7.0214843999999999e+01 3.2780013000000002e+02 3.9322844561843999e+02
7.0263672000000000e+01 3.2783475900000002e+02 3.9332456210741088e+02
7.0312500000000000e+01 3.2781060400000001e+02 3.9323953273759440e+02
7.0361328000000000e+01 3.2777402799999999e+02 3.9311626007894375e+02
7.0410156000000001e+01 3.2775961000000001e+02 3.9306127694712950e+02
7.0458984000000001e+01 3.2776435400000003e+02 3.9306533045744544e+02
7.0507812000000001e+01 3.2774618700000002e+02 3.9299882691187639e+02
7.0556640999999999e+01 3.2784710699999999e+02 3.9329904947821240e+02
7.0605468999999999e+01 3.2783726999999999e+02 3.9325818706477992e+02
7.0654297000000000e+01 3.2784841699999998e+02 3.9328193825585907e+02
7.0703125000000000e+01 3.2787213700000001e+02 3.9334438873854424e+02
7.0751953000000000e+01 3.2781155000000001e+02 3.9314734490029701e+02
7.0800781000000001e+01 3.2784799600000002e+02 3.9324896597215280e+02
7.0849609000000001e+01 3.2785106300000001e+02 3.9324785556454339e+02
7.0898437999999999e+01 3.2786629099999999e+02 3.9328416387150577e+02
7.0947265999999999e+01 3.2785845899999998e+02 3.9324952638750733e+02
7.0996093999999999e+01 3.2782777199999998e+02 3.9314459932340549e+02
7.1044922000000000e+01 3.2785896000000002e+02 3.9323000213739681e+02
7.1093750000000000e+01 3.2788088599999998e+02 3.9328690457371567e+02
7.1142578000000000e+01 3.2784647699999999e+02 3.9317057539425338e+02
7.1191406000000001e+01 3.2786406199999999e+02 3.9321413084107053e+02
7.1240234000000001e+01 3.2782938000000001e+02 3.9309700531733461e+02
7.1289062000000001e+01 3.2789447300000000e+02 3.9328659101647480e+02
7.1337890999999999e+01 3.2790320900000000e+02 3.9330292912207625e+02
7.1386718999999999e+01 3.2789210700000001e+02 3.9325830483338507e+02
7.1435547000000000e+01 3.2791015800000002e+02 3.9330326974304063e+02
7.1484375000000000e+01 3.2788208800000001e+02 3.9320653255181048e+02
7.1533203000000000e+01 3.2793011000000001e+02 3.9334356527825810e+02
7.1582031000000001e+01 3.2792780399999998e+02 3.9332598619268271e+02
7.1630859000000001e+01 3.2783121799999998e+02 3.9301886987478565e+02
7.1679687999999999e+01 3.2788899400000003e+02 3.9318583620616346e+02
7.1728515999999999e+01 3.2792853500000001e+02 3.9329677715967455e+02
7.1777343999999999e+01 3.2785548899999998e+02 3.9306205229240476e+02
7.1826172000000000e+01 3.2793123400000002e+02 3.9328412012762089e+02
7.1875000000000000e+01 3.2789390300000002e+02 3.9315907790706876e+02
7.1923828000000000e+01 3.2790692700000000e+02 3.9318860265420483e+02
7.1972656000000001e+01 3.2796962400000001e+02 3.9337054571381253e+02
7.2021484000000001e+01 3.2789690999999999e+02 3.9313698692337550e+02
7.2070312000000001e+01 3.2793922500000002e+02 3.9325637082398492e+02
7.2119140999999999e+01 3.2795529699999997e+02 3.9329523071510863e+02
7.2167968999999999e+01 3.2792533200000003e+02 3.9319288715635429e+02
7.2216797000000000e+01 3.2790685800000000e+02 3.9312581031480255e+02
7.2265625000000000e+01 3.2795918399999999e+02 3.9327584668977607e+02
7.2314453000000000e+01 3.2798350199999999e+02 3.9333997932133718e+02
7.2363281000000001e+01 3.2790574800000002e+02 3.9309119132954203e+02
7.2412109000000001e+01 3.2793486400000000e+02 3.9317004350748226e+02
7.2460937999999999e+01 3.2793642699999998e+02 3.9316443433793432e+02
7.2509765999999999e+01 3.2789935000000003e+02 3.9304041904041469e+02
7.2558593999999999e+01 3.2793679500000002e+02 3.9314477866298154e+02
7.2607422000000000e+01 3.2798319500000002e+02 3.9327655185753451e+02
7.2656250000000000e+01 3.2798451100000000e+02 3.9327018812037920e+02
7.2705078000000000e+01 3.2795550500000002e+02 3.9317095299395379e+02
7.2753906000000001e+01 3.2793407100000002e+02 3.9309493482539114e+02
7.2802734000000001e+01 3.2800335899999999e+02 3.9329675163421200e+02
7.2851562000000001e+01 3.2799289700000003e+02 3.9325433763166268e+02
7.2900390999999999e+01 3.2793243200000001e+02 3.9305885140668886e+02
7.2949218999999999e+01 3.2789754900000003e+02 3.9294172563422353e+02
7.2998047000000000e+01 3.2797607399999998e+02 3.9317174863184033e+02
7.3046875000000000e+01 3.2802465500000000e+02 3.9331007835665429e+02
7.3095703000000000e+01 3.2803205600000001e+02 3.9332236495158821e+02
7.3144531000000001e+01 3.2802927499999998e+02 3.9330349787480492e+02
7.3193359000000001e+01 3.2801359400000001e+02 3.9324517305757115e+02
7.3242187999999999e+01 3.2804621100000003e+02 3.9333460653711899e+02
7.3291015999999999e+01 3.2796285699999999e+02 3.9306931384508550e+02
7.3339843999999999e+01 3.2794383699999997e+02 3.9300083552871342e+02
7.3388672000000000e+01 3.2799627500000003e+02 3.9315088532622366e+02
7.3437500000000000e+01 3.2807031799999999e+02 3.9336695959331973e+02
7.3486328000000000e+01 3.2805914500000000e+02 3.9332246868911801e+02
7.3535156000000001e+01 3.2804058800000001e+02 3.9325542024779821e+02
7.3583984000000001e+01 3.2800206200000002e+02 3.9312735747744853e+02
7.3632812000000001e+01 3.2802994899999999e+02 3.9320228908359820e+02
7.3681640999999999e+01 3.2803185999999999e+02 3.9319783141245279e+02
7.3730468999999999e+01 3.2807240500000000e+02 3.9331141702446916e+02
7.3779297000000000e+01 3.2804144200000002e+02 3.9320652531316028e+02
7.3828125000000000e+01 3.2805757000000000e+02 3.9324550512656214e+02
7.3876953000000000e+01 3.2805385899999999e+02 3.9322388598658677e+02
7.3925781000000001e+01 3.2807835299999999e+02 3.9328840916520352e+02
7.3974609000000001e+01 3.2805924399999998e+02 3.9321977841789629e+02
7.4023437999999999e+01 3.2805680699999999e+02 3.9320206868210812e+02
7.4072265999999999e+01 3.2808597400000002e+02 3.9328084623775533e+02
7.4121093999999999e+01 3.2812324899999999e+02 3.9338435709785347e+02
7.4169922000000000e+01 3.2804987299999999e+02 3.9315013429365871e+02
7.4218750000000000e+01 3.2804285199999998e+02 3.9311846474026834e+02
7.4267578000000000e+01 3.2806644499999999e+02 3.9318021900487736e+02
7.4316406000000001e+01 3.2812435900000003e+02 3.9334667379780626e+02
7.4365234000000001e+01 3.2820136800000000e+02 3.9357134346471537e+02
7.4414062000000001e+01 3.2809336999999999e+02 3.9323164718943019e+02
7.4462890999999999e+01 3.2808175799999998e+02 3.9318599986846027e+02
7.4511718999999999e+01 3.2806377600000002e+02 3.9312094120139932e+02
7.4560547000000000e+01 3.2808169500000002e+02 3.9316536881511831e+02
7.4609375000000000e+01 3.2809123000000000e+02 3.9318422788366087e+02
7.4658203000000000e+01 3.2806661700000001e+02 3.9309898754587414e+02
7.4707031000000001e+01 3.2810587900000002e+02 3.9320846634429944e+02
7.4755859000000001e+01 3.2814430800000002e+02 3.9331538361951232e+02
7.4804687999999999e+01 3.2812617599999999e+02 3.9324991695874746e+02
7.4853515999999999e+01 3.2812681900000001e+02 3.9324167642979455e+02
7.4902343999999999e+01 3.2811409600000002e+02 3.9319271957056827e+02
7.4951172000000000e+01 3.2816003499999999e+02 3.9332247816705427e+02
7.5000000000000000e+01 3.2819686400000001e+02 3.9342446093822673e+02
7.5048828000000000e+01 3.2815495199999998e+02 3.9328661225629156e+02
7.5097656000000001e+01 3.2816217699999999e+02 3.9329843125704110e+02
7.5146484000000001e+01 3.2821816300000000e+02 3.9345872020523484e+02
7.5195312000000001e+01 3.2819126999999997e+02 3.9336665061982245e+02
7.5244140999999999e+01 3.2815201200000001e+02 3.9323696496717332e+02
7.5292968999999999e+01 3.2818187000000000e+02 3.9331768629227929e+02
7.5341797000000000e+01 3.2812899800000002e+02 3.9314661031772954e+02
7.5390625000000000e+01 3.2824970999999999e+02 3.9350380311400249e+02
7.5439453000000000e+01 3.2817200400000002e+02 3.9325718937906606e+02
7.5488281000000001e+01 3.2817354300000000e+02 3.9325172684058094e+02
7.5537109000000001e+01 3.2814176300000003e+02 3.9314491290399025e+02
7.5585937999999999e+01 3.2816347999999999e+02 3.9320084475613902e+02
7.5634765999999999e+01 3.2812869699999999e+02 3.9308493515518472e+02
7.5683593999999999e+01 3.2811672900000002e+02 3.9303843425289045e+02
7.5732422000000000e+01 3.2816883200000001e+02 3.9318675878342418e+02
7.5781250000000000e+01 3.2816252800000001e+02 3.9315748277195968e+02
7.5830078000000000e+01 3.2822492499999998e+02 3.9333705699366300e+02
7.5878906000000001e+01 3.2821677899999997e+02 3.9330217775576762e+02
7.5927734000000001e+01 3.2820439099999999e+02 3.9325441781752698e+02
7.5976562000000001e+01 3.2820378399999998e+02 3.9324247200412628e+02
7.6025390999999999e+01 3.2820226900000000e+02 3.9322777302427983e+02
7.6074218999999999e+01 3.2822205600000001e+02 3.9327779768962495e+02
7.6123047000000000e+01 3.2824739399999999e+02 3.9334467612949345e+02
7.6171875000000000e+01 3.2823151500000000e+02 3.9328635139962137e+02
7.6220703000000000e+01 3.2815845400000001e+02 3.9305438164381900e+02
7.6269531000000001e+01 3.2821344299999998e+02 3.9321131175793289e+02
7.6318359000000001e+01 3.2820559400000002e+02 3.9317741386138545e+02
7.6367187999999999e+01 3.2815149200000002e+02 3.9300310556397773e+02
7.6416015999999999e+01 3.2821801599999998e+02 3.9319501162965673e+02
7.6464843999999999e+01 3.2824575499999997e+02 3.9326915469553552e+02
7.6513672000000000e+01 3.2817158799999999e+02 3.9303401147718722e+02
7.6562500000000000e+01 3.2827154600000000e+02 3.9332731256070906e+02
7.6611328000000000e+01 3.2826371799999998e+02 3.9329350743906195e+02
7.6660156000000001e+01 3.2824507599999998e+02 3.9322690564052743e+02
7.6708984000000001e+01 3.2827285699999999e+02 3.9330114500189171e+02
7.6757812000000001e+01 3.2828219000000001e+02 3.9331941541213575e+02
7.6806640999999999e+01 3.2830244199999999e+02 3.9337079922410209e+02
7.6855468999999999e+01 3.2826300099999997e+02 3.9324116100942706e+02
7.6904297000000000e+01 3.2827424300000001e+02 3.9326522968866163e+02
7.6953125000000000e+01 3.2824502699999999e+02 3.9316663931900973e+02
7.7001953000000000e+01 3.2825186400000001e+02 3.9317736428162891e+02
7.7050781000000001e+01 3.2828400199999999e+02 3.9326477722488346e+02
7.7099609000000001e+01 3.2830333700000000e+02 3.9331337167731090e+02
7.7148437999999999e+01 3.2832150700000000e+02 3.9335842753109728e+02
7.7197265999999999e+01 3.2828633600000001e+02 3.9324185601107672e+02
7.7246093999999999e+01 3.2833332700000000e+02 3.9337423219158381e+02
7.7294922000000000e+01 3.2831509699999998e+02 3.9330901059857314e+02
7.7343750000000000e+01 3.2827907699999997e+02 3.9318992327264692e+02
7.7392578000000000e+01 3.2828129200000001e+02 3.9318666299907915e+02
7.7441406000000001e+01 3.2828374400000001e+02 3.9318412433367968e+02
7.7490234000000001e+01 3.2831151299999999e+02 3.9325824531067502e+02
7.7539062000000001e+01 3.2829845799999998e+02 3.9320875798489823e+02
7.7587890999999999e+01 3.2834027200000003e+02 3.9332538135573355e+02
7.7636718999999999e+01 3.2831149399999998e+02 3.9322831379790819e+02
7.7685547000000000e+01 3.2829814499999998e+02 3.9317796683106440e+02
7.7734375000000000e+01 3.2830368800000002e+02 3.9318480364182670e+02
7.7783203000000000e+01 3.2830609500000003e+02 3.9318215331848091e+02
7.7832031000000001e+01 3.2826883600000002e+02 3.9305950140178811e+02
7.7880859000000001e+01 3.2831135399999999e+02 3.9317821019872991e+02
7.7929687999999999e+01 3.2832295800000003e+02 3.9320338905993094e+02
7.7978515999999999e+01 3.2830713100000003e+02 3.9314560453099313e+02
7.8027343999999999e+01 3.2835043200000001e+02 3.9326663975179213e+02
7.8076172000000000e+01 3.2830512499999998e+02 3.9311973026540255e+02
7.8125000000000000e+01 3.2832327199999997e+02 3.9316469871563208e+02
7.8173828000000000e+01 3.2834078799999997e+02 3.9320775252638816e+02
7.8222656000000001e+01 3.2834656500000000e+02 3.9321531718502933e+02
7.8271484000000001e+01 3.2838894099999999e+02 3.9333349518129978e+02
7.8320312000000001e+01 3.2836571900000001e+02 3.9325341744791791e+02
7.8369140999999999e+01 3.2835134499999998e+02 3.9320009595885625e+02
7.8417968999999999e+01 3.2834897300000000e+02 3.9318305084377181e+02
7.8466797000000000e+01 3.2834729299999998e+02 3.9316810328439641e+02
7.8515625000000000e+01 3.2832592299999999e+02 3.9309368808608843e+02
7.8564453000000000e+01 3.2842286899999999e+02 3.9337662938824496e+02
7.8613281000000001e+01 3.2841017799999997e+02 3.9332842293645837e+02
7.8662109000000001e+01 3.2840307400000000e+02 3.9329710064398949e+02
7.8710937999999999e+01 3.2837971199999998e+02 3.9321670322498403e+02
7.8759765999999999e+01 3.2840321399999999e+02 3.9327780076325467e+02
7.8808593999999999e+01 3.2831407700000000e+02 3.9299889156442646e+02
7.8857422000000000e+01 3.2832239199999998e+02 3.9301417038390815e+02
7.8906250000000000e+01 3.2844327700000002e+02 3.9336915891331438e+02
7.8955078000000000e+01 3.2840259600000002e+02 3.9323655673178257e+02
7.9003906000000001e+01 3.2841435899999999e+02 3.9326221565690059e+02
7.9052734000000001e+01 3.2839903700000002e+02 3.9320616372563688e+02
7.9101562000000001e+01 3.2836006600000002e+02 3.9307879322872839e+02
7.9150390999999999e+01 3.2834957400000002e+02 3.9303734873426646e+02
7.9199218999999999e+01 3.2841295300000002e+02 3.9321868991321190e+02
7.9248047000000000e+01 3.2841609499999998e+02 3.9321835691528122e+02
7.9296875000000000e+01 3.2842469599999998e+02 3.9323448616564752e+02
7.9345703000000000e+01 3.2841183599999999e+02 3.9318591713146782e+02
7.9394531000000001e+01 3.2841555399999999e+02 3.9318733387959725e+02
7.9443359000000001e+01 3.2848090600000000e+02 3.9337451737608467e+02
7.9492187999999999e+01 3.2847599200000002e+02 3.9334990483499149e+02
7.9541015999999999e+01 3.2842589900000002e+02 3.9318916353739746e+02
7.9589843999999999e+01 3.2840595100000002e+02 3.9311928754655167e+02
7.9638672000000000e+01 3.2842794700000002e+02 3.9317579169137503e+02
7.9687500000000000e+01 3.2849396200000001e+02 3.9336488336175222e+02
7.9736328000000000e+01 3.2855126999999999e+02 3.9352771045133045e+02
7.9785156000000001e+01 3.2843522300000001e+02 3.9316843018237876e+02
7.9833984000000001e+01 3.2844092200000000e+02 3.9317584171927831e+02
7.9882812000000001e+01 3.2845864200000000e+02 3.9321944887206985e+02
7.9931640999999999e+01 3.2841842700000001e+02 3.9308863224007257e+02
7.9980468999999999e+01 3.2843066299999998e+02 3.9311573779093277e+02
8.0029297000000000e+01 3.2846600300000000e+02 3.9321238069572189e+02
8.0078125000000000e+01 3.2843642100000000e+02 3.9311361963142127e+02
8.0126953000000000e+01 3.2848812099999998e+02 3.9325947783889859e+02
8.0175781000000001e+01 3.2848098399999998e+02 3.9322827408050080e+02
8.0224609000000001e+01 3.2849272900000000e+02 3.9325388744854723e+02
8.0273437999999999e+01 3.2844141300000001e+02 3.9308979936254406e+02
8.0322265999999999e+01 3.2846977299999998e+02 3.9316540428201313e+02
8.0371093999999999e+01 3.2853590000000003e+02 3.9335457952866966e+02
8.0419922000000000e+01 3.2851177500000000e+02 3.9327231322464058e+02
8.0468750000000000e+01 3.2845951200000002e+02 3.9310546286030484e+02
8.0517578000000000e+01 3.2843676299999998e+02 3.9302738662892358e+02
8.0566406000000001e+01 3.2846299099999999e+02 3.9309656299359375e+02
8.0615234000000001e+01 3.2851548500000001e+02 3.9324467738090078e+02
8.0664062000000001e+01 3.2854137400000002e+02 3.9331280127732094e+02
8.0712890999999999e+01 3.2853952800000002e+02 3.9329756574241014e+02
8.0761718999999999e+01 3.2858863000000002e+02 3.9343542491856334e+02
8.0810547000000000e+01 3.2849488500000001e+02 3.9314407995146763e+02
8.0859375000000000e+01 3.2848239799999999e+02 3.9309691174483368e+02
8.0908203000000000e+01 3.2850037200000003e+02 3.9314125528350144e+02
8.0957031000000001e+01 3.2852917100000002e+02 3.9321810426579145e+02
8.1005859000000001e+01 3.2847277500000001e+02 3.9303909040243514e+02
8.1054687999999999e+01 3.2851125600000000e+02 3.9314501259536684e+02
8.1103515999999999e+01 3.2849247800000001e+02 3.9307899875372311e+02
8.1152343999999999e+01 3.2854205600000000e+02 3.9321821349963199e+02
8.1201172000000000e+01 3.2850595700000002e+02 3.9310021947020533e+02
8.1250000000000000e+01 3.2853451000000001e+02 3.9317630241274372e+02
8.1298828000000000e+01 3.2854671600000000e+02 3.9320331296756950e+02
8.1347656000000001e+01 3.2853097400000001e+02 3.9314645607295569e+02
8.1396484000000001e+01 3.2854066200000000e+02 3.9316591540217127e+02
8.1445312000000001e+01 3.2856377700000002e+02 3.9322565551457302e+02
8.1494140999999999e+01 3.2853940000000000e+02 3.9314292209745190e+02
8.1542968999999999e+01 3.2850940200000002e+02 3.9304335104504958e+02
8.1591797000000000e+01 3.2851082600000001e+02 3.9303804196554620e+02
8.1640625000000000e+01 3.2857582300000001e+02 3.9322337521615799e+02
8.1689453000000000e+01 3.2859199200000000e+02 3.9326226494766138e+02
8.1738281000000001e+01 3.2857223499999998e+02 3.9319344115298077e+02
8.1787109000000001e+01 3.2860597400000000e+02 3.9328500197958545e+02
8.1835937999999999e+01 3.2859510699999998e+02 3.9324284408247536e+02
8.1884765999999999e+01 3.2862307600000003e+02 3.9331709249211781e+02
8.1933593999999999e+01 3.2854714200000001e+02 3.9307995981890281e+02
8.1982422000000000e+01 3.2856483700000001e+02 3.9312343152031724e+02
8.2031250000000000e+01 3.2857592599999998e+02 3.9314710489409839e+02
8.2080078000000000e+01 3.2865308399999998e+02 3.9336870008733865e+02
8.2128906000000001e+01 3.2864990200000000e+02 3.9334960031272232e+02
8.2177734000000001e+01 3.2863934200000000e+02 3.9330841059833779e+02
8.2226562000000001e+01 3.2864955700000002e+02 3.9332944849629246e+02
8.2275390999999999e+01 3.2859354700000000e+02 3.9315218191792098e+02
8.2324218999999999e+01 3.2861318899999998e+02 3.9320146392604028e+02
8.2373047000000000e+01 3.2866513500000002e+02 3.9334744721372368e+02
8.2421875000000000e+01 3.2864606099999997e+02 3.9328081130331424e+02
8.2470703000000000e+01 3.2863254799999999e+02 3.9323083781272339e+02
8.2519531000000001e+01 3.2864489700000001e+02 3.9325827635330455e+02
8.2568359000000001e+01 3.2860226899999998e+02 3.9312119967648482e+02
8.2617187999999999e+01 3.2865366999999998e+02 3.9326549631687152e+02
8.2666015999999999e+01 3.2861267800000002e+02 3.9313335023251739e+02
8.2714843999999999e+01 3.2860430800000000e+02 3.9309882185206550e+02
8.2763672000000000e+01 3.2862450799999999e+02 3.9314975894927716e+02
8.2812500000000000e+01 3.2862195000000003e+02 3.9313262504208825e+02
8.2861328000000000e+01 3.2871572400000002e+02 3.9340356911519478e+02
8.2910156000000001e+01 3.2868044099999997e+02 3.9328856753851960e+02
8.2958984000000001e+01 3.2858720699999998e+02 3.9300033652263915e+02
8.3007812000000001e+01 3.2862504400000000e+02 3.9310399679341839e+02
8.3056640999999999e+01 3.2866817500000002e+02 3.9322346138312446e+02
8.3105468999999999e+01 3.2869325300000003e+02 3.9328894724050264e+02
8.3154297000000000e+01 3.2870689499999997e+02 3.9332024640307151e+02
8.3203125000000000e+01 3.2861077699999998e+02 3.9302356979267029e+02
8.3251953000000000e+01 3.2873349800000000e+02 3.9338079916976659e+02
8.3300781000000001e+01 3.2865305499999999e+02 3.9313101577578919e+02
8.3349609000000001e+01 3.2865773899999999e+02 3.9313557324016222e+02
8.3398437999999999e+01 3.2864163500000001e+02 3.9307804387575817e+02
8.3447265999999999e+01 3.2874067700000001e+02 3.9336440699197306e+02
8.3496093999999999e+01 3.2866065300000002e+02 3.9311599977200802e+02
8.3544922000000000e+01 3.2869472600000000e+02 3.9320831906218683e+02
8.3593750000000000e+01 3.2871068600000001e+02 3.9324654582816027e+02
8.3642578000000000e+01 3.2874942800000002e+02 3.9335277453932247e+02
8.3691406000000001e+01 3.2870194500000002e+02 3.9320161922461159e+02
8.3740234000000001e+01 3.2875177000000002e+02 3.9334091292835637e+02
8.3789062000000001e+01 3.2869088799999997e+02 3.9314981421640044e+02
8.3837890999999999e+01 3.2873058300000002e+02 3.9325886336917205e+02
8.3886718999999999e+01 3.2872820800000000e+02 3.9324237688386756e+02
8.3935547000000000e+01 3.2872255699999999e+02 3.9321612447742518e+02
8.3984375000000000e+01 3.2872992499999998e+02 3.9322871456822031e+02
8.4033203000000000e+01 3.2874238800000001e+02 3.9325650103048071e+02
8.4082031000000001e+01 3.2880191200000002e+02 3.9342462885264416e+02
8.4130859000000001e+01 3.2878096399999998e+02 3.9335276777648289e+02
8.4179687999999999e+01 3.2872564799999998e+02 3.9317845657149178e+02
8.4228515999999999e+01 3.2869765300000000e+02 3.9308563626319494e+02
8.4277343999999999e+01 3.2873477500000001e+02 3.9318694485758675e+02
8.4326172000000000e+01 3.2872201600000000e+02 3.9313956206016212e+02
8.4375000000000000e+01 3.2871413999999999e+02 3.9310674531175351e+02
8.4423828000000000e+01 3.2869273299999998e+02 3.9303361809337952e+02
8.4472656000000001e+01 3.2867912899999999e+02 3.9298375969409989e+02
8.4521484000000001e+01 3.2875287800000001e+02 3.9319416116007750e+02
8.4570312000000001e+01 3.2872659499999997e+02 3.9310653300276141e+02
8.4619140999999999e+01 3.2877484900000002e+02 3.9324094233660020e+02
8.4667968999999999e+01 3.2879667999999998e+02 3.9329663108958562e+02
8.4716797000000000e+01 3.2883740699999998e+02 3.9340858218298928e+02
8.4765625000000000e+01 3.2876461699999999e+02 3.9318250196064787e+02
8.4814453000000000e+01 3.2881036999999998e+02 3.9330941155217556e+02
8.4863281000000001e+01 3.2876851499999998e+02 3.9317549049244434e+02
8.4912109000000001e+01 3.2877306399999998e+02 3.9317973011298142e+02
8.4960937999999999e+01 3.2878330599999998e+02 3.9320091610646324e+02
8.5009765999999999e+01 3.2881419099999999e+02 3.9328353449008517e+02
8.5058593999999999e+01 3.2878316500000000e+02 3.9318191124502528e+02
8.5107422000000000e+01 3.2876959799999997e+02 3.9313226002645456e+02
8.5156250000000000e+01 3.2879005300000000e+02 3.9318383927298720e+02
8.5205078000000000e+01 3.2879194699999999e+02 3.9318019711719842e+02
8.5253906000000001e+01 3.2880816900000002e+02 3.9321917598560333e+02
8.5302734000000001e+01 3.2883653099999998e+02 3.9329425476663965e+02
8.5351562000000001e+01 3.2887792800000000e+02 3.9340808321548059e+02
8.5400390999999999e+01 3.2887650400000001e+02 3.9339456552091860e+02
8.5449218999999999e+01 3.2882023800000002e+02 3.9321800392783751e+02
8.5498047000000000e+01 3.2880322600000000e+02 3.9315817699798151e+02
8.5546875000000000e+01 3.2887937199999999e+02 3.9337527365456151e+02
8.5595703000000000e+01 3.2888384200000002e+02 3.9337929646967922e+02
8.5644531000000001e+01 3.2886148100000003e+02 3.9330358521172576e+02
8.5693359000000001e+01 3.2886996299999998e+02 3.9331954310222721e+02
8.5742187999999999e+01 3.2886606899999998e+02 3.9329872954418363e+02
8.5791015999999999e+01 3.2883951600000000e+02 3.9321060767259098e+02
8.5839843999999999e+01 3.2881935700000002e+02 3.9314150164373615e+02
8.5888672000000000e+01 3.2888452200000000e+02 3.9332584318439814e+02
8.5937500000000000e+01 3.2889238100000000e+02 3.9333995631658644e+02
8.5986328000000000e+01 3.2883595500000001e+02 3.9316317158979871e+02
8.6035156000000001e+01 3.2884446600000001e+02 3.9317924176335299e+02
8.6083984000000001e+01 3.2885920499999997e+02 3.9321380219699824e+02
8.6132812000000001e+01 3.2890564899999998e+02 3.9334247791835423e+02
8.6181640999999999e+01 3.2886443700000001e+02 3.9321094152801135e+02
8.6230468999999999e+01 3.2881913400000002e+02 3.9306729502345769e+02
8.6279297000000000e+01 3.2890571699999998e+02 3.9331507298110120e+02
8.6328125000000000e+01 3.2891913399999999e+02 3.9334569389312696e+02
8.6376953000000000e+01 3.2896773000000002e+02 3.9348068770065743e+02
8.6425781000000001e+01 3.2894742700000000e+02 3.9341125426799971e+02
8.6474609000000001e+01 3.2885945299999997e+02 3.9314110218749215e+02
8.6523437999999999e+01 3.2887940700000001e+02 3.9319113068932108e+02
8.6572265999999999e+01 3.2888693899999998e+02 3.9320431166443404e+02
8.6621093999999999e+01 3.2888939900000003e+02 3.9320245255272783e+02
8.6669922000000000e+01 3.2890233599999999e+02 3.9323166240544606e+02
8.6718750000000000e+01 3.2890694700000000e+02 3.9323618458907396e+02
8.6767578000000000e+01 3.2887631299999998e+02 3.9313622685113705e+02
8.6816406000000001e+01 3.2885715299999998e+02 3.9307030435531760e+02
8.6865234000000001e+01 3.2888128799999998e+02 3.9313271791109707e+02
8.6914062000000001e+01 3.2889336500000002e+02 3.9315938747315153e+02
8.6962890999999999e+01 3.2893167299999999e+02 3.9326378179415713e+02
8.7011718999999999e+01 3.2890135900000001e+02 3.9316483921314762e+02
8.7060547000000000e+01 3.2893491299999999e+02 3.9325513343664454e+02
8.7109375000000000e+01 3.2892788600000000e+02 3.9322520113924344e+02
8.7158203000000000e+01 3.2895469700000001e+02 3.9329550399534088e+02
8.7207031000000001e+01 3.2894680399999999e+02 3.9326301563779208e+02
8.7255859000000001e+01 3.2895291200000003e+02 3.9327199851133616e+02
8.7304687999999999e+01 3.2892625900000002e+02 3.9318397818410961e+02
8.7353515999999999e+01 3.2903588100000002e+02 3.9349944354124187e+02
8.7402343999999999e+01 3.2901944200000003e+02 3.9344166145063252e+02
8.7451172000000000e+01 3.2893412499999999e+02 3.9318001437345885e+02
8.7500000000000000e+01 3.2894123100000002e+02 3.9319197160791214e+02
8.7548828000000000e+01 3.2900379099999998e+02 3.9336803987509592e+02
8.7597656000000001e+01 3.2897908600000000e+02 3.9328584986855054e+02
8.7646484000000001e+01 3.2893067200000002e+02 3.9313353129611096e+02
8.7695312000000001e+01 3.2893857900000000e+02 3.9314787130805837e+02
8.7744140999999999e+01 3.2894776100000001e+02 3.9316598300963045e+02
8.7792968999999999e+01 3.2894759800000003e+02 3.9315645350515763e+02
8.7841797000000000e+01 3.2901041099999998e+02 3.9333318131873807e+02
8.7890625000000000e+01 3.2899723000000000e+02 3.9328514594429714e+02
8.7939453000000000e+01 3.2901104400000003e+02 3.9331694503920994e+02
8.7988281000000001e+01 3.2894146499999999e+02 3.9310218377881824e+02
8.8037109000000001e+01 3.2893662499999999e+02 3.9307885620288891e+02
8.8085937999999999e+01 3.2896958200000000e+02 3.9316726232176842e+02
8.8134765999999999e+01 3.2897709600000002e+02 3.9318045319672848e+02
8.8183593999999999e+01 3.2900599199999999e+02 3.9325683508268054e+02
8.8232422000000000e+01 3.2901053800000000e+02 3.9326124984305324e+02
8.8281250000000000e+01 3.2898009700000000e+02 3.9316229131972472e+02
8.8330078000000000e+01 3.2898110500000001e+02 3.9315626917393615e+02
8.8378906000000001e+01 3.2897423500000002e+02 3.9312697949626806e+02
8.8427734000000001e+01 3.2904253999999997e+02 3.9331974750002189e+02
8.8476562000000001e+01 3.2899938600000002e+02 3.9318329078159803e+02
8.8525390999999999e+01 3.2894965999999999e+02 3.9302745805617553e+02
8.8574218999999999e+01 3.2900854900000002e+02 3.9319238169395720e+02
8.8623047000000000e+01 3.2898403800000000e+02 3.9311103505275349e+02
8.8671875000000000e+01 3.2899449800000002e+02 3.9313294997245600e+02
8.8720703000000000e+01 3.2898654199999999e+02 3.9310050173549359e+02
8.8769531000000001e+01 3.2899304799999999e+02 3.9311074923435518e+02
8.8818359000000001e+01 3.2900014599999997e+02 3.9312274501629736e+02
8.8867187999999999e+01 3.2906640399999998e+02 3.9330931946143465e+02
8.8916015999999999e+01 3.2900131399999998e+02 3.9310829780810531e+02
8.8964843999999999e+01 3.2907764200000003e+02 3.9332455107662111e+02
8.9013672000000000e+01 3.2905398300000002e+02 3.9324579885072569e+02
8.9062500000000000e+01 3.2906226600000002e+02 3.9326128600833738e+02
8.9111328000000000e+01 3.2908113100000003e+02 3.9330798372493473e+02
8.9160156000000001e+01 3.2905286000000001e+02 3.9321566678189913e+02
8.9208984000000001e+01 3.2905825700000003e+02 3.9322265195171514e+02
8.9257812000000001e+01 3.2904247700000002e+02 3.9316719925598807e+02
8.9306640999999999e+01 3.2909795100000002e+02 3.9332182937874256e+02
8.9355468999999999e+01 3.2911084499999998e+02 3.9335091113561799e+02
8.9404297000000000e+01 3.2912395099999998e+02 3.9338061497508522e+02
8.9453125000000000e+01 3.2903366000000000e+02 3.9310558102218965e+02
8.9501953000000000e+01 3.2905278499999997e+02 3.9315304846281350e+02
8.9550781000000001e+01 3.2907729999999998e+02 3.9321639150710087e+02
8.9599609000000001e+01 3.2903069699999998e+02 3.9307018922060456e+02
8.9648437999999999e+01 3.2910718500000002e+02 3.9328664641040086e+02
8.9697265999999999e+01 3.2906340699999998e+02 3.9314879552150785e+02
8.9746093999999999e+01 3.2909242300000000e+02 3.9322538285004845e+02
8.9794922000000000e+01 3.2914178800000002e+02 3.9336188677453811e+02
8.9843750000000000e+01 3.2908656300000001e+02 3.9319037238153186e+02
8.9892578000000000e+01 3.2910220299999997e+02 3.9322755617120231e+02
8.9941406000000001e+01 3.2909213599999998e+02 3.9318905018896419e+02
8.9990234000000001e+01 3.2910646100000002e+02 3.9322236178742412e+02
9.0039062000000001e+01 3.2911467900000002e+02 3.9323769354753694e+02
9.0087890999999999e+01 3.2914080000000001e+02 3.9330571788299471e+02
9.0136718999999999e+01 3.2911025100000001e+02 3.9320695600865832e+02
9.0185547000000000e+01 3.2912627900000001e+02 3.9324527630067251e+02
9.0234375000000000e+01 3.2914135900000002e+02 3.9328080259431232e+02
9.0283203000000000e+01 3.2911342800000000e+02 3.9318978620015565e+02
9.0332031000000001e+01 3.2907112400000000e+02 3.9305651098784205e+02
9.0380859000000001e+01 3.2910068000000001e+02 3.9313463530458051e+02
9.0429687999999999e+01 3.2916542700000002e+02 3.9331624630410835e+02
9.0478515999999999e+01 3.2916807200000000e+02 3.9331519458341762e+02
9.0527343999999999e+01 3.2913198299999999e+02 3.9320024994286058e+02
9.0576172000000000e+01 3.2914262500000001e+02 3.9322272961386858e+02
9.0625000000000000e+01 3.2910567099999997e+02 3.9310528201710213e+02
9.0673828000000000e+01 3.2915506900000003e+02 3.9324169909793227e+02
9.0722656000000001e+01 3.2916349200000002e+02 3.9325765512366280e+02
9.0771484000000001e+01 3.2910230100000001e+02 3.9306901889782660e+02
9.0820312000000001e+01 3.2917563100000001e+02 3.9327573489764580e+02
9.0869140999999999e+01 3.2913617299999999e+02 3.9315100128244092e+02
9.0917968999999999e+01 3.2912236200000001e+02 3.9310164885245013e+02
9.0966797000000000e+01 3.2917255999999998e+02 3.9324035143443768e+02
9.1015625000000000e+01 3.2914203600000002e+02 3.9314191323541490e+02
9.1064453000000000e+01 3.2917741799999999e+02 3.9323707304060480e+02
9.1113281000000001e+01 3.2916366799999997e+02 3.9318792438722846e+02
9.1162109000000001e+01 3.2918457000000001e+02 3.9324054550659582e+02
9.1210937999999999e+01 3.2920431100000002e+02 3.9328974991052922e+02
9.1259765999999999e+01 3.2922730799999999e+02 3.9334850695786321e+02
9.1308593999999999e+01 3.2918596800000000e+02 3.9321838667164093e+02
9.1357422000000000e+01 3.2918450000000001e+02 3.9320533316789658e+02
9.1406250000000000e+01 3.2916630300000003e+02 3.9314318589812530e+02
9.1455078000000000e+01 3.2917376400000001e+02 3.9315635336372475e+02
9.1503906000000001e+01 3.2914838099999997e+02 3.9307314387526515e+02
9.1552734000000001e+01 3.2918311000000000e+02 3.9316632943499297e+02
9.1601562000000001e+01 3.2923757400000000e+02 3.9331739759942934e+02
9.1650390999999999e+01 3.2922542199999998e+02 3.9327301996254289e+02
9.1699218999999999e+01 3.2920909599999999e+02 3.9321641174954817e+02
9.1748047000000000e+01 3.2915726300000000e+02 3.9305568019174189e+02
9.1796875000000000e+01 3.2919189200000000e+02 3.9314854272802114e+02
9.1845703000000000e+01 3.2919498800000002e+02 3.9314892551961321e+02
9.1894531000000001e+01 3.2922203900000000e+02 3.9321954732519180e+02
9.1943359000000001e+01 3.2923057100000000e+02 3.9323586595004940e+02
9.1992187999999999e+01 3.2920613300000002e+02 3.9315553643353752e+02
9.2041015999999999e+01 3.2924749400000002e+02 3.9326808950210420e+02
9.2089843999999999e+01 3.2920304499999997e+02 3.9312913186908929e+02
9.2138672000000000e+01 3.2922494200000000e+02 3.9318463209848227e+02
9.2187500000000000e+01 3.2921428800000001e+02 3.9314474369183904e+02
9.2236328000000000e+01 3.2923110100000002e+02 3.9318534193535390e+02
9.2285156000000001e+01 3.2923289899999997e+02 3.9318194737187275e+02
9.2333984000000001e+01 3.2919703199999998e+02 3.9306822512426800e+02
9.2382812000000001e+01 3.2923287800000003e+02 3.9316457595821527e+02
9.2431640999999999e+01 3.2923644000000002e+02 3.9316636036995624e+02
9.2480468999999999e+01 3.2922885700000000e+02 3.9313551094275385e+02
9.2529297000000000e+01 3.2922451400000000e+02 3.9311415808848415e+02
9.2578125000000000e+01 3.2922530499999999e+02 3.9310784413505507e+02
9.2626953000000000e+01 3.2924751900000001e+02 3.9316425042376926e+02
9.2675781000000001e+01 3.2923785700000002e+02 3.9312734118529107e+02
9.2724609000000001e+01 3.2924916600000000e+02 3.9315182268016156e+02
9.2773437999999999e+01 3.2930736200000001e+02 3.9331352169343734e+02
9.2822265999999999e+01 3.2928299099999998e+02 3.9323357533615751e+02
9.2871093999999999e+01 3.2928288700000002e+02 3.9322465382020209e+02
9.2919922000000000e+01 3.2921338100000003e+02 3.9301268759993252e+02
9.2968750000000000e+01 3.2923832800000002e+02 3.9307708125128403e+02
9.3017578000000000e+01 3.2929635200000001e+02 3.9323821891000256e+02
9.3066406000000001e+01 3.2932846699999999e+02 3.9332354808982240e+02
9.3115234000000001e+01 3.2921907199999998e+02 3.9299501500684920e+02
9.3164062000000001e+01 3.2925340899999998e+02 3.9308685566182936e+02
9.3212890999999999e+01 3.2927503000000002e+02 3.9314150014833655e+02
9.3261718999999999e+01 3.2932457699999998e+02 3.9327778210989783e+02
9.3310547000000000e+01 3.2924493200000001e+02 3.9303636903736435e+02
9.3359375000000000e+01 3.2930734100000001e+02 3.9321023653905945e+02
9.3408203000000000e+01 3.2928096099999999e+02 3.9312456525836103e+02
9.3457031000000001e+01 3.2931749500000001e+02 3.9322277694155940e+02
9.3505859000000001e+01 3.2928926999999999e+02 3.9313173687149219e+02
9.3554687999999999e+01 3.2925362999999999e+02 3.9301905279522350e+02
9.3603515999999999e+01 3.2933114599999999e+02 3.9323698609776494e+02
9.3652343999999999e+01 3.2932358599999998e+02 3.9320634970984173e+02
9.3701172000000000e+01 3.2930395399999998e+02 3.9314046090775787e+02
9.3750000000000000e+01 3.2937058200000001e+02 3.9332652532890376e+02
9.3798828000000000e+01 3.2936731600000002e+02 3.9330843896653715e+02
9.3847656000000001e+01 3.2927379100000002e+02 3.9302679632289949e+02
9.3896484000000001e+01 3.2927319599999998e+02 3.9301654907418344e+02
9.3945312000000001e+01 3.2936828300000002e+02 3.9328564947960473e+02
9.3994140999999999e+01 3.2930220200000002e+02 3.9308421822149683e+02
9.4042968999999999e+01 3.2932773600000002e+02 3.9315024585395713e+02
9.4091797000000000e+01 3.2931406199999998e+02 3.9310183077002284e+02
9.4140625000000000e+01 3.2933671399999997e+02 3.9315943920381358e+02
9.4189453000000000e+01 3.2938713400000000e+02 3.9329806674163854e+02
9.4238281000000001e+01 3.2934324500000002e+02 3.9316150208307636e+02
9.4287109000000001e+01 3.2945396299999999e+02 3.9347602311445547e+02
9.4335937999999999e+01 3.2940946800000000e+02 3.9333770652561952e+02
9.4384765999999999e+01 3.2945856600000002e+02 3.9347241720442878e+02
9.4433593999999999e+01 3.2939385199999998e+02 3.9327516569527847e+02
9.4482422000000000e+01 3.2935691800000001e+02 3.9315897064674135e+02
9.4531250000000000e+01 3.2938548400000002e+02 3.9323379778660615e+02
9.4580078000000000e+01 3.2937128100000001e+02 3.9318391277952162e+02
9.4628906000000001e+01 3.2934266300000002e+02 3.9309201581248357e+02
9.4677734000000001e+01 3.2936132400000002e+02 3.9313796286508256e+02
9.4726562000000001e+01 3.2941176899999999e+02 3.9327654774272656e+02
9.4775390999999999e+01 3.2943974900000001e+02 3.9334963359578558e+02
9.4824218999999999e+01 3.2939577700000001e+02 3.9321302492844706e+02
9.4873047000000000e+01 3.2944487400000003e+02 3.9334764233016114e+02
9.4921875000000000e+01 3.2940603099999998e+02 3.9322601163005419e+02
9.4970703000000000e+01 3.2943514399999998e+02 3.9330238711899415e+02
9.5019531000000001e+01 3.2944687800000003e+02 3.9332812474550894e+02
9.5068359000000001e+01 3.2938908800000002e+02 3.9315135417468019e+02
9.5117187999999999e+01 3.2944490300000001e+02 3.9330549224678202e+02
9.5166015999999999e+01 3.2944507299999998e+02 3.9329755512666259e+02
9.5214843999999999e+01 3.2945714099999998e+02 3.9332426835695475e+02
9.5263672000000000e+01 3.2949340500000000e+02 3.9342142830244967e+02
9.5312500000000000e+01 3.2939665100000002e+02 3.9313131677688682e+02
9.5361328000000000e+01 3.2943054500000000e+02 3.9322158390015755e+02
9.5410156000000001e+01 3.2942212400000000e+02 3.9318866912937455e+02
9.5458984000000001e+01 3.2942711800000001e+02 3.9319480752957509e+02
9.5507812000000001e+01 3.2948754000000002e+02 3.9336225113951667e+02
9.5556640999999999e+01 3.2945890700000001e+02 3.9327052772738836e+02
9.5605468999999999e+01 3.2945492400000001e+02 3.9325054661136033e+02
9.5654297000000000e+01 3.2947623299999998e+02 3.9330415395875576e+02
9.5703125000000000e+01 3.2948255799999998e+02 3.9331416565334530e+02
9.5751953000000000e+01 3.2943009699999999e+02 3.9315318811607301e+02
9.5800781000000001e+01 3.2948270900000000e+02 3.9329784051388845e+02
9.5849609000000001e+01 3.2948456399999998e+02 3.9329486015720454e+02
9.5898437999999999e+01 3.2942854100000000e+02 3.9312358420610474e+02
9.5947265999999999e+01 3.2947410300000001e+02 3.9324770789232070e+02
9.5996093999999999e+01 3.2949540300000001e+02 3.9330127444323722e+02
9.6044922000000000e+01 3.2945064700000000e+02 3.9316281128138962e+02
9.6093750000000000e+01 3.2945156700000001e+02 3.9315714398402082e+02
9.6142578000000000e+01 3.2950924099999997e+02 3.9331643002704277e+02
9.6191406000000001e+01 3.2947140200000001e+02 3.9319811753962699e+02
9.6240234000000001e+01 3.2949827900000003e+02 3.9326788410290249e+02
9.6289062000000001e+01 3.2947872899999999e+02 3.9320274531069964e+02
9.6337890999999999e+01 3.2951140299999997e+02 3.9328934545806806e+02
9.6386718999999999e+01 3.2948127699999998e+02 3.9319350104240448e+02
9.6435547000000000e+01 3.2947825300000000e+02 3.9317640089100058e+02
9.6484375000000000e+01 3.2951478900000001e+02 3.9327420437018708e+02
9.6533203000000000e+01 3.2956963999999999e+02 3.9342518009226279e+02
9.6582031000000001e+01 3.2952162199999998e+02 3.9327741800380682e+02
9.6630859000000001e+01 3.2947660100000002e+02 3.9313839007753126e+02
9.6679687999999999e+01 3.2948791100000000e+02 3.9316293437017021e+02
9.6728515999999999e+01 3.2949349200000000e+02 3.9317084620136569e+02
9.6777343999999999e+01 3.2955362100000002e+02 3.9333709377864989e+02
9.6826172000000000e+01 3.2958527700000002e+02 3.9342067256436536e+02
9.6875000000000000e+01 3.2955525100000000e+02 3.9332523162441913e+02
9.6923828000000000e+01 3.2950614800000000e+02 3.9317445499704877e+02
9.6972656000000001e+01 3.2957239499999997e+02 3.9335840090888388e+02
9.7021484000000001e+01 3.2958737200000002e+02 3.9339356778350754e+02
9.7070312000000001e+01 3.2945740300000000e+02 3.9300825063872935e+02
9.7119140999999999e+01 3.2950285000000002e+02 3.9313183424949960e+02
9.7167968999999999e+01 3.2956224800000001e+02 3.9329586003823567e+02
9.7216797000000000e+01 3.2961523699999998e+02 3.9344127010888690e+02
9.7265625000000000e+01 3.2957351599999998e+02 3.9331201424171087e+02
9.7314453000000000e+01 3.2962810700000000e+02 3.9346204555329638e+02
9.7363281000000001e+01 3.2949174299999999e+02 3.9305842685352997e+02
9.7412109000000001e+01 3.2947857800000003e+02 3.9301203848242278e+02
9.7460937999999999e+01 3.2957537900000000e+02 3.9328441718222444e+02
9.7509765999999999e+01 3.2954620100000000e+02 3.9319161022512958e+02
9.7558593999999999e+01 3.2957916599999999e+02 3.9327892129239075e+02
9.7607422000000000e+01 3.2954252900000000e+02 3.9316452451250728e+02
9.7656250000000000e+01 3.2950972300000001e+02 3.9306125370861139e+02
9.7705078000000000e+01 3.2953194200000002e+02 3.9311742748385700e+02
9.7753906000000001e+01 3.2959075799999999e+02 3.9327961376396013e+02
9.7802734000000001e+01 3.2958350000000002e+02 3.9325037592850668e+02
9.7851562000000001e+01 3.2961336899999998e+02 3.9332868167734080e+02
9.7900390999999999e+01 3.2964416100000000e+02 3.9340964823562553e+02
9.7949218999999999e+01 3.2962888400000003e+02 3.9335719398420196e+02
9.7998047000000000e+01 3.2960179499999998e+02 3.9327055081229940e+02
9.8046875000000000e+01 3.2962996299999998e+02 3.9334391175277955e+02
9.8095703000000000e+01 3.2962329699999998e+02 3.9331641743471562e+02
9.8144531000000001e+01 3.2960367700000000e+02 3.9325143355471914e+02
9.8193359000000001e+01 3.2961770100000001e+02 3.9328384556095949e+02
9.8242187999999999e+01 3.2955243600000000e+02 3.9308678034516919e+02
9.8291015999999999e+01 3.2957332000000002e+02 3.9313906023129260e+02
9.8339843999999999e+01 3.2956966699999998e+02 3.9312033324729907e+02
9.8388672000000000e+01 3.2957058799999999e+02 3.9311484698932492e+02
9.8437500000000000e+01 3.2954794900000002e+02 3.9304120536910057e+02
9.8486328000000000e+01 3.2955655300000001e+02 3.9305795902346966e+02
9.8535156000000001e+01 3.2960888499999999e+02 3.9320119396432545e+02
9.8583984000000001e+01 3.2964841400000000e+02 3.9330737567789885e+02
9.8632812000000001e+01 3.2962389999999999e+02 3.9322833414443522e+02
9.8681640999999999e+01 3.2964987700000000e+02 3.9329531152033945e+02
9.8730468999999999e+01 3.2964520299999998e+02 3.9327365684357522e+02
9.8779297000000000e+01 3.2962139600000000e+02 3.9319669489868141e+02
9.8828125000000000e+01 3.2961718300000001e+02 3.9317639285429681e+02
9.8876953000000000e+01 3.2967452100000003e+02 3.9333401082511216e+02
9.8925781000000001e+01 3.2964419700000002e+02 3.9323823919460841e+02
9.8974609000000001e+01 3.2958871599999998e+02 3.9306978704430674e+02
9.9023437999999999e+01 3.2966182600000002e+02 3.9327295445734291e+02
9.9072265999999999e+01 3.2968508800000001e+02 3.9333205611241715e+02
9.9121093999999999e+01 3.2969022799999999e+02 3.9333879319266453e+02
9.9169922000000000e+01 3.2966615999999999e+02 3.9326115540035903e+02
9.9218750000000000e+01 3.2963773600000002e+02 3.9317095321551375e+02
9.9267578000000000e+01 3.2969082600000002e+02 3.9331620545664572e+02
9.9316406000000001e+01 3.2965945399999998e+02 3.9321750779691314e+02
9.9365234000000001e+01 3.2971413799999999e+02 3.9336733675370442e+02
9.9414062000000001e+01 3.2967483600000003e+02 3.9324576209507785e+02
9.9462890999999999e+01 3.2970040999999998e+02 3.9331152055778830e+02
9.9511718999999999e+01 3.2970157000000000e+02 3.9330678952411256e+02
9.9560547000000000e+01 3.2966883400000000e+02 3.9320421849537138e+02
9.9609375000000000e+01 3.2964505900000000e+02 3.9312753458577259e+02
9.9658203000000000e+01 3.2974903399999999e+02 3.9341956003747987e+02
9.9707031000000001e+01 3.2968644300000000e+02 3.9323086263016427e+02
9.9755859000000001e+01 3.2970593400000001e+02 3.9327905093067102e+02
9.9804687999999999e+01 3.2969502199999999e+02 3.9323951393943406e+02
9.9853515999999999e+01 3.2966919400000000e+02 3.9315695617352344e+02
9.9902343999999999e+01 3.2971102600000000e+02 3.9326959301002785e+02
9.9951172000000000e+01 3.2977332699999999e+02 3.9344125163657907e+02
1.0000000000000000e+02 3.2974122899999998e+02 3.9334062423898405e+02
1.0004882800000000e+02 3.2971200900000002e+02 3.9324831886817122e+02
1.0009765600000000e+02 3.2966588000000002e+02 3.9310727636379585e+02
1.0014648400000000e+02 3.2971703500000001e+02 3.9324676014774423e+02
1.0019531200000000e+02 3.2972995200000003e+02 3.9327598032153247e+02
1.0024414100000000e+02 3.2968167099999999e+02 3.9312878114109833e+02
1.0029296900000000e+02 3.2974528299999997e+02 3.9330413866600406e+02
1.0034179700000000e+02 3.2971751300000000e+02 3.9321608742445198e+02
1.0039062500000000e+02 3.2964872000000003e+02 3.9300983219866197e+02
1.0043945300000000e+02 3.2969089400000001e+02 3.9312338391670096e+02
1.0048828100000000e+02 3.2972743400000002e+02 3.9322068353227388e+02
1.0053710900000000e+02 3.2974087200000002e+02 3.9325140922299283e+02
1.0058593800000000e+02 3.2973529200000002e+02 3.9322734504586771e+02
1.0063476600000000e+02 3.2976425999999998e+02 3.9330280482033311e+02
1.0068359400000000e+02 3.2975659500000000e+02 3.9327274132855149e+02
1.0073242200000000e+02 3.2981929800000000e+02 3.9344534426997348e+02
1.0078125000000000e+02 3.2973668900000001e+02 3.9319946325540889e+02
1.0083007800000000e+02 3.2974604799999997e+02 3.9321844664521706e+02
1.0087890600000000e+02 3.2973777899999999e+02 3.9318667589708241e+02
1.0092773400000000e+02 3.2971947000000000e+02 3.9312601037975480e+02
1.0097656200000000e+02 3.2983221200000003e+02 3.9344260264839835e+02
1.0102539100000000e+02 3.2978087699999998e+02 3.9328687074047434e+02
1.0107421900000000e+02 3.2978174100000001e+02 3.9328140304833880e+02
1.0112304700000000e+02 3.2969532600000002e+02 3.9302476988725806e+02
1.0117187500000000e+02 3.2975109099999997e+02 3.9317731210920556e+02
1.0122070300000000e+02 3.2979395299999999e+02 3.9329270350570573e+02
1.0126953100000000e+02 3.2976377500000001e+02 3.9319794301250772e+02
1.0131835900000000e+02 3.2981030700000002e+02 3.9332387409828362e+02
1.0136718800000000e+02 3.2985568300000000e+02 3.9344645906090943e+02
1.0141601600000000e+02 3.2982134100000002e+02 3.9333974384745801e+02
1.0146484400000000e+02 3.2973915199999999e+02 3.9309545024837854e+02
1.0151367200000000e+02 3.2972329500000001e+02 3.9304194996740051e+02
1.0156250000000000e+02 3.2977835199999998e+02 3.9319236354400624e+02
1.0161132800000000e+02 3.2979425700000002e+02 3.9323018768150087e+02
1.0166015600000000e+02 3.2981174399999998e+02 3.9327255560600997e+02
1.0170898400000000e+02 3.2981025799999998e+02 3.9326038052142349e+02
1.0175781200000000e+02 3.2982008100000002e+02 3.9328071551445447e+02
1.0180664100000000e+02 3.2979917599999999e+02 3.9321273835025210e+02
1.0185546900000000e+02 3.2983135499999997e+02 3.9329732436451684e+02
1.0190429700000000e+02 3.2981146799999999e+02 3.9323228984075877e+02
1.0195312500000000e+02 3.2985115700000000e+02 3.9333844147868280e+02
1.0200195300000000e+02 3.2986297700000000e+02 3.9336451182597261e+02
1.0205078100000000e+02 3.2980180100000001e+02 3.9318089128470831e+02
1.0209960900000000e+02 3.2983288599999997e+02 3.9326231323285526e+02
1.0214843800000000e+02 3.2982432000000000e+02 3.9322984232452217e+02
1.0219726600000000e+02 3.2979523699999999e+02 3.9313846003674649e+02
1.0224609400000000e+02 3.2985442000000000e+02 3.9330055623757971e+02
1.0229492200000000e+02 3.2987123000000003e+02 3.9334096116205546e+02
1.0234375000000000e+02 3.2984209700000002e+02 3.9324945972391754e+02
1.0239257800000000e+02 3.2976582900000000e+02 3.9302266722284918e+02
1.0244140600000000e+02 3.2977221600000001e+02 3.9303317724179925e+02
1.0249023400000000e+02 3.2984015199999999e+02 3.9322034491453218e+02
1.0253906200000000e+02 3.2981042000000002e+02 3.9312718217188143e+02
1.0258789100000000e+02 3.2985215299999999e+02 3.9323911857306399e+02
1.0263671900000000e+02 3.2983286500000003e+02 3.9317594527744239e+02
1.0268554700000000e+02 3.2981204400000001e+02 3.9310838850424472e+02
1.0273437500000000e+02 3.2986779899999999e+02 3.9326053113285661e+02
1.0278320300000000e+02 3.2983915999999999e+02 3.9317055867160138e+02
1.0283203100000000e+02 3.2987801700000000e+02 3.9327420452671475e+02
1.0288085900000000e+02 3.2988859700000000e+02 3.9329673478406255e+02
1.0292968800000000e+02 3.2988801100000001e+02 3.9328724227637412e+02
1.0297851600000000e+02 3.2987446299999999e+02 3.9324058629732912e+02
1.0302734400000000e+02 3.2987320599999998e+02 3.9322918306894292e+02
1.0307617200000000e+02 3.2989576299999999e+02 3.9328605861495208e+02
1.0312500000000000e+02 3.2992908999999997e+02 3.9337380074089390e+02
1.0317382800000000e+02 3.2983516800000001e+02 3.9309678056767228e+02
1.0322265600000000e+02 3.2986898700000000e+02 3.9318594011209848e+02
1.0327148400000000e+02 3.2993626799999998e+02 3.9337098420345228e+02
1.0332031200000000e+02 3.2985551199999998e+02 3.9313177951364776e+02
1.0336914100000000e+02 3.2991285699999997e+02 3.9328832984848930e+02
1.0341796900000000e+02 3.2991780199999999e+02 3.9329472383968312e+02
1.0346679700000000e+02 3.2989303699999999e+02 3.9321600596236226e+02
1.0351562500000000e+02 3.2989229999999998e+02 3.9320613510025282e+02
1.0356445300000000e+02 3.2986339400000003e+02 3.9311558509844866e+02
1.0361328100000000e+02 3.2986700100000002e+02 3.9311817265665604e+02
1.0366210900000000e+02 3.2990608900000001e+02 3.9322237138644107e+02
1.0371093800000000e+02 3.2993454100000002e+02 3.9329609755224232e+02
1.0375976600000000e+02 3.2991146500000002e+02 3.9322227731704214e+02
1.0380859400000000e+02 3.2987240900000000e+02 3.9310272381705107e+02
1.0385742200000000e+02 3.2987335899999999e+02 3.9309772006084364e+02
1.0390625000000000e+02 3.2990455800000001e+02 3.9317930551650261e+02
1.0395507800000000e+02 3.2987521299999997e+02 3.9308759256686642e+02
1.0400390600000000e+02 3.2990717200000000e+02 3.9317134478549752e+02
1.0405273400000000e+02 3.2993701900000002e+02 3.9324904068754029e+02
1.0410156200000000e+02 3.2995674600000001e+02 3.9329776820991054e+02
1.0415039100000000e+02 3.2991539000000000e+02 3.9317172538427405e+02
1.0419921900000000e+02 3.2995000800000003e+02 3.9326305754536895e+02
1.0424804700000000e+02 3.2986641800000001e+02 3.9301623432717031e+02
1.0429687500000000e+02 3.2991314499999999e+02 3.9314220523166091e+02
1.0434570300000000e+02 3.2999361399999998e+02 3.9336465904444077e+02
1.0439453100000000e+02 3.2995682299999999e+02 3.9325173811579924e+02
1.0444335900000000e+02 3.2998683399999999e+02 3.9332986167345456e+02
1.0449218800000000e+02 3.2997046599999999e+02 3.9327536484977264e+02
1.0454101600000000e+02 3.2994426099999998e+02 3.9319275743893724e+02
1.0458984400000000e+02 3.2993245400000001e+02 3.9315132797428805e+02
1.0463867200000000e+02 3.2994660599999997e+02 3.9318411158466097e+02
1.0468750000000000e+02 3.2992158200000000e+02 3.9310491979844562e+02
1.0473632800000000e+02 3.2994218499999999e+02 3.9315614397435587e+02
1.0478515600000000e+02 3.3000691999999998e+02 3.9333347585273759e+02
1.0483398400000000e+02 3.2997631699999999e+02 3.9323835959436281e+02
1.0488281200000000e+02 3.2995767599999999e+02 3.9317744080943453e+02
1.0493164100000000e+02 3.3001839799999999e+02 3.9334326577076757e+02
1.0498046900000000e+02 3.3004564099999999e+02 3.9341342696246977e+02
1.0502929700000000e+02 3.3001118800000000e+02 3.9330735316521816e+02
1.0507812500000000e+02 3.3001339000000002e+02 3.9330599147657711e+02
1.0512695300000000e+02 3.2998740199999997e+02 3.9322412741950370e+02
1.0517578100000000e+02 3.2994631500000003e+02 3.9309916527082260e+02
1.0522460900000000e+02 3.2996654200000000e+02 3.9314929853601615e+02
1.0527343800000000e+02 3.3006171899999998e+02 3.9341341006589795e+02
1.0532226600000000e+02 3.2998949399999998e+02 3.9319958185737823e+02
1.0537109400000000e+02 3.2994906200000003e+02 3.9307654919353803e+02
1.0541992200000000e+02 3.2996697000000000e+02 3.9312005879336351e+02
1.0546875000000000e+02 3.2999927000000002e+02 3.9320463789324822e+02
1.0551757800000000e+02 3.3003799099999998e+02 3.9330752817267984e+02
1.0556640600000000e+02 3.2998450300000002e+02 3.9314728752795082e+02
1.0561523400000000e+02 3.2998871600000001e+02 3.9315171173651771e+02
1.0566406200000000e+02 3.3004283900000001e+02 3.9329852832891055e+02
1.0571289100000000e+02 3.3004214300000001e+02 3.9328893973919929e+02
1.0576171900000000e+02 3.3002152100000001e+02 3.9322251865133455e+02
1.0581054700000000e+02 3.3000574799999998e+02 3.9316994272074948e+02
1.0585937500000000e+02 3.2999683299999998e+02 3.9313693761048688e+02
1.0590820300000000e+02 3.2999570499999999e+02 3.9312614712601004e+02
1.0595703100000000e+02 3.3002834400000000e+02 3.9321164397495534e+02
1.0600585900000000e+02 3.3000768399999998e+02 3.9314516639593387e+02
1.0605468800000000e+02 3.3004197499999998e+02 3.9323536115456375e+02
1.0610351600000000e+02 3.3006584600000002e+02 3.9329583928299525e+02
1.0615234400000000e+02 3.3010940699999998e+02 3.9341243243440834e+02
1.0620117200000000e+02 3.3004373700000002e+02 3.9321769031309816e+02
1.0625000000000000e+02 3.3004841399999998e+02 3.9322346275605292e+02
1.0629882800000000e+02 3.3002351099999998e+02 3.9314494705448749e+02
1.0634765600000000e+02 3.2998740700000002e+02 3.9303453350243973e+02
1.0639648400000000e+02 3.3002095300000002e+02 3.9312257863608369e+02
1.0644531200000000e+02 3.3006479200000001e+02 3.9323993315160465e+02
1.0649414100000000e+02 3.3006603200000001e+02 3.9323592480302955e+02
1.0654296900000000e+02 3.3015412199999997e+02 3.9347929201186702e+02
1.0659179700000000e+02 3.3012130000000002e+02 3.9337825976795222e+02
1.0664062500000000e+02 3.3004983099999998e+02 3.9316719182602304e+02
1.0668945300000000e+02 3.3006835200000000e+02 3.9321241062742286e+02
1.0673828100000000e+02 3.3008578499999999e+02 3.9325452630329380e+02
1.0678710900000000e+02 3.3010106700000000e+02 3.9329051336706920e+02
1.0683593800000000e+02 3.3011056100000002e+02 3.9331001982896737e+02
1.0688476600000000e+02 3.3009347600000001e+02 3.9325386977915889e+02
1.0693359400000000e+02 3.3002809900000000e+02 3.9306028407577207e+02
1.0698242200000000e+02 3.3006644200000000e+02 3.9316191739027704e+02
1.0703125000000000e+02 3.3011786300000000e+02 3.9330075103123460e+02
1.0708007800000000e+02 3.3007279000000000e+02 3.9316499573767254e+02
1.0712890600000000e+02 3.3007961299999999e+02 3.9317692079212509e+02
1.0717773400000000e+02 3.3006438500000002e+02 3.9312611335621756e+02
1.0722656200000000e+02 3.3010646900000000e+02 3.9323835088145768e+02
1.0727539100000000e+02 3.3009921000000003e+02 3.9321021962659171e+02
1.0732421900000000e+02 3.3008745499999998e+02 3.9316930917820855e+02
1.0737304700000000e+02 3.3008237100000002e+02 3.9314738051461086e+02
1.0742187500000000e+02 3.3010876800000000e+02 3.9321497895071315e+02
1.0747070300000000e+02 3.3011571099999998e+02 3.9322725304711389e+02
1.0751953100000000e+02 3.3012591099999997e+02 3.9324878779832557e+02
1.0756835900000000e+02 3.3011271299999999e+02 3.9320380423554155e+02
1.0761718800000000e+02 3.3007810200000000e+02 3.9309796274310133e+02
1.0766601600000000e+02 3.3012019900000001e+02 3.9321017422460824e+02
1.0771484400000000e+02 3.3013592399999999e+02 3.9324741664312529e+02
1.0776367200000000e+02 3.3015918199999999e+02 3.9330606275541481e+02
1.0781250000000000e+02 3.3008046200000001e+02 3.9307492221583999e+02
1.0786132800000000e+02 3.3015025900000001e+02 3.9326581147080600e+02
1.0791015600000000e+02 3.3018228299999998e+02 3.9334935342721764e+02
1.0795898400000000e+02 3.3013510200000002e+02 3.9320787626975044e+02
1.0800781200000000e+02 3.3014562100000001e+02 3.9323032776911197e+02
1.0805664100000000e+02 3.3011974400000003e+02 3.9314940206821626e+02
1.0810546900000000e+02 3.3018188800000001e+02 3.9331847813356774e+02
1.0815429700000000e+02 3.3019993499999998e+02 3.9336230011189775e+02
1.0820312500000000e+02 3.3017656699999998e+02 3.9328851733924103e+02
1.0825195300000000e+02 3.3017906099999999e+02 3.9328818029707702e+02
1.0830078100000000e+02 3.3020481400000000e+02 3.9335387924281429e+02
1.0834960900000000e+02 3.3016049199999998e+02 3.9322064163545190e+02
1.0839843800000000e+02 3.3013788799999998e+02 3.9314907765321522e+02
1.0844726600000000e+02 3.3017287099999999e+02 3.9324097707410425e+02
1.0849609400000000e+02 3.3015855199999999e+02 3.9319294280721192e+02
1.0854492200000000e+02 3.3011354599999999e+02 3.9305783738524963e+02
1.0859375000000000e+02 3.3020931999999999e+02 3.9332222393706661e+02
1.0864257800000000e+02 3.3018728599999997e+02 3.9325231420390071e+02
1.0869140600000000e+02 3.3022408999999999e+02 3.9334934351301365e+02
1.0874023400000000e+02 3.3022647400000000e+02 3.9334871725279413e+02
1.0878906200000000e+02 3.3021387600000003e+02 3.9330559744499777e+02
1.0883789100000000e+02 3.3020000499999998e+02 3.9325887741544312e+02
1.0888671900000000e+02 3.3022910700000000e+02 3.9333403984389884e+02
1.0893554700000000e+02 3.3014850500000000e+02 3.9309809941211643e+02
1.0898437500000000e+02 3.3018627400000003e+02 3.9319784351322937e+02
1.0903320300000000e+02 3.3018304499999999e+02 3.9318133357339485e+02
1.0908203100000000e+02 3.3019760900000000e+02 3.9321527223160604e+02
1.0913085900000000e+02 3.3022740099999999e+02 3.9329237493654472e+02
1.0917968800000000e+02 3.3018837300000001e+02 3.9317439756997896e+02
1.0922851600000000e+02 3.3020523900000001e+02 3.9321486049084319e+02
1.0927734400000000e+02 3.3023590500000000e+02 3.9329442787522100e+02
1.0932617200000000e+02 3.3022188999999997e+02 3.9324737019091981e+02
1.0937500000000000e+02 3.3017244899999997e+02 3.9309994496053696e+02
1.0942382800000000e+02 3.3023695099999998e+02 3.9327537456849745e+02
1.0947265600000000e+02 3.3025315399999999e+02 3.9331394611602855e+02
1.0952148400000000e+02 3.3025364100000002e+02 3.9330799454477619e+02
1.0957031200000000e+02 3.3021699200000000e+02 3.9319686019293641e+02
1.0961914100000000e+02 3.3019666200000000e+02 3.9313196710839952e+02
1.0966796900000000e+02 3.3026845900000001e+02 3.9332798912339564e+02
1.0971679700000000e+02 3.3023962499999999e+02 3.9323902064162093e+02
1.0976562500000000e+02 3.3024690700000002e+02 3.9325233190395750e+02
1.0981445300000000e+02 3.3024312500000002e+02 3.9323431897719689e+02
1.0986328100000000e+02 3.3023926000000000e+02 3.9321607700671581e+02
1.0991210900000000e+02 3.3024221299999999e+02 3.9321714082103557e+02
1.0996093800000000e+02 3.3028279900000001e+02 3.9332472595993966e+02
1.1000976600000000e+02 3.3026206500000001e+02 3.9325874613824914e+02
1.1005859400000000e+02 3.3021601299999998e+02 3.9312113161378255e+02
1.1010742200000000e+02 3.3017368599999998e+02 3.9299408479749269e+02
1.1015625000000000e+02 3.3021674600000000e+02 3.9310866281712515e+02
1.1020507800000000e+02 3.3026459999999997e+02 3.9323678662642885e+02
1.1025390600000000e+02 3.3022744299999999e+02 3.9312439715446379e+02
1.1030273400000000e+02 3.3026429400000001e+02 3.9322137804967889e+02
1.1035156200000000e+02 3.3024232799999999e+02 3.9315198246345574e+02
1.1040039100000000e+02 3.3022328499999998e+02 3.9309086855447975e+02
1.1044921900000000e+02 3.3028440200000000e+02 3.9325645852030755e+02
1.1049804700000000e+02 3.3028745900000001e+02 3.9325784444323455e+02
1.1054687500000000e+02 3.3029472199999998e+02 3.9327112519719304e+02
1.1059570300000000e+02 3.3034173299999998e+02 3.9339678292915795e+02
1.1064453100000000e+02 3.3036671899999999e+02 3.9346015710289964e+02
1.1069335900000000e+02 3.3033847500000002e+02 3.9337305602622178e+02
1.1074218800000000e+02 3.3029115999999999e+02 3.9323206896939712e+02
1.1079101600000000e+02 3.3027174000000002e+02 3.9316994730191050e+02
1.1083984400000000e+02 3.3030259799999999e+02 3.9324992415562639e+02
1.1088867200000000e+02 3.3032841300000001e+02 3.9331563948785595e+02
1.1093750000000000e+02 3.3025457999999998e+02 3.9309979151699577e+02
1.1098632800000000e+02 3.3025859000000003e+02 3.9310390945751146e+02
1.1103515600000000e+02 3.3031085999999999e+02 3.9324436365938089e+02
1.1108398400000000e+02 3.3025844899999998e+02 3.9308909847624670e+02
1.1113281200000000e+02 3.3029164700000001e+02 3.9317566588155199e+02
1.1118164100000000e+02 3.3027511099999998e+02 3.9312175922380118e+02
1.1123046900000000e+02 3.3029244399999999e+02 3.9316351112793797e+02
1.1127929700000000e+02 3.3026918000000001e+02 3.9309062221287223e+02
1.1132812500000000e+02 3.3027090600000002e+02 3.9308830832441282e+02
1.1137695300000000e+02 3.3034395599999999e+02 3.9328736423015681e+02
1.1142578100000000e+02 3.3028758199999999e+02 3.9312102141793844e+02
1.1147460900000000e+02 3.3030428699999999e+02 3.9316099584892089e+02
1.1152343800000000e+02 3.3033992999999998e+02 3.9325441887248138e+02
1.1157226600000000e+02 3.3036287600000003e+02 3.9331199390800754e+02
1.1162109400000000e+02 3.3031369200000000e+02 3.9316600811053780e+02
1.1166992200000000e+02 3.3038190600000001e+02 3.9335132296303658e+02
1.1171875000000000e+02 3.3040360700000002e+02 3.9340536970201453e+02
1.1176757800000000e+02 3.3033919400000002e+02 3.9321645636115670e+02
1.1181640600000000e+02 3.3029297900000000e+02 3.9307891609797269e+02
1.1186523400000000e+02 3.3032089500000001e+02 3.9315051174867318e+02
1.1191406200000000e+02 3.3030758700000001e+02 3.9310582272400495e+02
1.1196289100000000e+02 3.3027917300000001e+02 3.9301854025943197e+02
1.1201171900000000e+02 3.3033301299999999e+02 3.9316323801548663e+02
1.1206054700000000e+02 3.3041056099999997e+02 3.9337476576322950e+02
1.1210937500000000e+02 3.3037467299999997e+02 3.9326641722753271e+02
1.1215820300000000e+02 3.3037079100000000e+02 3.9324832589124594e+02
1.1220703100000000e+02 3.3035111200000000e+02 3.9318570712111273e+02
1.1225585900000000e+02 3.3034797500000002e+02 3.9316973126222325e+02
1.1230468800000000e+02 3.3036709000000002e+02 3.9321648026716559e+02
1.1235351600000000e+02 3.3040964100000002e+02 3.9332927505982997e+02
1.1240234400000000e+02 3.3039733400000000e+02 3.9328745671635835e+02
1.1245117200000000e+02 3.3038211000000001e+02 3.9323742852183091e+02
1.1250000000000000e+02 3.3035208200000000e+02 3.9314569945005735e+02
1.1254882800000000e+02 3.3038197100000002e+02 3.9322279814104809e+02
1.1259765600000000e+02 3.3036180000000002e+02 3.9315886003379154e+02
1.1264648400000000e+02 3.3037203000000000e+02 3.9318057212325681e+02
1.1269531200000000e+02 3.3034583500000002e+02 3.9309968645127202e+02
1.1274414100000000e+02 3.3042694299999999e+02 3.9332102659886107e+02
1.1279296900000000e+02 3.3040609100000000e+02 3.9325519480719964e+02
1.1284179700000000e+02 3.3042560700000001e+02 3.9330305026310668e+02
1.1289062500000000e+02 3.3037512299999997e+02 3.9315380234623950e+02
1.1293945300000000e+02 3.3036424499999998e+02 3.9311609107751667e+02
1.1298828100000000e+02 3.3035747500000002e+02 3.9308995375456192e+02
1.1303710900000000e+02 3.3041333700000001e+02 3.9324012974076396e+02
1.1308593800000000e+02 3.3041925099999997e+02 3.9324969311701688e+02
1.1313476600000000e+02 3.3042617700000000e+02 3.9326210584755643e+02
1.1318359400000000e+02 3.3040515699999997e+02 3.9319587267153065e+02
1.1323242200000000e+02 3.3037541399999998e+02 3.9310510711474029e+02
1.1328125000000000e+02 3.3037311399999999e+02 3.9309157731621156e+02
1.1333007800000000e+02 3.3038654300000002e+02 3.9312230599948333e+02
1.1337890600000000e+02 3.3039981699999998e+02 3.9315259594625638e+02
1.1342773400000000e+02 3.3047658000000001e+02 3.9336147894225206e+02
1.1347656200000000e+02 3.3044778900000000e+02 3.9327342893327102e+02
1.1352539100000000e+02 3.3043623900000000e+02 3.9323388740088598e+02
1.1357421900000000e+02 3.3040764400000000e+02 3.9314641986251905e+02
1.1362304700000000e+02 3.3038384500000001e+02 3.9307245652293511e+02
1.1367187500000000e+02 3.3041427700000003e+02 3.9315099575948642e+02
1.1372070300000000e+02 3.3046029299999998e+02 3.9327333962178409e+02
1.1376953100000000e+02 3.3046395000000001e+02 3.9327658003166817e+02
1.1381835900000000e+02 3.3046400100000000e+02 3.9326968569086768e+02
1.1386718800000000e+02 3.3038468999999998e+02 3.9303972050161286e+02
1.1391601600000000e+02 3.3049083300000001e+02 3.9333103568268263e+02
1.1396484400000000e+02 3.3046409199999999e+02 3.9324885086719843e+02
1.1401367200000000e+02 3.3048738900000001e+02 3.9330729578020924e+02
1.1406250000000000e+02 3.3042450300000002e+02 3.9312356887780021e+02
1.1411132800000000e+02 3.3047890500000000e+02 3.9326941369507665e+02
1.1416015600000000e+02 3.3043899900000002e+02 3.9315028671606569e+02
1.1420898400000000e+02 3.3039526300000000e+02 3.9302042354367342e+02
1.1425781200000000e+02 3.3046020900000002e+02 3.9319586483823167e+02
1.1430664100000000e+02 3.3044743099999999e+02 3.9315297625112515e+02
1.1435546900000000e+02 3.3047660200000001e+02 3.9322790923962145e+02
1.1440429700000000e+02 3.3048155900000000e+02 3.9323483407080124e+02
1.1445312500000000e+02 3.3044638600000002e+02 3.9312907650550699e+02
1.1450195300000000e+02 3.3042414600000001e+02 3.9305965188024135e+02
1.1455078100000000e+02 3.3049624899999998e+02 3.9325510869340349e+02
1.1459960900000000e+02 3.3046319299999999e+02 3.9315532703859947e+02
1.1464843800000000e+02 3.3045419399999997e+02 3.9312309307536697e+02
1.1469726600000000e+02 3.3049646400000000e+02 3.9323476777651217e+02
1.1474609400000000e+02 3.3053108900000001e+02 3.9332497007659788e+02
1.1479492200000000e+02 3.3054261600000001e+02 3.9335033975269511e+02
1.1484375000000000e+02 3.3053126900000001e+02 3.9331152188854196e+02
1.1489257800000000e+02 3.3046574399999997e+02 3.9312069944229575e+02
1.1494140600000000e+02 3.3045488599999999e+02 3.9308328468338397e+02
1.1499023400000000e+02 3.3044795399999998e+02 3.9305689259180031e+02
1.1503906200000000e+02 3.3052864399999999e+02 3.9327629650918311e+02
1.1508789100000000e+02 3.3053976499999999e+02 3.9330053374077801e+02
1.1513671900000000e+02 3.3054996299999999e+02 3.9332218086919471e+02
1.1518554700000000e+02 3.3049400000000003e+02 3.9315828542857628e+02
1.1523437500000000e+02 3.3052432900000002e+02 3.9323639645611354e+02
1.1528320300000000e+02 3.3052576399999998e+02 3.9323348038002780e+02
1.1533203100000000e+02 3.3049004900000000e+02 3.9312641058506847e+02
1.1538085900000000e+02 3.3048453799999999e+02 3.9310403663933249e+02
1.1542968800000000e+02 3.3046069599999998e+02 3.9303028327691953e+02
1.1547851600000000e+02 3.3046845300000001e+02 3.9304511607957875e+02
1.1552734400000000e+02 3.3048723600000000e+02 3.9309085182275129e+02
1.1557617200000000e+02 3.3050031300000001e+02 3.9312059131104235e+02
1.1562500000000000e+02 3.3054385500000001e+02 3.9323569912707870e+02
1.1567382800000000e+02 3.3056155899999999e+02 3.9327839135496953e+02
1.1572265600000000e+02 3.3050259100000000e+02 3.9310626030374425e+02
1.1577148400000000e+02 3.3048666400000002e+02 3.9305474232533066e+02
1.1582031200000000e+02 3.3048646800000000e+02 3.9304730301192694e+02
1.1586914100000000e+02 3.3057728800000001e+02 3.9329481024948109e+02
1.1591796900000000e+02 3.3054730499999999e+02 3.9320392828091832e+02
1.1596679700000000e+02 3.3052491500000002e+02 3.9313432912499388e+02
1.1601562500000000e+02 3.3052455900000001e+02 3.9312644755393410e+02
1.1606445300000000e+02 3.3053217699999999e+02 3.9314089808304902e+02
1.1611328100000000e+02 3.3055254200000002e+02 3.9319103899703498e+02
1.1616210900000000e+02 3.3054144500000001e+02 3.9315309093399100e+02
1.1621093800000000e+02 3.3053971999999999e+02 3.9314138784879481e+02
1.1625976600000000e+02 3.3055889600000000e+02 3.9318819531097415e+02
1.1630859400000000e+02 3.3058603799999997e+02 3.9325729390509906e+02
1.1635742200000000e+02 3.3056815699999999e+02 3.9320037643795860e+02
1.1640625000000000e+02 3.3054119300000002e+02 3.9311805233107168e+02
1.1645507800000000e+02 3.3056623000000002e+02 3.9318125654164709e+02
1.1650390600000000e+02 3.3056898999999999e+02 3.9318212114563153e+02
1.1655273400000000e+02 3.3057286800000003e+02 3.9318611600625979e+02
1.1660156200000000e+02 3.3054658499999999e+02 3.9310573574088079e+02
1.1665039100000000e+02 3.3060342100000003e+02 3.9325788143098220e+02
1.1669921900000000e+02 3.3066137300000003e+02 3.9341312580221569e+02
1.1674804700000000e+02 3.3062000499999999e+02 3.9329056368266180e+02
1.1679687500000000e+02 3.3065112599999998e+02 3.9337074832392562e+02
1.1684570300000000e+02 3.3065481699999998e+02 3.9337421730484181e+02
1.1689453100000000e+02 3.3060465599999998e+02 3.9322711007412960e+02
1.1694335900000000e+02 3.3060228100000000e+02 3.9321363540177492e+02
1.1699218800000000e+02 3.3060828700000002e+02 3.9322359589300203e+02
1.1704101600000000e+02 3.3056806399999999e+02 3.9310432663251356e+02
1.1708984400000000e+02 3.3061148600000001e+02 3.9321888532821447e+02
1.1713867200000000e+02 3.3065946700000001e+02 3.9334616967484163e+02
1.1718750000000000e+02 3.3063156300000003e+02 3.9326135588916651e+02
1.1723632800000000e+02 3.3059692799999999e+02 3.9315774882560299e+02
1.1728515600000000e+02 3.3069143900000000e+02 3.9341503167974821e+02
1.1733398400000000e+02 3.3064383199999997e+02 3.9327518958334002e+02
1.1738281200000000e+02 3.3065201400000001e+02 3.9329123739727675e+02
1.1743164100000000e+02 3.3061719299999999e+02 3.9318715239684542e+02
1.1748046900000000e+02 3.3062587800000000e+02 3.9320461480630883e+02
1.1752929700000000e+02 3.3060837900000001e+02 3.9314894174219091e+02
1.1757812500000000e+02 3.3060777000000002e+02 3.9314045221583035e+02
1.1762695300000000e+02 3.3065723400000002e+02 3.9327180309091318e+02
1.1767578100000000e+02 3.3066693600000002e+02 3.9329210229427804e+02
1.1772460900000000e+02 3.3065684099999999e+02 3.9325712357317497e+02
1.1777343800000000e+02 3.3063458200000002e+02 3.9318819157154280e+02
1.1782226600000000e+02 3.3060624200000001e+02 3.9310229708756174e+02
1.1787109400000000e+02 3.3065817700000002e+02 3.9324050653360229e+02
1.1791992200000000e+02 3.3064973900000001e+02 3.9321017852943856e+02
1.1796875000000000e+02 3.3065002900000002e+02 3.9320421810224849e+02
1.1801757800000000e+02 3.3066415599999999e+02 3.9323687739275664e+02
1.1806640600000000e+02 3.3064552500000002e+02 3.9317812020620710e+02
1.1811523400000000e+02 3.3069673699999998e+02 3.9331426078941672e+02
1.1816406200000000e+02 3.3069579499999998e+02 3.9330486596942546e+02
1.1821289100000000e+02 3.3068985500000002e+02 3.9328153117313735e+02
1.1826171900000000e+02 3.3062869599999999e+02 3.9310416130999113e+02
1.1831054700000000e+02 3.3071420000000001e+02 3.9333592724296011e+02
1.1835937500000000e+02 3.3071274199999999e+02 3.9332510415714961e+02
1.1840820300000000e+02 3.3070782700000001e+02 3.9330464384790639e+02
1.1845703100000000e+02 3.3072901300000001e+02 3.9335697781685241e+02
1.1850585900000000e+02 3.3076629000000003e+02 3.9345417520775010e+02
1.1855468800000000e+02 3.3069095199999998e+02 3.9323735844982656e+02
1.1860351600000000e+02 3.3071677799999998e+02 3.9330262868767875e+02
1.1865234400000000e+02 3.3074085300000002e+02 3.9336300910985375e+02
1.1870117200000000e+02 3.3074833200000000e+02 3.9337711938347866e+02
1.1875000000000000e+02 3.3074350900000002e+02 3.9335693980600649e+02
1.1879882800000000e+02 3.3071762699999999e+02 3.9327807207868261e+02
1.1884765600000000e+02 3.3066547600000001e+02 3.9312601101622056e+02
1.1889648400000000e+02 3.3070553300000000e+02 3.9323092939656937e+02
1.1894531200000000e+02 3.3067669999999998e+02 3.9314387591009870e+02
1.1899414100000000e+02 3.3068422099999998e+02 3.9315812843234824e+02
1.1904296900000000e+02 3.3070034199999998e+02 3.9319634045781436e+02
1.1909179700000000e+02 3.3073751399999998e+02 3.9329319119534210e+02
1.1914062500000000e+02 3.3077506899999997e+02 3.9339109524470348e+02
1.1918945300000000e+02 3.3075225399999999e+02 3.9332083806395576e+02
1.1923828100000000e+02 3.3070739300000002e+02 3.9318919548110415e+02
1.1928710900000000e+02 3.3076596499999999e+02 3.9334561974688017e+02
1.1933593800000000e+02 3.3076585799999998e+02 3.9333862319232207e+02
1.1938476600000000e+02 3.3072233799999998e+02 3.9321075247136577e+02
1.1943359400000000e+02 3.3075936100000001e+02 3.9330714812966522e+02
1.1948242200000000e+02 3.3079239799999999e+02 3.9339243367463371e+02
1.1953125000000000e+02 3.3077964600000001e+02 3.9335024546259132e+02
1.1958007800000000e+02 3.3075598900000000e+02 3.9327771291518224e+02
1.1962890600000000e+02 3.3070276699999999e+02 3.9312290841864444e+02
1.1967773400000000e+02 3.3076931300000001e+02 3.9330144612978796e+02
1.1972656200000000e+02 3.3074827599999998e+02 3.9323623329023235e+02
1.1977539100000000e+02 3.3076720599999999e+02 3.9328224335973346e+02
1.1982421900000000e+02 3.3069556299999999e+02 3.9307624538823461e+02
1.1987304700000000e+02 3.3073052300000001e+02 3.9316686276103582e+02
1.1992187500000000e+02 3.3078274299999998e+02 3.9330548265966070e+02
1.1997070300000000e+02 3.3077115900000001e+02 3.9326660264521115e+02
1.2001953100000000e+02 3.3073986800000000e+02 3.9317291804444790e+02
1.2006835900000000e+02 3.3078215399999999e+02 3.9328388223904238e+02
1.2011718800000000e+02 3.3075549899999999e+02 3.9320310855059859e+02
1.2016601600000000e+02 3.3077109700000000e+02 3.9323984470841100e+02
1.2021484400000000e+02 3.3076837399999999e+02 3.9322563558705815e+02
1.2026367200000000e+02 3.3076118800000000e+02 3.9319902272270627e+02
1.2031250000000000e+02 3.3081489499999998e+02 3.9334170219132932e+02
1.2036132800000000e+02 3.3072844500000002e+02 3.9309474877568215e+02
1.2041015600000000e+02 3.3075332900000001e+02 3.9315730175616682e+02
1.2045898400000000e+02 3.3082880299999999e+02 3.9336045537058743e+02
1.2050781200000000e+02 3.3073258499999997e+02 3.9308642089937240e+02
1.2055664100000000e+02 3.3079702300000002e+02 3.9325888356237385e+02
1.2060546900000000e+02 3.3085259600000001e+02 3.9340668751379553e+02
1.2065429700000000e+02 3.3080484700000000e+02 3.9326739266102885e+02
1.2070312500000000e+02 3.3071121599999998e+02 3.9300065129307512e+02
1.2075195300000000e+02 3.3076671099999999e+02 3.9314823043920615e+02
1.2080078100000000e+02 3.3083156400000001e+02 3.9332178254319894e+02
1.2084960900000000e+02 3.3084138799999999e+02 3.9334246195874698e+02
1.2089843800000000e+02 3.3084945499999998e+02 3.9335826039168495e+02
1.2094726600000000e+02 3.3083985500000000e+02 3.9332499533454791e+02
1.2099609400000000e+02 3.3084518300000002e+02 3.9333319143430106e+02
1.2104492200000000e+02 3.3086821600000002e+02 3.9339054943013264e+02
1.2109375000000000e+02 3.3081727300000000e+02 3.9324251015678044e+02
1.2114257800000000e+02 3.3080061200000000e+02 3.9318967149873515e+02
1.2119140600000000e+02 3.3079629000000000e+02 3.9317109667860194e+02
1.2124023400000000e+02 3.3079756500000002e+02 3.9316806313255802e+02
1.2128906200000000e+02 3.3079468200000002e+02 3.9315349162827920e+02
1.2133789100000000e+02 3.3086321700000002e+02 3.9333713263543024e+02
1.2138671900000000e+02 3.3085285399999998e+02 3.9330179664211107e+02
1.2143554700000000e+02 3.3081173600000000e+02 3.9318112734493303e+02
1.2148437500000000e+02 3.3087803000000002e+02 3.9335851061872046e+02
1.2153320300000000e+02 3.3089679999999998e+02 3.9340401566212626e+02
1.2158203100000000e+02 3.3085634399999998e+02 3.9328521064363377e+02
1.2163085900000000e+02 3.3085110500000002e+02 3.9326411830095964e+02
1.2167968800000000e+02 3.3088194900000002e+02 3.9334311695159710e+02
1.2172851600000000e+02 3.3081967600000002e+02 3.9316384215662077e+02
1.2177734400000000e+02 3.3084996300000000e+02 3.9324129607687598e+02
1.2182617200000000e+02 3.3087885199999999e+02 3.9331486301093076e+02
1.2187500000000000e+02 3.3084094299999998e+02 3.9320319858799576e+02
1.2192382800000000e+02 3.3086093399999999e+02 3.9325209029591593e+02
1.2197265600000000e+02 3.3087262099999998e+02 3.9327795423081454e+02
1.2202148400000000e+02 3.3074356200000000e+02 3.9291364081201863e+02
1.2207031200000000e+02 3.3077592800000002e+02 3.9299685389197600e+02
1.2211914100000000e+02 3.3083694800000001e+02 3.9315947745035726e+02
1.2216796900000000e+02 3.3083602800000000e+02 3.9315040882926991e+02
1.2221679700000000e+02 3.3086502000000002e+02 3.9322423919534236e+02
1.2226562500000000e+02 3.3089125600000000e+02 3.9329042284814790e+02
1.2231445300000000e+02 3.3088501000000002e+02 3.9326659500465217e+02
1.2236328100000000e+02 3.3085112800000002e+02 3.9316620382301079e+02
1.2241210900000000e+02 3.3086220100000003e+02 3.9319037506857910e+02
1.2246093800000000e+02 3.3088614000000001e+02 3.9325018587195268e+02
1.2250976600000000e+02 3.3089053999999999e+02 3.9325586693823874e+02
1.2255859400000000e+02 3.3086693600000001e+02 3.9318398517612297e+02
1.2260742200000000e+02 3.3081069300000001e+02 3.9302172241924956e+02
1.2265625000000000e+02 3.3087899399999998e+02 3.9320438868396974e+02
1.2270507800000000e+02 3.3087937299999999e+02 3.9319894596810963e+02
1.2275390600000000e+02 3.3087876199999999e+02 3.9319076515702307e+02
1.2280273400000000e+02 3.3091973800000000e+02 3.9329772753005614e+02
1.2285156200000000e+02 3.3094639999999998e+02 3.9336504780394512e+02
1.2290039100000000e+02 3.3092147100000000e+02 3.9328954501243686e+02
1.2294921900000000e+02 3.3091558300000003e+02 3.9326676177020369e+02
1.2299804700000000e+02 3.3089226000000002e+02 3.9319572843305787e+02
1.2304687500000000e+02 3.3090052900000001e+02 3.9321214079410754e+02
1.2309570300000000e+02 3.3088833599999998e+02 3.9317192781549835e+02
1.2314453100000000e+02 3.3087622900000002e+02 3.9313196141015572e+02
1.2319335900000000e+02 3.3089825900000000e+02 3.9318645655362104e+02
1.2324218800000000e+02 3.3089379100000002e+02 3.9316763412304289e+02
1.2329101600000000e+02 3.3097051900000002e+02 3.9337344086210379e+02
1.2333984400000000e+02 3.3094761199999999e+02 3.9330360473530772e+02
1.2338867200000000e+02 3.3088125100000002e+02 3.9311358814237769e+02
1.2343750000000000e+02 3.3089694700000001e+02 3.9315055555569052e+02
1.2348632800000000e+02 3.3091125699999998e+02 3.9318368620777755e+02
1.2353515600000000e+02 3.3095063399999998e+02 3.9328613257138011e+02
1.2358398400000000e+02 3.3093181600000003e+02 3.9322764861847827e+02
1.2363281200000000e+02 3.3093395600000002e+02 3.9322712293580622e+02
1.2368164100000000e+02 3.3092863100000000e+02 3.9320596102414959e+02
1.2373046900000000e+02 3.3088819400000000e+02 3.9308773894184668e+02
1.2377929700000000e+02 3.3092404699999997e+02 3.9318042194742929e+02
1.2382812500000000e+02 3.3094449200000003e+02 3.9323050433155265e+02
1.2387695300000000e+02 3.3095753100000002e+02 3.9326011219803672e+02
1.2392578100000000e+02 3.3094848700000000e+02 3.9322868924326258e+02
1.2397460900000000e+02 3.3095226900000000e+02 3.9323271638815743e+02
1.2402343800000000e+02 3.3096123899999998e+02 3.9325108014418009e+02
1.2407226600000000e+02 3.3099911800000001e+02 3.9334931686194375e+02
1.2412109400000000e+02 3.3092205600000000e+02 3.9312999123427227e+02
1.2416992200000000e+02 3.3095096400000000e+02 3.9320344396274305e+02
1.2421875000000000e+02 3.3095896299999998e+02 3.9321913080119498e+02
1.2426757800000000e+02 3.3092165599999998e+02 3.9310967951170261e+02
1.2431640600000000e+02 3.3099981800000000e+02 3.9331915454196400e+02
1.2436523400000000e+02 3.3099797400000000e+02 3.9330765232582047e+02
1.2441406200000000e+02 3.3092438299999998e+02 3.9309803161239694e+02
1.2446289100000000e+02 3.3089939500000003e+02 3.9302264791013084e+02
1.2451171900000000e+02 3.3089363300000002e+02 3.9300036074193616e+02
1.2456054700000000e+02 3.3090079200000002e+02 3.9301375088185557e+02
1.2460937500000000e+02 3.3089965200000000e+02 3.9300423137329841e+02
1.2465820300000000e+02 3.3096264000000002e+02 3.9317172904498022e+02
1.2470703100000000e+02 3.3096635800000001e+02 3.9317561141195335e+02
1.2475585900000000e+02 3.3093007000000000e+02 3.9306908346888548e+02
1.2480468800000000e+02 3.3097776299999998e+02 3.9319433366921265e+02
1.2485351600000000e+02 3.3104306500000001e+02 3.9336815753490959e+02
1.2490234400000000e+02 3.3097969699999999e+02 3.9318692598643287e+02
1.2495117200000000e+02 3.3097533199999998e+02 3.9316851513586715e+02
1.2500000000000000e+02 3.3098225100000002e+02 3.9318123956138851e+02
1.2504882800000000e+02 3.3097260199999999e+02 3.9314825994099340e+02
1.2509765600000000e+02 3.3102143699999999e+02 3.9327660777134980e+02
1.2514648400000000e+02 3.3096305699999999e+02 3.9310922277725530e+02
1.2519531200000000e+02 3.3099306200000001e+02 3.9318562590555706e+02
1.2524414100000000e+02 3.3100585799999999e+02 3.9321456151034386e+02
1.2529296900000000e+02 3.3102582100000001e+02 3.9326325780911139e+02
1.2534179700000000e+02 3.3101488499999999e+02 3.9322675129778668e+02
1.2539062500000000e+02 3.3100431600000002e+02 3.9319126445068872e+02
1.2543945300000000e+02 3.3100268000000000e+02 3.9318041221042228e+02
1.2548828100000000e+02 3.3097803499999998e+02 3.9310613634324130e+02
1.2553710900000000e+02 3.3103731800000003e+02 3.9326321498319049e+02
1.2558593800000000e+02 3.3100842200000000e+02 3.9317723169322994e+02
1.2563476600000000e+02 3.3100823800000001e+02 3.9317039401533128e+02
1.2568359400000000e+02 3.3103324800000001e+02 3.9323298844718641e+02
1.2573242200000000e+02 3.3102651100000003e+02 3.9320809448574931e+02
1.2578125000000000e+02 3.3105982100000000e+02 3.9329354971325489e+02
1.2583007800000000e+02 3.3109840100000002e+02 3.9339351320649649e+02
1.2587890600000000e+02 3.3104313300000001e+02 3.9323492012759039e+02
1.2592773400000000e+02 3.3107477599999999e+02 3.9331576742255231e+02
1.2597656200000000e+02 3.3106806300000000e+02 3.9329095323389089e+02
1.2602539100000000e+02 3.3103767399999998e+02 3.9320093480359134e+02
1.2607421900000000e+02 3.3102539400000001e+02 3.9316080576638080e+02
1.2612304700000000e+02 3.3107420400000001e+02 3.9328891709407424e+02
1.2617187500000000e+02 3.3102687200000003e+02 3.9315227153838180e+02
1.2622070300000000e+02 3.3103741900000000e+02 3.9317501397261225e+02
1.2626953100000000e+02 3.3105412899999999e+02 3.9321472288168462e+02
1.2631835900000000e+02 3.3107708900000000e+02 3.9327163381610586e+02
1.2636718800000000e+02 3.3104048999999998e+02 3.9316458571547628e+02
1.2641601600000000e+02 3.3104865699999999e+02 3.9318077728696210e+02
1.2646484400000000e+02 3.3104591699999997e+02 3.9316694862343485e+02
1.2651367200000000e+02 3.3108562699999999e+02 3.9326995193878361e+02
1.2656250000000000e+02 3.3110142999999999e+02 3.9330715133136124e+02
1.2661132800000000e+02 3.3102244400000001e+02 3.9308351616931634e+02
1.2666015600000000e+02 3.3112215099999997e+02 3.9335158903428891e+02
1.2670898400000000e+02 3.3107399099999998e+02 3.9321279994802211e+02
1.2675781200000000e+02 3.3106236000000001e+02 3.9317452787430068e+02
1.2680664100000000e+02 3.3108931400000000e+02 3.9324240504531673e+02
1.2685546900000000e+02 3.3109896500000002e+02 3.9326267966821462e+02
1.2690429700000000e+02 3.3112130600000000e+02 3.9331785602288494e+02
1.2695312500000000e+02 3.3105027899999999e+02 3.9311624453999292e+02
1.2700195300000000e+02 3.3108696700000002e+02 3.9321088193253263e+02
1.2705078100000000e+02 3.3103868499999999e+02 3.9307185777827863e+02
1.2709960900000000e+02 3.3102444500000001e+02 3.9302645798349272e+02
1.2714843800000000e+02 3.3104268600000000e+02 3.9307036895375086e+02
1.2719726600000000e+02 3.3108626099999998e+02 3.9318392210535598e+02
1.2724609400000000e+02 3.3104365500000000e+02 3.9306055406391005e+02
1.2729492200000000e+02 3.3107658600000002e+02 3.9314483711475776e+02
1.2734375000000000e+02 3.3107336600000002e+02 3.9312974789173006e+02
1.2739257800000000e+02 3.3111459900000000e+02 3.9323683298299562e+02
1.2744140600000000e+02 3.3108069799999998e+02 3.9313742909268126e+02
1.2749023400000000e+02 3.3110563999999999e+02 3.9319973554150425e+02
1.2753906200000000e+02 3.3108973500000002e+02 3.9314980075309370e+02
1.2758789100000000e+02 3.3109098299999999e+02 3.9314700251937427e+02
1.2763671900000000e+02 3.3111017399999997e+02 3.9319350051612639e+02
1.2768554700000000e+02 3.3115109999999999e+02 3.9329969994602260e+02
1.2773437500000000e+02 3.3115007400000002e+02 3.9329065072697080e+02
1.2778320300000000e+02 3.3113475099999999e+02 3.9324233674162406e+02
1.2783203100000000e+02 3.3115197200000000e+02 3.9328341073660800e+02
1.2788085900000000e+02 3.3115273100000002e+02 3.9327927281237208e+02
1.2792968800000000e+02 3.3115081600000002e+02 3.9326779468107122e+02
1.2797851600000000e+02 3.3110051900000002e+02 3.9312347519714649e+02
1.2802734400000000e+02 3.3118300599999998e+02 3.9334374456275430e+02
1.2807617200000001e+02 3.3116763900000001e+02 3.9329533999503911e+02
1.2812500000000000e+02 3.3108591400000000e+02 3.9306478382735651e+02
1.2817382799999999e+02 3.3112667199999999e+02 3.9317047042217274e+02
1.2822265600000000e+02 3.3109026399999999e+02 3.9306434494717996e+02
1.2827148399999999e+02 3.3108799199999999e+02 3.9305192377465613e+02
1.2832031200000000e+02 3.3109783599999997e+02 3.9307275623076475e+02
1.2836914100000001e+02 3.3111704700000001e+02 3.9311929108708159e+02
1.2841796900000000e+02 3.3117627499999998e+02 3.9327562210042646e+02
1.2846679700000001e+02 3.3110622499999999e+02 3.9307723716307999e+02
1.2851562500000000e+02 3.3121909900000003e+02 3.9338072618493430e+02
1.2856445299999999e+02 3.3120926600000001e+02 3.9334755681218923e+02
1.2861328100000000e+02 3.3123345300000000e+02 3.9340771215874048e+02
1.2866210899999999e+02 3.3120953100000003e+02 3.9333590624938222e+02
1.2871093800000000e+02 3.3112409300000002e+02 3.9309539911079406e+02
1.2875976600000001e+02 3.3114256200000000e+02 3.9313988484657403e+02
1.2880859400000000e+02 3.3111801400000002e+02 3.9306640516110485e+02
1.2885742200000001e+02 3.3116872200000000e+02 3.9319928882624509e+02
1.2890625000000000e+02 3.3111566199999999e+02 3.9304764649354195e+02
1.2895507799999999e+02 3.3116114700000003e+02 3.9316619608626172e+02
1.2900390600000000e+02 3.3117114099999998e+02 3.9318743634767623e+02
1.2905273399999999e+02 3.3117672900000002e+02 3.9319659787001046e+02
1.2910156200000000e+02 3.3118276900000001e+02 3.9320699885738725e+02
1.2915039100000001e+02 3.3118838399999999e+02 3.9321623528609598e+02
1.2919921900000000e+02 3.3120700499999998e+02 3.9326111551335254e+02
1.2924804700000001e+02 3.3123273999999998e+02 3.9332548539603295e+02
1.2929687500000000e+02 3.3116149600000000e+02 3.9312411560150207e+02
1.2934570299999999e+02 3.3119316800000001e+02 3.9320475673589476e+02
1.2939453100000000e+02 3.3120582300000001e+02 3.9323328706273571e+02
1.2944335899999999e+02 3.3120143200000001e+02 3.9321511796529711e+02
1.2949218800000000e+02 3.3124840100000000e+02 3.9333764203364370e+02
1.2954101600000001e+02 3.3123926000000000e+02 3.9330646115019783e+02
1.2958984400000000e+02 3.3127924899999999e+02 3.9340984653655704e+02
1.2963867200000001e+02 3.3131713200000002e+02 3.9350745060011934e+02
1.2968750000000000e+02 3.3121421299999997e+02 3.9321946507789357e+02
1.2973632799999999e+02 3.3119303500000001e+02 3.9315535038503691e+02
1.2978515600000000e+02 3.3118585400000001e+02 3.9312957137246457e+02
1.2983398399999999e+02 3.3121208100000001e+02 3.9319526293811020e+02
1.2988281200000000e+02 3.3121479399999998e+02 3.9319657450919055e+02
1.2993164100000001e+02 3.3121517499999999e+02 3.9319150408364789e+02
1.2998046900000000e+02 3.3125544300000001e+02 3.9329561467905967e+02
1.3002929700000001e+02 3.3123302600000000e+02 3.9322814383132913e+02
1.3007812500000000e+02 3.3122014300000001e+02 3.9318677751696021e+02
1.3012695299999999e+02 3.3123365300000000e+02 3.9321764558141319e+02
1.3017578100000000e+02 3.3123117300000001e+02 3.9320475651329082e+02
1.3022460899999999e+02 3.3125190300000003e+02 3.9325537742145815e+02
1.3027343800000000e+02 3.3126827200000002e+02 3.9329406101667649e+02
1.3032226600000001e+02 3.3125471199999998e+02 3.9325086286658410e+02
1.3037109400000000e+02 3.3128605700000003e+02 3.9333051226730032e+02
1.3041992200000001e+02 3.3126426800000002e+02 3.9326481272000700e+02
1.3046875000000000e+02 3.3124507199999999e+02 3.9320621716712998e+02
1.3051757799999999e+02 3.3119391100000001e+02 3.9306021083543686e+02
1.3056640600000000e+02 3.3129662900000000e+02 3.9333504254679639e+02
1.3061523399999999e+02 3.3120191899999998e+02 3.9306996751034126e+02
1.3066406200000000e+02 3.3123217199999999e+02 3.9314662013628487e+02
1.3071289100000001e+02 3.3122076299999998e+02 3.9310935533813830e+02
1.3076171900000000e+02 3.3129960999999997e+02 3.9331884763512278e+02
1.3081054700000001e+02 3.3129533800000002e+02 3.9330108967920609e+02
1.3085937500000000e+02 3.3129549800000001e+02 3.9329545104988193e+02
1.3090820299999999e+02 3.3126926800000001e+02 3.9321768424153197e+02
1.3095703100000000e+02 3.3124028600000003e+02 3.9313240963556217e+02
1.3100585899999999e+02 3.3122760699999998e+02 3.9309170350194967e+02
1.3105468800000000e+02 3.3127103099999999e+02 3.9320431519501557e+02
1.3110351600000001e+02 3.3129941300000002e+02 3.9327581053621662e+02
1.3115234400000000e+02 3.3122255100000001e+02 3.9305974504430952e+02
1.3120117200000001e+02 3.3123622999999998e+02 3.9309107515446738e+02
1.3125000000000000e+02 3.3126071100000001e+02 3.9315191169193838e+02
1.3129882799999999e+02 3.3124406199999999e+02 3.9310038919306345e+02
1.3134765600000000e+02 3.3127957800000001e+02 3.9319136091793450e+02
1.3139648399999999e+02 3.3121681000000001e+02 3.9301388594593868e+02
1.3144531200000000e+02 3.3129802999999998e+02 3.9322967248169977e+02
1.3149414100000001e+02 3.3130624699999998e+02 3.9324607127228751e+02
1.3154296900000000e+02 3.3132459999999998e+02 3.9329014701084259e+02
1.3159179700000001e+02 3.3129142500000000e+02 3.9319352600652212e+02
1.3164062500000000e+02 3.3134012100000001e+02 3.9332044515108907e+02
1.3168945299999999e+02 3.3122539300000000e+02 3.9300120110906516e+02
1.3173828100000000e+02 3.3123284500000000e+02 3.9301553205575328e+02
1.3178710899999999e+02 3.3130537299999997e+02 3.9320749308781768e+02
1.3183593800000000e+02 3.3130720000000002e+02 3.9320645733599531e+02
1.3188476600000001e+02 3.3129474699999997e+02 3.9316645110081919e+02
1.3193359400000000e+02 3.3132733300000001e+02 3.9324936287210625e+02
1.3198242200000001e+02 3.3130404399999998e+02 3.9317979420068252e+02
1.3203125000000000e+02 3.3124475899999999e+02 3.9301202034507526e+02
1.3208007799999999e+02 3.3130279600000000e+02 3.9316437019464502e+02
1.3212890600000000e+02 3.3131949500000002e+02 3.9320392258913722e+02
1.3217773399999999e+02 3.3132272599999999e+02 3.9320673084991495e+02
1.3222656200000000e+02 3.3134678400000001e+02 3.9326635143605193e+02
1.3227539100000001e+02 3.3135154000000000e+02 3.9327331773064526e+02
1.3232421900000000e+02 3.3134871299999998e+02 3.9325960350228968e+02
1.3237304700000001e+02 3.3135185500000000e+02 3.9326217148314612e+02
1.3242187500000000e+02 3.3133480600000001e+02 3.9320968128452728e+02
1.3247070299999999e+02 3.3135682700000001e+02 3.9326373437048341e+02
1.3251953100000000e+02 3.3133411000000001e+02 3.9319580155531708e+02
1.3256835899999999e+02 3.3139373499999999e+02 3.9335237233147910e+02
1.3261718800000000e+02 3.3134500900000000e+02 3.9321354268182802e+02
1.3266601600000001e+02 3.3128948800000001e+02 3.9305621293321599e+02
1.3271484400000000e+02 3.3131039299999998e+02 3.9310722464784766e+02
1.3276367200000001e+02 3.3132851599999998e+02 3.9315064822521123e+02
1.3281250000000000e+02 3.3140919700000001e+02 3.9336455782348105e+02
1.3286132799999999e+02 3.3139235000000002e+02 3.9331266214815452e+02
1.3291015600000000e+02 3.3137073600000002e+02 3.9324778632161133e+02
1.3295898399999999e+02 3.3137068599999998e+02 3.9324167769772282e+02
1.3300781200000000e+02 3.3139242100000001e+02 3.9329492533403737e+02
1.3305664100000001e+02 3.3138788499999998e+02 3.9327659640236607e+02
1.3310546900000000e+02 3.3134836000000001e+02 3.9316295824582244e+02
1.3315429700000001e+02 3.3138315100000000e+02 3.9325176872139059e+02
1.3320312500000000e+02 3.3137790400000000e+02 3.9323151609742462e+02
1.3325195299999999e+02 3.3141448400000002e+02 3.9332518437225525e+02
1.3330078100000000e+02 3.3141729800000002e+02 3.9332688552177291e+02
1.3334960899999999e+02 3.3139706000000001e+02 3.9326581526022551e+02
1.3339843800000000e+02 3.3139140700000002e+02 3.9324446924801282e+02
1.3344726600000001e+02 3.3134048999999999e+02 3.9309988796814855e+02
1.3349609400000000e+02 3.3143055099999998e+02 3.9333914252361814e+02
1.3354492200000001e+02 3.3139099599999997e+02 3.9322550999171330e+02
1.3359375000000000e+02 3.3142574100000002e+02 3.9331414798893883e+02
1.3364257799999999e+02 3.3143248599999998e+02 3.9332656157550298e+02
1.3369140600000000e+02 3.3141539399999999e+02 3.9327409803240050e+02
1.3374023399999999e+02 3.3141829799999999e+02 3.9327606308868980e+02
1.3378906200000000e+02 3.3140173700000003e+02 3.9322505961670549e+02
1.3383789100000001e+02 3.3138983500000001e+02 3.9318674292627458e+02
1.3388671900000000e+02 3.3144067400000000e+02 3.9331914556432866e+02
1.3393554700000001e+02 3.3141341699999998e+02 3.9323905502386987e+02
1.3398437500000000e+02 3.3141552899999999e+02 3.9323887631845940e+02
1.3403320299999999e+02 3.3136148100000003e+02 3.9308592759441882e+02
1.3408203100000000e+02 3.3140860600000002e+02 3.9320820346407169e+02
1.3413085899999999e+02 3.3141282100000001e+02 3.9321375239663604e+02
1.3417968800000000e+02 3.3141740499999997e+02 3.9322030575441676e+02
1.3422851600000001e+02 3.3146690599999999e+02 3.9334901172654833e+02
1.3427734400000000e+02 3.3141872899999998e+02 3.9321208502716939e+02
1.3432617200000001e+02 3.3140638300000001e+02 3.9317260821937253e+02
1.3437500000000000e+02 3.3144549999999998e+02 3.9327306168837367e+02
1.3442382799999999e+02 3.3139015999999998e+02 3.9311670199303308e+02
1.3447265600000000e+02 3.3142139400000002e+02 3.9319571846308736e+02
1.3452148399999999e+02 3.3144666100000001e+02 3.9325850503373044e+02
1.3457031200000000e+02 3.3137712299999998e+02 3.9306359448849787e+02
1.3461914100000001e+02 3.3144891999999999e+02 3.9325284902493775e+02
1.3466796900000000e+02 3.3147280400000000e+02 3.9331186437996803e+02
1.3471679700000001e+02 3.3145254199999999e+02 3.9325090586444105e+02
1.3476562500000000e+02 3.3145788199999998e+02 3.9325952653738392e+02
1.3481445299999999e+02 3.3144143000000003e+02 3.9320893649305793e+02
1.3486328100000000e+02 3.3143733200000003e+02 3.9319192031997886e+02
1.3491210899999999e+02 3.3141039499999999e+02 3.9311286142456265e+02
1.3496093800000000e+02 3.3144732800000003e+02 3.9320731942419076e+02
1.3500976600000001e+02 3.3145614699999999e+02 3.9322539903958233e+02
1.3505859400000000e+02 3.3148629899999997e+02 3.9330142070178340e+02
1.3510742200000001e+02 3.3148774100000003e+02 3.9329945901090736e+02
1.3515625000000000e+02 3.3143857200000002e+02 3.9316005402726353e+02
1.3520507799999999e+02 3.3151093900000001e+02 3.9335070490481996e+02
1.3525390600000000e+02 3.3150279399999999e+02 3.9332271351595097e+02
1.3530273399999999e+02 3.3141834799999998e+02 3.9308756104362146e+02
1.3535156200000000e+02 3.3151100100000002e+02 3.9333325587211021e+02
1.3540039100000001e+02 3.3148085400000002e+02 3.9324554748763831e+02
1.3544921900000000e+02 3.3150121999999999e+02 3.9329497301654720e+02
1.3549804700000001e+02 3.3149292800000001e+02 3.9326660563768820e+02
1.3554687500000000e+02 3.3152110599999997e+02 3.9333722880644842e+02
1.3559570299999999e+02 3.3147824300000002e+02 3.9321504227732856e+02
1.3564453100000000e+02 3.3141838300000001e+02 3.9304674972349250e+02
1.3569335899999999e+02 3.3141011600000002e+02 3.9301848344634334e+02
1.3574218800000000e+02 3.3141137500000002e+02 3.9301607027559754e+02
1.3579101600000001e+02 3.3144333799999998e+02 3.9309696399658156e+02
1.3583984400000000e+02 3.3148573099999999e+02 3.9320614385942093e+02
1.3588867200000001e+02 3.3151377700000000e+02 3.9327638964473033e+02
1.3593750000000000e+02 3.3145521300000001e+02 3.9311169182241406e+02
1.3598632799999999e+02 3.3150725199999999e+02 3.9324701556730668e+02
1.3603515600000000e+02 3.3150666999999999e+02 3.9323960429609571e+02
1.3608398399999999e+02 3.3148781500000001e+02 3.9318263992294078e+02
1.3613281200000000e+02 3.3152340099999998e+02 3.9327331743384923e+02
1.3618164100000001e+02 3.3152435600000001e+02 3.9327007864018725e+02
1.3623046900000000e+02 3.3150511999999998e+02 3.9321209657639224e+02
1.3627929700000001e+02 3.3143790000000001e+02 3.9302403091097034e+02
1.3632812500000000e+02 3.3148801300000002e+02 3.9315408315434928e+02
1.3637695299999999e+02 3.3152211100000000e+02 3.9324070489467260e+02
1.3642578100000000e+02 3.3149907300000001e+02 3.9317244290142366e+02
1.3647460899999999e+02 3.3147729500000003e+02 3.9310760759846482e+02
1.3652343800000000e+02 3.3154590600000000e+02 3.9328775644289527e+02
1.3657226600000001e+02 3.3150911400000001e+02 3.9318223744829641e+02
1.3662109400000000e+02 3.3151994800000000e+02 3.9320579323693050e+02
1.3666992200000001e+02 3.3154925900000001e+02 3.9327941305444006e+02
1.3671875000000000e+02 3.3153054200000003e+02 3.9322289554566026e+02
1.3676757799999999e+02 3.3154169899999999e+02 3.9324732351963667e+02
1.3681640600000000e+02 3.3153526299999999e+02 3.9322408957879907e+02
1.3686523399999999e+02 3.3151011699999998e+02 3.9315017824399604e+02
1.3691406200000000e+02 3.3152707299999997e+02 3.9319031873939235e+02
1.3696289100000001e+02 3.3154904199999999e+02 3.9324403251237396e+02
1.3701171900000000e+02 3.3154547700000001e+02 3.9322858771912149e+02
1.3706054700000001e+02 3.3155041899999998e+02 3.9323618433931495e+02
1.3710937500000000e+02 3.3155071800000002e+02 3.9323120893187752e+02
1.3715820299999999e+02 3.3160971400000000e+02 3.9338516826073618e+02
1.3720703100000000e+02 3.3155000600000000e+02 3.9321771855055374e+02
1.3725585899999999e+02 3.3150501100000002e+02 3.9309012686961688e+02
1.3730468800000000e+02 3.3154456900000002e+02 3.9319144769412475e+02
1.3735351600000001e+02 3.3157688300000001e+02 3.9327314702428345e+02
1.3740234400000000e+02 3.3157560300000000e+02 3.9326390737605351e+02
1.3745117200000001e+02 3.3155597999999998e+02 3.9320502526910371e+02
1.3750000000000000e+02 3.3155535800000001e+02 3.9319757595689316e+02
1.3754882799999999e+02 3.3153617800000001e+02 3.9313990922549220e+02
1.3759765600000000e+02 3.3147011400000002e+02 3.9295538781208893e+02
1.3764648399999999e+02 3.3153273400000000e+02 3.9311907892681637e+02
1.3769531200000000e+02 3.3151869499999998e+02 3.9307534441474633e+02
1.3774414100000001e+02 3.3161238200000003e+02 3.9332305367664657e+02
1.3779296900000000e+02 3.3158588800000001e+02 3.9324562151998742e+02
1.3784179700000001e+02 3.3155989699999998e+02 3.9316956270850329e+02
1.3789062500000000e+02 3.3155022300000002e+02 3.9313765008257008e+02
1.3793945299999999e+02 3.3156700699999999e+02 3.9317730122361758e+02
1.3798828100000000e+02 3.3158164399999998e+02 3.9321114206642164e+02
1.3803710899999999e+02 3.3152309700000001e+02 3.9304707670370891e+02
1.3808593800000000e+02 3.3158821300000000e+02 3.9321742000577154e+02
1.3813476600000001e+02 3.3159051599999998e+02 3.9321790707955017e+02
1.3818359400000000e+02 3.3159070600000001e+02 3.9321268302713094e+02
1.3823242200000001e+02 3.3162165199999998e+02 3.9329060753966820e+02
1.3828125000000000e+02 3.3157596699999999e+02 3.9316137215422310e+02
1.3833007799999999e+02 3.3153573799999998e+02 3.9304690456629487e+02
1.3837890600000000e+02 3.3159454699999998e+02 3.9320013828091146e+02
1.3842773399999999e+02 3.3164123699999999e+02 3.9332059849741239e+02
1.3847656200000000e+02 3.3155793100000000e+02 3.9308973556182826e+02
1.3852539100000001e+02 3.3162179800000001e+02 3.9325660634477009e+02
1.3857421900000000e+02 3.3160912400000001e+02 3.9321663638266273e+02
1.3862304700000001e+02 3.3157555900000000e+02 3.9312022892829799e+02
1.3867187500000000e+02 3.3162624699999998e+02 3.9325146153817184e+02
1.3872070299999999e+02 3.3158515899999998e+02 3.9313474530500520e+02
1.3876953100000000e+02 3.3160394600000001e+02 3.9317978744559161e+02
1.3881835899999999e+02 3.3159953000000002e+02 3.9316215108953719e+02
1.3886718800000000e+02 3.3161687400000000e+02 3.9320329062885810e+02
1.3891601600000001e+02 3.3163773800000001e+02 3.9325393262057753e+02
1.3896484400000000e+02 3.3162002899999999e+02 3.9320040152649648e+02
1.3901367200000001e+02 3.3165691199999998e+02 3.9329429652533048e+02
1.3906250000000000e+02 3.3164716399999998e+02 3.9326226929809070e+02
1.3911132799999999e+02 3.3161384900000002e+02 3.9316661839589966e+02
1.3916015600000000e+02 3.3160960899999998e+02 3.9314947831866499e+02
1.3920898399999999e+02 3.3160844100000003e+02 3.9314063538409397e+02
1.3925781200000000e+02 3.3167391400000002e+02 3.9331168481959810e+02
1.3930664100000001e+02 3.3170398599999999e+02 3.9338715750048067e+02
1.3935546900000000e+02 3.3170805600000000e+02 3.9339244185484870e+02
1.3940429700000001e+02 3.3168316199999998e+02 3.9331955879201342e+02
1.3945312500000000e+02 3.3165858700000001e+02 3.9324754851868533e+02
1.3950195299999999e+02 3.3166183599999999e+02 3.9325063108084839e+02
1.3955078100000000e+02 3.3167783200000002e+02 3.9328810924394321e+02
1.3959960899999999e+02 3.3165080399999999e+02 3.9320950300516290e+02
1.3964843800000000e+02 3.3165450099999998e+02 3.9321380096987588e+02
1.3969726600000001e+02 3.3162840199999999e+02 3.9313772043392828e+02
1.3974609400000000e+02 3.3164899400000002e+02 3.9318760002644865e+02
1.3979492200000001e+02 3.3163544800000000e+02 3.9314539430073171e+02
1.3984375000000000e+02 3.3160655700000001e+02 3.9306180922623366e+02
1.3989257799999999e+02 3.3168547200000000e+02 3.9326897995963981e+02
1.3994140600000000e+02 3.3166939200000002e+02 3.9321994876520102e+02
1.3999023399999999e+02 3.3165267899999998e+02 3.9316921918209226e+02
1.4003906200000000e+02 3.3170306399999998e+02 3.9329941696213365e+02
1.4008789100000001e+02 3.3172154999999998e+02 3.9334359359050569e+02
1.4013671900000000e+02 3.3164270299999998e+02 3.9312536038196731e+02
1.4018554700000001e+02 3.3164960700000000e+02 3.9313832400260600e+02
1.4023437500000000e+02 3.3170668599999999e+02 3.9328653787950941e+02
1.4028320299999999e+02 3.3170856600000002e+02 3.9328594991202431e+02
1.4033203100000000e+02 3.3171447100000000e+02 3.9329621178467931e+02
1.4038085899999999e+02 3.3164186500000000e+02 3.9309488611255819e+02
1.4042968800000000e+02 3.3166289100000000e+02 3.9314591136430579e+02
1.4047851600000001e+02 3.3169034499999998e+02 3.9321425222362899e+02
1.4052734400000000e+02 3.3170225499999998e+02 3.9324070270751145e+02
1.4057617200000001e+02 3.3174272100000002e+02 3.9334408807848877e+02
1.4062500000000000e+02 3.3170234799999997e+02 3.9322967529436602e+02
1.4067382799999999e+02 3.3177153399999997e+02 3.9341041812470553e+02
1.4072265600000000e+02 3.3170149600000002e+02 3.9321611176234018e+02
1.4077148399999999e+02 3.3166489200000001e+02 3.9311188852102720e+02
1.4082031200000000e+02 3.3170149800000002e+02 3.9320485842128716e+02
1.4086914100000001e+02 3.3175345299999998e+02 3.9333915342775651e+02
1.4091796900000000e+02 3.3169114999999999e+02 3.9316574258922776e+02
1.4096679700000001e+02 3.3167929700000002e+02 3.9312820637387762e+02
1.4101562500000000e+02 3.3173722500000002e+02 3.9327856600015468e+02
1.4106445299999999e+02 3.3171919700000001e+02 3.9322440492930292e+02
1.4111328100000000e+02 3.3173874899999998e+02 3.9327142498281671e+02
1.4116210899999999e+02 3.3169244700000002e+02 3.9314116183532133e+02
1.4121093800000000e+02 3.3172811700000000e+02 3.9323157058214571e+02
1.4125976600000001e+02 3.3173999800000001e+02 3.9325793761380106e+02
1.4130859400000000e+02 3.3180199299999998e+02 3.9341918057075230e+02
1.4135742200000001e+02 3.3172558700000002e+02 3.9320793273665879e+02
1.4140625000000000e+02 3.3172435100000001e+02 3.9319900208254830e+02
1.4145507799999999e+02 3.3178897899999998e+02 3.9336730512243622e+02
1.4150390600000000e+02 3.3173638599999998e+02 3.9322018277636471e+02
1.4155273399999999e+02 3.3179828900000001e+02 3.9338113241376999e+02
1.4160156200000000e+02 3.3172711299999997e+02 3.9318403888173196e+02
1.4165039100000001e+02 3.3177694200000002e+02 3.9331249119574426e+02
1.4169921900000000e+02 3.3181224600000002e+02 3.9340185613728545e+02
1.4174804700000001e+02 3.3175676199999998e+02 3.9324701432095691e+02
1.4179687500000000e+02 3.3180960199999998e+02 3.9338353842884555e+02
1.4184570299999999e+02 3.3177760999999998e+02 3.9329190103426748e+02
1.4189453100000000e+02 3.3177922999999998e+02 3.9329066651547475e+02
1.4194335899999999e+02 3.3181733800000001e+02 3.9338754955570931e+02
1.4199218800000000e+02 3.3176882300000000e+02 3.9325150840736507e+02
1.4204101600000001e+02 3.3172521799999998e+02 3.9312868890868759e+02
1.4208984400000000e+02 3.3173104799999999e+02 3.9313879050058728e+02
1.4213867200000001e+02 3.3173325000000000e+02 3.9313913927678811e+02
1.4218750000000000e+02 3.3175426499999998e+02 3.9319005993891159e+02
1.4223632799999999e+02 3.3174271800000002e+02 3.9315345264519482e+02
1.4228515600000000e+02 3.3176042699999999e+02 3.9319548282772314e+02
1.4233398399999999e+02 3.3171647200000001e+02 3.9307178686819105e+02
1.4238281200000000e+02 3.3180853600000000e+02 3.9331363496480611e+02
1.4243164100000001e+02 3.3188379900000001e+02 3.9351030458450157e+02
1.4248046900000000e+02 3.3174240099999997e+02 3.9312479367772016e+02
1.4252929700000001e+02 3.3183200599999998e+02 3.9335998571919703e+02
1.4257812500000000e+02 3.3180308600000001e+02 3.9327672133396339e+02
1.4262695299999999e+02 3.3177798700000000e+02 3.9320373464830567e+02
1.4267578100000000e+02 3.3173668500000002e+02 3.9308723513641297e+02
1.4272460899999999e+02 3.3176100300000002e+02 3.9314700923904309e+02
1.4277343800000000e+02 3.3175265899999999e+02 3.9311905207006259e+02
1.4282226600000001e+02 3.3176756000000000e+02 3.9315352807245495e+02
1.4287109400000000e+02 3.3180561999999998e+02 3.9325019325136236e+02
1.4291992200000001e+02 3.3183939299999997e+02 3.9333533484958656e+02
1.4296875000000000e+02 3.3182216199999999e+02 3.9328351621396848e+02
1.4301757799999999e+02 3.3178559600000000e+02 3.9317979372462457e+02
1.4306640600000000e+02 3.3179696899999999e+02 3.9320478950519311e+02
1.4311523399999999e+02 3.3180476299999998e+02 3.9322017541585660e+02
1.4316406200000000e+02 3.3184106100000002e+02 3.9331207522657388e+02
1.4321289100000001e+02 3.3182078400000000e+02 3.9325210750557716e+02
1.4326171900000000e+02 3.3183604000000003e+02 3.9328751928756839e+02
1.4331054700000001e+02 3.3183193000000000e+02 3.9327095343672204e+02
1.4335937500000000e+02 3.3179972199999997e+02 3.9317898744842586e+02
1.4340820299999999e+02 3.3178485100000000e+02 3.9313355805071097e+02
1.4345703100000000e+02 3.3188890199999997e+02 3.9340723209044450e+02
1.4350585899999999e+02 3.3184143499999999e+02 3.9327433950700328e+02
1.4355468800000000e+02 3.3183870000000002e+02 3.9326147654649839e+02
1.4360351600000001e+02 3.3180098700000002e+02 3.9315478209406871e+02
1.4365234400000000e+02 3.3185725400000001e+02 3.9330020494737516e+02
1.4370117200000001e+02 3.3179232600000000e+02 3.9312052627975186e+02
1.4375000000000000e+02 3.3189706000000001e+02 3.9339592928361373e+02
1.4379882799999999e+02 3.3182308799999998e+02 3.9319201614668094e+02
1.4384765600000000e+02 3.3180256300000002e+02 3.9313146459397365e+02
1.4389648399999999e+02 3.3185688699999997e+02 3.9327163627633013e+02
1.4394531200000000e+02 3.3185717599999998e+02 3.9326690106806194e+02
1.4399414100000001e+02 3.3186751600000002e+02 3.9328911672320254e+02
1.4404296900000000e+02 3.3181295799999998e+02 3.9313733760695078e+02
1.4409179700000001e+02 3.3186854000000000e+02 3.9328084888871967e+02
1.4414062500000000e+02 3.3177864499999998e+02 3.9303436755535341e+02
1.4418945299999999e+02 3.3175987500000002e+02 3.9297857034573553e+02
1.4423828100000000e+02 3.3185521799999998e+02 3.9322863860572056e+02
1.4428710899999999e+02 3.3188830700000000e+02 3.9331182653318382e+02
1.4433593800000000e+02 3.3193253099999998e+02 3.9342484543857546e+02
1.4438476600000001e+02 3.3182668699999999e+02 3.9313570658220414e+02
1.4443359400000000e+02 3.3178569599999997e+02 3.9302038628056226e+02
1.4448242200000001e+02 3.3184722099999999e+02 3.9317976236240827e+02
1.4453125000000000e+02 3.3188306399999999e+02 3.9327031104280013e+02
1.4458007799999999e+02 3.3188283200000001e+02 3.9326420343005447e+02
1.4462890600000000e+02 3.3187354900000003e+02 3.9323385201286590e+02
1.4467773399999999e+02 3.3190225299999997e+02 3.9330525998366755e+02
1.4472656200000000e+02 3.3192419500000000e+02 3.9335854789397035e+02
1.4477539100000001e+02 3.3187327699999997e+02 3.9321669019623403e+02
1.4482421900000000e+02 3.3185743900000000e+02 3.9316880114751575e+02
1.4487304700000001e+02 3.3179672399999998e+02 3.9300074313199974e+02
1.4492187500000000e+02 3.3184743099999997e+02 3.9313106813170776e+02
1.4497070299999999e+02 3.3186191900000000e+02 3.9316439852086614e+02
1.4501953100000000e+02 3.3189997199999999e+02 3.9326081808516795e+02
1.4506835899999999e+02 3.3188469400000002e+02 3.9321444877577420e+02
1.4511718800000000e+02 3.3190531399999998e+02 3.9326418632573154e+02
1.4516601600000001e+02 3.3192729300000002e+02 3.9331755647657917e+02
1.4521484400000000e+02 3.3191548399999999e+02 3.9328048236383620e+02
1.4526367200000001e+02 3.3194577500000003e+02 3.9335609379503063e+02
1.4531250000000000e+02 3.3191232400000001e+02 3.9326110490487446e+02
1.4536132799999999e+02 3.3191401300000001e+02 3.9326016846952399e+02
1.4541015600000000e+02 3.3191430900000000e+02 3.9325550604114198e+02
1.4545898399999999e+02 3.3186748999999998e+02 3.9312477835405986e+02
1.4550781200000000e+02 3.3191526299999998e+02 3.9324715592602280e+02
1.4555664100000001e+02 3.3195716399999998e+02 3.9335380843679235e+02
1.4560546900000000e+02 3.3194323600000001e+02 3.9331109470902379e+02
1.4565429700000001e+02 3.3191437400000001e+02 3.9322843956982291e+02
1.4570312500000000e+02 3.3190119900000002e+02 3.9318775711077399e+02
1.4575195299999999e+02 3.3186386199999998e+02 3.9308245669596926e+02
1.4580078100000000e+02 3.3189994600000000e+02 3.9317353411132621e+02
1.4584960899999999e+02 3.3197066000000001e+02 3.9335721121901940e+02
1.4589843800000000e+02 3.3194774100000001e+02 3.9329048013105518e+02
1.4594726600000001e+02 3.3193754899999999e+02 3.9325779065348075e+02
1.4599609400000000e+02 3.3195181500000001e+02 3.9329050148571730e+02
1.4604492200000001e+02 3.3192996399999998e+02 3.9322664815535489e+02
1.4609375000000000e+02 3.3194363299999998e+02 3.9325776349147441e+02
1.4614257799999999e+02 3.3197927700000002e+02 3.9334761971125374e+02
1.4619140600000000e+02 3.3191748899999999e+02 3.9317702712005740e+02
1.4624023399999999e+02 3.3193080099999997e+02 3.9320718953209990e+02
1.4628906200000000e+02 3.3188474600000001e+02 3.9307868124689679e+02
1.4633789100000001e+02 3.3193809399999998e+02 3.9321584448394111e+02
1.4638671900000000e+02 3.3189852700000000e+02 3.9310469364695672e+02
1.4643554700000001e+02 3.3193679900000001e+02 3.9320155463332719e+02
1.4648437500000000e+02 3.3198560700000002e+02 3.9332655558320306e+02
1.4653320299999999e+02 3.3197543999999999e+02 3.9329397381457801e+02
1.4658203100000000e+02 3.3198542300000003e+02 3.9331523025915550e+02
1.4663085899999999e+02 3.3194020599999999e+02 3.9318902369271387e+02
1.4667968800000000e+02 3.3195905199999999e+02 3.9323396209067357e+02
1.4672851600000001e+02 3.3197115900000000e+02 3.9326089577682603e+02
1.4677734400000000e+02 3.3199317800000000e+02 3.9331430086728375e+02
1.4682617200000001e+02 3.3199414800000000e+02 3.9331148488598188e+02
1.4687500000000000e+02 3.3194916300000000e+02 3.9318594748751207e+02
1.4692382799999999e+02 3.3197004700000002e+02 3.9323632020636342e+02
1.4697265600000000e+02 3.3198322000000002e+02 3.9326609803232657e+02
1.4702148399999999e+02 3.3195603599999998e+02 3.9318812125353907e+02
1.4707031200000000e+02 3.3196866100000000e+02 3.9321643804577957e+02
1.4711914100000001e+02 3.3198397699999998e+02 3.9325193624421513e+02
1.4716796900000000e+02 3.3195284900000001e+02 3.9316345199842982e+02
1.4721679700000001e+02 3.3196270099999998e+02 3.9318436705638180e+02
1.4726562500000000e+02 3.3202994400000000e+02 3.9335846165350557e+02
1.4731445299999999e+02 3.3195772299999999e+02 3.9316031917773279e+02
1.4736328100000000e+02 3.3200261899999998e+02 3.9327475697664556e+02
1.4741210899999999e+02 3.3203253799999999e+02 3.9334921411142784e+02
1.4746093800000000e+02 3.3197534000000002e+02 3.9319120283762510e+02
1.4750976600000001e+02 3.3201220699999999e+02 3.9328419689733346e+02
1.4755859400000000e+02 3.3203492000000000e+02 3.9333941695128607e+02
1.4760742200000001e+02 3.3198654199999999e+02 3.9320497247297953e+02
1.4765625000000000e+02 3.3199166000000002e+02 3.9321325589416324e+02
1.4770507799999999e+02 3.3197299400000003e+02 3.9315809643807938e+02
1.4775390600000000e+02 3.3195725599999997e+02 3.9311075554501070e+02
1.4780273399999999e+02 3.3207320499999997e+02 3.9341464678291675e+02
1.4785156200000000e+02 3.3207511499999998e+02 3.9341436394691459e+02
1.4790039100000001e+02 3.3205497300000002e+02 3.9335527501409763e+02
1.4794921900000000e+02 3.3201991199999998e+02 3.9325641268905036e+02
1.4799804700000001e+02 3.3206380899999999e+02 3.9336809888452774e+02
1.4804687500000000e+02 3.3201147900000001e+02 3.9322320852053520e+02
1.4809570299999999e+02 3.3196593600000000e+02 3.9309643328500204e+02
1.4814453100000000e+02 3.3195868400000001e+02 3.9307175519758533e+02
1.4819335899999999e+02 3.3201374900000002e+02 3.9321319986929882e+02
1.4824218800000000e+02 3.3201918599999999e+02 3.9322234265504926e+02
1.4829101600000001e+02 3.3201764700000001e+02 3.9321289227264907e+02
1.4833984400000000e+02 3.3204743100000002e+02 3.9328692541914472e+02
1.4838867200000001e+02 3.3202067099999999e+02 3.9321026108132173e+02
1.4843750000000000e+02 3.3205707100000001e+02 3.9330191765326316e+02
1.4848632799999999e+02 3.3208167500000002e+02 3.9336213139931317e+02
1.4853515600000000e+02 3.3203340600000001e+02 3.9322817160535783e+02
1.4858398399999999e+02 3.3205270200000001e+02 3.9327424295863875e+02
1.4863281200000000e+02 3.3206509100000000e+02 3.9330190859214008e+02
1.4868164100000001e+02 3.3206433700000002e+02 3.9329455981555424e+02
1.4873046900000000e+02 3.3207422700000001e+02 3.9331556641693084e+02
1.4877929700000001e+02 3.3199639600000000e+02 3.9310292029063157e+02
1.4882812500000000e+02 3.3197413999999998e+02 3.9303832193777981e+02
1.4887695299999999e+02 3.3205509499999999e+02 3.9324860711050275e+02
1.4892578100000000e+02 3.3206997500000000e+02 3.9328290514949896e+02
1.4897460899999999e+02 3.3208194200000003e+02 3.9330944305533581e+02
1.4902343800000000e+02 3.3202472699999998e+02 3.9315176833169573e+02
1.4907226600000001e+02 3.3201246400000002e+02 3.9311380131339655e+02
1.4912109400000000e+02 3.3210479400000003e+02 3.9335430276494662e+02
1.4916992200000001e+02 3.3209509900000000e+02 3.9332316648767420e+02
1.4921875000000000e+02 3.3210325599999999e+02 3.9333955747188537e+02
1.4926757799999999e+02 3.3209567399999997e+02 3.9331405335844374e+02
1.4931640600000000e+02 3.3204652099999998e+02 3.9317790703824414e+02
1.4936523399999999e+02 3.3199702900000000e+02 3.9304087777681093e+02
1.4941406200000000e+02 3.3210592900000000e+02 3.9332539428918597e+02
1.4946289100000001e+02 3.3203565800000001e+02 3.9313308070889258e+02
1.4951171900000000e+02 3.3209809400000000e+02 3.9329391860548907e+02
1.4956054700000001e+02 3.3209626300000002e+02 3.9328373759470384e+02
1.4960937500000000e+02 3.3209627300000000e+02 3.9327845738637052e+02
1.4965820299999999e+02 3.3205868400000003e+02 3.9317315047049442e+02
1.4970703100000000e+02 3.3211357900000002e+02 3.9331388783453855e+02
1.4975585899999999e+02 3.3210245099999997e+02 3.9327898291614520e+02
1.4980468800000000e+02 3.3210592000000003e+02 3.9328291013188516e+02
1.4985351600000001e+02 3.3208110299999998e+02 3.9321160572227421e+02
1.4990234400000000e+02 3.3209422899999998e+02 3.9324122272264566e+02
1.4995117200000001e+02 3.3207186999999999e+02 3.9317646976650991e+02
1.5000000000000000e+02 3.3204612600000002e+02 3.9310272529100291e+02
1.5004882799999999e+02 3.3206353799999999e+02 3.9314374407181754e+02
1.5009765600000000e+02 3.3207024400000000e+02 3.9315629328205125e+02
1.5014648399999999e+02 3.3204999800000002e+02 3.9309718591106281e+02
1.5019531200000000e+02 3.3205917599999998e+02 3.9311631093168563e+02
1.5024414100000001e+02 3.3210661900000002e+02 3.9323715498762630e+02
1.5029296900000000e+02 3.3210246599999999e+02 3.9322083529787750e+02
1.5034179700000001e+02 3.3216795800000000e+02 3.9338963299212946e+02
1.5039062500000000e+02 3.3209764899999999e+02 3.9319747929182682e+02
1.5043945299999999e+02 3.3213382200000001e+02 3.9328834036995676e+02
1.5048828100000000e+02 3.3212484599999999e+02 3.9325920999301400e+02
1.5053710899999999e+02 3.3212861299999997e+02 3.9326394630799444e+02
1.5058593800000000e+02 3.3207256899999999e+02 3.9310975970997839e+02
1.5063476600000001e+02 3.3209153500000002e+02 3.9315489032973232e+02
1.5068359400000000e+02 3.3217485499999998e+02 3.9337098866559381e+02
1.5073242200000001e+02 3.3203756499999997e+02 3.9300099334057791e+02
1.5078125000000000e+02 3.3207571999999999e+02 3.9309709978201982e+02
1.5083007799999999e+02 3.3212749700000001e+02 3.9322937808887718e+02
1.5087890600000000e+02 3.3218935599999998e+02 3.9338841875333173e+02
1.5092773399999999e+02 3.3219715700000000e+02 3.9340386840030675e+02
1.5097656200000000e+02 3.3214308699999998e+02 3.9325500610113238e+02
1.5102539100000001e+02 3.3214038199999999e+02 3.9324256589075293e+02
1.5107421900000000e+02 3.3218480899999997e+02 3.9335528115560368e+02
1.5112304700000001e+02 3.3211423900000000e+02 3.9316264443955191e+02
1.5117187500000000e+02 3.3200574200000000e+02 3.9286933738593848e+02
1.5122070299999999e+02 3.3216880300000003e+02 3.9329701328647741e+02
1.5126953100000000e+02 3.3210912500000001e+02 3.9313333653594805e+02
1.5131835899999999e+02 3.3213551699999999e+02 3.9319815484960276e+02
1.5136718800000000e+02 3.3221087199999999e+02 3.9339292954269672e+02
1.5141601600000001e+02 3.3219922100000002e+02 3.9335675326858484e+02
1.5146484400000000e+02 3.3220269999999999e+02 3.9336073768005429e+02
1.5151367200000001e+02 3.3216289999999998e+02 3.9324986881161578e+02
1.5156250000000000e+02 3.3218198599999999e+02 3.9329527748557757e+02
1.5161132799999999e+02 3.3217575499999998e+02 3.9327350388066526e+02
1.5166015600000000e+02 3.3215532999999999e+02 3.9321407361271616e+02
1.5170898399999999e+02 3.3215078999999997e+02 3.9319679710043101e+02
1.5175781200000000e+02 3.3219961100000000e+02 3.9332108787584838e+02
1.5180664100000001e+02 3.3219348600000001e+02 3.9329960448350801e+02
1.5185546900000000e+02 3.3213853899999998e+02 3.9314862002093287e+02
1.5190429700000001e+02 3.3217202099999997e+02 3.9323220799879283e+02
1.5195312500000000e+02 3.3220228100000003e+02 3.9330724085668714e+02
1.5200195299999999e+02 3.3218385999999998e+02 3.9325315914233397e+02
1.5205078100000000e+02 3.3220151499999997e+02 3.9329475612715441e+02
1.5209960899999999e+02 3.3218993999999998e+02 3.9325883860906180e+02
1.5214843800000000e+02 3.3220501999999999e+02 3.9329360450589331e+02
1.5219726600000001e+02 3.3221645799999999e+02 3.9331871090005120e+02
1.5224609400000000e+02 3.3222228000000001e+02 3.9332892603777435e+02
1.5229492200000001e+02 3.3218292500000001e+02 3.9321937440100209e+02
1.5234375000000000e+02 3.3213484999999997e+02 3.9308672249025193e+02
1.5239257799999999e+02 3.3219542300000001e+02 3.9324208365625395e+02
1.5244140600000000e+02 3.3224595699999998e+02 3.9337081724397410e+02
1.5249023399999999e+02 3.3214860199999998e+02 3.9310757481002389e+02
1.5253906200000000e+02 3.3216595599999999e+02 3.9314836938595630e+02
1.5258789100000001e+02 3.3222429099999999e+02 3.9329776069484922e+02
1.5263671900000000e+02 3.3220347199999998e+02 3.9323738726407413e+02
1.5268554700000001e+02 3.3220738999999998e+02 3.9324256820102659e+02
1.5273437500000000e+02 3.3225557400000002e+02 3.9336503323501876e+02
1.5278320299999999e+02 3.3221653199999997e+02 3.9325639193597840e+02
1.5283203100000000e+02 3.3223439999999999e+02 3.9329853045779657e+02
1.5288085899999999e+02 3.3223921799999999e+02 3.9330609531648622e+02
1.5292968800000000e+02 3.3223640899999998e+02 3.9329345770911107e+02
1.5297851600000001e+02 3.3218799200000001e+02 3.9316002284988195e+02
1.5302734400000000e+02 3.3219615399999998e+02 3.9317645553079620e+02
1.5307617200000001e+02 3.3220465999999999e+02 3.9319379838986532e+02
1.5312500000000000e+02 3.3224882500000001e+02 3.9330557077455245e+02
1.5317382799999999e+02 3.3222809999999998e+02 3.9324550245798895e+02
1.5322265600000000e+02 3.3224908199999999e+02 3.9329587545425386e+02
1.5327148399999999e+02 3.3222916700000002e+02 3.9323796260055832e+02
1.5332031200000000e+02 3.3219128899999998e+02 3.9313250189052195e+02
1.5336914100000001e+02 3.3220751500000000e+02 3.9317028555850897e+02
1.5341796900000000e+02 3.3218463200000002e+02 3.9310453901208820e+02
1.5346679700000001e+02 3.3223794700000002e+02 3.9324049549437518e+02
1.5351562500000000e+02 3.3222054100000003e+02 3.9318925189387994e+02
1.5356445299999999e+02 3.3229226000000000e+02 3.9337389652712329e+02
1.5361328100000000e+02 3.3232144399999999e+02 3.9344595181157683e+02
1.5366210899999999e+02 3.3230844300000001e+02 3.9340636558009317e+02
1.5371093800000000e+02 3.3224727100000001e+02 3.9323931951290120e+02
1.5375976600000001e+02 3.3226125000000002e+02 3.9327114174531124e+02
1.5380859400000000e+02 3.3219965600000000e+02 3.9310301181223934e+02
1.5385742200000001e+02 3.3220051999999998e+02 3.9310014405586054e+02
1.5390625000000000e+02 3.3223391199999998e+02 3.9318332877864617e+02
1.5395507799999999e+02 3.3228286300000002e+02 3.9330766189291461e+02
1.5400390600000000e+02 3.3220925599999998e+02 3.9310780203444239e+02
1.5405273399999999e+02 3.3221991500000001e+02 3.9313084684885746e+02
1.5410156200000000e+02 3.3226421199999999e+02 3.9324285454365793e+02
1.5415039100000001e+02 3.3224356100000000e+02 3.9318308793503360e+02
1.5419921900000000e+02 3.3233768099999998e+02 3.9342683377823676e+02
1.5424804700000001e+02 3.3229672599999998e+02 3.9331337667148375e+02
1.5429687500000000e+02 3.3220380699999998e+02 3.9306253783086680e+02
1.5434570299999999e+02 3.3226093700000001e+02 3.9320844988824217e+02
1.5439453100000000e+02 3.3227763800000002e+02 3.9324746034448299e+02
1.5444335899999999e+02 3.3229349100000002e+02 3.9328422532881530e+02
1.5449218800000000e+02 3.3223835900000000e+02 3.9313334390815390e+02
1.5454101600000001e+02 3.3225266800000003e+02 3.9316603280949778e+02
1.5458984400000000e+02 3.3228375499999999e+02 3.9324306439362783e+02
1.5463867200000001e+02 3.3226834400000001e+02 3.9319719733549977e+02
1.5468750000000000e+02 3.3224065000000002e+02 3.9311887654256606e+02
1.5473632799999999e+02 3.3226123500000000e+02 3.9316814786217014e+02
1.5478515600000000e+02 3.3226970200000000e+02 3.9318539347572920e+02
1.5483398399999999e+02 3.3234818700000000e+02 3.9338764250945474e+02
1.5488281200000000e+02 3.3232068299999997e+02 3.9330983652061639e+02
1.5493164100000001e+02 3.3229002700000001e+02 3.9322371427073057e+02
1.5498046900000000e+02 3.3228106000000002e+02 3.9319490093824567e+02
1.5502929700000001e+02 3.3230858799999999e+02 3.9326249659072056e+02
1.5507812500000000e+02 3.3227602000000002e+02 3.9317134722105288e+02
1.5512695299999999e+02 3.3226876399999998e+02 3.9314706558634640e+02
1.5517578100000000e+02 3.3227037200000001e+02 3.9314619869737521e+02
1.5522460899999999e+02 3.3219617000000000e+02 3.9294512651885589e+02
1.5527343800000000e+02 3.3226972999999998e+02 3.9313428093592313e+02
1.5532226600000001e+02 3.3236413399999998e+02 3.9337845271894776e+02
1.5537109400000000e+02 3.3224872399999998e+02 3.9306860219460839e+02
1.5541992200000001e+02 3.3225749100000002e+02 3.9308664819127489e+02
1.5546875000000000e+02 3.3236839500000002e+02 3.9337434147785888e+02
1.5551757799999999e+02 3.3231510500000002e+02 3.9322854419362915e+02
1.5556640600000000e+02 3.3234760399999999e+02 3.9330922650309651e+02
1.5561523399999999e+02 3.3229187100000001e+02 3.9315700578433228e+02
1.5566406200000000e+02 3.3234634599999998e+02 3.9329568832630383e+02
1.5571289100000001e+02 3.3231130899999999e+02 3.9319811160035306e+02
1.5576171900000000e+02 3.3234788200000003e+02 3.9328953199067041e+02
1.5581054700000001e+02 3.3233845400000001e+02 3.9325955011228933e+02
1.5585937500000000e+02 3.3238380599999999e+02 3.9337412301867693e+02
1.5590820299999999e+02 3.3233415400000001e+02 3.9323800839187589e+02
1.5595703100000000e+02 3.3229025000000001e+02 3.9311707768063218e+02
1.5600585899999999e+02 3.3237004100000001e+02 3.9332249976737728e+02
1.5605468800000000e+02 3.3234701699999999e+02 3.9325666419607182e+02
1.5610351600000001e+02 3.3230333800000000e+02 3.9313635239765262e+02
1.5615234400000000e+02 3.3235557399999999e+02 3.9326905539994732e+02
1.5620117200000001e+02 3.3231208099999998e+02 3.9314925102402481e+02
1.5625000000000000e+02 3.3236240400000003e+02 3.9327689364977454e+02
1.5629882799999999e+02 3.3232776899999999e+02 3.9318046697638937e+02
1.5634765600000000e+02 3.3233452999999997e+02 3.9319321791634462e+02
1.5639648399999999e+02 3.3237550099999999e+02 3.9329617708165529e+02
1.5644531200000000e+02 3.3238780200000002e+02 3.9332352917715372e+02
1.5649414100000001e+02 3.3231544200000002e+02 3.9312766380845994e+02
1.5654296900000000e+02 3.3234978899999999e+02 3.9321314782677473e+02
1.5659179700000001e+02 3.3233269999999999e+02 3.9316302444304932e+02
1.5664062500000000e+02 3.3225877600000001e+02 3.9296308696865657e+02
1.5668945299999999e+02 3.3238552199999998e+02 3.9329212482035820e+02
1.5673828100000000e+02 3.3240146299999998e+02 3.9332906842717966e+02
1.5678710899999999e+02 3.3237022000000002e+02 3.9324165121462346e+02
1.5683593800000000e+02 3.3237162599999999e+02 3.9324028989467763e+02
1.5688476600000001e+02 3.3236974900000001e+02 3.9323027854004977e+02
1.5693359400000000e+02 3.3229119800000001e+02 3.9301822678880001e+02
1.5698242200000001e+02 3.3230716899999999e+02 3.9305526117989427e+02
1.5703125000000000e+02 3.3236961900000000e+02 3.9321475319399570e+02
1.5708007799999999e+02 3.3241335299999997e+02 3.9332491740717580e+02
1.5712890600000000e+02 3.3237829699999998e+02 3.9322750225794385e+02
1.5717773399999999e+02 3.3241529500000001e+02 3.9331990995122055e+02
1.5722656200000000e+02 3.3234167400000001e+02 3.9312092559138426e+02
1.5727539100000001e+02 3.3239481000000001e+02 3.9325583723994151e+02
1.5732421900000000e+02 3.3239888400000001e+02 3.9326151519244166e+02
1.5737304700000001e+02 3.3227415200000002e+02 3.9292796900215757e+02
1.5742187500000000e+02 3.3236737499999998e+02 3.9316843812613916e+02
1.5747070299999999e+02 3.3239699999999999e+02 3.9324140710158662e+02
1.5751953100000000e+02 3.3234627699999999e+02 3.9310280254003811e+02
1.5756835899999999e+02 3.3239467300000001e+02 3.9322519211686665e+02
1.5761718800000000e+02 3.3246456999999998e+02 3.9340417516633369e+02
1.5766601600000001e+02 3.3240071100000000e+02 3.9323100786875659e+02
1.5771484400000000e+02 3.3242962000000000e+02 3.9330207150887014e+02
1.5776367200000001e+02 3.3243706900000001e+02 3.9331663842614137e+02
1.5781250000000000e+02 3.3236802899999998e+02 3.9312987546526944e+02
1.5786132799999999e+02 3.3238573300000002e+02 3.9317144457230256e+02
1.5791015600000000e+02 3.3241390699999999e+02 3.9324056474896042e+02
1.5795898399999999e+02 3.3238611500000002e+02 3.9316239500678421e+02
1.5800781200000000e+02 3.3239893799999999e+02 3.9319111374744779e+02
1.5805664100000001e+02 3.3244149099999998e+02 3.9329805908027316e+02
1.5810546900000000e+02 3.3245956100000001e+02 3.9334057393366209e+02
1.5815429700000001e+02 3.3241460000000001e+02 3.9321725078703781e+02
1.5820312500000000e+02 3.3237132400000002e+02 3.9309837709271977e+02
1.5825195299999999e+02 3.3241679699999997e+02 3.9321298815048596e+02
1.5830078100000000e+02 3.3238995699999998e+02 3.9313736679505047e+02
1.5834960899999999e+02 3.3241385400000001e+02 3.9319521148581134e+02
1.5839843800000000e+02 3.3243119300000001e+02 3.9323580143234938e+02
1.5844726600000001e+02 3.3242990300000002e+02 3.9322739316510905e+02
1.5849609400000000e+02 3.3248511700000000e+02 3.9336758418228527e+02
1.5854492200000001e+02 3.3241218800000001e+02 3.9317078306768343e+02
1.5859375000000000e+02 3.3243114500000001e+02 3.9321562399412682e+02
1.5864257799999999e+02 3.3237654400000002e+02 3.9306704997086348e+02
1.5869140600000000e+02 3.3241447499999998e+02 3.9316178061181728e+02
1.5874023399999999e+02 3.3242041000000000e+02 3.9317238208015959e+02
1.5878906200000000e+02 3.3244384700000001e+02 3.9322899401298451e+02
1.5883789100000001e+02 3.3245130999999998e+02 3.9324360900335756e+02
1.5888671900000000e+02 3.3246043300000002e+02 3.9326258689089639e+02
1.5893554700000001e+02 3.3239679400000000e+02 3.9309031684652490e+02
1.5898437500000000e+02 3.3240393799999998e+02 3.9310410299109094e+02
1.5903320299999999e+02 3.3239860099999999e+02 3.9308508776454090e+02
1.5908203100000000e+02 3.3244679700000000e+02 3.9320675558037561e+02
1.5913085899999999e+02 3.3242676000000000e+02 3.9314911098401416e+02
1.5917968800000000e+02 3.3248353500000002e+02 3.9329330416471731e+02
1.5922851600000001e+02 3.3246493800000002e+02 3.9323944721539789e+02
1.5927734400000000e+02 3.3244654700000001e+02 3.9318613930614305e+02
1.5932617200000001e+02 3.3242483700000003e+02 3.9312411982614526e+02
1.5937500000000000e+02 3.3245400599999999e+02 3.9319576485712332e+02
1.5942382799999999e+02 3.3249312800000001e+02 3.9329354652496443e+02
1.5947265600000000e+02 3.3252211199999999e+02 3.9336468880381631e+02
1.5952148399999999e+02 3.3252753300000001e+02 3.9337393653943275e+02
1.5957031200000000e+02 3.3250253600000002e+02 3.9330329793782204e+02
1.5961914100000001e+02 3.3247150699999997e+02 3.9321682830788012e+02
1.5966796900000000e+02 3.3247879300000000e+02 3.9323098441617719e+02
1.5971679700000001e+02 3.3249502100000001e+02 3.9326861991245539e+02
1.5976562500000000e+02 3.3249525999999997e+02 3.9326427058263619e+02
1.5981445299999999e+02 3.3250904400000002e+02 3.9329548512298601e+02
1.5986328100000000e+02 3.3250024400000001e+02 3.9326740677989937e+02
1.5991210899999999e+02 3.3250111700000002e+02 3.9326472623543037e+02
1.5996093800000000e+02 3.3252780999999999e+02 3.9332982458442677e+02
1.6000976600000001e+02 3.3251443799999998e+02 3.9328975209004989e+02
1.6005859400000000e+02 3.3251972000000001e+02 3.9329864642760379e+02
1.6010742200000001e+02 3.3250355999999999e+02 3.9325126595427650e+02
1.6015625000000000e+02 3.3253664500000002e+02 3.9333312892068977e+02
1.6020507799999999e+02 3.3248068000000001e+02 3.9318129834428220e+02
1.6025390600000000e+02 3.3258435100000003e+02 3.9344837817089194e+02
1.6030273399999999e+02 3.3254699900000003e+02 3.9334539966918811e+02
1.6035156200000000e+02 3.3252962600000001e+02 3.9329485414200320e+02
1.6040039100000001e+02 3.3250024900000000e+02 3.9321282269628995e+02
1.6044921900000000e+02 3.3247334499999999e+02 3.9313729019431184e+02
1.6049804700000001e+02 3.3250536000000000e+02 3.9321632650503255e+02
1.6054687500000000e+02 3.3250931100000003e+02 3.9322174034937262e+02
1.6059570299999999e+02 3.3245193999999998e+02 3.9306631225230001e+02
1.6064453100000000e+02 3.3243372499999998e+02 3.9301360090353938e+02
1.6069335899999999e+02 3.3256062600000001e+02 3.9334147784488601e+02
1.6074218800000000e+02 3.3254578500000002e+02 3.9329760649432495e+02
1.6079101600000001e+02 3.3252756799999997e+02 3.9324488894616690e+02
1.6083984400000000e+02 3.3253910900000000e+02 3.9327020795590465e+02
1.6088867200000001e+02 3.3257846799999999e+02 3.9336846268333284e+02
1.6093750000000000e+02 3.3254882400000002e+02 3.9328579464813339e+02
1.6098632799999999e+02 3.3255164000000002e+02 3.9328823624194177e+02
1.6103515600000000e+02 3.3251713400000000e+02 3.9319283981896456e+02
1.6108398399999999e+02 3.3251206999999999e+02 3.9317463307612041e+02
1.6113281200000000e+02 3.3249565699999999e+02 3.9312668213714153e+02
1.6118164100000001e+02 3.3253536200000002e+02 3.9322582350701509e+02
1.6123046900000000e+02 3.3254048799999998e+02 3.9323432794845593e+02
1.6127929700000001e+02 3.3257352500000002e+02 3.9331597844808954e+02
1.6132812500000000e+02 3.3261512599999998e+02 3.9342006238719586e+02
1.6137695299999999e+02 3.3252972000000000e+02 3.9319132989994705e+02
1.6142578100000000e+02 3.3253467499999999e+02 3.9319939093162662e+02
1.6147460899999999e+02 3.3252904200000000e+02 3.9317971105210336e+02
1.6152343800000000e+02 3.3248453799999999e+02 3.9305819681878455e+02
1.6157226600000001e+02 3.3251910800000002e+02 3.9314385127301074e+02
1.6162109400000000e+02 3.3252339599999999e+02 3.9315017056816760e+02
1.6166992200000001e+02 3.3256209699999999e+02 3.9324663219574001e+02
1.6171875000000000e+02 3.3257663200000002e+02 3.9327978633432309e+02
1.6176757799999999e+02 3.3257295599999998e+02 3.9326524119984299e+02
1.6181640600000000e+02 3.3254514599999999e+02 3.9318749345127742e+02
1.6186523399999999e+02 3.3252427599999999e+02 3.9312793058855721e+02
1.6191406200000000e+02 3.3251147500000002e+02 3.9308950574040642e+02
1.6196289100000001e+02 3.3253517299999999e+02 3.9314665797883782e+02
1.6201171900000000e+02 3.3258432099999999e+02 3.9327044051334832e+02
1.6206054700000001e+02 3.3254713199999998e+02 3.9316816598234010e+02
1.6210937500000000e+02 3.3254774700000002e+02 3.9316487552268808e+02
1.6215820299999999e+02 3.3251957199999998e+02 3.9308621912384876e+02
1.6220703100000000e+02 3.3265598599999998e+02 3.9343841424096371e+02
1.6225585899999999e+02 3.3260636899999997e+02 3.9330362825556512e+02
1.6230468800000000e+02 3.3260900900000001e+02 3.9330563503150699e+02
1.6235351600000001e+02 3.3257906200000002e+02 3.9322235595175454e+02
1.6240234400000000e+02 3.3253423199999997e+02 3.9310013851051679e+02
1.6245117200000001e+02 3.3254662700000000e+02 3.9312768842322453e+02
1.6250000000000000e+02 3.3258771000000002e+02 3.9323030497667804e+02
1.6254882799999999e+02 3.3259708799999999e+02 3.9324995180407046e+02
1.6259765600000000e+02 3.3254132299999998e+02 3.9309915607038062e+02
1.6264648399999999e+02 3.3261732499999999e+02 3.9329311644706866e+02
1.6269531200000000e+02 3.3260421700000001e+02 3.9325393363301691e+02
1.6274414100000001e+02 3.3258737900000000e+02 3.9320499906569347e+02
1.6279296900000000e+02 3.3253194100000002e+02 3.9305510209498459e+02
1.6284179700000001e+02 3.3256910800000003e+02 3.9314744494491481e+02
1.6289062500000000e+02 3.3258810699999998e+02 3.9319225986757664e+02
1.6293945299999999e+02 3.3267817600000001e+02 3.9342294131825378e+02
1.6298828100000000e+02 3.3260279400000002e+02 3.9322091489807661e+02
1.6303710899999999e+02 3.3261823399999997e+02 3.9325641392045281e+02
1.6308593800000000e+02 3.3259821799999997e+02 3.9319919759008616e+02
1.6313476600000001e+02 3.3259741000000002e+02 3.9319221236002898e+02
1.6318359400000000e+02 3.3266108100000002e+02 3.9335381182619813e+02
1.6323242200000001e+02 3.3259532799999999e+02 3.9317702945607977e+02
1.6328125000000000e+02 3.3262701399999997e+02 3.9325499676766430e+02
1.6333007799999999e+02 3.3263642099999998e+02 3.9327471704706119e+02
1.6337890600000000e+02 3.3257347399999998e+02 3.9310530907741014e+02
1.6342773399999999e+02 3.3259595600000000e+02 3.9315921303083093e+02
1.6347656200000000e+02 3.3259770900000001e+02 3.9315893434213211e+02
1.6352539100000001e+02 3.3263067400000000e+02 3.9324022752089934e+02
1.6357421900000000e+02 3.3264775100000003e+02 3.9327999228666823e+02
1.6362304700000001e+02 3.3261907900000000e+02 3.9320020521913972e+02
1.6367187500000000e+02 3.3258135499999997e+02 3.9309677610688021e+02
1.6372070299999999e+02 3.3255305499999997e+02 3.9301798365467130e+02
1.6376953100000000e+02 3.3262038000000001e+02 3.9318903783879546e+02
1.6381835899999999e+02 3.3260819600000002e+02 3.9315235470092688e+02
1.6386718800000000e+02 3.3266302400000001e+02 3.9329073603902265e+02
1.6391601600000001e+02 3.3261214899999999e+02 3.9315298483345669e+02
1.6396484400000000e+02 3.3263065799999998e+02 3.9319648516451866e+02
1.6401367200000001e+02 3.3255325099999999e+02 3.9298945953250995e+02
1.6406250000000000e+02 3.3258506299999999e+02 3.9306771050631244e+02
1.6411132799999999e+02 3.3256923100000000e+02 3.9302152725610068e+02
1.6416015600000000e+02 3.3265016300000002e+02 3.9322804232830657e+02
1.6420898399999999e+02 3.3267523999999997e+02 3.9328868160777301e+02
1.6425781200000000e+02 3.3263391600000000e+02 3.9317593427764984e+02
1.6430664100000001e+02 3.3263409600000000e+02 3.9317156653476218e+02
1.6435546900000000e+02 3.3260039899999998e+02 3.9307875432725103e+02
1.6440429700000001e+02 3.3263344100000000e+02 3.9316018629534273e+02
1.6445312500000000e+02 3.3266004199999998e+02 3.9322479552014738e+02
1.6450195299999999e+02 3.3258730000000003e+02 3.9303007926544262e+02
1.6455078100000000e+02 3.3267932100000002e+02 3.9326544901660122e+02
1.6459960899999999e+02 3.3265038700000002e+02 3.9318509580935535e+02
1.6464843800000000e+02 3.3264591000000001e+02 3.9316858284160315e+02
1.6469726600000001e+02 3.3261317100000002e+02 3.9307831708239081e+02
1.6474609400000000e+02 3.3263702799999999e+02 3.9313575414676041e+02
1.6479492200000001e+02 3.3264111700000001e+02 3.9314160264660183e+02
1.6484375000000000e+02 3.3263702699999999e+02 3.9312611042645904e+02
1.6489257799999999e+02 3.3268063899999999e+02 3.9323508063028908e+02
1.6494140600000000e+02 3.3267208599999998e+02 3.9320794316744582e+02
1.6499023399999999e+02 3.3267716999999999e+02 3.9321638616130082e+02
1.6503906200000000e+02 3.3263054799999998e+02 3.9308994679111441e+02
1.6508789100000001e+02 3.3268128300000001e+02 3.9321747795379781e+02
1.6513671900000000e+02 3.3271908200000001e+02 3.9331125385233122e+02
1.6518554700000001e+02 3.3267970100000002e+02 3.9320372038250855e+02
1.6523437500000000e+02 3.3266448800000001e+02 3.9315923148674011e+02
1.6528320299999999e+02 3.3269119200000000e+02 3.9322406317080072e+02
1.6533203100000000e+02 3.3269846699999999e+02 3.9323822292004678e+02
1.6538085899999999e+02 3.3272381400000000e+02 3.9329950604435936e+02
1.6542968800000000e+02 3.3266596299999998e+02 3.9314385138283126e+02
1.6547851600000001e+02 3.3262263999999999e+02 3.9302609449844448e+02
1.6552734400000000e+02 3.3264308100000000e+02 3.9307459210472706e+02
1.6557617200000001e+02 3.3273889300000002e+02 3.9331957379234183e+02
1.6562500000000000e+02 3.3272384799999998e+02 3.9327554572689706e+02
1.6567382799999999e+02 3.3269414000000000e+02 3.9319330266201138e+02
1.6572265600000000e+02 3.3270042000000001e+02 3.9320487286325397e+02
1.6577148399999999e+02 3.3272085199999998e+02 3.9325332774307458e+02
1.6582031200000000e+02 3.3264552800000001e+02 3.9305221986267634e+02
1.6586914100000001e+02 3.3268679700000001e+02 3.9315498206563620e+02
1.6591796900000000e+02 3.3274164900000000e+02 3.9329312911717045e+02
1.6596679700000001e+02 3.3270473099999998e+02 3.9319213322748766e+02
1.6601562500000000e+02 3.3273814399999998e+02 3.9327440313204397e+02
1.6606445299999999e+02 3.3275853100000000e+02 3.9332272623401468e+02
1.6611328100000000e+02 3.3277336100000002e+02 3.9335656727826012e+02
1.6616210899999999e+02 3.3275127900000001e+02 3.9329424527606977e+02
1.6621093800000000e+02 3.3269073900000001e+02 3.9313174972629838e+02
1.6625976600000001e+02 3.3270721400000002e+02 3.9316988421707822e+02
1.6630859400000000e+02 3.3270776000000001e+02 3.9316652567029638e+02
1.6635742200000001e+02 3.3274680200000000e+02 3.9326343185863601e+02
1.6640625000000000e+02 3.3275171100000000e+02 3.9327143325148694e+02
1.6645507799999999e+02 3.3267769600000003e+02 3.9307390041060313e+02
1.6650390600000000e+02 3.3263556000000000e+02 3.9295940638302983e+02
1.6655273399999999e+02 3.3269323900000001e+02 3.9310483535413687e+02
1.6660156200000000e+02 3.3270694600000002e+02 3.9313575632770682e+02
1.6665039100000001e+02 3.3273474299999998e+02 3.9320335940566872e+02
1.6669921900000000e+02 3.3273432200000002e+02 3.9319749172637711e+02
1.6674804700000001e+02 3.3274755199999998e+02 3.9322716341908961e+02
1.6679687500000000e+02 3.3273641300000003e+02 3.9319339674159289e+02
1.6684570299999999e+02 3.3272718099999997e+02 3.9316459900396575e+02
1.6689453100000000e+02 3.3276461999999998e+02 3.9325728290916396e+02
1.6694335899999999e+02 3.3270900599999999e+02 3.9310776906447035e+02
1.6699218800000000e+02 3.3274016799999998e+02 3.9318411146750231e+02
1.6704101600000001e+02 3.3274158799999998e+02 3.9318304600332914e+02
1.6708984400000000e+02 3.3273665399999999e+02 3.9316544716111406e+02
1.6713867200000001e+02 3.3274018599999999e+02 3.9316988071493250e+02
1.6718750000000000e+02 3.3272773500000000e+02 3.9313272815639414e+02
1.6723632799999999e+02 3.3273969099999999e+02 3.9315908271850225e+02
1.6728515600000000e+02 3.3280405500000001e+02 3.9332178162668021e+02
1.6733398399999999e+02 3.3271800600000000e+02 3.9309316627715600e+02
1.6738281200000000e+02 3.3276658400000002e+02 3.9321478775939681e+02
1.6743164100000001e+02 3.3277215999999999e+02 3.9322454025629520e+02
1.6748046900000000e+02 3.3273333800000000e+02 3.9311881237883580e+02
1.6752929700000001e+02 3.3275995000000000e+02 3.9318328368022077e+02
1.6757812500000000e+02 3.3273506200000003e+02 3.9311381118494302e+02
1.6762695299999999e+02 3.3274992300000002e+02 3.9314771815520743e+02
1.6767578100000000e+02 3.3273482300000001e+02 3.9310371094770602e+02
1.6772460899999999e+02 3.3274443000000002e+02 3.9312395495110854e+02
1.6777343800000000e+02 3.3274288999999999e+02 3.9311521403069133e+02
1.6782226600000001e+02 3.3276281000000000e+02 3.9316227079394832e+02
1.6787109400000000e+02 3.3277197799999999e+02 3.9318136991587772e+02
1.6791992200000001e+02 3.3281941200000000e+02 3.9329994709924642e+02
1.6796875000000000e+02 3.3280252999999999e+02 3.9325132067920123e+02
1.6801757799999999e+02 3.3274846700000001e+02 3.9310605363899191e+02
1.6806640600000000e+02 3.3280694399999999e+02 3.9325332122650536e+02
1.6811523399999999e+02 3.3279416600000002e+02 3.9321537586734354e+02
1.6816406200000000e+02 3.3276839899999999e+02 3.9314367856392545e+02
1.6821289100000001e+02 3.3277582400000000e+02 3.9315824909508831e+02
1.6826171900000000e+02 3.3279422599999998e+02 3.9320134427677510e+02
1.6831054700000001e+02 3.3283595300000002e+02 3.9330504506882068e+02
1.6835937500000000e+02 3.3283626600000002e+02 3.9330112795305064e+02
1.6840820299999999e+02 3.3272013399999997e+02 3.9299466769304553e+02
1.6845703100000000e+02 3.3286763800000000e+02 3.9337317740064492e+02
1.6850585899999999e+02 3.3286183100000000e+02 3.9335336140256044e+02
1.6855468800000000e+02 3.3284180099999998e+02 3.9329660121426218e+02
1.6860351600000001e+02 3.3284389499999997e+02 3.9329731762454713e+02
1.6865234400000000e+02 3.3283890300000002e+02 3.9327962968734420e+02
1.6870117200000001e+02 3.3282288799999998e+02 3.9323331507599539e+02
1.6875000000000000e+02 3.3284776099999999e+02 3.9329319845710643e+02
1.6879882799999999e+02 3.3284237999999999e+02 3.9327450696099550e+02
1.6884765600000000e+02 3.3281503300000003e+02 3.9319877667221340e+02
1.6889648399999999e+02 3.3283048400000001e+02 3.9323418914814300e+02
1.6894531200000000e+02 3.3283681799999999e+02 3.9324592606960550e+02
1.6899414100000001e+02 3.3277021200000001e+02 3.9306828212967810e+02
1.6904296900000000e+02 3.3281131099999999e+02 3.9317028773588999e+02
1.6909179700000001e+02 3.3284688799999998e+02 3.9325794718223761e+02
1.6914062500000000e+02 3.3286404299999998e+02 3.9329777528041700e+02
1.6918945299999999e+02 3.3284600499999999e+02 3.9324624618210203e+02
1.6923828100000000e+02 3.3283127899999999e+02 3.9320332088978836e+02
1.6928710899999999e+02 3.3279549700000001e+02 3.9310575085033429e+02
1.6933593800000000e+02 3.3281388700000002e+02 3.9314878824133086e+02
1.6938476600000001e+02 3.3290555200000000e+02 3.9338198528285625e+02
1.6943359400000000e+02 3.3283275600000002e+02 3.9318837189187622e+02
1.6948242200000001e+02 3.3278876800000000e+02 3.9306953574722479e+02
1.6953125000000000e+02 3.3283058199999999e+02 3.9317334959694693e+02
1.6958007799999999e+02 3.3278414700000002e+02 3.9304818113294431e+02
1.6962890600000000e+02 3.3278624400000001e+02 3.9304894244332348e+02
1.6967773399999999e+02 3.3286840500000000e+02 3.9325741587173241e+02
1.6972656200000000e+02 3.3287835400000000e+02 3.9327853684027082e+02
1.6977539100000001e+02 3.3283632799999998e+02 3.9316483239452890e+02
1.6982421900000000e+02 3.3286526700000002e+02 3.9323521610221297e+02
1.6987304700000001e+02 3.3289003800000000e+02 3.9329478231023347e+02
1.6992187500000000e+02 3.3280255599999998e+02 3.9306320634022899e+02
1.6997070299999999e+02 3.3283860299999998e+02 3.9315202132909690e+02
1.7001953100000000e+02 3.3290145999999999e+02 3.9331035320286941e+02
1.7006835899999999e+02 3.3287869100000000e+02 3.9324662865683928e+02
1.7011718800000000e+02 3.3287760600000001e+02 3.9323913869568122e+02
1.7016601600000001e+02 3.3277943599999998e+02 3.9297992512661932e+02
1.7021484400000000e+02 3.3279956499999997e+02 3.9302745488836558e+02
1.7026367200000001e+02 3.3288486300000000e+02 3.9324393390830807e+02
1.7031250000000000e+02 3.3288826499999999e+02 3.9324808257316823e+02
1.7036132799999999e+02 3.3283804700000002e+02 3.9311323546163180e+02
1.7041015600000000e+02 3.3282988499999999e+02 3.9308741827639477e+02
1.7045898399999999e+02 3.3289973500000002e+02 3.9326380887749087e+02
1.7050781200000000e+02 3.3290600699999999e+02 3.9327539857082519e+02
1.7055664100000001e+02 3.3290204799999998e+02 3.9326047270237041e+02
1.7060546900000000e+02 3.3289537899999999e+02 3.9323852675991043e+02
1.7065429700000001e+02 3.3279303900000002e+02 3.9296866548826426e+02
1.7070312500000000e+02 3.3288583799999998e+02 3.9320448465031484e+02
1.7075195299999999e+02 3.3292898500000001e+02 3.9331162614855941e+02
1.7080078100000000e+02 3.3290172999999999e+02 3.9323634998413536e+02
1.7084960899999999e+02 3.3289431400000001e+02 3.9321248204800440e+02
1.7089843800000000e+02 3.3294261000000000e+02 3.9333294750641630e+02
1.7094726600000001e+02 3.3294646200000000e+02 3.9333826878595988e+02
1.7099609400000000e+02 3.3291814699999998e+02 3.9326026695699807e+02
1.7104492200000001e+02 3.3295888300000001e+02 3.9336113098356202e+02
1.7109375000000000e+02 3.3291856100000001e+02 3.9325204018876349e+02
1.7114257799999999e+02 3.3288976400000001e+02 3.9317281153184121e+02
1.7119140600000000e+02 3.3293072400000000e+02 3.9327424700795837e+02
1.7124023399999999e+02 3.3293538599999999e+02 3.9328167431277899e+02
1.7128906200000000e+02 3.3288331499999998e+02 3.9314219348023136e+02
1.7133789100000001e+02 3.3291461099999998e+02 3.9321859368081203e+02
1.7138671900000000e+02 3.3293264799999997e+02 3.9326065660366584e+02
1.7143554700000001e+02 3.3290763299999998e+02 3.9319125284965946e+02
1.7148437500000000e+02 3.3288256899999999e+02 3.9312173119178249e+02
1.7153320299999999e+02 3.3294433800000002e+02 3.9327700685307684e+02
1.7158203100000000e+02 3.3287617599999999e+02 3.9309592709113389e+02
1.7163085899999999e+02 3.3300088399999999e+02 3.9341410371006413e+02
1.7167968800000000e+02 3.3291028000000000e+02 3.9317495198697691e+02
1.7172851600000001e+02 3.3289783000000000e+02 3.9313810358970619e+02
1.7177734400000000e+02 3.3289939500000003e+02 3.9313753153986636e+02
1.7182617200000001e+02 3.3296652999999998e+02 3.9330664750598845e+02
1.7187500000000000e+02 3.3290481499999999e+02 3.9314231698029869e+02
1.7192382799999999e+02 3.3290084300000001e+02 3.9312742079617180e+02
1.7197265600000000e+02 3.3289303100000001e+02 3.9310259166743901e+02
1.7202148399999999e+02 3.3296779800000002e+02 3.9329142255066284e+02
1.7207031200000000e+02 3.3296537499999999e+02 3.9328053147032688e+02
1.7211914100000001e+02 3.3291978999999998e+02 3.9315798240136382e+02
1.7216796900000000e+02 3.3293904700000002e+02 3.9320318540780636e+02
1.7221679700000001e+02 3.3298227600000001e+02 3.9331039324275002e+02
1.7226562500000000e+02 3.3295514200000002e+02 3.9323559139673574e+02
1.7231445299999999e+02 3.3300717200000003e+02 3.9336555088825662e+02
1.7236328100000000e+02 3.3296469300000001e+02 3.9325107011699458e+02
1.7241210899999999e+02 3.3297229700000003e+02 3.9326612479436028e+02
1.7246093800000000e+02 3.3300880000000001e+02 3.9335591147149938e+02
1.7250976600000001e+02 3.3298856000000001e+02 3.9329896053313200e+02
1.7255859400000000e+02 3.3298776800000002e+02 3.9329230388460320e+02
1.7260742200000001e+02 3.3303230800000000e+02 3.9340285779219300e+02
1.7265625000000000e+02 3.3299214699999999e+02 3.9329441309356025e+02
1.7270507799999999e+02 3.3292031500000002e+02 3.9310410340668699e+02
1.7275390600000000e+02 3.3296040199999999e+02 3.9320314118107785e+02
1.7280273399999999e+02 3.3290812299999999e+02 3.9306340425239779e+02
1.7285156200000000e+02 3.3294285500000001e+02 3.9314859372710191e+02
1.7290039100000001e+02 3.3298052100000001e+02 3.9324135828798410e+02
1.7294921900000000e+02 3.3293651100000000e+02 3.9312301763125254e+02
1.7299804700000001e+02 3.3295979000000000e+02 3.9317859374738930e+02
1.7304687500000000e+02 3.3292554799999999e+02 3.9308551511979573e+02
1.7309570299999999e+02 3.3295180499999998e+02 3.9314878494683200e+02
1.7314453100000000e+02 3.3294325199999997e+02 3.9312210047913459e+02
1.7319335899999999e+02 3.3294455799999997e+02 3.9312089416974203e+02
1.7324218800000000e+02 3.3297291500000000e+02 3.9318958058436306e+02
1.7329101600000001e+02 3.3298588100000001e+02 3.9321849715954227e+02
1.7333984400000000e+02 3.3298934200000002e+02 3.9322285635726297e+02
1.7338867200000001e+02 3.3300241100000000e+02 3.9325203623014085e+02
1.7343750000000000e+02 3.3300458400000002e+02 3.9325306828903825e+02
1.7348632799999999e+02 3.3301466699999997e+02 3.9327453274338774e+02
1.7353515600000000e+02 3.3303127000000001e+02 3.9331283605958248e+02
1.7358398399999999e+02 3.3305506300000002e+02 3.9336970585318278e+02
1.7363281200000000e+02 3.3304401000000001e+02 3.9333657885466903e+02
1.7368164100000001e+02 3.3302622600000001e+02 3.9328607434334953e+02
1.7373046900000000e+02 3.3301010500000001e+02 3.9323987093693916e+02
1.7377929700000001e+02 3.3304612600000002e+02 3.9332831093691800e+02
1.7382812500000000e+02 3.3298051500000003e+02 3.9315433020134100e+02
1.7387695299999999e+02 3.3304687699999999e+02 3.9332110304050127e+02
1.7392578100000000e+02 3.3306582300000002e+02 3.9336544480389642e+02
1.7397460899999999e+02 3.3304128300000002e+02 3.9329752124263473e+02
1.7402343800000000e+02 3.3299909900000000e+02 3.9318405971211882e+02
1.7407226600000001e+02 3.3303302000000002e+02 3.9326705960284517e+02
1.7412109400000000e+02 3.3301031200000000e+02 3.9320388465149699e+02
1.7416992200000001e+02 3.3305127700000003e+02 3.9330505703265044e+02
1.7421875000000000e+02 3.3304538600000001e+02 3.9328529126148521e+02
1.7426757799999999e+02 3.3304909099999998e+02 3.9329029321724869e+02
1.7431640600000000e+02 3.3303285799999998e+02 3.9324384446980179e+02
1.7436523399999999e+02 3.3299117699999999e+02 3.9313173536970083e+02
1.7441406200000000e+02 3.3303309800000000e+02 3.9323535622784721e+02
1.7446289100000001e+02 3.3300272899999999e+02 3.9315244853870672e+02
1.7451171900000000e+02 3.3297960399999999e+02 3.9308824063586593e+02
1.7456054700000001e+02 3.3307633099999998e+02 3.9333324169614178e+02
1.7460937500000000e+02 3.3308786400000002e+02 3.9335844085661194e+02
1.7465820299999999e+02 3.3307768299999998e+02 3.9332762551814255e+02
1.7470703100000000e+02 3.3304555800000003e+02 3.9324021161065286e+02
1.7475585899999999e+02 3.3305860999999999e+02 3.9326933297184650e+02
1.7480468800000000e+02 3.3300041399999998e+02 3.9311469292320106e+02
1.7485351600000001e+02 3.3305853900000000e+02 3.9326006379675249e+02
1.7490234400000000e+02 3.3309872799999999e+02 3.9335916530883622e+02
1.7495117200000001e+02 3.3304458199999999e+02 3.9321499292905702e+02
1.7500000000000000e+02 3.3302875999999998e+02 3.9316965910601573e+02
1.7504882799999999e+02 3.3301031100000000e+02 3.9311755774909176e+02
1.7509765600000000e+02 3.3302659799999998e+02 3.9315502314039696e+02
1.7514648399999999e+02 3.3302367199999998e+02 3.9314295127605203e+02
1.7519531200000000e+02 3.3305083700000000e+02 3.9320845710323670e+02
1.7524414100000001e+02 3.3304713500000003e+02 3.9319438528529764e+02
1.7529296900000000e+02 3.3308755100000002e+02 3.9329404100013437e+02
1.7534179700000001e+02 3.3306209799999999e+02 3.9322390290373500e+02
1.7539062500000000e+02 3.3305232200000000e+02 3.9319418038894474e+02
1.7543945299999999e+02 3.3310261000000003e+02 3.9331926640302402e+02
1.7548828100000000e+02 3.3313051800000000e+02 3.9338666258242762e+02
1.7553710899999999e+02 3.3303342800000001e+02 3.9313192757530817e+02
1.7558593800000000e+02 3.3315626500000002e+02 3.9344395128495739e+02
1.7563476600000001e+02 3.3305456800000002e+02 3.9317737187490332e+02
1.7568359400000000e+02 3.3306506200000001e+02 3.9319989615933662e+02
1.7573242200000001e+02 3.3304057799999998e+02 3.9313229892456167e+02
1.7578125000000000e+02 3.3307876299999998e+02 3.9322616682043957e+02
1.7583007799999999e+02 3.3310294699999997e+02 3.9328395621080995e+02
1.7587890600000000e+02 3.3309025200000002e+02 3.9324673782906143e+02
1.7592773399999999e+02 3.3306512199999997e+02 3.9317749296377053e+02
1.7597656200000000e+02 3.3305305199999998e+02 3.9314189639258666e+02
1.7602539100000001e+02 3.3309466300000003e+02 3.9324456774846783e+02
1.7607421900000000e+02 3.3308872400000001e+02 3.9322476395213312e+02
1.7612304700000001e+02 3.3307643200000001e+02 3.9318860207896137e+02
1.7617187500000000e+02 3.3303242799999998e+02 3.9307077965096261e+02
1.7622070299999999e+02 3.3302726000000001e+02 3.9305297706009475e+02
1.7626953100000000e+02 3.3315044599999999e+02 3.9336568215261622e+02
1.7631835899999999e+02 3.3311901499999999e+02 3.9328024551257789e+02
1.7636718800000000e+02 3.3314403800000002e+02 3.9334016940869321e+02
1.7641601600000001e+02 3.3315276200000000e+02 3.9335812573792111e+02
1.7646484400000000e+02 3.3310282300000000e+02 3.9322505972128459e+02
1.7651367200000001e+02 3.3309737100000001e+02 3.9320652986130568e+02
1.7656250000000000e+02 3.3306480900000003e+02 3.9311821886019652e+02
1.7661132799999999e+02 3.3308800000000002e+02 3.9317342522574342e+02
1.7666015600000000e+02 3.3312966299999999e+02 3.9327617059538818e+02
1.7670898399999999e+02 3.3312070499999999e+02 3.9324862284533543e+02
1.7675781200000000e+02 3.3307520299999999e+02 3.9312703100212042e+02
1.7680664100000001e+02 3.3320674600000001e+02 3.9346106436107038e+02
1.7685546900000000e+02 3.3318909300000001e+02 3.9341113961743469e+02
1.7690429700000001e+02 3.3309157800000003e+02 3.9315572493680202e+02
1.7695312500000000e+02 3.3313060100000001e+02 3.9325165173104875e+02
1.7700195299999999e+02 3.3318474600000002e+02 3.9338647617203890e+02
1.7705078100000000e+02 3.3312759299999999e+02 3.9323494763888988e+02
1.7709960899999999e+02 3.3312519200000003e+02 3.9322429091563504e+02
1.7714843800000000e+02 3.3311287900000002e+02 3.9318813815486862e+02
1.7719726600000001e+02 3.3313743499999998e+02 3.9324682909299668e+02
1.7724609400000000e+02 3.3310729600000002e+02 3.9316482959089478e+02
1.7729492200000001e+02 3.3307803300000000e+02 3.9308509304364128e+02
1.7734375000000000e+02 3.3310276399999998e+02 3.9314423333094447e+02
1.7739257799999999e+02 3.3314822500000002e+02 3.9325668100225346e+02
1.7744140600000000e+02 3.3315370400000000e+02 3.9326629895282878e+02
1.7749023399999999e+02 3.3314907399999998e+02 3.9324992176189136e+02
1.7753906200000000e+02 3.3310286100000002e+02 3.9312662290482103e+02
1.7758789100000001e+02 3.3309469700000000e+02 3.9310117029820691e+02
1.7763671900000000e+02 3.3317691100000002e+02 3.9330809027163264e+02
1.7768554700000001e+02 3.3313086900000002e+02 3.9318525089209953e+02
1.7773437500000000e+02 3.3321419400000002e+02 3.9339500256575775e+02
1.7778320299999999e+02 3.3319911300000001e+02 3.9335176413033849e+02
1.7783203100000000e+02 3.3318849999999998e+02 3.9332001649215300e+02
1.7788085899999999e+02 3.3316287499999999e+02 3.9324968661222482e+02
1.7792968800000000e+02 3.3314793600000002e+02 3.9320683093171783e+02
1.7797851600000001e+02 3.3309744799999999e+02 3.9307261591679924e+02
1.7802734400000000e+02 3.3310829600000000e+02 3.9309604851751152e+02
1.7807617200000001e+02 3.3312065799999999e+02 3.9312337043266126e+02
1.7812500000000000e+02 3.3313054399999999e+02 3.9314432791765830e+02
1.7817382799999999e+02 3.3315490299999999e+02 3.9320247361808941e+02
1.7822265600000000e+02 3.3321213999999998e+02 3.9334509201130828e+02
1.7827148399999999e+02 3.3316469000000001e+02 3.9321872443047471e+02
1.7832031200000000e+02 3.3312595700000003e+02 3.9311476671600303e+02
1.7836914100000001e+02 3.3313823700000000e+02 3.9314187460322597e+02
1.7841796900000000e+02 3.3321975700000002e+02 3.9334685050015332e+02
1.7846679700000001e+02 3.3321238399999999e+02 3.9332346178955123e+02
1.7851562500000000e+02 3.3319634000000002e+02 3.9327780418853393e+02
1.7856445299999999e+02 3.3322685400000000e+02 3.9335173571635266e+02
1.7861328100000000e+02 3.3310414200000002e+02 3.9303212371918488e+02
1.7866210899999999e+02 3.3319287100000003e+02 3.9325557070995120e+02
1.7871093800000000e+02 3.3318938100000003e+02 3.9324217018340516e+02
1.7875976600000001e+02 3.3320040000000000e+02 3.9326603041165919e+02
1.7880859400000000e+02 3.3316039599999999e+02 3.9315887243324408e+02
1.7885742200000001e+02 3.3317336799999998e+02 3.9318775136989507e+02
1.7890625000000000e+02 3.3321898099999999e+02 3.9330043498977119e+02
1.7895507799999999e+02 3.3327180800000002e+02 3.9343162895850173e+02
1.7900390600000000e+02 3.3324738700000000e+02 3.9336449480808716e+02
1.7905273399999999e+02 3.3317233099999999e+02 3.9316738272154316e+02
1.7910156200000000e+02 3.3322479600000003e+02 3.9329763698965348e+02
1.7915039100000001e+02 3.3317378600000001e+02 3.9316227380099230e+02
1.7919921900000000e+02 3.3316926699999999e+02 3.9314625517991874e+02
1.7924804700000001e+02 3.3315014000000002e+02 3.9309274677111432e+02
1.7929687500000000e+02 3.3320016700000002e+02 3.9321672494107560e+02
1.7934570299999999e+02 3.3316154599999999e+02 3.9311319305874900e+02
1.7939453100000000e+02 3.3328507900000000e+02 3.9342578845562883e+02
1.7944335899999999e+02 3.3325208900000001e+02 3.9333670805985548e+02
1.7949218800000000e+02 3.3325440900000001e+02 3.9333824011202023e+02
1.7954101600000001e+02 3.3326818800000001e+02 3.9336917435686684e+02
1.7958984400000000e+02 3.3325278400000002e+02 3.9332523358640213e+02
1.7963867200000001e+02 3.3320052900000002e+02 3.9318675735524295e+02
1.7968750000000000e+02 3.3320056099999999e+02 3.9318243199400223e+02
1.7973632799999999e+02 3.3321656400000001e+02 3.9321907749777904e+02
1.7978515600000000e+02 3.3326102500000002e+02 3.9332871776494261e+02
1.7983398399999999e+02 3.3323404699999998e+02 3.9325510944397911e+02
1.7988281200000000e+02 3.3323544099999998e+02 3.9325427922553445e+02
1.7993164100000001e+02 3.3323289299999999e+02 3.9324334012673671e+02
1.7998046900000000e+02 3.3322383800000000e+02 3.9321571582799390e+02
1.8002929700000001e+02 3.3318710099999998e+02 3.9311710719569948e+02
1.8007812500000000e+02 3.3319895000000002e+02 3.9314309858134675e+02
1.8012695299999999e+02 3.3328721300000001e+02 3.9336502574303904e+02
1.8017578100000000e+02 3.3322097700000000e+02 3.9319079215741971e+02
1.8022460899999999e+02 3.3325503200000003e+02 3.9327371273685594e+02
1.8027343800000000e+02 3.3326664599999998e+02 3.9329909253244682e+02
1.8032226600000001e+02 3.3322120500000000e+02 3.9317820362172631e+02
1.8037109400000000e+02 3.3328672399999999e+02 3.9334177285112270e+02
1.8041992200000001e+02 3.3322408000000001e+02 3.9317679930752007e+02
1.8046875000000000e+02 3.3320689700000003e+02 3.9312837059731351e+02
1.8051757799999999e+02 3.3324351000000001e+02 3.9321783180330846e+02
1.8056640600000000e+02 3.3323242499999998e+02 3.9318503721036006e+02
1.8061523399999999e+02 3.3326812500000000e+02 3.9327214863004372e+02
1.8066406200000000e+02 3.3324266799999998e+02 3.9320252606797561e+02
1.8071289100000001e+02 3.3324609500000003e+02 3.9320692855981162e+02
1.8076171900000000e+02 3.3323851000000002e+02 3.9318311451585117e+02
1.8081054700000001e+02 3.3323365000000001e+02 3.9316628635204125e+02
1.8085937500000000e+02 3.3323325000000000e+02 3.9316088831309406e+02
1.8090820299999999e+02 3.3327452799999998e+02 3.9326227181980721e+02
1.8095703100000000e+02 3.3333005200000002e+02 3.9340014260471594e+02
1.8100585899999999e+02 3.3327957500000002e+02 3.9326645194783606e+02
1.8105468800000000e+02 3.3330455000000001e+02 3.9332605558445010e+02
1.8110351600000001e+02 3.3328545600000001e+02 3.9327277216186769e+02
1.8115234400000000e+02 3.3328210500000000e+02 3.9325981885442701e+02
1.8120117200000001e+02 3.3328060499999998e+02 3.9325160890642871e+02
1.8125000000000000e+02 3.3324881499999998e+02 3.9316582562772629e+02
1.8129882799999999e+02 3.3325015300000001e+02 3.9316489178625403e+02
1.8134765600000000e+02 3.3326157200000000e+02 3.9318977490580386e+02
1.8139648399999999e+02 3.3328810800000002e+02 3.9325336662501934e+02
1.8144531200000000e+02 3.3327028500000000e+02 3.9320336913776703e+02
1.8149414100000001e+02 3.3332719300000002e+02 3.9334472118334895e+02
1.8154296900000000e+02 3.3329470099999998e+02 3.9325716959807971e+02
1.8159179700000001e+02 3.3327655600000003e+02 3.9320635891167814e+02
1.8164062500000000e+02 3.3328728999999998e+02 3.9322948579347980e+02
1.8168945299999999e+02 3.3329672799999997e+02 3.9324929387323590e+02
1.8173828100000000e+02 3.3323538700000000e+02 3.9308792342559047e+02
1.8178710899999999e+02 3.3327116000000001e+02 3.9317514715692590e+02
1.8183593800000000e+02 3.3331945700000000e+02 3.9329441823751802e+02
1.8188476600000001e+02 3.3327327400000001e+02 3.9317186898814816e+02
1.8193359400000000e+02 3.3327231499999999e+02 3.9316507259895945e+02
1.8198242200000001e+02 3.3332494900000000e+02 3.9329542837324675e+02
1.8203125000000000e+02 3.3330658799999998e+02 3.9324409746629556e+02
1.8208007799999999e+02 3.3334842700000002e+02 3.9334681548973725e+02
1.8212890600000000e+02 3.3327221400000002e+02 3.9314746299613176e+02
1.8217773399999999e+02 3.3327152999999998e+02 3.9314137930649593e+02
1.8222656200000000e+02 3.3331948299999999e+02 3.9325973280815549e+02
1.8227539100000001e+02 3.3331957699999998e+02 3.9325563670581732e+02
1.8232421900000000e+02 3.3324453199999999e+02 3.9305932265429709e+02
1.8237304700000001e+02 3.3332867099999999e+02 3.9327023165804820e+02
1.8242187500000000e+02 3.3335347600000000e+02 3.9332934830508674e+02
1.8247070299999999e+02 3.3330233399999997e+02 3.9319420328145628e+02
1.8251953100000000e+02 3.3328045300000002e+02 3.9313391311666970e+02
1.8256835899999999e+02 3.3329663499999998e+02 3.9317097771908482e+02
1.8261718800000000e+02 3.3335012000000000e+02 3.9330343843518540e+02
1.8266601600000001e+02 3.3333950099999998e+02 3.9327195558533651e+02
1.8271484400000000e+02 3.3330099000000001e+02 3.9316915340053498e+02
1.8276367200000001e+02 3.3334593799999999e+02 3.9327976845321075e+02
1.8281250000000000e+02 3.3333699799999999e+02 3.9325258829425900e+02
1.8286132799999999e+02 3.3326830000000001e+02 3.9307262590291049e+02
1.8291015600000000e+02 3.3330802599999998e+02 3.9316988192865273e+02
1.8295898399999999e+02 3.3325756200000001e+02 3.9303655954655625e+02
1.8300781200000000e+02 3.3333082999999999e+02 3.9321955528674124e+02
1.8305664100000001e+02 3.3337573200000003e+02 3.9333002353921569e+02
1.8310546900000000e+02 3.3337700899999999e+02 3.9332897206797071e+02
1.8315429700000001e+02 3.3333104900000001e+02 3.9320718565745972e+02
1.8320312500000000e+02 3.3333782000000002e+02 3.9322018473157669e+02
1.8325195299999999e+02 3.3330747200000002e+02 3.9313831836310760e+02
1.8330078100000000e+02 3.3333766200000002e+02 3.9321117110327509e+02
1.8334960899999999e+02 3.3330757000000000e+02 3.9312997010597974e+02
1.8339843800000000e+02 3.3330552499999999e+02 3.9312044748207268e+02
1.8344726600000001e+02 3.3334204499999998e+02 3.9320946796458583e+02
1.8349609400000000e+02 3.3343244099999998e+02 3.9343613697977571e+02
1.8354492200000001e+02 3.3337183199999998e+02 3.9327697703487036e+02
1.8359375000000000e+02 3.3336939300000000e+02 3.9326644714339426e+02
1.8364257799999999e+02 3.3334647600000000e+02 3.9320360495369516e+02
1.8369140600000000e+02 3.3331415199999998e+02 3.9311673973702364e+02
1.8374023399999999e+02 3.3337922099999997e+02 3.9327866635906742e+02
1.8378906200000000e+02 3.3333971700000001e+02 3.9317346873404369e+02
1.8383789100000001e+02 3.3337107600000002e+02 3.9324927783593836e+02
1.8388671900000000e+02 3.3334978599999999e+02 3.9319061367918908e+02
1.8393554700000001e+02 3.3333567199999999e+02 3.9315028336965543e+02
1.8398437500000000e+02 3.3336883599999999e+02 3.9323069527913094e+02
1.8403320299999999e+02 3.3334888100000001e+02 3.9317545353462191e+02
1.8408203100000000e+02 3.3334427099999999e+02 3.9315940211336357e+02
1.8413085899999999e+02 3.3335433699999999e+02 3.9318082686829979e+02
1.8417968800000000e+02 3.3336983300000003e+02 3.9321611467575491e+02
1.8422851600000001e+02 3.3331504999999999e+02 3.9307196922309600e+02
1.8427734400000000e+02 3.3340118699999999e+02 3.9328760740125171e+02
1.8432617200000001e+02 3.3348207700000000e+02 3.9348983011414771e+02
1.8437500000000000e+02 3.3335441100000003e+02 3.9315964488244748e+02
1.8442382799999999e+02 3.3336782499999998e+02 3.9318961608672572e+02
1.8447265600000000e+02 3.3339009299999998e+02 3.9324218506156240e+02
1.8452148399999999e+02 3.3338601599999998e+02 3.9322750813849711e+02
1.8457031200000000e+02 3.3338275800000002e+02 3.9321492407189521e+02
1.8461914100000001e+02 3.3339144399999998e+02 3.9323282452575478e+02
1.8466796900000000e+02 3.3337108000000001e+02 3.9317658969236243e+02
1.8471679700000001e+02 3.3338586299999997e+02 3.9321005112806023e+02
1.8476562500000000e+02 3.3336369000000002e+02 3.9314920921565886e+02
1.8481445299999999e+02 3.3338625999999999e+02 3.9320254003599769e+02
1.8486328100000000e+02 3.3343589500000002e+02 3.9332492177480736e+02
1.8491210899999999e+02 3.3337927000000002e+02 3.9317618810941207e+02
1.8496093800000000e+02 3.3344200400000000e+02 3.9333197916951781e+02
1.8500976600000001e+02 3.3338324200000000e+02 3.9317781053183711e+02
1.8505859400000000e+02 3.3340929000000000e+02 3.9324000413359914e+02
1.8510742200000001e+02 3.3343824899999998e+02 3.9330961801354920e+02
1.8515625000000000e+02 3.3341183400000000e+02 3.9323798400402853e+02
1.8520507799999999e+02 3.3345433500000001e+02 3.9334213288140023e+02
1.8525390600000000e+02 3.3338121300000000e+02 3.9315138324186290e+02
1.8530273399999999e+02 3.3338224400000001e+02 3.9314976679227988e+02
1.8535156200000000e+02 3.3342417499999999e+02 3.9325245401080565e+02
1.8540039100000001e+02 3.3340247799999997e+02 3.9319287700650420e+02
1.8544921900000000e+02 3.3342576800000001e+02 3.9324802069164087e+02
1.8549804700000001e+02 3.3342310900000001e+02 3.9323699511009016e+02
1.8554687500000000e+02 3.3337070699999998e+02 3.9309914317610094e+02
1.8559570299999999e+02 3.3336301900000001e+02 3.9307530646253207e+02
1.8564453100000000e+02 3.3335253999999998e+02 3.9304435769807725e+02
1.8569335899999999e+02 3.3343339200000003e+02 3.9324624264504712e+02
1.8574218800000000e+02 3.3343051700000001e+02 3.9323467427135438e+02
1.8579101600000001e+02 3.3344565499999999e+02 3.9326902402562018e+02
1.8583984400000000e+02 3.3340062200000000e+02 3.9315000061330960e+02
1.8588867200000001e+02 3.3342095699999999e+02 3.9319759922351091e+02
1.8593750000000000e+02 3.3344214399999998e+02 3.9324736557566979e+02
1.8598632799999999e+02 3.3347755699999999e+02 3.9333338346924569e+02
1.8603515600000000e+02 3.3345031999999998e+02 3.9325973597089546e+02
1.8608398399999999e+02 3.3343522400000001e+02 3.9321703547562339e+02
1.8613281200000000e+02 3.3342320000000001e+02 3.9318216814417974e+02
1.8618164100000001e+02 3.3342779200000001e+02 3.9318964326430813e+02
1.8623046900000000e+02 3.3343830000000003e+02 3.9321219213849156e+02
1.8627929700000001e+02 3.3346118799999999e+02 3.9326628129518389e+02
1.8632812500000000e+02 3.3344360000000000e+02 3.9321724727015180e+02
1.8637695299999999e+02 3.3341748300000000e+02 3.9314649122014401e+02
1.8642578100000000e+02 3.3345090800000003e+02 3.9322742059185020e+02
1.8647460899999999e+02 3.3346715699999999e+02 3.9326459095886833e+02
1.8652343800000000e+02 3.3350915099999997e+02 3.9336733499363532e+02
1.8657226600000001e+02 3.3345036499999998e+02 3.9321338074477228e+02
1.8662109400000000e+02 3.3347880500000002e+02 3.9328159860925024e+02
1.8666992200000001e+02 3.3344964900000002e+02 3.9320312672551927e+02
1.8671875000000000e+02 3.3344313899999997e+02 3.9318233502001846e+02
1.8676757799999999e+02 3.3342779200000001e+02 3.9313904275424443e+02
1.8681640600000000e+02 3.3347862400000002e+02 3.9326427394398422e+02
1.8686523399999999e+02 3.3343561899999997e+02 3.9315055913801677e+02
1.8691406200000000e+02 3.3346742799999998e+02 3.9322734416217691e+02
1.8696289100000001e+02 3.3342556200000001e+02 3.9311654428829968e+02
1.8701171900000000e+02 3.3346272399999998e+02 3.9320695377855799e+02
1.8706054700000001e+02 3.3349753399999997e+02 3.9329136782252311e+02
1.8710937500000000e+02 3.3347857499999998e+02 3.9323889764521067e+02
1.8715820299999999e+02 3.3349906600000003e+02 3.9328685468054158e+02
1.8720703100000000e+02 3.3345609400000001e+02 3.9317326939313637e+02
1.8725585899999999e+02 3.3348387500000001e+02 3.9323978226156299e+02
1.8730468800000000e+02 3.3343727000000001e+02 3.9311696605662797e+02
1.8735351600000001e+02 3.3349295699999999e+02 3.9325449900662045e+02
1.8740234400000000e+02 3.3350155599999999e+02 3.9327218532385547e+02
1.8745117200000001e+02 3.3345668999999998e+02 3.9315381454559667e+02
1.8750000000000000e+02 3.3354238199999998e+02 3.9336768148547770e+02
1.8754882799999999e+02 3.3351331399999998e+02 3.9328951854741149e+02
1.8759765600000000e+02 3.3343898999999999e+02 3.9309621487262945e+02
1.8764648399999999e+02 3.3348461300000002e+02 3.9320811028957513e+02
1.8769531200000000e+02 3.3350759499999998e+02 3.9326239383377094e+02
1.8774414100000001e+02 3.3353381100000001e+02 3.9332490074506370e+02
1.8779296900000000e+02 3.3346177799999998e+02 3.9313746640545133e+02
1.8784179700000001e+02 3.3350202999999999e+02 3.9323568073429681e+02
1.8789062500000000e+02 3.3354305499999998e+02 3.9333585318029390e+02
1.8793945299999999e+02 3.3353169000000003e+02 3.9330276133669486e+02
1.8798828100000000e+02 3.3347036800000001e+02 3.9314261279429553e+02
1.8803710899999999e+02 3.3346654999999998e+02 3.9312873077808410e+02
1.8808593800000000e+02 3.3349574500000000e+02 3.9319880919479715e+02
1.8813476600000001e+02 3.3353190499999999e+02 3.9328659479636724e+02
1.8818359400000000e+02 3.3356018999999998e+02 3.9335434800699949e+02
1.8823242200000001e+02 3.3348485799999997e+02 3.9315861916902372e+02
1.8828125000000000e+02 3.3351177799999999e+02 3.9322290465018540e+02
1.8833007799999999e+02 3.3355994399999997e+02 3.9334120473061773e+02
1.8837890600000000e+02 3.3346243199999998e+02 3.9308911915874262e+02
1.8842773399999999e+02 3.3347494699999999e+02 3.9311678216143133e+02
1.8847656200000000e+02 3.3351269700000000e+02 3.9320859639002038e+02
1.8852539100000001e+02 3.3351650599999999e+02 3.9321412353751788e+02
1.8857421900000000e+02 3.3345828999999998e+02 3.9306198855128753e+02
1.8862304700000001e+02 3.3352996400000001e+02 3.9324002669230191e+02
1.8867187500000000e+02 3.3358168000000001e+02 3.9336732268059484e+02
1.8872070299999999e+02 3.3359688499999999e+02 3.9340181331943899e+02
1.8876953100000000e+02 3.3348828900000001e+02 3.9312166913684291e+02
1.8881835899999999e+02 3.3351809800000001e+02 3.9319328637212379e+02
1.8886718800000000e+02 3.3354702300000002e+02 3.9326265258827704e+02
1.8891601600000001e+02 3.3352140300000002e+02 3.9319341142888055e+02
1.8896484400000000e+02 3.3351596899999998e+02 3.9317547124568512e+02
1.8901367200000001e+02 3.3348584899999997e+02 3.9309481230640534e+02
1.8906250000000000e+02 3.3349605700000001e+02 3.9311662572398524e+02
1.8911132799999999e+02 3.3353951999999998e+02 3.9322292720708055e+02
1.8916015600000000e+02 3.3362375900000001e+02 3.9343281155849752e+02
1.8920898399999999e+02 3.3357412499999998e+02 3.9330259462957298e+02
1.8925781200000000e+02 3.3353791899999999e+02 3.9320650337952816e+02
1.8930664100000001e+02 3.3353659299999998e+02 3.9319902323994114e+02
1.8935546900000000e+02 3.3354353800000001e+02 3.9321255531905376e+02
1.8940429700000001e+02 3.3349339600000002e+02 3.9308109631193759e+02
1.8945312500000000e+02 3.3353416099999998e+02 3.9318053348975735e+02
1.8950195299999999e+02 3.3358134600000000e+02 3.9329626903533483e+02
1.8955078100000000e+02 3.3351909699999999e+02 3.9313408973978261e+02
1.8959960899999999e+02 3.3351941099999999e+02 3.9313080069372830e+02
1.8964843800000000e+02 3.3351736699999998e+02 3.9312152816752655e+02
1.8969726600000001e+02 3.3357852900000000e+02 3.9327274911303402e+02
1.8974609400000000e+02 3.3354803099999998e+02 3.9319123376942230e+02
1.8979492200000001e+02 3.3359281700000003e+02 3.9330086839870575e+02
1.8984375000000000e+02 3.3352087999999998e+02 3.9311416389885261e+02
1.8989257799999999e+02 3.3355315999999999e+02 3.9319205223068070e+02
1.8994140600000000e+02 3.3358810999999997e+02 3.9327671565337596e+02
1.8999023399999999e+02 3.3355885999999998e+02 3.9319840989966934e+02
