# freq, uncal T[mK], calib T[mK]
5.0000000000000000e+01 2.9975017600000001e+02 3.0676522910971408e+02
5.0048828000000000e+01 2.9965119900000002e+02 3.0644419410876446e+02
5.0097656000000001e+01 2.9962526800000001e+02 3.0636028760766044e+02
5.0146484000000001e+01 2.9967052899999999e+02 3.0650739824909596e+02
5.0195312000000001e+01 2.9967299200000002e+02 3.0651562300959478e+02
5.0244140999999999e+01 2.9965925600000003e+02 3.0647129958812229e+02
5.0292968999999999e+01 2.9963508400000001e+02 3.0639314063187152e+02
5.0341797000000000e+01 2.9962907500000000e+02 3.0637390405645664e+02
5.0390625000000000e+01 2.9965786000000003e+02 3.0646749180264175e+02
5.0439453000000000e+01 2.9973301600000002e+02 3.0671139148537446e+02
5.0488281000000001e+01 2.9964344999999997e+02 3.0642126100948138e+02
5.0537109000000001e+01 2.9966079100000002e+02 3.0647771299784949e+02
5.0585937999999999e+01 2.9969165099999998e+02 3.0657796143943034e+02
5.0634765999999999e+01 2.9964914099999999e+02 3.0644044197271364e+02
5.0683593999999999e+01 2.9964629300000001e+02 3.0643145916143220e+02
5.0732422000000000e+01 2.9965470800000003e+02 3.0645896451986471e+02
5.0781250000000000e+01 2.9966426600000000e+02 3.0649016467711073e+02
5.0830078000000000e+01 2.9966194200000001e+02 3.0648287589374803e+02
5.0878906000000001e+01 2.9966191099999998e+02 3.0648301408710296e+02
5.0927734000000001e+01 2.9970057100000002e+02 3.0660842160420185e+02
5.0976562000000001e+01 2.9967243600000000e+02 3.0651756309139336e+02
5.1025390999999999e+01 2.9966179299999999e+02 3.0648334738227845e+02
5.1074218999999999e+01 2.9967965400000003e+02 3.0654139063040395e+02
5.1123047000000000e+01 2.9965266500000001e+02 3.0645428602009923e+02
5.1171875000000000e+01 2.9971140400000002e+02 3.0664457862385541e+02
5.1220703000000000e+01 2.9968185399999999e+02 3.0654919836519957e+02
5.1269531000000001e+01 2.9966174300000000e+02 3.0648437543004155e+02
5.1318359000000001e+01 2.9972850099999999e+02 3.0670052200745380e+02
5.1367187999999999e+01 2.9965274099999999e+02 3.0645573983148671e+02
5.1416015999999999e+01 2.9967850900000002e+02 3.0653929744715253e+02
5.1464843999999999e+01 2.9970496100000003e+02 3.0662504375325682e+02
5.1513672000000000e+01 2.9964791400000001e+02 3.0644085915931134e+02
5.1562500000000000e+01 2.9970735400000001e+02 3.0663321358567515e+02
5.1611328000000000e+01 2.9964152500000000e+02 3.0642069720000450e+02
5.1660156000000001e+01 2.9967158400000000e+02 3.0651806748735441e+02
5.1708984000000001e+01 2.9966291799999999e+02 3.0649030146321763e+02
5.1757812000000001e+01 2.9963846100000001e+02 3.0641153314003532e+02
5.1806640999999999e+01 2.9956948999999997e+02 3.0618901182457364e+02
5.1855468999999999e+01 2.9960082799999998e+02 3.0629049055909621e+02
5.1904297000000000e+01 2.9967165499999999e+02 3.0651945144949963e+02
5.1953125000000000e+01 2.9967879199999999e+02 3.0654272374976381e+02
5.2001953000000000e+01 2.9965993200000003e+02 3.0648206803563909e+02
5.2050781000000001e+01 2.9965350999999998e+02 3.0646157439520147e+02
5.2099609000000001e+01 2.9968049600000001e+02 3.0654890219840178e+02
5.2148437999999999e+01 2.9967547800000000e+02 3.0653293506352202e+02
5.2197265999999999e+01 2.9963430099999999e+02 3.0640030895841301e+02
5.2246093999999999e+01 2.9966020600000002e+02 3.0648412179000144e+02
5.2294922000000000e+01 2.9968255799999997e+02 3.0655645156367888e+02
5.2343750000000000e+01 2.9969146000000001e+02 3.0658538419232701e+02
5.2392578000000000e+01 2.9965958400000000e+02 3.0648281375571457e+02
5.2441406000000001e+01 2.9965865800000000e+02 3.0648006029253924e+02
5.2490234000000001e+01 2.9967643199999998e+02 3.0653759216209465e+02
5.2539062000000001e+01 2.9970242400000001e+02 3.0662159784692136e+02
5.2587890999999999e+01 2.9973094300000002e+02 3.0671372502018977e+02
5.2636718999999999e+01 2.9968810400000001e+02 3.0657587660070635e+02
5.2685547000000000e+01 2.9968287800000002e+02 3.0655925620191084e+02
5.2734375000000000e+01 2.9962041199999999e+02 3.0635823406006637e+02
5.2783203000000000e+01 2.9968345900000003e+02 3.0656156732313985e+02
5.2832031000000001e+01 2.9969979200000000e+02 3.0661439103443786e+02
5.2880859000000001e+01 2.9967221499999999e+02 3.0652579558315807e+02
5.2929687999999999e+01 2.9962025799999998e+02 3.0635872249712656e+02
5.2978515999999999e+01 2.9959871399999997e+02 3.0628960753036142e+02
5.3027343999999999e+01 2.9970678400000003e+02 3.0663774262193829e+02
5.3076172000000000e+01 2.9966179799999998e+02 3.0649315766933847e+02
5.3125000000000000e+01 2.9960201999999998e+02 3.0630100800723761e+02
5.3173828000000000e+01 2.9960126500000001e+02 3.0629883014378356e+02
5.3222656000000001e+01 2.9966254500000002e+02 3.0649623818099997e+02
5.3271484000000001e+01 2.9968642999999997e+02 3.0657329788537209e+02
5.3320312000000001e+01 2.9970799899999997e+02 3.0664288731008867e+02
5.3369140999999999e+01 2.9977590900000001e+02 3.0686149101088353e+02
5.3417968999999999e+01 2.9968733200000003e+02 3.0657683898181182e+02
5.3466797000000000e+01 2.9968544100000003e+02 3.0657097150206528e+02
5.3515625000000000e+01 2.9967231900000002e+02 3.0652900073437081e+02
5.3564453000000000e+01 2.9961986800000000e+02 3.0636062608915620e+02
5.3613281000000001e+01 2.9966313800000000e+02 3.0649992998768221e+02
5.3662109000000001e+01 2.9967176999999998e+02 3.0652788949463394e+02
5.3710937999999999e+01 2.9961704600000002e+02 3.0635227849406806e+02
5.3759765999999999e+01 2.9967679900000002e+02 3.0654447924608866e+02
5.3808593999999999e+01 2.9962409400000001e+02 3.0637539766791747e+02
5.3857422000000000e+01 2.9962631499999998e+02 3.0638276723417448e+02
5.3906250000000000e+01 2.9966777100000002e+02 3.0651612892085933e+02
5.3955078000000000e+01 2.9959575899999999e+02 3.0628512617695640e+02
5.4003906000000001e+01 2.9961934800000000e+02 3.0636110400415657e+02
5.4052734000000001e+01 2.9966384900000003e+02 3.0650418839232668e+02
5.4101562000000001e+01 2.9969003400000003e+02 3.0658844786740713e+02
5.4150390999999999e+01 2.9973662899999999e+02 3.0673818274512161e+02
5.4199218999999999e+01 2.9972705600000000e+02 3.0670765099775576e+02
5.4248047000000000e+01 2.9970389899999998e+02 3.0663354592794263e+02
5.4296875000000000e+01 2.9968637400000000e+02 3.0657752688109366e+02
5.4345703000000000e+01 2.9967961700000001e+02 3.0655605986373956e+02
5.4394531000000001e+01 2.9966022400000003e+02 3.0649407479769110e+02
5.4443359000000001e+01 2.9968315200000001e+02 3.0656781049797252e+02
5.4492187999999999e+01 2.9966032999999999e+02 3.0649484591257306e+02
5.4541015999999999e+01 2.9967854100000000e+02 3.0655343979925823e+02
5.4589843999999999e+01 2.9964176700000002e+02 3.0643577601197029e+02
5.4638672000000000e+01 2.9970065599999998e+02 3.0662472785588454e+02
5.4687500000000000e+01 2.9971090700000002e+02 3.0665777268834296e+02
5.4736328000000000e+01 2.9962343199999998e+02 3.0637769588574213e+02
5.4785156000000001e+01 2.9959046100000000e+02 3.0627230010450063e+02
5.4833984000000001e+01 2.9959886200000000e+02 3.0629945188145246e+02
5.4882812000000001e+01 2.9965652100000000e+02 3.0648435459491719e+02
5.4931640999999999e+01 2.9966972299999998e+02 3.0652684417375656e+02
5.4980468999999999e+01 2.9969073200000003e+02 3.0659431882734071e+02
5.5029297000000000e+01 2.9962231900000000e+02 3.0637549802282211e+02
5.5078125000000000e+01 2.9965115900000001e+02 3.0646804106803143e+02
5.5126953000000000e+01 2.9970682599999998e+02 3.0664642051678794e+02
5.5175781000000001e+01 2.9961709900000000e+02 3.0635947156377694e+02
5.5224609000000001e+01 2.9963739399999997e+02 3.0642463707969449e+02
5.5273437999999999e+01 2.9965121399999998e+02 3.0646906949323221e+02
5.5322265999999999e+01 2.9962814900000001e+02 3.0639549992784430e+02
5.5371093999999999e+01 2.9961383699999999e+02 3.0634994544746621e+02
5.5419922000000000e+01 2.9962229100000002e+02 3.0637720843763225e+02
5.5468750000000000e+01 2.9966371099999998e+02 3.0650987503887444e+02
5.5517578000000000e+01 2.9968952000000002e+02 3.0659259520368232e+02
5.5566406000000001e+01 2.9972023200000001e+02 3.0669096647185540e+02
5.5615234000000001e+01 2.9967417699999999e+02 3.0654394103464722e+02
5.5664062000000001e+01 2.9960971300000000e+02 3.0633812160948986e+02
5.5712890999999999e+01 2.9963909300000000e+02 3.0643222999562056e+02
5.5761718999999999e+01 2.9965341899999999e+02 3.0647821510282517e+02
5.5810547000000000e+01 2.9962557600000002e+02 3.0638947474526935e+02
5.5859375000000000e+01 2.9969375500000001e+02 3.0660746809931885e+02
5.5908203000000000e+01 2.9958708400000000e+02 3.0626697699046161e+02
5.5957031000000001e+01 2.9966011700000001e+02 3.0650042821599482e+02
5.6005859000000001e+01 2.9969062800000000e+02 3.0659804870855515e+02
5.6054687999999999e+01 2.9967310199999997e+02 3.0654228623249071e+02
5.6103515999999999e+01 2.9969175799999999e+02 3.0660203273175966e+02
5.6152343999999999e+01 2.9965857599999998e+02 3.0649631579672058e+02
5.6201172000000000e+01 2.9969357100000002e+02 3.0660819267512630e+02
5.6250000000000000e+01 2.9967052899999999e+02 3.0653485667455067e+02
5.6298828000000000e+01 2.9965188599999999e+02 3.0647557411912607e+02
5.6347656000000001e+01 2.9965472499999998e+02 3.0648483284124194e+02
5.6396484000000001e+01 2.9970974400000000e+02 3.0666051672382844e+02
5.6445312000000001e+01 2.9973438499999997e+02 3.0673927582808989e+02
5.6494140999999999e+01 2.9974514799999997e+02 3.0677376152575295e+02
5.6542968999999999e+01 2.9969877200000002e+02 3.0662606556489527e+02
5.6591797000000000e+01 2.9967313000000001e+02 3.0654450436454425e+02
5.6640625000000000e+01 2.9961738200000002e+02 3.0636700516195026e+02
5.6689453000000000e+01 2.9970348999999999e+02 3.0664164168712563e+02
5.6738281000000001e+01 2.9965295099999997e+02 3.0648077458376622e+02
5.6787109000000001e+01 2.9970914800000003e+02 3.0666002254997949e+02
5.6835937999999999e+01 2.9964592800000003e+02 3.0645879720162225e+02
5.6884765999999999e+01 2.9970403800000003e+02 3.0664409314397125e+02
5.6933593999999999e+01 2.9967845999999997e+02 3.0656280636926925e+02
5.6982422000000000e+01 2.9966287000000000e+02 3.0651334675483673e+02
5.7031250000000000e+01 2.9968218800000000e+02 3.0657504688520652e+02
5.7080078000000000e+01 2.9966135300000002e+02 3.0650890010793813e+02
5.7128906000000001e+01 2.9961099200000001e+02 3.0634878464365875e+02
5.7177734000000001e+01 2.9967929900000001e+02 3.0656639975160977e+02
5.7226562000000001e+01 2.9969219399999997e+02 3.0660761857029200e+02
5.7275390999999999e+01 2.9967689200000001e+02 3.0655910633246947e+02
5.7324218999999999e+01 2.9965561600000001e+02 3.0649160045002566e+02
5.7373047000000000e+01 2.9960950200000002e+02 3.0634510120244516e+02
5.7421875000000000e+01 2.9966474099999999e+02 3.0652100629861957e+02
5.7470703000000000e+01 2.9965586200000001e+02 3.0649295605821789e+02
5.7519531000000001e+01 2.9969299300000000e+02 3.0661121469173332e+02
5.7568359000000001e+01 2.9965810900000002e+02 3.0650047979314149e+02
5.7617187999999999e+01 2.9965197000000001e+02 3.0648115249389934e+02
5.7666015999999999e+01 2.9960898100000003e+02 3.0634470136048253e+02
5.7714843999999999e+01 2.9967837300000002e+02 3.0656544415671385e+02
5.7763672000000000e+01 2.9967374000000001e+02 3.0655090029957915e+02
5.7812500000000000e+01 2.9969142299999999e+02 3.0660726364773780e+02
5.7861328000000000e+01 2.9970782000000003e+02 3.0665952627190029e+02
5.7910156000000001e+01 2.9966653300000002e+02 3.0652854595873447e+02
5.7958984000000001e+01 2.9962616300000002e+02 3.0640051223704296e+02
5.8007812000000001e+01 2.9964712300000002e+02 3.0646727041647586e+02
5.8056640999999999e+01 2.9970797099999999e+02 3.0666066147544217e+02
5.8105468999999999e+01 2.9964804199999998e+02 3.0647056497060856e+02
5.8154297000000000e+01 2.9959634499999999e+02 3.0630664928332664e+02
5.8203125000000000e+01 2.9966624300000001e+02 3.0652870757941196e+02
5.8251953000000000e+01 2.9967879299999998e+02 3.0656871370146604e+02
5.8300781000000001e+01 2.9964526999999998e+02 3.0646251605203082e+02
5.8349609000000001e+01 2.9964285599999999e+02 3.0645504398174864e+02
5.8398437999999999e+01 2.9960420099999999e+02 3.0633260860762198e+02
5.8447265999999999e+01 2.9963736799999998e+02 3.0643801111029654e+02
5.8496093999999999e+01 2.9963153399999999e+02 3.0641969780158837e+02
5.8544922000000000e+01 2.9969461000000001e+02 3.0661990099006056e+02
5.8593750000000000e+01 2.9969557500000002e+02 3.0662312434606866e+02
5.8642578000000000e+01 2.9968486799999999e+02 3.0658934453196821e+02
5.8691406000000001e+01 2.9970160800000002e+02 3.0664257264128105e+02
5.8740234000000001e+01 2.9963972899999999e+02 3.0644661850949291e+02
5.8789062000000001e+01 2.9963985300000002e+02 3.0644719626885069e+02
5.8837890999999999e+01 2.9964352300000002e+02 3.0645900886571616e+02
5.8886718999999999e+01 2.9963802700000002e+02 3.0644177952117400e+02
5.8935547000000000e+01 2.9969803400000001e+02 3.0663204420426644e+02
5.8984375000000000e+01 2.9963322299999999e+02 3.0642693193862982e+02
5.9033203000000000e+01 2.9969525499999997e+02 3.0662356047458439e+02
5.9082031000000001e+01 2.9967806300000001e+02 3.0656928276294292e+02
5.9130859000000001e+01 2.9968447800000001e+02 3.0658975805411444e+02
5.9179687999999999e+01 2.9967219899999998e+02 3.0655105059503899e+02
5.9228515999999999e+01 2.9966850699999998e+02 3.0653953195764234e+02
5.9277343999999999e+01 2.9964141599999999e+02 3.0645396447740615e+02
5.9326172000000000e+01 2.9964859400000000e+02 3.0647685682675097e+02
5.9375000000000000e+01 2.9968963800000000e+02 3.0660689123616396e+02
5.9423828000000000e+01 2.9968014799999997e+02 3.0657702775450247e+02
5.9472656000000001e+01 2.9963084300000003e+02 3.0642123423065863e+02
5.9521484000000001e+01 2.9965053100000000e+02 3.0648368190590566e+02
5.9570312000000001e+01 2.9962636500000002e+02 3.0640743608432302e+02
5.9619140999999999e+01 2.9960973400000000e+02 3.0635503415520441e+02
5.9667968999999999e+01 2.9964706300000000e+02 3.0647323502894852e+02
5.9716797000000000e+01 2.9962184999999999e+02 3.0639370971209445e+02
5.9765625000000000e+01 2.9961078800000001e+02 3.0635893014511623e+02
5.9814453000000000e+01 2.9966174000000001e+02 3.0652013366427502e+02
5.9863281000000001e+01 2.9967166400000002e+02 3.0655165629859806e+02
5.9912109000000001e+01 2.9968771900000002e+02 3.0660254013651524e+02
5.9960937999999999e+01 2.9965253999999999e+02 3.0649156597986229e+02
6.0009765999999999e+01 2.9958934699999998e+02 3.0629213796150009e+02
6.0058593999999999e+01 2.9959332499999999e+02 3.0630489416108594e+02
6.0107422000000000e+01 2.9961243100000002e+02 3.0636541601140237e+02
6.0156250000000000e+01 2.9965828800000003e+02 3.0651038171710263e+02
6.0205078000000000e+01 2.9966077300000001e+02 3.0651838987719140e+02
6.0253906000000001e+01 2.9967020200000002e+02 3.0654831385773485e+02
6.0302734000000001e+01 2.9964925899999997e+02 3.0648237458689221e+02
6.0351562000000001e+01 2.9961042600000002e+02 3.0635999808355660e+02
6.0400390999999999e+01 2.9958101799999997e+02 3.0626739094766543e+02
6.0449218999999999e+01 2.9960088900000000e+02 3.0633027270226177e+02
6.0498047000000000e+01 2.9964567399999999e+02 3.0647172589645925e+02
6.0546875000000000e+01 2.9965278300000000e+02 3.0649431269779137e+02
6.0595703000000000e+01 2.9965466199999997e+02 3.0650040004881100e+02
6.0644531000000001e+01 2.9960127399999999e+02 3.0633222032854411e+02
6.0693359000000001e+01 2.9965885400000002e+02 3.0651393696119749e+02
6.0742187999999999e+01 2.9965599800000001e+02 3.0650509179814196e+02
6.0791015999999999e+01 2.9970906600000001e+02 3.0667251618491838e+02
6.0839843999999999e+01 2.9970880499999998e+02 3.0667182993097123e+02
6.0888672000000000e+01 2.9968271800000002e+02 3.0658976328334268e+02
6.0937500000000000e+01 2.9963642800000002e+02 3.0644406433735361e+02
6.0986328000000000e+01 2.9965833199999997e+02 3.0651323258533080e+02
6.1035156000000001e+01 2.9962746800000002e+02 3.0641617044885294e+02
6.1083984000000001e+01 2.9961531400000001e+02 3.0637805939392166e+02
6.1132812000000001e+01 2.9966236300000003e+02 3.0652639056838058e+02
6.1181640999999999e+01 2.9963001600000001e+02 3.0642469387275139e+02
6.1230468999999999e+01 2.9964614399999999e+02 3.0647563329991283e+02
6.1279297000000000e+01 2.9963218499999999e+02 3.0643185076903126e+02
6.1328125000000000e+01 2.9965464300000002e+02 3.0650269820339190e+02
6.1376953000000000e+01 2.9969315599999999e+02 3.0662405178523920e+02
6.1425781000000001e+01 2.9964088099999998e+02 3.0645970111347543e+02
6.1474609000000001e+01 2.9963969600000001e+02 3.0645613091135857e+02
6.1523437999999999e+01 2.9967485199999999e+02 3.0656688158201615e+02
6.1572265999999999e+01 2.9970525400000002e+02 3.0666265000182676e+02
6.1621093999999999e+01 2.9961032200000000e+02 3.0636422369538423e+02
6.1669922000000000e+01 2.9962008600000001e+02 3.0639509557655401e+02
6.1718750000000000e+01 2.9968890800000003e+02 3.0661164538025326e+02
6.1767578000000000e+01 2.9961862700000000e+02 3.0639083655327943e+02
6.1816406000000001e+01 2.9964887399999998e+02 3.0648607626723833e+02
6.1865234000000001e+01 2.9964821899999998e+02 3.0648416854684831e+02
6.1914062000000001e+01 2.9964694500000002e+02 3.0648031566610001e+02
6.1962890999999999e+01 2.9965043300000002e+02 3.0649142601516570e+02
6.2011718999999999e+01 2.9960480899999999e+02 3.0634823829388552e+02
6.2060547000000000e+01 2.9958174800000000e+02 3.0627596401693125e+02
6.2109375000000000e+01 2.9967945600000002e+02 3.0658302867313824e+02
6.2158203000000000e+01 2.9962876000000000e+02 3.0642395490109868e+02
6.2207031000000001e+01 2.9963730500000003e+02 3.0645094243516286e+02
6.2255859000000001e+01 2.9964744800000000e+02 3.0648293971505058e+02
6.2304687999999999e+01 2.9964213599999999e+02 3.0646641112782493e+02
6.2353515999999999e+01 2.9964745299999998e+02 3.0648324916749078e+02
6.2402343999999999e+01 2.9960640100000001e+02 3.0635455604287438e+02
6.2451172000000000e+01 2.9961672600000003e+02 3.0638711857492541e+02
6.2500000000000000e+01 2.9966088400000001e+02 3.0652582767798026e+02
6.2548828000000000e+01 2.9962385100000000e+02 3.0640978609622834e+02
6.2597656000000001e+01 2.9968839700000001e+02 3.0661240903149246e+02
6.2646484000000001e+01 2.9965379200000001e+02 3.0650400055957283e+02
6.2695312000000001e+01 2.9959046999999998e+02 3.0630556282944940e+02
6.2744140999999999e+01 2.9959763900000002e+02 3.0632820781269976e+02
6.2792968999999999e+01 2.9968220700000001e+02 3.0659350791129680e+02
6.2841797000000000e+01 2.9967546900000002e+02 3.0657251340725043e+02
6.2890625000000000e+01 2.9966710999999998e+02 3.0654644302203911e+02
6.2939453000000000e+01 2.9966711299999997e+02 3.0654658532414749e+02
6.2988281000000001e+01 2.9968626399999999e+02 3.0660672902525545e+02
6.3037109000000001e+01 2.9969012099999998e+02 3.0661893791617820e+02
6.3085937999999999e+01 2.9968783600000000e+02 3.0661190170133978e+02
6.3134765999999999e+01 2.9960273999999998e+02 3.0634547179832759e+02
6.3183593999999999e+01 2.9964226200000002e+02 3.0646941002111816e+02
6.3232422000000000e+01 2.9960255999999998e+02 3.0634522053746468e+02
6.3281250000000000e+01 2.9963867399999998e+02 3.0645845499796457e+02
6.3330078000000000e+01 2.9967835000000002e+02 3.0658281166600517e+02
6.3378906000000001e+01 2.9968686200000002e+02 3.0660958136350450e+02
6.3427734000000001e+01 2.9964579300000003e+02 3.0648115728341276e+02
6.3476562000000001e+01 2.9962725300000000e+02 3.0642327152577349e+02
6.3525390999999999e+01 2.9968211500000001e+02 3.0659508635703963e+02
6.3574218999999999e+01 2.9967102100000000e+02 3.0656049663411943e+02
6.3623047000000000e+01 2.9959949999999998e+02 3.0633687850829250e+02
6.3671875000000000e+01 2.9968700899999999e+02 3.0661075507797574e+02
6.3720703000000000e+01 2.9965813500000002e+02 3.0652056752936033e+02
6.3769531000000001e+01 2.9965135600000002e+02 3.0649949697763657e+02
6.3818359000000001e+01 2.9966045200000002e+02 3.0652806847212918e+02
6.3867187999999999e+01 2.9970738499999999e+02 3.0667492371006034e+02
6.3916015999999999e+01 2.9961362400000002e+02 3.0638193926256690e+02
6.3964843999999999e+01 2.9964579900000001e+02 3.0648264792356593e+02
6.4013672000000000e+01 2.9964141699999999e+02 3.0646908447054051e+02
6.4062500000000000e+01 2.9956769900000000e+02 3.0623886684106861e+02
6.4111328000000000e+01 2.9952261499999997e+02 3.0609817014971833e+02
6.4160156000000001e+01 2.9961604899999998e+02 3.0639023143155424e+02
6.4208984000000001e+01 2.9968492900000001e+02 3.0660552203795129e+02
6.4257812000000001e+01 2.9957344399999999e+02 3.0625745117762551e+02
6.4306640999999999e+01 2.9960671500000001e+02 3.0636150498111164e+02
6.4355468999999999e+01 2.9960492199999999e+02 3.0635604979105341e+02
6.4404297000000000e+01 2.9967302500000000e+02 3.0656880716076500e+02
6.4453125000000000e+01 2.9966479500000003e+02 3.0654323258289503e+02
6.4501953000000000e+01 2.9961129299999999e+02 3.0637636340632713e+02
6.4550781000000001e+01 2.9959567900000002e+02 3.0632777541431972e+02
6.4599609000000001e+01 2.9961380900000000e+02 3.0638449256665029e+02
6.4648437999999999e+01 2.9966089499999998e+02 3.0653153621216921e+02
6.4697265999999999e+01 2.9957473800000002e+02 3.0626288278498464e+02
6.4746093999999999e+01 2.9962204800000001e+02 3.0641060223063920e+02
6.4794922000000000e+01 2.9964729699999998e+02 3.0648948057034528e+02
6.4843750000000000e+01 2.9966296499999999e+02 3.0653846131515820e+02
6.4892578000000000e+01 2.9962894000000000e+02 3.0643248801521838e+02
6.4941406000000001e+01 2.9962274100000002e+02 3.0641329075902837e+02
6.4990234000000001e+01 2.9962841600000002e+02 3.0643111125538610e+02
6.5039062000000001e+01 2.9967503299999998e+02 3.0657653381074283e+02
6.5087890999999999e+01 2.9966936900000002e+02 3.0655899148717106e+02
6.5136718999999999e+01 2.9961703799999998e+02 3.0639603960915935e+02
6.5185547000000000e+01 2.9964590500000003e+02 3.0648610813968412e+02
6.5234375000000000e+01 2.9961901300000000e+02 3.0640245341396297e+02
6.5283203000000000e+01 2.9966201500000000e+02 3.0653652496687715e+02
6.5332031000000001e+01 2.9961089199999998e+02 3.0637741921008870e+02
6.5380859000000001e+01 2.9961648300000002e+02 3.0639496101492472e+02
6.5429687999999999e+01 2.9967336899999998e+02 3.0657221044158308e+02
6.5478515999999999e+01 2.9961585400000001e+02 3.0639325977793141e+02
6.5527343999999999e+01 2.9962166200000001e+02 3.0641146704243903e+02
6.5576172000000000e+01 2.9965062699999999e+02 3.0650174361724964e+02
6.5625000000000000e+01 2.9963893899999999e+02 3.0646548357644832e+02
6.5673828000000000e+01 2.9968219399999998e+02 3.0660019476677064e+02
6.5722656000000001e+01 2.9967220600000002e+02 3.0656921966577625e+02
6.5771484000000001e+01 2.9967082799999997e+02 3.0656503635063820e+02
6.5820312000000001e+01 2.9967184600000002e+02 3.0656830629708190e+02
6.5869140999999999e+01 2.9971031900000003e+02 3.0668806216303176e+02
6.5917968999999999e+01 2.9971958300000000e+02 3.0671695711514019e+02
6.5966797000000000e+01 2.9963324999999998e+02 3.0644860745824690e+02
6.6015625000000000e+01 2.9964200000000000e+02 3.0647592655971914e+02
6.6064453000000000e+01 2.9961058200000002e+02 3.0637837675675604e+02
6.6113281000000001e+01 2.9965904399999999e+02 3.0652912542796906e+02
6.6162109000000001e+01 2.9965461299999998e+02 3.0651546011350638e+02
6.6210937999999999e+01 2.9962344400000001e+02 3.0641871470349110e+02
6.6259765999999999e+01 2.9967013400000002e+02 3.0656389437305864e+02
6.6308593999999999e+01 2.9957338199999998e+02 3.0626343150974128e+02
6.6357422000000000e+01 2.9964917700000001e+02 3.0649899709450284e+02
6.6406250000000000e+01 2.9966133100000002e+02 3.0653685065133533e+02
6.6455078000000000e+01 2.9962592699999999e+02 3.0642701027097223e+02
6.6503906000000001e+01 2.9961912799999999e+02 3.0640601432202300e+02
6.6552734000000001e+01 2.9959872400000000e+02 3.0634278567790437e+02
6.6601562000000001e+01 2.9960755100000000e+02 3.0637031051573848e+02
6.6650390999999999e+01 2.9963592399999999e+02 3.0645849443507495e+02
6.6699218999999999e+01 2.9962346000000002e+02 3.0641992266060959e+02
6.6748047000000000e+01 2.9960948999999999e+02 3.0637668705020747e+02
6.6796875000000000e+01 2.9962194099999999e+02 3.0641543584629238e+02
6.6845703000000000e+01 2.9966483099999999e+02 3.0654860279943142e+02
6.6894531000000001e+01 2.9971807699999999e+02 3.0671385831796476e+02
6.6943359000000001e+01 2.9968190499999997e+02 3.0660174768197692e+02
6.6992187999999999e+01 2.9967921200000001e+02 3.0659348471234443e+02
6.7041015999999999e+01 2.9971033799999998e+02 3.0669008446704305e+02
6.7089843999999999e+01 2.9970254699999998e+02 3.0666600645446783e+02
6.7138672000000000e+01 2.9962873800000000e+02 3.0643728638684661e+02
6.7187500000000000e+01 2.9965852699999999e+02 3.0652972405340017e+02
6.7236328000000000e+01 2.9959013599999997e+02 3.0631786857194777e+02
6.7285156000000001e+01 2.9962142499999999e+02 3.0641494522046003e+02
6.7333984000000001e+01 2.9967807099999999e+02 3.0659056120904836e+02
6.7382812000000001e+01 2.9967496199999999e+02 3.0658101575678938e+02
6.7431640999999999e+01 2.9965879699999999e+02 3.0653103073218819e+02
6.7480468999999999e+01 2.9963797099999999e+02 3.0646662195978769e+02
6.7529297000000000e+01 2.9965782799999999e+02 3.0652821471407515e+02
6.7578125000000000e+01 2.9971970499999998e+02 3.0671990151318084e+02
6.7626953000000000e+01 2.9968153899999999e+02 3.0660180748968725e+02
6.7675781000000001e+01 2.9966805599999998e+02 3.0656015142562217e+02
6.7724609000000001e+01 2.9967771099999999e+02 3.0659012251144168e+02
6.7773437999999999e+01 2.9969829099999998e+02 3.0665389670183180e+02
6.7822265999999999e+01 2.9963093800000001e+02 3.0644555078186875e+02
6.7871093999999999e+01 2.9960167899999999e+02 3.0635512153140786e+02
6.7919922000000000e+01 2.9962729400000001e+02 3.0643447652718470e+02
6.7968750000000000e+01 2.9966050899999999e+02 3.0653732022786164e+02
6.8017578000000000e+01 2.9967542099999997e+02 3.0658352850697594e+02
6.8066406000000001e+01 2.9961097000000001e+02 3.0638429380872435e+02
6.8115234000000001e+01 2.9961962499999998e+02 3.0641116136715897e+02
6.8164062000000001e+01 2.9964834800000000e+02 3.0650006683675718e+02
6.8212890999999999e+01 2.9964768800000002e+02 3.0649811643298807e+02
6.8261718999999999e+01 2.9959773799999999e+02 3.0634381221151727e+02
6.8310547000000000e+01 2.9966716600000001e+02 3.0655849377449067e+02
6.8359375000000000e+01 2.9966804700000000e+02 3.0656129754272172e+02
6.8408203000000000e+01 2.9967079200000001e+02 3.0656985960416432e+02
6.8457031000000001e+01 2.9964749999999998e+02 3.0649797963348652e+02
6.8505859000000001e+01 2.9965910400000001e+02 3.0653391245122538e+02
6.8554687999999999e+01 2.9961345100000000e+02 3.0639298845618407e+02
6.8603515999999999e+01 2.9967731199999997e+02 3.0659030862101599e+02
6.8652343999999999e+01 2.9961641400000002e+02 3.0640233689201847e+02
6.8701172000000000e+01 2.9960060600000003e+02 3.0635362724560059e+02
6.8750000000000000e+01 2.9963522899999998e+02 3.0646061609532040e+02
6.8798828000000000e+01 2.9960723500000000e+02 3.0637429542888350e+02
6.8847656000000001e+01 2.9963262800000001e+02 3.0645276720346851e+02
6.8896484000000001e+01 2.9963237099999998e+02 3.0645206380313624e+02
6.8945312000000001e+01 2.9969124499999998e+02 3.0663381433322843e+02
6.8994140999999999e+01 2.9965476999999998e+02 3.0652134768066890e+02
6.9042968999999999e+01 2.9974355100000002e+02 3.0679530163226826e+02
6.9091797000000000e+01 2.9966395599999998e+02 3.0654984075129681e+02
6.9140625000000000e+01 2.9966438599999998e+02 3.0655124241191839e+02
6.9189453000000000e+01 2.9962808799999999e+02 3.0643938588499583e+02
6.9238281000000001e+01 2.9969886200000002e+02 3.0665769161894116e+02
6.9287109000000001e+01 2.9967054600000000e+02 3.0657045662571664e+02
6.9335937999999999e+01 2.9963760700000000e+02 3.0646899225033843e+02
6.9384765999999999e+01 2.9966530899999998e+02 3.0655445748437870e+02
6.9433593999999999e+01 2.9964502399999998e+02 3.0649201611512382e+02
6.9482422000000000e+01 2.9962396799999999e+02 3.0642721401769001e+02
6.9531250000000000e+01 2.9960800100000000e+02 3.0637810678963012e+02
6.9580078000000000e+01 2.9962345099999999e+02 3.0642579545725624e+02
6.9628906000000001e+01 2.9966476799999998e+02 3.0655314876613966e+02
6.9677734000000001e+01 2.9965598899999998e+02 3.0652618104400966e+02
6.9726562000000001e+01 2.9961960800000003e+02 3.0641421948436954e+02
6.9775390999999999e+01 2.9961606200000000e+02 3.0640338772069987e+02
6.9824218999999999e+01 2.9961651499999999e+02 3.0640487005622538e+02
6.9873047000000000e+01 2.9966136899999998e+02 3.0654303346644497e+02
6.9921875000000000e+01 2.9967408399999999e+02 3.0658223948580132e+02
6.9970703000000000e+01 2.9961272200000002e+02 3.0639345663893442e+02
7.0019531000000001e+01 2.9959770500000002e+02 3.0634733332969097e+02
7.0068359000000001e+01 2.9963396299999999e+02 3.0645898564548349e+02
7.0117187999999999e+01 2.9965155800000002e+02 3.0651319417594163e+02
7.0166015999999999e+01 2.9966746000000001e+02 3.0656218115872781e+02
7.0214843999999999e+01 2.9966680300000002e+02 3.0656022518837500e+02
7.0263672000000000e+01 2.9962149299999999e+02 3.0642094700034500e+02
7.0312500000000000e+01 2.9966079300000001e+02 3.0654187354484986e+02
7.0361328000000000e+01 2.9973070700000000e+02 3.0675689469694919e+02
7.0410156000000001e+01 2.9967057699999998e+02 3.0657208301596751e+02
7.0458984000000001e+01 2.9966775899999999e+02 3.0656348250847537e+02
7.0507812000000001e+01 2.9964459799999997e+02 3.0649236087077401e+02
7.0556640999999999e+01 2.9969856099999998e+02 3.0665826261675954e+02
7.0605468999999999e+01 2.9962409300000002e+02 3.0642949607884731e+02
7.0654297000000000e+01 2.9962233500000002e+02 3.0642417230714113e+02
7.0703125000000000e+01 2.9971451100000002e+02 3.0670740766770683e+02
7.0751953000000000e+01 2.9966174200000000e+02 3.0654536756059787e+02
7.0800781000000001e+01 2.9963096800000000e+02 3.0645091719512038e+02
7.0849609000000001e+01 2.9969716399999999e+02 3.0665426471495141e+02
7.0898437999999999e+01 2.9970445999999998e+02 3.0667671426880838e+02
7.0947265999999999e+01 2.9966482300000001e+02 3.0655507150231460e+02
7.0996093999999999e+01 2.9966752000000002e+02 3.0656340949415414e+02
7.1044922000000000e+01 2.9962914200000000e+02 3.0644567378345249e+02
7.1093750000000000e+01 2.9968768000000000e+02 3.0662539383362935e+02
7.1142578000000000e+01 2.9969649800000002e+02 3.0665250154677398e+02
7.1191406000000001e+01 2.9966557999999998e+02 3.0655768546144435e+02
7.1240234000000001e+01 2.9960324800000001e+02 3.0636652042799085e+02
7.1289062000000001e+01 2.9962602700000002e+02 3.0643647288746547e+02
7.1337890999999999e+01 2.9963430099999999e+02 3.0646192037424305e+02
7.1386718999999999e+01 2.9967873400000002e+02 3.0659824905329310e+02
7.1435547000000000e+01 2.9970177400000000e+02 3.0666894677564011e+02
7.1484375000000000e+01 2.9963515699999999e+02 3.0646474527882424e+02
7.1533203000000000e+01 2.9966300699999999e+02 3.0655018655640691e+02
7.1582031000000001e+01 2.9960886399999998e+02 3.0638428351949210e+02
7.1630859000000001e+01 2.9963515000000001e+02 3.0646491964490781e+02
7.1679687999999999e+01 2.9968422700000002e+02 3.0661537720487468e+02
7.1728515999999999e+01 2.9961189300000001e+02 3.0639378734421734e+02
7.1777343999999999e+01 2.9953734800000001e+02 3.0616547718670273e+02
7.1826172000000000e+01 2.9965422100000001e+02 3.0652359548540358e+02
7.1875000000000000e+01 2.9965715999999998e+02 3.0653265320019136e+02
7.1923828000000000e+01 2.9965561700000001e+02 3.0652798189145295e+02
7.1972656000000001e+01 2.9962222100000002e+02 3.0642577116616576e+02
7.2021484000000001e+01 2.9967320300000000e+02 3.0658193556835437e+02
7.2070312000000001e+01 2.9966833200000002e+02 3.0656707030118542e+02
7.2119140999999999e+01 2.9961582399999998e+02 3.0640638747964692e+02
7.2167968999999999e+01 2.9958821599999999e+02 3.0632195495241120e+02
7.2216797000000000e+01 2.9960976599999998e+02 3.0638798270325498e+02
7.2265625000000000e+01 2.9962061799999998e+02 3.0642125851043772e+02
7.2314453000000000e+01 2.9964209399999999e+02 3.0648703104118687e+02
7.2363281000000001e+01 2.9963582900000000e+02 3.0646792121392366e+02
7.2412109000000001e+01 2.9963602800000001e+02 3.0646858808499468e+02
7.2460937999999999e+01 2.9965059300000001e+02 3.0651319264179324e+02
7.2509765999999999e+01 2.9971770600000002e+02 3.0671848397487577e+02
7.2558593999999999e+01 2.9963628799999998e+02 3.0646955497054228e+02
7.2607422000000000e+01 2.9966943099999997e+02 3.0657094204881491e+02
7.2656250000000000e+01 2.9964192000000003e+02 3.0648688444995480e+02
7.2705078000000000e+01 2.9966718400000002e+02 3.0656416091453497e+02
7.2753906000000001e+01 2.9961434800000001e+02 3.0640272364252831e+02
7.2802734000000001e+01 2.9966797000000003e+02 3.0656665009366219e+02
7.2851562000000001e+01 2.9964770900000002e+02 3.0650478470139689e+02
7.2900390999999999e+01 2.9962193300000001e+02 3.0642608463099305e+02
7.2949218999999999e+01 2.9966842700000001e+02 3.0656817322775061e+02
7.2998047000000000e+01 2.9963453099999998e+02 3.0646468178813308e+02
7.3046875000000000e+01 2.9966151900000000e+02 3.0654715825323677e+02
7.3095703000000000e+01 2.9965068900000000e+02 3.0651412997530952e+02
7.3144531000000001e+01 2.9964862499999998e+02 3.0650787471240028e+02
7.3193359000000001e+01 2.9958488299999999e+02 3.0631332035430171e+02
7.3242187999999999e+01 2.9961558700000000e+02 3.0640711724141460e+02
7.3291015999999999e+01 2.9963546600000001e+02 3.0646785088637671e+02
7.3339843999999999e+01 2.9967404699999997e+02 3.0658564533726201e+02
7.3388672000000000e+01 2.9970577600000001e+02 3.0668250230532789e+02
7.3437500000000000e+01 2.9965862299999998e+02 3.0653865708637522e+02
7.3486328000000000e+01 2.9965590600000002e+02 3.0653040939331572e+02
7.3535156000000001e+01 2.9965324500000003e+02 3.0652233413328395e+02
7.3583984000000001e+01 2.9960403800000000e+02 3.0637229409908576e+02
7.3632812000000001e+01 2.9968917900000002e+02 3.0663200494998478e+02
7.3681640999999999e+01 2.9970214499999997e+02 3.0667157057494092e+02
7.3730468999999999e+01 2.9968749200000002e+02 3.0662691808340662e+02
7.3779297000000000e+01 2.9969833399999999e+02 3.0665999896468458e+02
7.3828125000000000e+01 2.9967151400000000e+02 3.0657827045102914e+02
7.3876953000000000e+01 2.9965483399999999e+02 3.0652746614230688e+02
7.3925781000000001e+01 2.9963469099999998e+02 3.0646612026320753e+02
7.3974609000000001e+01 2.9958075300000002e+02 3.0630181195439445e+02
7.4023437999999999e+01 2.9965009099999997e+02 3.0651313196661715e+02
7.4072265999999999e+01 2.9965294100000000e+02 3.0652185393755781e+02
7.4121093999999999e+01 2.9968467299999998e+02 3.0661854823841691e+02
7.4169922000000000e+01 2.9967225000000002e+02 3.0658073869575526e+02
7.4218750000000000e+01 2.9967739000000000e+02 3.0659642206863356e+02
7.4267578000000000e+01 2.9970934399999999e+02 3.0669374770883059e+02
7.4316406000000001e+01 2.9965977500000002e+02 3.0654284871766293e+02
7.4365234000000001e+01 2.9970526599999999e+02 3.0668136599509393e+02
7.4414062000000001e+01 2.9971056399999998e+02 3.0669750937378814e+02
7.4462890999999999e+01 2.9966328199999998e+02 3.0655362325967815e+02
7.4511718999999999e+01 2.9966968900000001e+02 3.0657315210616770e+02
7.4560547000000000e+01 2.9969822399999998e+02 3.0666000564619907e+02
7.4609375000000000e+01 2.9966007700000000e+02 3.0654396646282743e+02
7.4658203000000000e+01 2.9968472600000001e+02 3.0661898082228981e+02
7.4707031000000001e+01 2.9963466199999999e+02 3.0646672608189311e+02
7.4755859000000001e+01 2.9964763599999998e+02 3.0650622401749024e+02
7.4804687999999999e+01 2.9963626499999998e+02 3.0647168081769132e+02
7.4853515999999999e+01 2.9966054900000000e+02 3.0654555686648740e+02
7.4902343999999999e+01 2.9969066800000002e+02 3.0663715459984763e+02
7.4951172000000000e+01 2.9965001799999999e+02 3.0651360351180170e+02
7.5000000000000000e+01 2.9967975799999999e+02 3.0660403061756330e+02
7.5048828000000000e+01 2.9967453899999998e+02 3.0658819123524717e+02
7.5097656000000001e+01 2.9965381900000000e+02 3.0652525142148011e+02
7.5146484000000001e+01 2.9962921599999999e+02 3.0645052807885929e+02
7.5195312000000001e+01 2.9961481700000002e+02 3.0640682227512963e+02
7.5244140999999999e+01 2.9964153900000002e+02 3.0648803895317758e+02
7.5292968999999999e+01 2.9965383900000000e+02 3.0652543179279712e+02
7.5341797000000000e+01 2.9968068599999998e+02 3.0660699410145810e+02
7.5390625000000000e+01 2.9960578099999998e+02 3.0637955646195553e+02
7.5439453000000000e+01 2.9963541900000001e+02 3.0646959018681264e+02
7.5488281000000001e+01 2.9970231200000001e+02 3.0667270408493977e+02
7.5537109000000001e+01 2.9957573900000000e+02 3.0628849889580681e+02
7.5585937999999999e+01 2.9960929299999998e+02 3.0639039610900596e+02
7.5634765999999999e+01 2.9963580899999999e+02 3.0647090992022316e+02
7.5683593999999999e+01 2.9963185900000002e+02 3.0645895686755927e+02
7.5732422000000000e+01 2.9960584999999998e+02 3.0638007730686894e+02
7.5781250000000000e+01 2.9968913099999997e+02 3.0663277256004199e+02
7.5830078000000000e+01 2.9966909199999998e+02 3.0657199966251710e+02
7.5878906000000001e+01 2.9965927499999998e+02 3.0654224425321723e+02
7.5927734000000001e+01 2.9964920499999999e+02 3.0651172825979108e+02
7.5976562000000001e+01 2.9961168600000002e+02 3.0639798549230255e+02
7.6025390999999999e+01 2.9963164499999999e+02 3.0645853924830317e+02
7.6074218999999999e+01 2.9963149499999997e+02 3.0645811622393018e+02
7.6123047000000000e+01 2.9967607800000002e+02 3.0659328896073350e+02
7.6171875000000000e+01 2.9970430299999998e+02 3.0667885052419911e+02
7.6220703000000000e+01 2.9961492099999998e+02 3.0640798167057307e+02
7.6269531000000001e+01 2.9957153499999998e+02 3.0627655143595371e+02
7.6318359000000001e+01 2.9962234100000001e+02 3.0643053505576682e+02
7.6367187999999999e+01 2.9967874599999999e+02 3.0660144402702196e+02
7.6416015999999999e+01 2.9965328599999998e+02 3.0652433588787869e+02
7.6464843999999999e+01 2.9964173199999999e+02 3.0648936313512178e+02
7.6513672000000000e+01 2.9960261200000002e+02 3.0637091791079860e+02
7.6562500000000000e+01 2.9968200500000000e+02 3.0661136055275313e+02
7.6611328000000000e+01 2.9965771100000001e+02 3.0653781638722688e+02
7.6660156000000001e+01 2.9965992799999998e+02 3.0654454630237467e+02
7.6708984000000001e+01 2.9966613500000000e+02 3.0656335188548923e+02
7.6757812000000001e+01 2.9966771000000000e+02 3.0656813349528852e+02
7.6806640999999999e+01 2.9962925300000001e+02 3.0645176674869845e+02
7.6855468999999999e+01 2.9967345399999999e+02 3.0658554155701285e+02
7.6904297000000000e+01 2.9965327300000001e+02 3.0652449419211536e+02
7.6953125000000000e+01 2.9963358699999998e+02 3.0646495825416429e+02
7.7001953000000000e+01 2.9963838700000002e+02 3.0647950204423478e+02
7.7050781000000001e+01 2.9960776700000002e+02 3.0638691494670564e+02
7.7099609000000001e+01 2.9960040199999997e+02 3.0636467527756565e+02
7.7148437999999999e+01 2.9964546000000001e+02 3.0650095587104664e+02
7.7197265999999999e+01 2.9967922600000003e+02 3.0660306382730590e+02
7.7246093999999999e+01 2.9960804100000001e+02 3.0638787342669667e+02
7.7294922000000000e+01 2.9963320199999998e+02 3.0646395962442148e+02
7.7343750000000000e+01 2.9963757099999998e+02 3.0647718674655374e+02
7.7392578000000000e+01 2.9968519199999997e+02 3.0662111854264543e+02
7.7441406000000001e+01 2.9966633300000001e+02 3.0656413650466362e+02
7.7490234000000001e+01 2.9963364000000001e+02 3.0646537064875554e+02
7.7539062000000001e+01 2.9963926500000002e+02 3.0648238448681366e+02
7.7587890999999999e+01 2.9965093500000000e+02 3.0651765360309247e+02
7.7636718999999999e+01 2.9965324800000002e+02 3.0652465368457570e+02
7.7685547000000000e+01 2.9966775400000000e+02 3.0656847348967131e+02
7.7734375000000000e+01 2.9972862800000001e+02 3.0675229333418008e+02
7.7783203000000000e+01 2.9970910500000002e+02 3.0669333551057537e+02
7.7832031000000001e+01 2.9965838400000001e+02 3.0654020901748964e+02
7.7880859000000001e+01 2.9966146700000002e+02 3.0654952509161285e+02
7.7929687999999999e+01 2.9963659200000001e+02 3.0647445729972668e+02
7.7978515999999999e+01 2.9966133700000000e+02 3.0654914976571234e+02
7.8027343999999999e+01 2.9963514099999998e+02 3.0647011276745553e+02
7.8076172000000000e+01 2.9967042400000003e+02 3.0657658197477775e+02
7.8125000000000000e+01 2.9964103499999999e+02 3.0648792702791462e+02
7.8173828000000000e+01 2.9966616099999999e+02 3.0656373131372396e+02
7.8222656000000001e+01 2.9964218399999999e+02 3.0649142064413422e+02
7.8271484000000001e+01 2.9963466399999999e+02 3.0646875579714305e+02
7.8320312000000001e+01 2.9965464500000002e+02 3.0652902107346466e+02
7.8369140999999999e+01 2.9967580900000002e+02 3.0659283884923548e+02
7.8417968999999999e+01 2.9961696899999998e+02 3.0641545717677911e+02
7.8466797000000000e+01 2.9961781100000002e+02 3.0641801599977970e+02
7.8515625000000000e+01 2.9963680199999999e+02 3.0647527423782611e+02
7.8564453000000000e+01 2.9966511100000002e+02 3.0656059975517127e+02
7.8613281000000001e+01 2.9966304700000001e+02 3.0655438348373883e+02
7.8662109000000001e+01 2.9967233099999999e+02 3.0658235889115269e+02
7.8710937999999999e+01 2.9967048799999998e+02 3.0657680672540420e+02
7.8759765999999999e+01 2.9963387899999998e+02 3.0646653275780392e+02
7.8808593999999999e+01 2.9964469000000003e+02 3.0649910685189326e+02
7.8857422000000000e+01 2.9965134300000000e+02 3.0651915122326460e+02
7.8906250000000000e+01 2.9966070400000001e+02 3.0654734494844848e+02
7.8955078000000000e+01 2.9970049499999999e+02 3.0666715145769462e+02
7.9003906000000001e+01 2.9967012499999998e+02 3.0657571153059610e+02
7.9052734000000001e+01 2.9967259300000001e+02 3.0658313925365428e+02
7.9101562000000001e+01 2.9972765700000002e+02 3.0674886796296363e+02
7.9150390999999999e+01 2.9968082800000002e+02 3.0660791686426035e+02
7.9199218999999999e+01 2.9970837000000000e+02 3.0669078761454591e+02
7.9248047000000000e+01 2.9963135199999999e+02 3.0645904374450055e+02
7.9296875000000000e+01 2.9962382600000001e+02 3.0643641312124799e+02
7.9345703000000000e+01 2.9964080000000001e+02 3.0648748494446698e+02
7.9394531000000001e+01 2.9967721999999998e+02 3.0659703283599026e+02
7.9443359000000001e+01 2.9969936300000001e+02 3.0666361904826806e+02
7.9492187999999999e+01 2.9962569600000000e+02 3.0644208636233344e+02
7.9541015999999999e+01 2.9961490300000003e+02 3.0640964638145618e+02
7.9589843999999999e+01 2.9963835999999998e+02 3.0648018065102673e+02
7.9638672000000000e+01 2.9961896999999999e+02 3.0642190063139662e+02
7.9687500000000000e+01 2.9964919300000003e+02 3.0651275300379478e+02
7.9736328000000000e+01 2.9965749699999998e+02 3.0653771098629858e+02
7.9785156000000001e+01 2.9964864499999999e+02 3.0651110983848213e+02
7.9833984000000001e+01 2.9965373399999999e+02 3.0652640188852502e+02
7.9882812000000001e+01 2.9959885600000001e+02 3.0636153276789202e+02
7.9931640999999999e+01 2.9963355899999999e+02 3.0646579630738910e+02
7.9980468999999999e+01 2.9960394500000001e+02 3.0637685389757235e+02
8.0029297000000000e+01 2.9963259299999999e+02 3.0646290665591704e+02
8.0078125000000000e+01 2.9966190399999999e+02 3.0655093041741912e+02
8.0126953000000000e+01 2.9962296400000002e+02 3.0643400602613451e+02
8.0175781000000001e+01 2.9967628600000000e+02 3.0659409872320327e+02
8.0224609000000001e+01 2.9968346800000000e+02 3.0661564806875350e+02
8.0273437999999999e+01 2.9967469999999997e+02 3.0658931775990209e+02
8.0322265999999999e+01 2.9962866000000002e+02 3.0645113273506178e+02
8.0371093999999999e+01 2.9962935299999998e+02 3.0645321766642337e+02
8.0419922000000000e+01 2.9964081299999998e+02 3.0648760833360586e+02
8.0468750000000000e+01 2.9963538999999997e+02 3.0647133907020992e+02
8.0517578000000000e+01 2.9960131999999999e+02 3.0636913720304909e+02
8.0566406000000001e+01 2.9966650600000003e+02 3.0656467525096843e+02
8.0615234000000001e+01 2.9963442500000002e+02 3.0646845076959420e+02
8.0664062000000001e+01 2.9963513000000000e+02 3.0647056667623860e+02
8.0712890999999999e+01 2.9964398999999997e+02 3.0649713430646216e+02
8.0761718999999999e+01 2.9965399900000000e+02 3.0652714048352260e+02
8.0810547000000000e+01 2.9965216700000002e+02 3.0652164283745395e+02
8.0859375000000000e+01 2.9963894699999997e+02 3.0648201129338781e+02
8.0908203000000000e+01 2.9965558399999998e+02 3.0653187298782336e+02
8.0957031000000001e+01 2.9966451899999998e+02 3.0655864204515080e+02
8.1005859000000001e+01 2.9965758199999999e+02 3.0653784553274716e+02
8.1054687999999999e+01 2.9967237100000000e+02 3.0658214641291113e+02
8.1103515999999999e+01 2.9962828400000001e+02 3.0645005947743033e+02
8.1152343999999999e+01 2.9963430299999999e+02 3.0646809003138753e+02
8.1201172000000000e+01 2.9962105100000002e+02 3.0642839829151609e+02
8.1250000000000000e+01 2.9966434700000002e+02 3.0655806122919699e+02
8.1298828000000000e+01 2.9967883200000000e+02 3.0660142320300099e+02
8.1347656000000001e+01 2.9968116300000003e+02 3.0660838541004972e+02
8.1396484000000001e+01 2.9965854500000000e+02 3.0654065560786290e+02
8.1445312000000001e+01 2.9963239299999998e+02 3.0646236225341039e+02
8.1494140999999999e+01 2.9964240200000000e+02 3.0649231759743492e+02
8.1542968999999999e+01 2.9966240599999998e+02 3.0655217798155724e+02
8.1591797000000000e+01 2.9970366600000000e+02 3.0667563030458967e+02
8.1640625000000000e+01 2.9968294400000002e+02 3.0661360275508713e+02
8.1689453000000000e+01 2.9967605900000001e+02 3.0659298494724487e+02
8.1738281000000001e+01 2.9959160000000003e+02 3.0634032034377151e+02
8.1787109000000001e+01 2.9961999100000003e+02 3.0642524853324227e+02
8.1835937999999999e+01 2.9966730100000001e+02 3.0656673802200208e+02
8.1884765999999999e+01 2.9964805200000001e+02 3.0650916119279168e+02
8.1933593999999999e+01 2.9966078900000002e+02 3.0654723542591120e+02
8.1982422000000000e+01 2.9962685800000003e+02 3.0644577890293027e+02
8.2031250000000000e+01 2.9963696800000002e+02 3.0647599823208390e+02
8.2080078000000000e+01 2.9965390100000002e+02 3.0652660447140977e+02
8.2128906000000001e+01 2.9963028800000001e+02 3.0645602075198150e+02
8.2177734000000001e+01 2.9967204400000003e+02 3.0658079666328564e+02
8.2226562000000001e+01 2.9966488800000002e+02 3.0655939562576066e+02
8.2275390999999999e+01 2.9964215500000000e+02 3.0649146040230721e+02
8.2324218999999999e+01 2.9962836299999998e+02 3.0645024982818637e+02
8.2373047000000000e+01 2.9963897200000002e+02 3.0648193375666006e+02
8.2421875000000000e+01 2.9967132400000003e+02 3.0657854916760385e+02
8.2470703000000000e+01 2.9963098200000002e+02 3.0645805519441308e+02
8.2519531000000001e+01 2.9963864899999999e+02 3.0648094213067407e+02
8.2568359000000001e+01 2.9963260100000002e+02 3.0646287550292618e+02
8.2617187999999999e+01 2.9961382500000002e+02 3.0640681556024549e+02
8.2666015999999999e+01 2.9962858299999999e+02 3.0645086636620459e+02
8.2714843999999999e+01 2.9964913000000001e+02 3.0651218523613232e+02
8.2763672000000000e+01 2.9960258099999999e+02 3.0637325444101913e+02
8.2812500000000000e+01 2.9964809100000002e+02 3.0650905700996509e+02
8.2861328000000000e+01 2.9972243500000002e+02 3.0673085962709911e+02
8.2910156000000001e+01 2.9971239500000001e+02 3.0670086822092560e+02
8.2958984000000001e+01 2.9963387599999999e+02 3.0646661142547657e+02
8.3007812000000001e+01 2.9967599000000001e+02 3.0659221300255911e+02
8.3056640999999999e+01 2.9963116400000001e+02 3.0645850341108695e+02
8.3105468999999999e+01 2.9963774599999999e+02 3.0647812144471652e+02
8.3154297000000000e+01 2.9962185799999997e+02 3.0643073706459990e+02
8.3203125000000000e+01 2.9962829299999999e+02 3.0644991511816630e+02
8.3251953000000000e+01 2.9964905900000002e+02 3.0651180929226189e+02
8.3300781000000001e+01 2.9968038400000000e+02 3.0660516228461489e+02
8.3349609000000001e+01 2.9959661100000000e+02 3.0635546425398769e+02
8.3398437999999999e+01 2.9963634300000001e+02 3.0647386628410271e+02
8.3447265999999999e+01 2.9963708300000002e+02 3.0647605857120135e+02
8.3496093999999999e+01 2.9963470899999999e+02 3.0646897249682746e+02
8.3544922000000000e+01 2.9967902400000003e+02 3.0660097462192823e+02
8.3593750000000000e+01 2.9966678899999999e+02 3.0656450310265910e+02
8.3642578000000000e+01 2.9963759800000003e+02 3.0647753862622199e+02
8.3691406000000001e+01 2.9959026799999998e+02 3.0633657498750148e+02
8.3740234000000001e+01 2.9963056799999998e+02 3.0645657698388669e+02
8.3789062000000001e+01 2.9964333299999998e+02 3.0649457068183040e+02
8.3837890999999999e+01 2.9962553800000001e+02 3.0644157782579407e+02
8.3886718999999999e+01 2.9963382899999999e+02 3.0646624660572439e+02
8.3935547000000000e+01 2.9966237699999999e+02 3.0655120199650156e+02
8.3984375000000000e+01 2.9965230400000002e+02 3.0652120080284936e+02
8.4033203000000000e+01 2.9964640700000001e+02 3.0650363259822501e+02
8.4082031000000001e+01 2.9960519399999998e+02 3.0638098951926980e+02
8.4130859000000001e+01 2.9960064699999998e+02 3.0636745658935257e+02
8.4179687999999999e+01 2.9961609099999998e+02 3.0641339414069199e+02
8.4228515999999999e+01 2.9964124399999997e+02 3.0648819974954733e+02
8.4277343999999999e+01 2.9966083700000001e+02 3.0654645283278893e+02
8.4326172000000000e+01 2.9963623000000001e+02 3.0647325358290766e+02
8.4375000000000000e+01 2.9964134500000000e+02 3.0648844600949269e+02
8.4423828000000000e+01 2.9964254399999999e+02 3.0649199228862477e+02
8.4472656000000001e+01 2.9962727599999999e+02 3.0644658520278642e+02
8.4521484000000001e+01 2.9964672999999999e+02 3.0650439660463542e+02
8.4570312000000001e+01 2.9962568499999998e+02 3.0644182791503118e+02
8.4619140999999999e+01 2.9965706100000000e+02 3.0653505622196019e+02
8.4667968999999999e+01 2.9965438899999998e+02 3.0652709194989916e+02
8.4716797000000000e+01 2.9959745199999998e+02 3.0635790130662804e+02
8.4765625000000000e+01 2.9963447400000001e+02 3.0646788061100881e+02
8.4814453000000000e+01 2.9963115399999998e+02 3.0645800089304061e+02
8.4863281000000001e+01 2.9963589899999999e+02 3.0647207735215102e+02
8.4912109000000001e+01 2.9969129299999997e+02 3.0663656879013541e+02
8.4960937999999999e+01 2.9968473200000000e+02 3.0661704911401910e+02
8.5009765999999999e+01 2.9961674099999999e+02 3.0641513768672701e+02
8.5058593999999999e+01 2.9958113800000001e+02 3.0630942513095090e+02
8.5107422000000000e+01 2.9965191499999997e+02 3.0651952616248059e+02
8.5156250000000000e+01 2.9965805300000000e+02 3.0653772015739776e+02
8.5205078000000000e+01 2.9965842099999998e+02 3.0653878540037044e+02
8.5253906000000001e+01 2.9958862599999998e+02 3.0633163871118035e+02
8.5302734000000001e+01 2.9955406499999998e+02 3.0622908402412094e+02
8.5351562000000001e+01 2.9960593399999999e+02 3.0638297995983424e+02
8.5400390999999999e+01 2.9965287499999999e+02 3.0652222281763648e+02
8.5449218999999999e+01 2.9962133799999998e+02 3.0642865027733063e+02
8.5498047000000000e+01 2.9961546600000003e+02 3.0641121829344291e+02
8.5546875000000000e+01 2.9964447100000001e+02 3.0649722097991463e+02
8.5595703000000000e+01 2.9965374000000003e+02 3.0652468211885872e+02
8.5644531000000001e+01 2.9964533699999998e+02 3.0649974052916588e+02
8.5693359000000001e+01 2.9970251700000000e+02 3.0666923316105436e+02
8.5742187999999999e+01 2.9963176499999997e+02 3.0645945967410574e+02
8.5791015999999999e+01 2.9965672899999998e+02 3.0653343187156167e+02
8.5839843999999999e+01 2.9963219800000002e+02 3.0646070164825579e+02
8.5888672000000000e+01 2.9962257599999998e+02 3.0643216741348198e+02
8.5937500000000000e+01 2.9963520899999997e+02 3.0646958100687891e+02
8.5986328000000000e+01 2.9969473900000003e+02 3.0664592746490524e+02
8.6035156000000001e+01 2.9966197499999998e+02 3.0654882679641298e+02
8.6083984000000001e+01 2.9959179499999999e+02 3.0634091922978735e+02
8.6132812000000001e+01 2.9965932800000002e+02 3.0654092430719851e+02
8.6181640999999999e+01 2.9965843000000001e+02 3.0653823416786810e+02
8.6230468999999999e+01 2.9965362299999998e+02 3.0652396958474833e+02
8.6279297000000000e+01 2.9960627199999999e+02 3.0638374545373904e+02
8.6328125000000000e+01 2.9965250700000001e+02 3.0652060698372105e+02
8.6376953000000000e+01 2.9970085100000000e+02 3.0666368154449304e+02
8.6425781000000001e+01 2.9966868399999998e+02 3.0656842889426918e+02
8.6474609000000001e+01 2.9964772799999997e+02 3.0650637538376452e+02
8.6523437999999999e+01 2.9962915700000002e+02 3.0645139272926860e+02
8.6572265999999999e+01 2.9961054100000001e+02 3.0639628866574679e+02
8.6621093999999999e+01 2.9970937900000001e+02 3.0668868554304947e+02
8.6669922000000000e+01 2.9968194899999997e+02 3.0660749388844079e+02
8.6718750000000000e+01 2.9963051800000000e+02 3.0645532772074449e+02
8.6767578000000000e+01 2.9961884700000002e+02 3.0642078660931702e+02
8.6816406000000001e+01 2.9963820600000003e+02 3.0647801576508743e+02
8.6865234000000001e+01 2.9963547699999998e+02 3.0646992006764128e+02
8.6914062000000001e+01 2.9968422500000003e+02 3.0661402261455225e+02
8.6962890999999999e+01 2.9963026400000001e+02 3.0645445771802298e+02
8.7011718999999999e+01 2.9966136799999998e+02 3.0654637560706487e+02
8.7060547000000000e+01 2.9962616400000002e+02 3.0644229102312295e+02
8.7109375000000000e+01 2.9959792399999998e+02 3.0635880956812150e+02
8.7158203000000000e+01 2.9959352200000001e+02 3.0634578727418307e+02
8.7207031000000001e+01 2.9964263999999997e+02 3.0649090228872103e+02
8.7255859000000001e+01 2.9962995599999999e+02 3.0645340020395736e+02
8.7304687999999999e+01 2.9964236299999999e+02 3.0649002604296442e+02
8.7353515999999999e+01 2.9958679999999998e+02 3.0632587882899219e+02
8.7402343999999999e+01 2.9964521400000001e+02 3.0649838783220656e+02
8.7451172000000000e+01 2.9966733499999998e+02 3.0656368292506585e+02
8.7500000000000000e+01 2.9965949699999999e+02 3.0654050157193103e+02
8.7548828000000000e+01 2.9965505600000000e+02 3.0652735455746540e+02
8.7597656000000001e+01 2.9965842600000002e+02 3.0653726941095164e+02
8.7646484000000001e+01 2.9962314800000001e+02 3.0643309978353653e+02
8.7695312000000001e+01 2.9965284600000001e+02 3.0652072968648201e+02
8.7744140999999999e+01 2.9969333899999998e+02 3.0664019878658837e+02
8.7792968999999999e+01 2.9968407400000001e+02 3.0661281236929040e+02
8.7841797000000000e+01 2.9966439400000002e+02 3.0655470158088673e+02
8.7890625000000000e+01 2.9964522699999998e+02 3.0649811657239820e+02
8.7939453000000000e+01 2.9966868499999998e+02 3.0656728428866563e+02
8.7988281000000001e+01 2.9965799600000003e+02 3.0653571658867634e+02
8.8037109000000001e+01 2.9964728500000001e+02 3.0650409061632956e+02
8.8085937999999999e+01 2.9963079599999998e+02 3.0645543203970720e+02
8.8134765999999999e+01 2.9962338199999999e+02 3.0643354288639978e+02
8.8183593999999999e+01 2.9966455600000000e+02 3.0655491285135747e+02
8.8232422000000000e+01 2.9959589999999997e+02 3.0635247370551627e+02
8.8281250000000000e+01 2.9966416900000002e+02 3.0655369470153613e+02
8.8330078000000000e+01 2.9968316399999998e+02 3.0660964197831561e+02
8.8378906000000001e+01 2.9968943899999999e+02 3.0662809014043609e+02
8.8427734000000001e+01 2.9966595999999998e+02 3.0655885572568138e+02
8.8476562000000001e+01 2.9961368199999998e+02 3.0640478064373195e+02
8.8525390999999999e+01 2.9965127000000001e+02 3.0651549721691549e+02
8.8574218999999999e+01 2.9962172399999997e+02 3.0642842411775075e+02
8.8623047000000000e+01 2.9970837299999999e+02 3.0668362475836216e+02
8.8671875000000000e+01 2.9966450400000002e+02 3.0655436776591114e+02
8.8720703000000000e+01 2.9964880699999998e+02 3.0650810183324984e+02
8.8769531000000001e+01 2.9967710099999999e+02 3.0659138088510338e+02
8.8818359000000001e+01 2.9961828100000002e+02 3.0641815471565872e+02
8.8867187999999999e+01 2.9967384299999998e+02 3.0658170127651255e+02
8.8916015999999999e+01 2.9970483300000001e+02 3.0667288166885646e+02
8.8964843999999999e+01 2.9963458700000001e+02 3.0646607110047762e+02
8.9013672000000000e+01 2.9963724400000001e+02 3.0647385949456873e+02
8.9062500000000000e+01 2.9962670200000002e+02 3.0644280527059459e+02
8.9111328000000000e+01 2.9964852500000001e+02 3.0650698824579217e+02
8.9160156000000001e+01 2.9969074599999999e+02 3.0663117018696789e+02
8.9208984000000001e+01 2.9959610600000002e+02 3.0635271136514217e+02
8.9257812000000001e+01 2.9961680799999999e+02 3.0641358573346866e+02
8.9306640999999999e+01 2.9962876799999998e+02 3.0644873553391000e+02
8.9355468999999999e+01 2.9962625000000003e+02 3.0644130027141335e+02
8.9404297000000000e+01 2.9966638599999999e+02 3.0655929185205201e+02
8.9453125000000000e+01 2.9963252599999998e+02 3.0645969386837567e+02
8.9501953000000000e+01 2.9966515900000002e+02 3.0655560019094889e+02
8.9550781000000001e+01 2.9965638600000000e+02 3.0652976911908024e+02
8.9599609000000001e+01 2.9964144499999998e+02 3.0648581385844892e+02
8.9648437999999999e+01 2.9965364699999998e+02 3.0652164044132519e+02
8.9697265999999999e+01 2.9964068099999997e+02 3.0648349895687039e+02
8.9746093999999999e+01 2.9963742700000000e+02 3.0647390273825084e+02
8.9794922000000000e+01 2.9961744399999998e+02 3.0641515781932003e+02
8.9843750000000000e+01 2.9966897200000000e+02 3.0656650580767047e+02
8.9892578000000000e+01 2.9967517700000002e+02 3.0658468869063518e+02
8.9941406000000001e+01 2.9968476600000002e+02 3.0661280685285789e+02
8.9990234000000001e+01 2.9962348100000003e+02 3.0643277544408244e+02
9.0039062000000001e+01 2.9965706599999999e+02 3.0653136776538321e+02
9.0087890999999999e+01 2.9966826200000003e+02 3.0656420081026783e+02
9.0136718999999999e+01 2.9967653400000000e+02 3.0658844232269234e+02
9.0185547000000000e+01 2.9966447699999998e+02 3.0655300130859246e+02
9.0234375000000000e+01 2.9965701400000000e+02 3.0653105225909974e+02
9.0283203000000000e+01 2.9968903899999998e+02 3.0662500341136575e+02
9.0332031000000001e+01 2.9964744899999999e+02 3.0650290034865583e+02
9.0380859000000001e+01 2.9960441800000001e+02 3.0637659441526660e+02
9.0429687999999999e+01 2.9964073600000000e+02 3.0648312771913788e+02
9.0478515999999999e+01 2.9963227499999999e+02 3.0645826914583779e+02
9.0527343999999999e+01 2.9967777200000000e+02 3.0659169723894644e+02
9.0576172000000000e+01 2.9968458399999997e+02 3.0661162976154384e+02
9.0625000000000000e+01 2.9961318499999999e+02 3.0640218023117802e+02
9.0673828000000000e+01 2.9960639800000001e+02 3.0638224915500030e+02
9.0722656000000001e+01 2.9963718599999999e+02 3.0647249932617592e+02
9.0771484000000001e+01 2.9961534599999999e+02 3.0640843117696846e+02
9.0820312000000001e+01 2.9961973899999998e+02 3.0642128048093366e+02
9.0869140999999999e+01 2.9968297100000001e+02 3.0660660025722581e+02
9.0917968999999999e+01 2.9960837299999997e+02 3.0638790588208292e+02
9.0966797000000000e+01 2.9959804400000002e+02 3.0635760781324490e+02
9.1015625000000000e+01 2.9965878300000003e+02 3.0653557055165919e+02
9.1064453000000000e+01 2.9971133200000003e+02 3.0668949895827370e+02
9.1113281000000001e+01 2.9964977599999997e+02 3.0650909658483056e+02
9.1162109000000001e+01 2.9964016500000002e+02 3.0648090149752966e+02
9.1210937999999999e+01 2.9961219499999999e+02 3.0639893621200980e+02
9.1259765999999999e+01 2.9964943799999998e+02 3.0650798569605718e+02
9.1308593999999999e+01 2.9964061199999998e+02 3.0648209817339585e+02
9.1357422000000000e+01 2.9963287400000002e+02 3.0645940185993470e+02
9.1406250000000000e+01 2.9964812300000000e+02 3.0650401418592895e+02
9.1455078000000000e+01 2.9962136500000003e+02 3.0642563698372084e+02
9.1503906000000001e+01 2.9958091400000001e+02 3.0630719237601693e+02
9.1552734000000001e+01 2.9959173099999998e+02 3.0633883388838569e+02
9.1601562000000001e+01 2.9958594499999998e+02 3.0632187676109953e+02
9.1650390999999999e+01 2.9955855100000002e+02 3.0624168952171919e+02
9.1699218999999999e+01 2.9963716099999999e+02 3.0647169626963290e+02
9.1748047000000000e+01 2.9967219799999998e+02 3.0657416985545575e+02
9.1796875000000000e+01 2.9964272599999998e+02 3.0648790201152156e+02
9.1845703000000000e+01 2.9957638800000001e+02 3.0629381222423535e+02
9.1894531000000001e+01 2.9959835500000003e+02 3.0635804399792562e+02
9.1943359000000001e+01 2.9968676099999999e+02 3.0661656829671637e+02
9.1992187999999999e+01 2.9969529399999999e+02 3.0664146852739378e+02
9.2041015999999999e+01 2.9964497100000000e+02 3.0649427032086891e+02
9.2089843999999999e+01 2.9962277399999999e+02 3.0642933359281255e+02
9.2138672000000000e+01 2.9957882300000000e+02 3.0630081531715382e+02
9.2187500000000000e+01 2.9960170799999997e+02 3.0636768944311927e+02
9.2236328000000000e+01 2.9963141999999999e+02 3.0645450338118007e+02
9.2285156000000001e+01 2.9963175699999999e+02 3.0645545205218150e+02
9.2333984000000001e+01 2.9961753199999998e+02 3.0641384798806791e+02
9.2382812000000001e+01 2.9965671900000001e+02 3.0652831468744944e+02
9.2431640999999999e+01 2.9965686899999997e+02 3.0652870893402951e+02
9.2480468999999999e+01 2.9960627799999997e+02 3.0638087565050023e+02
9.2529297000000000e+01 2.9963816700000001e+02 3.0647399304687303e+02
9.2578125000000000e+01 2.9964933600000001e+02 3.0650657527113674e+02
9.2626953000000000e+01 2.9960001899999997e+02 3.0636251030045764e+02
9.2675781000000001e+01 2.9959861999999998e+02 3.0635839796713066e+02
9.2724609000000001e+01 2.9967231099999998e+02 3.0657353055218408e+02
9.2773437999999999e+01 2.9963976600000001e+02 3.0647846802412221e+02
9.2822265999999999e+01 2.9968711900000000e+02 3.0661665932054808e+02
9.2871093999999999e+01 2.9965794599999998e+02 3.0653145416703154e+02
9.2919922000000000e+01 2.9961990100000003e+02 3.0642037308115903e+02
9.2968750000000000e+01 2.9963803999999999e+02 3.0647327380987895e+02
9.3017578000000000e+01 2.9964151500000003e+02 3.0648337477882995e+02
9.3066406000000001e+01 2.9960136000000000e+02 3.0636617642974704e+02
9.3115234000000001e+01 2.9965746300000001e+02 3.0652982070819581e+02
9.3164062000000001e+01 2.9962958600000002e+02 3.0644845713301152e+02
9.3212890999999999e+01 2.9968133799999998e+02 3.0659936854140471e+02
9.3261718999999999e+01 2.9970778400000000e+02 3.0667644513022833e+02
9.3310547000000000e+01 2.9969510700000001e+02 3.0663941702535692e+02
9.3359375000000000e+01 2.9969720999999998e+02 3.0664549287715073e+02
9.3408203000000000e+01 2.9963245599999999e+02 3.0645664172345937e+02
9.3457031000000001e+01 2.9968385100000000e+02 3.0660643413690576e+02
9.3505859000000001e+01 2.9967216400000001e+02 3.0657231401212010e+02
9.3554687999999999e+01 2.9963301500000000e+02 3.0645815820843001e+02
9.3603515999999999e+01 2.9963046800000001e+02 3.0645069747521342e+02
9.3652343999999999e+01 2.9961750100000000e+02 3.0641287358847728e+02
9.3701172000000000e+01 2.9968005399999998e+02 3.0659510572061833e+02
9.3750000000000000e+01 2.9971940200000000e+02 3.0670969337604106e+02
9.3798828000000000e+01 2.9964376399999998e+02 3.0648928256129074e+02
9.3847656000000001e+01 2.9963407699999999e+02 3.0646102429331319e+02
9.3896484000000001e+01 2.9966659399999998e+02 3.0655569460626731e+02
9.3945312000000001e+01 2.9961515300000002e+02 3.0640583546626664e+02
9.3994140999999999e+01 2.9964875599999999e+02 3.0650365448703360e+02
9.4042968999999999e+01 2.9963762600000001e+02 3.0647120456663885e+02
9.4091797000000000e+01 2.9969082300000002e+02 3.0662604299665844e+02
9.4140625000000000e+01 2.9966528899999997e+02 3.0655165560649749e+02
9.4189453000000000e+01 2.9968302299999999e+02 3.0660322826274376e+02
9.4238281000000001e+01 2.9967354699999999e+02 3.0657559531242657e+02
9.4287109000000001e+01 2.9962187799999998e+02 3.0642517707421217e+02
9.4335937999999999e+01 2.9965566200000001e+02 3.0652345107488469e+02
9.4384765999999999e+01 2.9964851199999998e+02 3.0650260237444382e+02
9.4433593999999999e+01 2.9960293100000001e+02 3.0636994928747669e+02
9.4482422000000000e+01 2.9964499100000000e+02 3.0649227412950273e+02
9.4531250000000000e+01 2.9966559100000001e+02 3.0655215251660775e+02
9.4580078000000000e+01 2.9968703299999999e+02 3.0661446767077626e+02
9.4628906000000001e+01 2.9969523400000003e+02 3.0663826331599660e+02
9.4677734000000001e+01 2.9971205600000002e+02 3.0668712279761780e+02
9.4726562000000001e+01 2.9965623599999998e+02 3.0652476096363392e+02
9.4775390999999999e+01 2.9959757300000001e+02 3.0635416658699086e+02
9.4824218999999999e+01 2.9958715799999999e+02 3.0632386257556152e+02
9.4873047000000000e+01 2.9955322000000001e+02 3.0622519073467413e+02
9.4921875000000000e+01 2.9964379000000002e+02 3.0648840772688180e+02
9.4970703000000000e+01 2.9966157299999998e+02 3.0654004543679400e+02
9.5019531000000001e+01 2.9964841300000001e+02 3.0650175841837876e+02
9.5068359000000001e+01 2.9970206500000000e+02 3.0665760211966420e+02
9.5117187999999999e+01 2.9962262299999998e+02 3.0642674730020866e+02
9.5166015999999999e+01 2.9965415600000000e+02 3.0651831308962602e+02
9.5214843999999999e+01 2.9963980199999997e+02 3.0647657555211782e+02
9.5263672000000000e+01 2.9961834199999998e+02 3.0641420818064029e+02
9.5312500000000000e+01 2.9962901399999998e+02 3.0644516621798334e+02
9.5361328000000000e+01 2.9962497000000002e+02 3.0643338635875756e+02
9.5410156000000001e+01 2.9961433599999998e+02 3.0640247504585699e+02
9.5458984000000001e+01 2.9967429800000002e+02 3.0657652221861986e+02
9.5507812000000001e+01 2.9966837299999997e+02 3.0655927239061634e+02
9.5556640999999999e+01 2.9965100899999999e+02 3.0650882333267106e+02
9.5605468999999999e+01 2.9967783500000002e+02 3.0658663688130292e+02
9.5654297000000000e+01 2.9973566599999998e+02 3.0675441146886709e+02
9.5703125000000000e+01 2.9969974200000001e+02 3.0665010223714273e+02
9.5751953000000000e+01 2.9960904399999998e+02 3.0638689143140385e+02
9.5800781000000001e+01 2.9962684400000001e+02 3.0643850039309444e+02
9.5849609000000001e+01 2.9964049199999999e+02 3.0647805472294237e+02
9.5898437999999999e+01 2.9961600900000002e+02 3.0640700025599580e+02
9.5947265999999999e+01 2.9967137400000001e+02 3.0656753996325006e+02
9.5996093999999999e+01 2.9958244100000002e+02 3.0630958776466264e+02
9.6044922000000000e+01 2.9967925300000002e+02 3.0659028810211385e+02
9.6093750000000000e+01 2.9964614399999999e+02 3.0649424076379893e+02
9.6142578000000000e+01 2.9960988800000001e+02 3.0638908918327462e+02
9.6191406000000001e+01 2.9965330899999998e+02 3.0651492707372137e+02
9.6240234000000001e+01 2.9967232799999999e+02 3.0657001015167992e+02
9.6289062000000001e+01 2.9962761000000000e+02 3.0644035773620976e+02
9.6337890999999999e+01 2.9966848299999998e+02 3.0655876889522375e+02
9.6386718999999999e+01 2.9970867900000002e+02 3.0667519472954012e+02
9.6435547000000000e+01 2.9962773299999998e+02 3.0644060502850385e+02
9.6484375000000000e+01 2.9963989600000002e+02 3.0647580579124940e+02
9.6533203000000000e+01 2.9964681000000002e+02 3.0649579433023024e+02
9.6582031000000001e+01 2.9962891800000000e+02 3.0644392841062779e+02
9.6630859000000001e+01 2.9963277499999998e+02 3.0645506247523241e+02
9.6679687999999999e+01 2.9960475200000002e+02 3.0637387241599157e+02
9.6728515999999999e+01 2.9963365499999998e+02 3.0645753527161497e+02
9.6777343999999999e+01 2.9961529899999999e+02 3.0640435045346521e+02
9.6826172000000000e+01 2.9964021800000000e+02 3.0647645977988276e+02
9.6875000000000000e+01 2.9970553500000000e+02 3.0666549764368665e+02
9.6923828000000000e+01 2.9972394600000001e+02 3.0671872946598694e+02
9.6972656000000001e+01 2.9959573599999999e+02 3.0634760124185567e+02
9.7021484000000001e+01 2.9965984200000003e+02 3.0653309114826544e+02
9.7070312000000001e+01 2.9969058699999999e+02 3.0662201025310043e+02
9.7119140999999999e+01 2.9969019200000002e+02 3.0662081339613167e+02
9.7167968999999999e+01 2.9969134200000002e+02 3.0662408656657345e+02
9.7216797000000000e+01 2.9964824299999998e+02 3.0649935746067092e+02
9.7265625000000000e+01 2.9963701200000003e+02 3.0646683039188025e+02
9.7314453000000000e+01 2.9965985599999999e+02 3.0653286101392467e+02
9.7363281000000001e+01 2.9966045100000002e+02 3.0653453673462383e+02
9.7412109000000001e+01 2.9965106300000002e+02 3.0650734518691979e+02
9.7460937999999999e+01 2.9963544600000000e+02 3.0646214897723365e+02
9.7509765999999999e+01 2.9963387200000000e+02 3.0645756063203811e+02
9.7558593999999999e+01 2.9962699800000001e+02 3.0643765222528771e+02
9.7607422000000000e+01 2.9960835800000001e+02 3.0638373851836957e+02
9.7656250000000000e+01 2.9962594100000001e+02 3.0643452664995834e+02
9.7705078000000000e+01 2.9964908200000002e+02 3.0650136685232525e+02
9.7753906000000001e+01 2.9965920299999999e+02 3.0653057112722252e+02
9.7802734000000001e+01 2.9965665200000001e+02 3.0652315610263986e+02
9.7851562000000001e+01 2.9962563200000000e+02 3.0643349437675084e+02
9.7900390999999999e+01 2.9959076099999999e+02 3.0633272574940662e+02
9.7949218999999999e+01 2.9963037700000001e+02 3.0644713086663580e+02
9.7998047000000000e+01 2.9968591400000003e+02 3.0660749638024669e+02
9.8046875000000000e+01 2.9963878199999999e+02 3.0647133189239713e+02
9.8095703000000000e+01 2.9958356700000002e+02 3.0631185359151669e+02
9.8144531000000001e+01 2.9966205400000001e+02 3.0653844963224770e+02
9.8193359000000001e+01 2.9966055899999998e+02 3.0653408875894382e+02
9.8242187999999999e+01 2.9960972900000002e+02 3.0638730994308287e+02
9.8291015999999999e+01 2.9967798199999999e+02 3.0658429159584711e+02
9.8339843999999999e+01 2.9964136700000000e+02 3.0647856416678025e+02
9.8388672000000000e+01 2.9955964499999999e+02 3.0624268231095607e+02
9.8437500000000000e+01 2.9961748799999998e+02 3.0640958081156754e+02
9.8486328000000000e+01 2.9965669200000002e+02 3.0652266649596055e+02
9.8535156000000001e+01 2.9966006499999997e+02 3.0653235504740900e+02
9.8583984000000001e+01 2.9963968599999998e+02 3.0647352223869160e+02
9.8632812000000001e+01 2.9964051000000001e+02 3.0647586120365850e+02
9.8681640999999999e+01 2.9968348200000003e+02 3.0659976404872464e+02
9.8730468999999999e+01 2.9969280099999997e+02 3.0662658939523152e+02
9.8779297000000000e+01 2.9968793699999998e+02 3.0661251060220229e+02
9.8828125000000000e+01 2.9963688600000000e+02 3.0646526004299375e+02
9.8876953000000000e+01 2.9964069300000000e+02 3.0647619921697412e+02
9.8925781000000001e+01 2.9958221400000002e+02 3.0630757732741847e+02
9.8974609000000001e+01 2.9964517000000001e+02 3.0648902881564294e+02
9.9023437999999999e+01 2.9961049700000001e+02 3.0638905359454793e+02
9.9072265999999999e+01 2.9960823199999999e+02 3.0638249683631091e+02
9.9121093999999999e+01 2.9963062800000000e+02 3.0644700674868716e+02
9.9169922000000000e+01 2.9969475599999998e+02 3.0663175106197184e+02
9.9218750000000000e+01 2.9969809600000002e+02 3.0664132145517874e+02
9.9267578000000000e+01 2.9966718800000001e+02 3.0655222681425346e+02
9.9316406000000001e+01 2.9965999299999999e+02 3.0653145645548295e+02
9.9365234000000001e+01 2.9960977800000001e+02 3.0638678031695105e+02
9.9414062000000001e+01 2.9967273999999998e+02 3.0656808276478665e+02
9.9462890999999999e+01 2.9964880099999999e+02 3.0649909900089858e+02
9.9511718999999999e+01 2.9966477700000002e+02 3.0654506177477174e+02
9.9560547000000000e+01 2.9963195200000001e+02 3.0645050953067914e+02
9.9609375000000000e+01 2.9964379800000000e+02 3.0648457842604279e+02
9.9658203000000000e+01 2.9961642399999999e+02 3.0640574183922212e+02
9.9707031000000001e+01 2.9965813600000001e+02 3.0652577269858466e+02
9.9755859000000001e+01 2.9967643500000003e+02 3.0657839660627667e+02
9.9804687999999999e+01 2.9959568100000001e+02 3.0634595880204523e+02
9.9853515999999999e+01 2.9961974300000003e+02 3.0641517304630014e+02
9.9902343999999999e+01 2.9961684600000001e+02 3.0640680722732066e+02
9.9951172000000000e+01 2.9971150599999999e+02 3.0667910790817399e+02
1.0000000000000000e+02 2.9962975899999998e+02 3.0644389420101919e+02
1.0004882800000000e+02 2.9966000500000001e+02 3.0653085991652739e+02
1.0009765600000000e+02 2.9969678199999998e+02 3.0663659265686562e+02
1.0014648400000000e+02 2.9962295000000000e+02 3.0642421366427413e+02
1.0019531200000000e+02 2.9961791599999998e+02 3.0640970721358764e+02
1.0024414100000000e+02 2.9965402399999999e+02 3.0651349766924187e+02
1.0029296900000000e+02 2.9962934600000000e+02 3.0644250934882200e+02
1.0034179700000000e+02 2.9960751099999999e+02 3.0637970760485365e+02
1.0039062500000000e+02 2.9963707599999998e+02 3.0646466371904330e+02
1.0043945300000000e+02 2.9967526900000001e+02 3.0657440169368152e+02
1.0048828100000000e+02 2.9970400300000000e+02 3.0665693459590887e+02
1.0053710900000000e+02 2.9970221600000002e+02 3.0665174659258525e+02
1.0058593800000000e+02 2.9970555999999999e+02 3.0666130267903077e+02
1.0063476600000000e+02 2.9969290300000000e+02 3.0662488543413451e+02
1.0068359400000000e+02 2.9967778099999998e+02 3.0658139391562713e+02
1.0073242200000000e+02 2.9966812099999999e+02 3.0655360039723979e+02
1.0078125000000000e+02 2.9962239699999998e+02 3.0642222877375474e+02
1.0083007800000000e+02 2.9964425599999998e+02 3.0648497669234166e+02
1.0087890600000000e+02 2.9965661899999998e+02 3.0652044332360134e+02
1.0092773400000000e+02 2.9964792599999998e+02 3.0649544331674451e+02
1.0097656200000000e+02 2.9969908500000003e+02 3.0664228988213898e+02
1.0102539100000000e+02 2.9965550800000000e+02 3.0651713695428293e+02
1.0107421900000000e+02 2.9965275800000001e+02 3.0650920445001020e+02
1.0112304700000000e+02 2.9964997499999998e+02 3.0650117883387344e+02
1.0117187500000000e+02 2.9962268899999998e+02 3.0642283103114278e+02
1.0122070300000000e+02 2.9963484399999999e+02 3.0645768347937536e+02
1.0126953100000000e+02 2.9965479099999999e+02 3.0651488814977586e+02
1.0131835900000000e+02 2.9968881299999998e+02 3.0661246570092567e+02
1.0136718800000000e+02 2.9963365800000003e+02 3.0645418400017422e+02
1.0141601600000000e+02 2.9969221800000003e+02 3.0662213939567852e+02
1.0146484400000000e+02 2.9968456700000002e+02 3.0660014579353788e+02
1.0151367200000000e+02 2.9961602799999997e+02 3.0640352452399384e+02
1.0156250000000000e+02 2.9959545500000002e+02 3.0634449836076521e+02
1.0161132800000000e+02 2.9966205300000001e+02 3.0653544962641968e+02
1.0166015600000000e+02 2.9964227099999999e+02 3.0647869032188584e+02
1.0170898400000000e+02 2.9968509899999998e+02 3.0660144414522244e+02
1.0175781200000000e+02 2.9963605699999999e+02 3.0646080946729177e+02
1.0180664100000000e+02 2.9959846700000003e+02 3.0635302821484049e+02
1.0185546900000000e+02 2.9966675500000002e+02 3.0654873182582924e+02
1.0190429700000000e+02 2.9964249200000000e+02 3.0647915672096349e+02
1.0195312500000000e+02 2.9967050899999998e+02 3.0655940971204410e+02
1.0200195300000000e+02 2.9967260199999998e+02 3.0656536619101189e+02
1.0205078100000000e+02 2.9964274100000000e+02 3.0647977097555247e+02
1.0209960900000000e+02 2.9960275999999999e+02 3.0636520033656814e+02
1.0214843800000000e+02 2.9966813900000000e+02 3.0655245862214792e+02
1.0219726600000000e+02 2.9958775100000003e+02 3.0632216694831567e+02
1.0224609400000000e+02 2.9964212700000002e+02 3.0647788146246950e+02
1.0229492200000000e+02 2.9962507799999997e+02 3.0642902566642840e+02
1.0234375000000000e+02 2.9961319600000002e+02 3.0639497465915150e+02
1.0239257800000000e+02 2.9966220099999998e+02 3.0653526009024586e+02
1.0244140600000000e+02 2.9961009799999999e+02 3.0638605700583958e+02
1.0249023400000000e+02 2.9967426300000000e+02 3.0656971429016426e+02
1.0253906200000000e+02 2.9960703200000000e+02 3.0637723472961017e+02
1.0258789100000000e+02 2.9959138400000001e+02 3.0633242667307002e+02
1.0263671900000000e+02 2.9963793199999998e+02 3.0646562055173609e+02
1.0268554700000000e+02 2.9962156099999999e+02 3.0641874392135094e+02
1.0273437500000000e+02 2.9960719399999999e+02 3.0637761026030836e+02
1.0278320300000000e+02 2.9963684499999999e+02 3.0646242001143293e+02
1.0283203100000000e+02 2.9967750100000001e+02 3.0657869615213917e+02
1.0288085900000000e+02 2.9968845700000003e+02 3.0660999476557072e+02
1.0292968800000000e+02 2.9969413200000002e+02 3.0662618291408512e+02
1.0297851600000000e+02 2.9962035600000002e+02 3.0641514471660270e+02
1.0302734400000000e+02 2.9959228999999999e+02 3.0633486103514133e+02
1.0307617200000000e+02 2.9960376100000002e+02 3.0636764387286689e+02
1.0312500000000000e+02 2.9961412600000000e+02 3.0639725845532274e+02
1.0317382800000000e+02 2.9961233099999998e+02 3.0639210407645788e+02
1.0322265600000000e+02 2.9961346600000002e+02 3.0639532638813404e+02
1.0327148400000000e+02 2.9965349700000002e+02 3.0650972463779732e+02
1.0332031200000000e+02 2.9966430800000001e+02 3.0654058978560414e+02
1.0336914100000000e+02 2.9969086399999998e+02 3.0661644468757521e+02
1.0341796900000000e+02 2.9969060600000000e+02 3.0661566462343910e+02
1.0346679700000000e+02 2.9965349800000001e+02 3.0650959614205095e+02
1.0351562500000000e+02 2.9970175200000000e+02 3.0664742310141861e+02
1.0356445300000000e+02 2.9968553300000002e+02 3.0660104514121150e+02
1.0361328100000000e+02 2.9969743999999997e+02 3.0663501562088527e+02
1.0366210900000000e+02 2.9962305500000002e+02 3.0642251702283744e+02
1.0371093800000000e+02 2.9966782499999999e+02 3.0655035094463051e+02
1.0375976600000000e+02 2.9967854100000000e+02 3.0658091594766080e+02
1.0380859400000000e+02 2.9969018499999999e+02 3.0661412509686306e+02
1.0385742200000000e+02 2.9969029000000000e+02 3.0661438340868034e+02
1.0390625000000000e+02 2.9964801299999999e+02 3.0649364927953110e+02
1.0395507800000000e+02 2.9965258999999998e+02 3.0650668459939919e+02
1.0400390600000000e+02 2.9966731399999998e+02 3.0654867991976170e+02
1.0405273400000000e+02 2.9964940799999999e+02 3.0649754126076760e+02
1.0410156200000000e+02 2.9962232999999998e+02 3.0642023780651130e+02
1.0415039100000000e+02 2.9961012899999997e+02 3.0638540005729743e+02
1.0419921900000000e+02 2.9959076299999998e+02 3.0633012573502702e+02
1.0424804700000000e+02 2.9960380400000003e+02 3.0636731705930805e+02
1.0429687500000000e+02 2.9962691400000000e+02 3.0643322510972513e+02
1.0434570300000000e+02 2.9974635799999999e+02 3.0677390459691725e+02
1.0439453100000000e+02 2.9966289399999999e+02 3.0653579874683754e+02
1.0444335900000000e+02 2.9965203100000002e+02 3.0650478631060889e+02
1.0449218800000000e+02 2.9970889099999999e+02 3.0666689914980884e+02
1.0454101600000000e+02 2.9962214499999999e+02 3.0641951226160177e+02
1.0458984400000000e+02 2.9967884400000003e+02 3.0658114405951608e+02
1.0463867200000000e+02 2.9966063800000001e+02 3.0652920601460136e+02
1.0468750000000000e+02 2.9963218999999998e+02 3.0644808252212670e+02
1.0473632800000000e+02 2.9964993399999997e+02 3.0649863431140193e+02
1.0478515600000000e+02 2.9963577099999998e+02 3.0645824147673238e+02
1.0483398400000000e+02 2.9961977700000000e+02 3.0641263841154142e+02
1.0488281200000000e+02 2.9962607900000000e+02 3.0643057602210951e+02
1.0493164100000000e+02 2.9958403099999998e+02 3.0631075078556620e+02
1.0498046900000000e+02 2.9964534200000003e+02 3.0648541282382160e+02
1.0502929700000000e+02 2.9973663900000003e+02 3.0674546328611859e+02
1.0507812500000000e+02 2.9969246700000002e+02 3.0661959257030350e+02
1.0512695300000000e+02 2.9966652900000003e+02 3.0654567869974250e+02
1.0517578100000000e+02 2.9971065199999998e+02 3.0667130501233106e+02
1.0522460900000000e+02 2.9969208900000001e+02 3.0661840162775178e+02
1.0527343800000000e+02 2.9965754600000002e+02 3.0652000729697357e+02
1.0532226600000000e+02 2.9962782600000003e+02 3.0643536293125834e+02
1.0537109400000000e+02 2.9964628499999998e+02 3.0648789221772967e+02
1.0541992200000000e+02 2.9964943299999999e+02 3.0649682801757240e+02
1.0546875000000000e+02 2.9965599900000001e+02 3.0651549100276657e+02
1.0551757800000000e+02 2.9972978100000000e+02 3.0672545061750549e+02
1.0556640600000000e+02 2.9962816199999997e+02 3.0643621812718391e+02
1.0561523400000000e+02 2.9958572099999998e+02 3.0631543153691911e+02
1.0566406200000000e+02 2.9961930400000000e+02 3.0641097532967740e+02
1.0571289100000000e+02 2.9963596200000001e+02 3.0645835007029888e+02
1.0576171900000000e+02 2.9962900700000000e+02 3.0643854354521051e+02
1.0581054700000000e+02 2.9961505000000000e+02 3.0639882385422339e+02
1.0585937500000000e+02 2.9966840900000000e+02 3.0655057230587568e+02
1.0590820300000000e+02 2.9964929799999999e+02 3.0649619222758332e+02
1.0595703100000000e+02 2.9966816799999998e+02 3.0654982824815886e+02
1.0600585900000000e+02 2.9965547700000002e+02 3.0651371334480939e+02
1.0605468800000000e+02 2.9963989299999997e+02 3.0646938000009226e+02
1.0610351600000000e+02 2.9964332700000000e+02 3.0647912119175760e+02
1.0615234400000000e+02 2.9967645299999998e+02 3.0657326426544716e+02
1.0620117200000000e+02 2.9964260500000000e+02 3.0647702506510723e+02
1.0625000000000000e+02 2.9958609000000001e+02 3.0631638158956440e+02
1.0629882800000000e+02 2.9962897199999998e+02 3.0643823922975707e+02
1.0634765600000000e+02 2.9964310100000000e+02 3.0647837041280684e+02
1.0639648400000000e+02 2.9966236199999997e+02 3.0653307608091063e+02
1.0644531200000000e+02 2.9961172299999998e+02 3.0638918127443009e+02
1.0649414100000000e+02 2.9963958300000002e+02 3.0646831351054095e+02
1.0654296900000000e+02 2.9966922599999998e+02 3.0655249608020307e+02
1.0659179700000000e+02 2.9965995099999998e+02 3.0652612516297029e+02
1.0664062500000000e+02 2.9963555600000001e+02 3.0645681808412411e+02
1.0668945300000000e+02 2.9969108799999998e+02 3.0661449771282605e+02
1.0673828100000000e+02 2.9970204999999999e+02 3.0664559192542157e+02
1.0678710900000000e+02 2.9961612200000002e+02 3.0640158628145559e+02
1.0683593800000000e+02 2.9967162900000000e+02 3.0655915718387411e+02
1.0688476600000000e+02 2.9965250900000001e+02 3.0650485395593165e+02
1.0693359400000000e+02 2.9963076400000000e+02 3.0644310987256131e+02
1.0698242200000000e+02 2.9968524400000001e+02 3.0659771941835174e+02
1.0703125000000000e+02 2.9966630300000003e+02 3.0654393608945685e+02
1.0708007800000000e+02 2.9963966599999998e+02 3.0646832393951337e+02
1.0712890600000000e+02 2.9962889600000000e+02 3.0643774723442266e+02
1.0717773400000000e+02 2.9969214599999998e+02 3.0661718344835816e+02
1.0722656200000000e+02 2.9966428400000001e+02 3.0653811065408360e+02
1.0727539100000000e+02 2.9967805800000002e+02 3.0657715923105599e+02
1.0732421900000000e+02 2.9967526600000002e+02 3.0656921321256220e+02
1.0737304700000000e+02 2.9961764099999999e+02 3.0640575516395523e+02
1.0742187500000000e+02 2.9961334399999998e+02 3.0639355859520145e+02
1.0747070300000000e+02 2.9961525300000000e+02 3.0639896226413197e+02
1.0751953100000000e+02 2.9961862500000001e+02 3.0640851326113659e+02
1.0756835900000000e+02 2.9966332000000000e+02 3.0653521752938491e+02
1.0761718800000000e+02 2.9965329300000002e+02 3.0650677071682776e+02
1.0766601600000000e+02 2.9962781400000000e+02 3.0643452927794851e+02
1.0771484400000000e+02 2.9966499599999997e+02 3.0653990288212339e+02
1.0776367200000000e+02 2.9967472600000002e+02 3.0656745667051325e+02
1.0781250000000000e+02 2.9968306000000001e+02 3.0659104964569229e+02
1.0786132800000000e+02 2.9965679699999998e+02 3.0651660606489128e+02
1.0791015600000000e+02 2.9969080600000001e+02 3.0661294465691708e+02
1.0795898400000000e+02 2.9965256799999997e+02 3.0650458734283245e+02
1.0800781200000000e+02 2.9964552099999997e+02 3.0648460720927005e+02
1.0805664100000000e+02 2.9965688000000000e+02 3.0651676636736261e+02
1.0810546900000000e+02 2.9965831300000002e+02 3.0652080678922130e+02
1.0815429700000000e+02 2.9966576400000002e+02 3.0654188973013476e+02
1.0820312500000000e+02 2.9970517200000000e+02 3.0665346348768901e+02
1.0825195300000000e+02 2.9963219099999998e+02 3.0644678779942200e+02
1.0830078100000000e+02 2.9963658099999998e+02 3.0645920587708088e+02
1.0834960900000000e+02 2.9968263700000000e+02 3.0658957784240687e+02
1.0839843800000000e+02 2.9960410300000001e+02 3.0636724556514935e+02
1.0844726600000000e+02 2.9963208800000001e+02 3.0644645314616105e+02
1.0849609400000000e+02 2.9962220400000001e+02 3.0641846900637643e+02
1.0854492200000000e+02 2.9956201800000002e+02 3.0624813724034698e+02
1.0859375000000000e+02 2.9961241000000001e+02 3.0639074001622129e+02
1.0864257800000000e+02 2.9962503199999998e+02 3.0642644878355975e+02
1.0869140600000000e+02 2.9967531000000002e+02 3.0656868762131342e+02
1.0874023400000000e+02 2.9968042600000001e+02 3.0658314026439359e+02
1.0878906200000000e+02 2.9961227600000001e+02 3.0639034380693886e+02
1.0883789100000000e+02 2.9965221700000001e+02 3.0650331054446218e+02
1.0888671900000000e+02 2.9971935999999999e+02 3.0669318927423819e+02
1.0893554700000000e+02 2.9963772000000000e+02 3.0646228692731154e+02
1.0898437500000000e+02 2.9961998000000000e+02 3.0641211447290232e+02
1.0903320300000000e+02 2.9962393100000003e+02 3.0642328073239463e+02
1.0908203100000000e+02 2.9965513800000002e+02 3.0651150231207146e+02
1.0913085900000000e+02 2.9968619200000001e+02 3.0659927573015159e+02
1.0917968800000000e+02 2.9965568300000001e+02 3.0651301632123472e+02
1.0922851600000000e+02 2.9957758400000000e+02 3.0629226426319656e+02
1.0927734400000000e+02 2.9961259400000000e+02 3.0639121460072033e+02
1.0932617200000000e+02 2.9963990600000000e+02 3.0646839367309593e+02
1.0937500000000000e+02 2.9967643700000002e+02 3.0657160868103210e+02
1.0942382800000000e+02 2.9962002500000000e+02 3.0641220558935339e+02
1.0947265600000000e+02 2.9964948700000002e+02 3.0649543670683119e+02
1.0952148400000000e+02 2.9964980600000001e+02 3.0649632767454347e+02
1.0957031200000000e+02 2.9962359600000002e+02 3.0642228419518574e+02
1.0961914100000000e+02 2.9960318699999999e+02 3.0636463838531319e+02
1.0966796900000000e+02 2.9959437600000001e+02 3.0633975726487023e+02
1.0971679700000000e+02 2.9964463999999998e+02 3.0648170081879829e+02
1.0976562500000000e+02 2.9966205000000002e+02 3.0653085214559775e+02
1.0981445300000000e+02 2.9962628400000000e+02 3.0642985975330078e+02
1.0986328100000000e+02 2.9961718400000001e+02 3.0640416670946018e+02
1.0991210900000000e+02 2.9960908100000000e+02 3.0638129287043142e+02
1.0996093800000000e+02 2.9955520799999999e+02 3.0622923263077831e+02
1.1000976600000000e+02 2.9958444500000002e+02 3.0631176566741198e+02
1.1005859400000000e+02 2.9962069400000001e+02 3.0641407278822658e+02
1.1010742200000000e+02 2.9966979700000002e+02 3.0655263396695648e+02
1.1015625000000000e+02 2.9966354400000000e+02 3.0653497818859222e+02
1.1020507800000000e+02 2.9969124900000003e+02 3.0661313314185287e+02
1.1025390600000000e+02 2.9969085799999999e+02 3.0661201285915024e+02
1.1030273400000000e+02 2.9963308100000000e+02 3.0644901594022207e+02
1.1035156200000000e+02 2.9957576999999998e+02 3.0628736266711178e+02
1.1040039100000000e+02 2.9959359699999999e+02 3.0633765340296225e+02
1.1044921900000000e+02 2.9970882200000000e+02 3.0666260686950716e+02
1.1049804700000000e+02 2.9968628300000000e+02 3.0659902999984143e+02
1.1054687500000000e+02 2.9966865999999999e+02 3.0654932578374525e+02
1.1059570300000000e+02 2.9967114900000001e+02 3.0655633323530071e+02
1.1064453100000000e+02 2.9966735699999998e+02 3.0654563296911994e+02
1.1069335900000000e+02 2.9961164600000001e+02 3.0638858343147945e+02
1.1074218800000000e+02 2.9967408000000000e+02 3.0656456443485558e+02
1.1079101600000000e+02 2.9968547300000000e+02 3.0659666351653300e+02
1.1083984400000000e+02 2.9963645400000001e+02 3.0645851062294457e+02
1.1088867200000000e+02 2.9965887700000002e+02 3.0652169468889173e+02
1.1093750000000000e+02 2.9969111500000002e+02 3.0661252246620785e+02
1.1098632800000000e+02 2.9966782999999998e+02 3.0654690709892685e+02
1.1103515600000000e+02 2.9962344100000001e+02 3.0642185166060079e+02
1.1108398400000000e+02 2.9959086700000000e+02 3.0633009960486970e+02
1.1113281200000000e+02 2.9963789100000002e+02 3.0646255932450811e+02
1.1118164100000000e+02 2.9962832500000002e+02 3.0643561886116800e+02
1.1123046900000000e+02 2.9967731900000001e+02 3.0657359403241145e+02
1.1127929700000000e+02 2.9959582799999998e+02 3.0634411913922781e+02
1.1132812500000000e+02 2.9967147199999999e+02 3.0655711423205327e+02
1.1137695300000000e+02 2.9962806699999999e+02 3.0643490726021167e+02
1.1142578100000000e+02 2.9968851000000001e+02 3.0660506486395150e+02
1.1147460900000000e+02 2.9964115600000002e+02 3.0647175986227751e+02
1.1152343800000000e+02 2.9964061600000002e+02 3.0647024158332965e+02
1.1157226600000000e+02 2.9967394100000001e+02 3.0656403205267122e+02
1.1162109400000000e+02 2.9963780100000002e+02 3.0646232409257232e+02
1.1166992200000000e+02 2.9963387699999998e+02 3.0645128568251585e+02
1.1171875000000000e+02 2.9968081899999999e+02 3.0658336678197207e+02
1.1176757800000000e+02 2.9966160500000001e+02 3.0652930378322861e+02
1.1181640600000000e+02 2.9970344000000000e+02 3.0664698868093109e+02
1.1186523400000000e+02 2.9963629700000001e+02 3.0645811195545406e+02
1.1191406200000000e+02 2.9963242900000000e+02 3.0644723752977472e+02
1.1196289100000000e+02 2.9964798600000000e+02 3.0649099570644461e+02
1.1201171900000000e+02 2.9967037599999998e+02 3.0655396173969035e+02
1.1206054700000000e+02 2.9965771799999999e+02 3.0651836606228073e+02
1.1210937500000000e+02 2.9966241900000000e+02 3.0653158409888783e+02
1.1215820300000000e+02 2.9967313600000000e+02 3.0656171339814176e+02
1.1220703100000000e+02 2.9968496299999998e+02 3.0659495804019315e+02
1.1225585900000000e+02 2.9966262799999998e+02 3.0653217122558351e+02
1.1230468800000000e+02 2.9969443200000001e+02 3.0662156152875940e+02
1.1235351600000000e+02 2.9966233099999999e+02 3.0653133748513898e+02
1.1240234400000000e+02 2.9969855500000000e+02 3.0663313362723392e+02
1.1245117200000000e+02 2.9962317600000000e+02 3.0642131746049898e+02
1.1250000000000000e+02 2.9963188900000000e+02 3.0644580917098068e+02
1.1254882800000000e+02 2.9967148200000003e+02 3.0655705179915810e+02
1.1259765600000000e+02 2.9966592600000001e+02 3.0654144374166583e+02
1.1264648400000000e+02 2.9968921499999999e+02 3.0660686228009905e+02
1.1269531200000000e+02 2.9968583200000000e+02 3.0659735639537166e+02
1.1274414100000000e+02 2.9968040999999999e+02 3.0658212602453762e+02
1.1279296900000000e+02 2.9969051700000000e+02 3.0661050703689710e+02
1.1284179700000000e+02 2.9967300999999998e+02 3.0656134462798042e+02
1.1289062500000000e+02 2.9961392300000000e+02 3.0639544667707332e+02
1.1293945300000000e+02 2.9967531100000002e+02 3.0656780670885064e+02
1.1298828100000000e+02 2.9959962400000001e+02 3.0635533785834201e+02
1.1303710900000000e+02 2.9967824100000001e+02 3.0657603318016538e+02
1.1308593800000000e+02 2.9965298100000001e+02 3.0650513596440430e+02
1.1313476600000000e+02 2.9966257000000002e+02 3.0653205446642659e+02
1.1318359400000000e+02 2.9967519800000002e+02 3.0656749670722587e+02
1.1323242200000000e+02 2.9958811800000001e+02 3.0632315296866068e+02
1.1328125000000000e+02 2.9964760899999999e+02 3.0649009361788183e+02
1.1333007800000000e+02 2.9963842899999997e+02 3.0646434857371923e+02
1.1337890600000000e+02 2.9964099700000003e+02 3.0647156449561521e+02
1.1342773400000000e+02 2.9968939699999999e+02 3.0660733907001469e+02
1.1347656200000000e+02 2.9962000699999999e+02 3.0641271580627728e+02
1.1352539100000000e+02 2.9958092499999998e+02 3.0630312635424173e+02
1.1357421900000000e+02 2.9962966200000000e+02 3.0643982604181991e+02
1.1362304700000000e+02 2.9962607600000001e+02 3.0642978619086637e+02
1.1367187500000000e+02 2.9962023099999999e+02 3.0641341455582284e+02
1.1372070300000000e+02 2.9966092700000002e+02 3.0652752651125854e+02
1.1376953100000000e+02 2.9964145800000000e+02 3.0647295738720152e+02
1.1381835900000000e+02 2.9963836099999997e+02 3.0646428991744847e+02
1.1386718800000000e+02 2.9960974700000003e+02 3.0638410435298687e+02
1.1391601600000000e+02 2.9967174100000000e+02 3.0655786996218478e+02
1.1396484400000000e+02 2.9968800900000002e+02 3.0660346565990358e+02
1.1401367200000000e+02 2.9959301399999998e+02 3.0633728314062205e+02
1.1406250000000000e+02 2.9957861600000001e+02 3.0629696863413790e+02
1.1411132800000000e+02 2.9958686100000000e+02 3.0632009846000506e+02
1.1416015600000000e+02 2.9957732299999998e+02 3.0629340763522407e+02
1.1420898400000000e+02 2.9963241399999998e+02 3.0644775638367867e+02
1.1425781200000000e+02 2.9962545799999998e+02 3.0642829159875680e+02
1.1430664100000000e+02 2.9959264999999999e+02 3.0633642793350111e+02
1.1435546900000000e+02 2.9963356800000003e+02 3.0645104359867076e+02
1.1440429700000000e+02 2.9968577800000003e+02 3.0659725931491550e+02
1.1445312500000000e+02 2.9965187200000003e+02 3.0650233133026558e+02
1.1450195300000000e+02 2.9969052599999998e+02 3.0661056540729192e+02
1.1455078100000000e+02 2.9965930200000003e+02 3.0652316129269332e+02
1.1459960900000000e+02 2.9960262999999998e+02 3.0636453826863203e+02
1.1464843800000000e+02 2.9965826800000002e+02 3.0652029473296295e+02
1.1469726600000000e+02 2.9961932500000000e+02 3.0641131839464197e+02
1.1474609400000000e+02 2.9963425300000000e+02 3.0645311826748798e+02
1.1479492200000000e+02 2.9966423800000001e+02 3.0653704440663080e+02
1.1484375000000000e+02 2.9966076299999997e+02 3.0652733516979447e+02
1.1489257800000000e+02 2.9966621900000001e+02 3.0654261471165302e+02
1.1494140600000000e+02 2.9967693600000001e+02 3.0657260968462026e+02
1.1499023400000000e+02 2.9964961399999999e+02 3.0649619388400970e+02
1.1503906200000000e+02 2.9964644199999998e+02 3.0648734009472878e+02
1.1508789100000000e+02 2.9968184300000001e+02 3.0658636925842836e+02
1.1513671900000000e+02 2.9962608999999998e+02 3.0643046361224191e+02
1.1518554700000000e+02 2.9968607200000002e+02 3.0659821772297312e+02
1.1523437500000000e+02 2.9969212299999998e+02 3.0661514764842985e+02
1.1528320300000000e+02 2.9963412899999997e+02 3.0645301492235876e+02
1.1533203100000000e+02 2.9966017099999999e+02 3.0652584193423263e+02
1.1538085900000000e+02 2.9966331600000001e+02 3.0653465120503034e+02
1.1542968800000000e+02 2.9961841900000002e+02 3.0640917561085399e+02
1.1547851600000000e+02 2.9966590100000002e+02 3.0654191099784680e+02
1.1552734400000000e+02 2.9970719600000001e+02 3.0665733347348595e+02
1.1557617200000000e+02 2.9965403099999997e+02 3.0650877617937954e+02
1.1562500000000000e+02 2.9972435999999999e+02 3.0670530843206825e+02
1.1567382800000000e+02 2.9966500000000002e+02 3.0653946452445092e+02
1.1572265600000000e+02 2.9961835600000001e+02 3.0640917386289635e+02
1.1577148400000000e+02 2.9965199400000000e+02 3.0650317030812033e+02
1.1582031200000000e+02 2.9965788500000002e+02 3.0651964746417730e+02
1.1586914100000000e+02 2.9960719899999998e+02 3.0637810339850245e+02
1.1591796900000000e+02 2.9961971599999998e+02 3.0641309370219011e+02
1.1596679700000000e+02 2.9966358800000000e+02 3.0653563745515095e+02
1.1601562500000000e+02 2.9962040800000000e+02 3.0641508780689350e+02
1.1606445300000000e+02 2.9959386699999999e+02 3.0634101560376075e+02
1.1611328100000000e+02 2.9970535100000001e+02 3.0665229402617013e+02
1.1616210900000000e+02 2.9965369500000003e+02 3.0650810480120737e+02
1.1621093800000000e+02 2.9962019500000002e+02 3.0641461961159530e+02
1.1625976600000000e+02 2.9966680000000002e+02 3.0654473047351161e+02
1.1630859400000000e+02 2.9965272599999997e+02 3.0650547363794914e+02
1.1635742200000000e+02 2.9964835199999999e+02 3.0649329268281565e+02
1.1640625000000000e+02 2.9965257700000001e+02 3.0650510851287976e+02
1.1645507800000000e+02 2.9968619100000001e+02 3.0659892199879619e+02
1.1650390600000000e+02 2.9967149999999998e+02 3.0655795366058993e+02
1.1655273400000000e+02 2.9961521900000002e+02 3.0640097036686137e+02
1.1660156200000000e+02 2.9964792399999999e+02 3.0649223409647254e+02
1.1665039100000000e+02 2.9970162900000003e+02 3.0664205571148000e+02
1.1669921900000000e+02 2.9971205300000003e+02 3.0667114340723026e+02
1.1674804700000000e+02 2.9967541799999998e+02 3.0656899204802477e+02
1.1679687500000000e+02 2.9962301800000000e+02 3.0642289778699666e+02
1.1684570300000000e+02 2.9961516699999999e+02 3.0640104224228071e+02
1.1689453100000000e+02 2.9967590100000001e+02 3.0657040661237897e+02
1.1694335900000000e+02 2.9967837900000001e+02 3.0657733783682045e+02
1.1699218800000000e+02 2.9963851000000000e+02 3.0646622409603231e+02
1.1704101600000000e+02 2.9960830900000002e+02 3.0638207709348239e+02
1.1708984400000000e+02 2.9960814199999999e+02 3.0638165151715839e+02
1.1713867200000000e+02 2.9960640300000000e+02 3.0637684539058938e+02
1.1718750000000000e+02 2.9963120700000002e+02 3.0644600515481835e+02
1.1723632800000000e+02 2.9968807399999997e+02 3.0660449286026011e+02
1.1728515600000000e+02 2.9969826899999998e+02 3.0663291975027482e+02
1.1733398400000000e+02 2.9968561799999998e+02 3.0659769551014153e+02
1.1738281200000000e+02 2.9965915799999999e+02 3.0652401026111602e+02
1.1743164100000000e+02 2.9971203200000002e+02 3.0667131697493699e+02
1.1748046900000000e+02 2.9959816400000000e+02 3.0635419017188781e+02
1.1752929700000000e+02 2.9957341100000002e+02 3.0628529880008415e+02
1.1757812500000000e+02 2.9966455200000001e+02 3.0653915245003412e+02
1.1762695300000000e+02 2.9958920100000000e+02 3.0632936791475385e+02
1.1767578100000000e+02 2.9965862900000002e+02 3.0652272117350077e+02
1.1772460900000000e+02 2.9975291399999998e+02 3.0678524477768048e+02
1.1777343800000000e+02 2.9967613499999999e+02 3.0657151805067457e+02
1.1782226600000000e+02 2.9962349899999998e+02 3.0642503093081677e+02
1.1787109400000000e+02 2.9965196900000001e+02 3.0650431302218658e+02
1.1791992200000000e+02 2.9956780500000002e+02 3.0627011137993435e+02
1.1796875000000000e+02 2.9963247899999999e+02 3.0645014435461468e+02
1.1801757800000000e+02 2.9963864200000000e+02 3.0646733327286194e+02
1.1806640600000000e+02 2.9962806000000000e+02 3.0643792844869262e+02
1.1811523400000000e+02 2.9968420700000001e+02 3.0659417955732704e+02
1.1816406200000000e+02 2.9965035699999999e+02 3.0650003976408493e+02
1.1821289100000000e+02 2.9959853399999997e+02 3.0635592063187704e+02
1.1826171900000000e+02 2.9966691200000002e+02 3.0654616033739757e+02
1.1831054700000000e+02 2.9959797700000001e+02 3.0635446964684786e+02
1.1835937500000000e+02 2.9963995999999997e+02 3.0647127386715187e+02
1.1840820300000000e+02 2.9960774099999998e+02 3.0638172059446299e+02
1.1845703100000000e+02 2.9965776299999999e+02 3.0652085632606520e+02
1.1850585900000000e+02 2.9964704300000000e+02 3.0649108813568347e+02
1.1855468800000000e+02 2.9966290800000002e+02 3.0653523332949425e+02
1.1860351600000000e+02 2.9966848299999998e+02 3.0655076694266455e+02
1.1865234400000000e+02 2.9964866400000000e+02 3.0649571298210918e+02
1.1870117200000000e+02 2.9971106099999997e+02 3.0666917745006714e+02
1.1875000000000000e+02 2.9967575699999998e+02 3.0657108839340032e+02
1.1879882800000000e+02 2.9966267299999998e+02 3.0653476336445527e+02
1.1884765600000000e+02 2.9964366699999999e+02 3.0648198934745022e+02
1.1889648400000000e+02 2.9965336300000001e+02 3.0650897142849783e+02
1.1894531200000000e+02 2.9967318699999998e+02 3.0656408710546378e+02
1.1899414100000000e+02 2.9963003900000001e+02 3.0644425858975637e+02
1.1904296900000000e+02 2.9962875900000000e+02 3.0644074934551639e+02
1.1909179700000000e+02 2.9967882100000003e+02 3.0657984464537554e+02
1.1914062500000000e+02 2.9968594400000001e+02 3.0659966293124086e+02
1.1918945300000000e+02 2.9958796300000000e+02 3.0632759777632594e+02
1.1923828100000000e+02 2.9960205500000001e+02 3.0636678606414978e+02
1.1928710900000000e+02 2.9967622699999998e+02 3.0657278643389691e+02
1.1933593800000000e+02 2.9962077299999999e+02 3.0641886290792047e+02
1.1938476600000000e+02 2.9970104400000002e+02 3.0664175710879289e+02
1.1943359400000000e+02 2.9964828399999999e+02 3.0649533230000003e+02
1.1948242200000000e+02 2.9961546600000003e+02 3.0640428471176568e+02
1.1953125000000000e+02 2.9966330499999998e+02 3.0653711218529219e+02
1.1958007800000000e+02 2.9965532000000002e+02 3.0651499393693189e+02
1.1962890600000000e+02 2.9961459600000001e+02 3.0640202914975822e+02
1.1967773400000000e+02 2.9966599800000000e+02 3.0654471125239701e+02
1.1972656200000000e+02 2.9971785199999999e+02 3.0668862416415953e+02
1.1977539100000000e+02 2.9965789699999999e+02 3.0652232130540983e+02
1.1982421900000000e+02 2.9960985299999999e+02 3.0638908825339485e+02
1.1987304700000000e+02 2.9963783500000000e+02 3.0646676201300136e+02
1.1992187500000000e+02 2.9968729700000000e+02 3.0660400057801797e+02
1.1997070300000000e+02 2.9966042399999998e+02 3.0652951013344949e+02
1.2001953100000000e+02 2.9972021000000001e+02 3.0669535161597429e+02
1.2006835900000000e+02 2.9968367899999998e+02 3.0659408557623993e+02
1.2011718800000000e+02 2.9966576300000003e+02 3.0654445042074076e+02
1.2016601600000000e+02 2.9969312700000000e+02 3.0662036142893749e+02
1.2021484400000000e+02 2.9966184199999998e+02 3.0653367074896073e+02
1.2026367200000000e+02 2.9966697199999999e+02 3.0654793771426677e+02
1.2031250000000000e+02 2.9964523700000001e+02 3.0648773849579061e+02
1.2036132800000000e+02 2.9961418300000003e+02 3.0640172130577270e+02
1.2041015600000000e+02 2.9967839900000001e+02 3.0657974362369617e+02
1.2045898400000000e+02 2.9970027099999999e+02 3.0664039724382292e+02
1.2050781200000000e+02 2.9964156900000000e+02 3.0647778039897304e+02
1.2055664100000000e+02 2.9961711800000000e+02 3.0641008817390519e+02
1.2060546900000000e+02 2.9965739500000001e+02 3.0652173139065411e+02
1.2065429700000000e+02 2.9970606199999997e+02 3.0665659854875315e+02
1.2070312500000000e+02 2.9963746300000003e+02 3.0646662065589373e+02
1.2075195300000000e+02 2.9966201200000000e+02 3.0653467020223530e+02
1.2080078100000000e+02 2.9970608099999998e+02 3.0665676984799114e+02
1.2084960900000000e+02 2.9966690599999998e+02 3.0654832316546009e+02
1.2089843800000000e+02 2.9964285599999999e+02 3.0648177662910314e+02
1.2094726600000000e+02 2.9964276000000001e+02 3.0648156597850624e+02
1.2099609400000000e+02 2.9963867699999997e+02 3.0647031724203583e+02
1.2104492200000000e+02 2.9965321100000000e+02 3.0651060962663695e+02
1.2109375000000000e+02 2.9964841799999999e+02 3.0649739560643360e+02
1.2114257800000000e+02 2.9965291100000002e+02 3.0650988705613025e+02
1.2119140600000000e+02 2.9965751399999999e+02 3.0652268123352280e+02
1.2124023400000000e+02 2.9965482500000002e+02 3.0651529320489954e+02
1.2128906200000000e+02 2.9960953499999999e+02 3.0639001906990808e+02
1.2133789100000000e+02 2.9964183300000002e+02 3.0647945361487956e+02
1.2138671900000000e+02 2.9964081299999998e+02 3.0647668968271387e+02
1.2143554700000000e+02 2.9963341900000000e+02 3.0645629238899602e+02
1.2148437500000000e+02 2.9955313999999998e+02 3.0623427351430246e+02
1.2153320300000000e+02 2.9962253399999997e+02 3.0642630492646003e+02
1.2158203100000000e+02 2.9959601600000002e+02 3.0635302269509805e+02
1.2163085900000000e+02 2.9963492000000002e+02 3.0646068846971559e+02
1.2167968800000000e+02 2.9968514499999998e+02 3.0659964464986751e+02
1.2172851600000000e+02 2.9959833099999997e+02 3.0635963542164660e+02
1.2177734400000000e+02 2.9967417100000000e+02 3.0656940323135541e+02
1.2182617200000000e+02 2.9962745100000001e+02 3.0644028690103397e+02
1.2187500000000000e+02 2.9964470999999998e+02 3.0648806480259361e+02
1.2192382800000000e+02 2.9960229800000002e+02 3.0637088543065119e+02
1.2197265600000000e+02 2.9968803500000001e+02 3.0660794169768826e+02
1.2202148400000000e+02 2.9970775600000002e+02 3.0666249997725902e+02
1.2207031200000000e+02 2.9964067999999997e+02 3.0647717335982753e+02
1.2211914100000000e+02 2.9974745000000001e+02 3.0677228734933021e+02
1.2216796900000000e+02 2.9964737600000001e+02 3.0649580250190195e+02
1.2221679700000000e+02 2.9963099199999999e+02 3.0645059626609100e+02
1.2226562500000000e+02 2.9968532399999998e+02 3.0660076843998905e+02
1.2231445300000000e+02 2.9973383799999999e+02 3.0673484422096078e+02
1.2236328100000000e+02 2.9964823000000001e+02 3.0649841286912732e+02
1.2241210900000000e+02 2.9963852400000002e+02 3.0647166757052736e+02
1.2246093800000000e+02 2.9962353899999999e+02 3.0643034709352713e+02
1.2250976600000000e+02 2.9966409800000002e+02 3.0654242579967348e+02
1.2255859400000000e+02 2.9965043900000001e+02 3.0650476857908501e+02
1.2260742200000000e+02 2.9964632399999999e+02 3.0649347054946946e+02
1.2265625000000000e+02 2.9964544500000000e+02 3.0649110915909461e+02
1.2270507800000000e+02 2.9966930800000000e+02 3.0655705472852060e+02
1.2275390600000000e+02 2.9961699499999997e+02 3.0641270479117520e+02
1.2280273400000000e+02 2.9968391400000002e+02 3.0659749396381596e+02
1.2285156200000000e+02 2.9968432700000000e+02 3.0659869229621461e+02
1.2290039100000000e+02 2.9962524999999999e+02 3.0643570733602627e+02
1.2294921900000000e+02 2.9963086299999998e+02 3.0645126925868391e+02
1.2299804700000000e+02 2.9965324500000003e+02 3.0651310146030698e+02
1.2304687500000000e+02 2.9962881599999997e+02 3.0644576396362692e+02
1.2309570300000000e+02 2.9965013699999997e+02 3.0650466006328526e+02
1.2314453100000000e+02 2.9964570900000001e+02 3.0649251228005215e+02
1.2319335900000000e+02 2.9962466000000001e+02 3.0643451750330769e+02
1.2324218800000000e+02 2.9961995300000001e+02 3.0642160843411824e+02
1.2329101600000000e+02 2.9964058999999997e+02 3.0647860234962008e+02
1.2333984400000000e+02 2.9965021000000002e+02 3.0650520420443894e+02
1.2338867200000000e+02 2.9967969699999998e+02 3.0658658792676101e+02
1.2343750000000000e+02 2.9967600199999998e+02 3.0657646263808596e+02
1.2348632800000000e+02 2.9961789199999998e+02 3.0641630707292438e+02
1.2353515600000000e+02 2.9961006900000001e+02 3.0639481701802481e+02
1.2358398400000000e+02 2.9966602300000000e+02 3.0654914754039345e+02
1.2363281200000000e+02 2.9970543300000003e+02 3.0665784974639405e+02
1.2368164100000000e+02 2.9967445600000002e+02 3.0657252712852687e+02
1.2373046900000000e+02 2.9962447900000001e+02 3.0643485301961238e+02
1.2377929700000000e+02 2.9963273500000003e+02 3.0645768324831056e+02
1.2382812500000000e+02 2.9966693600000002e+02 3.0655200519227094e+02
1.2387695300000000e+02 2.9965092700000002e+02 3.0650796286178229e+02
1.2392578100000000e+02 2.9959304400000002e+02 3.0634855680967820e+02
1.2397460900000000e+02 2.9965350799999999e+02 3.0651521981318473e+02
1.2402343800000000e+02 2.9969663900000000e+02 3.0663410831045269e+02
1.2407226600000000e+02 2.9967588100000000e+02 3.0657699359640299e+02
1.2412109400000000e+02 2.9964007500000002e+02 3.0647844141616469e+02
1.2416992200000000e+02 2.9965775200000002e+02 3.0652720263014157e+02
1.2421875000000000e+02 2.9964043400000003e+02 3.0647958451851133e+02
1.2426757800000000e+02 2.9961199399999998e+02 3.0640134819507375e+02
1.2431640600000000e+02 2.9967273499999999e+02 3.0656867889323951e+02
1.2436523400000000e+02 2.9963529399999999e+02 3.0646566693576580e+02
1.2441406200000000e+02 2.9962319900000000e+02 3.0643244921595306e+02
1.2446289100000000e+02 2.9963128399999999e+02 3.0645478818915086e+02
1.2451171900000000e+02 2.9967154399999998e+02 3.0656568750343649e+02
1.2456054700000000e+02 2.9962861500000002e+02 3.0644760517793264e+02
1.2460937500000000e+02 2.9960179799999997e+02 3.0637388415897578e+02
1.2465820300000000e+02 2.9961763700000000e+02 3.0641756029638236e+02
1.2470703100000000e+02 2.9963975799999997e+02 3.0647851589257448e+02
1.2475585900000000e+02 2.9962601599999999e+02 3.0644078642704483e+02
1.2480468800000000e+02 2.9969404600000001e+02 3.0662803803933855e+02
1.2485351600000000e+02 2.9961608500000000e+02 3.0641363528471527e+02
1.2490234400000000e+02 2.9966193800000002e+02 3.0653985534540567e+02
1.2495117200000000e+02 2.9961999600000001e+02 3.0642456780034684e+02
1.2500000000000000e+02 2.9970684899999998e+02 3.0666353281135042e+02
1.2504882800000000e+02 2.9965282600000000e+02 3.0651502987017506e+02
1.2509765600000000e+02 2.9965546200000000e+02 3.0652235932778393e+02
1.2514648400000000e+02 2.9961703699999998e+02 3.0641678190737656e+02
1.2519531200000000e+02 2.9966076900000002e+02 3.0653711203902498e+02
1.2524414100000000e+02 2.9963564200000002e+02 3.0646811080748785e+02
1.2529296900000000e+02 2.9962328400000001e+02 3.0643422362733929e+02
1.2534179700000000e+02 2.9965947000000000e+02 3.0653378205131662e+02
1.2539062500000000e+02 2.9967881899999998e+02 3.0658704643850410e+02
1.2543945300000000e+02 2.9966846900000002e+02 3.0655867774885587e+02
1.2548828100000000e+02 2.9964537000000001e+02 3.0649527720532018e+02
1.2553710900000000e+02 2.9965516900000000e+02 3.0652228989928079e+02
1.2558593800000000e+02 2.9966385900000000e+02 3.0654625141333952e+02
1.2563476600000000e+02 2.9965572700000001e+02 3.0652399037346186e+02
1.2568359400000000e+02 2.9969041600000003e+02 3.0661937632044328e+02
1.2573242200000000e+02 2.9962589100000002e+02 3.0644219617552460e+02
1.2578125000000000e+02 2.9968970500000000e+02 3.0661757737398818e+02
1.2583007800000000e+02 2.9965950900000001e+02 3.0653471656387700e+02
1.2587890600000000e+02 2.9963522899999998e+02 3.0646811721190892e+02
1.2592773400000000e+02 2.9969926700000002e+02 3.0664407108549705e+02
1.2597656200000000e+02 2.9967757699999999e+02 3.0658458652030333e+02
1.2602539100000000e+02 2.9966244799999998e+02 3.0654312692259765e+02
1.2607421900000000e+02 2.9965972199999999e+02 3.0653572776573645e+02
1.2612304700000000e+02 2.9966830399999998e+02 3.0655937482000985e+02
1.2617187500000000e+02 2.9967045999999999e+02 3.0656537811979155e+02
1.2622070300000000e+02 2.9966933200000000e+02 3.0656236643926599e+02
1.2626953100000000e+02 2.9966591599999998e+02 3.0655307565319583e+02
1.2631835900000000e+02 2.9963613299999997e+02 3.0647142216963465e+02
1.2636718800000000e+02 2.9964524999999998e+02 3.0649653495134714e+02
1.2641601600000000e+02 2.9965844399999997e+02 3.0653283175106776e+02
1.2646484400000000e+02 2.9966311899999999e+02 3.0654574822718905e+02
1.2651367200000000e+02 2.9971124500000002e+02 3.0667787730679771e+02
1.2656250000000000e+02 2.9967110500000001e+02 3.0656783411893122e+02
1.2661132800000000e+02 2.9961332700000003e+02 3.0640942366914027e+02
1.2666015600000000e+02 2.9963794300000001e+02 3.0647704541246407e+02
1.2670898400000000e+02 2.9962048299999998e+02 3.0642925135572301e+02
1.2675781200000000e+02 2.9963747300000000e+02 3.0647594678949264e+02
1.2680664100000000e+02 2.9962025199999999e+02 3.0642881643984396e+02
1.2685546900000000e+02 2.9959210100000001e+02 3.0635172219104578e+02
1.2690429700000000e+02 2.9967406499999998e+02 3.0657656788780207e+02
1.2695312500000000e+02 2.9968065600000000e+02 3.0659472749987657e+02
1.2700195300000000e+02 2.9965032400000001e+02 3.0651166021622748e+02
1.2705078100000000e+02 2.9961833400000000e+02 3.0642406122526052e+02
1.2709960900000000e+02 2.9966099000000003e+02 3.0654108631635773e+02
1.2714843800000000e+02 2.9968336799999997e+02 3.0660251437003234e+02
1.2719726600000000e+02 2.9967231600000002e+02 3.0657231347184904e+02
1.2724609400000000e+02 2.9967778600000003e+02 3.0658739502360407e+02
1.2729492200000000e+02 2.9963076000000001e+02 3.0645862421382219e+02
1.2734375000000000e+02 2.9968810300000001e+02 3.0661584511737783e+02
1.2739257800000000e+02 2.9967539399999998e+02 3.0658111420484352e+02
1.2744140600000000e+02 2.9960758900000002e+02 3.0639544945308307e+02
1.2749023400000000e+02 2.9964049399999999e+02 3.0648569506965009e+02
1.2753906200000000e+02 2.9963008600000001e+02 3.0645728626632501e+02
1.2758789100000000e+02 2.9974077899999997e+02 3.0676056997150391e+02
1.2763671900000000e+02 2.9963969600000001e+02 3.0648381133689679e+02
1.2768554700000000e+02 2.9965869800000002e+02 3.0653594991164812e+02
1.2773437500000000e+02 2.9961757699999998e+02 3.0642344619653494e+02
1.2778320300000000e+02 2.9965397000000002e+02 3.0652320006035296e+02
1.2783203100000000e+02 2.9961559599999998e+02 3.0641823646774463e+02
1.2788085900000000e+02 2.9964647500000001e+02 3.0650288050214999e+02
1.2792968800000000e+02 2.9962274300000001e+02 3.0643801716971387e+02
1.2797851600000000e+02 2.9964641499999999e+02 3.0650292000251153e+02
1.2802734400000000e+02 2.9967402299999998e+02 3.0657858602509816e+02
1.2807617200000001e+02 2.9970304499999997e+02 3.0665811050939396e+02
1.2812500000000000e+02 2.9963990200000001e+02 3.0648540475022190e+02
1.2817382799999999e+02 2.9960825299999999e+02 3.0639890576559026e+02
1.2822265600000000e+02 2.9964206999999999e+02 3.0649154669365157e+02
1.2827148399999999e+02 2.9962034399999999e+02 3.0643221026714923e+02
1.2832031200000000e+02 2.9967225500000001e+02 3.0657433557916693e+02
1.2836914100000001e+02 2.9969783799999999e+02 3.0664441807669618e+02
1.2841796900000000e+02 2.9964403499999997e+02 3.0649734369898397e+02
1.2846679700000001e+02 2.9965845000000002e+02 3.0653687629390623e+02
1.2851562500000000e+02 2.9959073699999999e+02 3.0635179123533101e+02
1.2856445299999999e+02 2.9960153500000001e+02 3.0638143831191377e+02
1.2861328100000000e+02 2.9964612499999998e+02 3.0650348462970476e+02
1.2866210899999999e+02 2.9969279299999999e+02 3.0663119425397684e+02
1.2871093800000000e+02 2.9965291400000001e+02 3.0652226022887828e+02
1.2875976600000001e+02 2.9965801099999999e+02 3.0653630075910831e+02
1.2880859400000000e+02 2.9964481799999999e+02 3.0650034132566839e+02
1.2885742200000001e+02 2.9959502400000002e+02 3.0636434179828075e+02
1.2890625000000000e+02 2.9967768300000000e+02 3.0659038570189097e+02
1.2895507799999999e+02 2.9964841999999999e+02 3.0651051216179150e+02
1.2900390600000000e+02 2.9968028299999997e+02 3.0659769584622620e+02
1.2905273399999999e+02 2.9965554600000002e+02 3.0653020242382621e+02
1.2910156200000000e+02 2.9964798900000000e+02 3.0650966186552290e+02
1.2915039100000001e+02 2.9962121700000000e+02 3.0643662638471949e+02
1.2919921900000000e+02 2.9961988200000002e+02 3.0643309509067723e+02
1.2924804700000001e+02 2.9971103199999999e+02 3.0668220959522728e+02
1.2929687500000000e+02 2.9967469899999998e+02 3.0658306261843546e+02
1.2934570299999999e+02 2.9967608799999999e+02 3.0658696206746185e+02
1.2939453100000000e+02 2.9965236700000003e+02 3.0652228311811672e+02
1.2944335899999999e+02 2.9963691699999998e+02 3.0648020173361948e+02
1.2949218800000000e+02 2.9965262200000001e+02 3.0652320182048925e+02
1.2954101600000001e+02 2.9967412600000000e+02 3.0658202971983440e+02
1.2958984400000000e+02 2.9967829499999999e+02 3.0659351970263617e+02
1.2963867200000001e+02 2.9964769000000001e+02 3.0651007311548051e+02
1.2968750000000000e+02 2.9960715399999998e+02 3.0639952951590732e+02
1.2973632799999999e+02 2.9961329899999998e+02 3.0641642569491142e+02
1.2978515600000000e+02 2.9966758800000002e+02 3.0656472552326096e+02
1.2983398399999999e+02 2.9965794699999998e+02 3.0653852362752912e+02
1.2988281200000000e+02 2.9962608699999998e+02 3.0645169008813855e+02
1.2993164100000001e+02 2.9958784700000001e+02 3.0634746040615147e+02
1.2998046900000000e+02 2.9960552000000001e+02 3.0639581116914599e+02
1.3002929700000001e+02 2.9961092600000001e+02 3.0641068573095049e+02
1.3007812500000000e+02 2.9971602400000000e+02 3.0669753626214685e+02
1.3012695299999999e+02 2.9963129400000003e+02 3.0646649761544620e+02
1.3017578100000000e+02 2.9962102900000002e+02 3.0643861763455760e+02
1.3022460899999999e+02 2.9962523599999997e+02 3.0645021546812376e+02
1.3027343800000000e+02 2.9957855699999999e+02 3.0632302803792584e+02
1.3032226600000001e+02 2.9960958299999999e+02 3.0640777281267071e+02
1.3037109400000000e+02 2.9964539100000002e+02 3.0650554520705515e+02
1.3041992200000001e+02 2.9963945799999999e+02 3.0648948684327689e+02
1.3046875000000000e+02 2.9966022199999998e+02 3.0654622110247334e+02
1.3051757799999999e+02 2.9963456400000001e+02 3.0647638636052562e+02
1.3056640600000000e+02 2.9966798100000000e+02 3.0656760705334705e+02
1.3061523399999999e+02 2.9966376300000002e+02 3.0655622520168714e+02
1.3066406200000000e+02 2.9965633600000001e+02 3.0653609871547326e+02
1.3071289100000001e+02 2.9967287700000003e+02 3.0658129993622771e+02
1.3076171900000000e+02 2.9960974900000002e+02 3.0640937496220528e+02
1.3081054700000001e+02 2.9964604500000002e+02 3.0650841331278076e+02
1.3085937500000000e+02 2.9966381500000000e+02 3.0655695625845675e+02
1.3090820299999999e+02 2.9963712700000002e+02 3.0648435967472841e+02
1.3095703100000000e+02 2.9963861200000002e+02 3.0648853022860425e+02
1.3100585899999999e+02 2.9963983600000000e+02 3.0649198948313546e+02
1.3105468800000000e+02 2.9969463000000002e+02 3.0664137486956480e+02
1.3110351600000001e+02 2.9960667400000000e+02 3.0640191214434162e+02
1.3115234400000000e+02 2.9959257300000002e+02 3.0636363882904794e+02
1.3120117200000001e+02 2.9964594799999998e+02 3.0650913652331332e+02
1.3125000000000000e+02 2.9964767100000000e+02 3.0651395358390357e+02
1.3129882799999999e+02 2.9966321499999998e+02 3.0655640482974724e+02
1.3134765600000000e+02 2.9963220200000001e+02 3.0647208499299029e+02
1.3139648399999999e+02 2.9963703400000003e+02 3.0648536936523954e+02
1.3144531200000000e+02 2.9962755800000002e+02 3.0645970027935755e+02
1.3149414100000001e+02 2.9967743300000001e+02 3.0659559917425264e+02
1.3154296900000000e+02 2.9967638399999998e+02 3.0659286438167118e+02
1.3159179700000001e+02 2.9968736799999999e+02 3.0662288133049367e+02
1.3164062500000000e+02 2.9965207600000002e+02 3.0652695135483003e+02
1.3168945299999999e+02 2.9964236299999999e+02 3.0650064567158381e+02
1.3173828100000000e+02 2.9969673699999998e+02 3.0664873437895210e+02
1.3178710899999999e+02 2.9967950200000001e+02 3.0660195728806821e+02
1.3183593800000000e+02 2.9961378500000001e+02 3.0642328095232983e+02
1.3188476600000001e+02 2.9962167199999999e+02 3.0644487379921998e+02
1.3193359400000000e+02 2.9962747999999999e+02 3.0646080819591180e+02
1.3198242200000001e+02 2.9964095500000002e+02 3.0649759570911908e+02
1.3203125000000000e+02 2.9961990800000001e+02 3.0644048114565175e+02
1.3208007799999999e+02 2.9965178400000002e+02 3.0652731075257884e+02
1.3212890600000000e+02 2.9963567399999999e+02 3.0648362947448561e+02
1.3217773399999999e+02 2.9958889799999997e+02 3.0635656506578431e+02
1.3222656200000000e+02 2.9958421900000002e+02 3.0634398591752284e+02
1.3227539100000001e+02 2.9965324800000002e+02 3.0653181307359017e+02
1.3232421900000000e+02 2.9967136599999998e+02 3.0658120127147384e+02
1.3237304700000001e+02 2.9967029100000002e+02 3.0657840657141082e+02
1.3242187500000000e+02 2.9966942399999999e+02 3.0657617805834496e+02
1.3247070299999999e+02 2.9963395900000000e+02 3.0647991030674660e+02
1.3251953100000000e+02 2.9964070600000002e+02 3.0649838411766086e+02
1.3256835899999999e+02 2.9962668900000000e+02 3.0646042589369955e+02
1.3261718800000000e+02 2.9965718199999998e+02 3.0654342799042740e+02
1.3266601600000001e+02 2.9962104199999999e+02 3.0644535889381626e+02
1.3271484400000000e+02 2.9966613300000000e+02 3.0656801396961998e+02
1.3276367200000001e+02 2.9967860600000000e+02 3.0660203276402672e+02
1.3281250000000000e+02 2.9961619800000000e+02 3.0643262150668443e+02
1.3286132799999999e+02 2.9964233700000000e+02 3.0650376900813058e+02
1.3291015600000000e+02 2.9964544300000000e+02 3.0651234303651688e+02
1.3295898399999999e+02 2.9966223600000001e+02 3.0655809055986333e+02
1.3300781200000000e+02 2.9964794200000000e+02 3.0651940444541805e+02
1.3305664100000001e+02 2.9961164200000002e+02 3.0642096429123427e+02
1.3310546900000000e+02 2.9964416100000000e+02 3.0650941231477702e+02
1.3315429700000001e+02 2.9957405199999999e+02 3.0631918927333942e+02
1.3320312500000000e+02 2.9961801900000000e+02 3.0643871399777805e+02
1.3325195299999999e+02 2.9959788099999997e+02 3.0638418766993658e+02
1.3330078100000000e+02 2.9967833700000000e+02 3.0660274411411143e+02
1.3334960899999999e+02 2.9967129199999999e+02 3.0658375425509092e+02
1.3339843800000000e+02 2.9959127100000001e+02 3.0636669520221432e+02
1.3344726600000001e+02 2.9962290600000000e+02 3.0645270443758795e+02
1.3349609400000000e+02 2.9963760200000002e+02 3.0649273201889838e+02
1.3354492200000001e+02 2.9961773399999998e+02 3.0643896092245211e+02
1.3359375000000000e+02 2.9958307900000000e+02 3.0634507509799545e+02
1.3364257799999999e+02 2.9960954199999998e+02 3.0641702909484695e+02
1.3369140600000000e+02 2.9958621299999999e+02 3.0635388704909036e+02
1.3374023399999999e+02 2.9964970899999997e+02 3.0652629346589623e+02
1.3378906200000000e+02 2.9965268300000002e+02 3.0653450284269871e+02
1.3383789100000001e+02 2.9963026600000001e+02 3.0647384095467919e+02
1.3388671900000000e+02 2.9959904599999999e+02 3.0638931301208282e+02
1.3393554700000001e+02 2.9962105000000003e+02 3.0644914104243293e+02
1.3398437500000000e+02 2.9963980199999997e+02 3.0650014181061550e+02
1.3403320299999999e+02 2.9961284400000000e+02 3.0642718864125879e+02
1.3408203100000000e+02 2.9958397000000002e+02 3.0634905164917825e+02
1.3413085899999999e+02 2.9962588199999999e+02 3.0646284067331652e+02
1.3417968800000000e+02 2.9963482399999998e+02 3.0648723199548539e+02
1.3422851600000001e+02 2.9966137400000002e+02 3.0655935156167476e+02
1.3427734400000000e+02 2.9964745799999997e+02 3.0652177432731344e+02
1.3432617200000001e+02 2.9958947100000000e+02 3.0636475374486872e+02
1.3437500000000000e+02 2.9965120100000001e+02 3.0653221167179822e+02
1.3442382799999999e+02 2.9967276500000003e+02 3.0659079605257608e+02
1.3447265600000000e+02 2.9965020600000003e+02 3.0652980846357622e+02
1.3452148399999999e+02 2.9961817100000002e+02 3.0644315428308795e+02
1.3457031200000000e+02 2.9964312600000000e+02 3.0651092086917771e+02
1.3461914100000001e+02 2.9959625000000000e+02 3.0638407470183705e+02
1.3466796900000000e+02 2.9961127599999998e+02 3.0642493891458906e+02
1.3471679700000001e+02 2.9968563999999998e+02 3.0662653102710277e+02
1.3476562500000000e+02 2.9959258299999999e+02 3.0637462062091390e+02
1.3481445299999999e+02 2.9963315399999999e+02 3.0648466314426543e+02
1.3486328100000000e+02 2.9958159200000000e+02 3.0634517705816864e+02
1.3491210899999999e+02 2.9965517699999998e+02 3.0654460750965495e+02
1.3496093800000000e+02 2.9965452900000003e+02 3.0654300225497315e+02
1.3500976600000001e+02 2.9971354500000001e+02 3.0670294271089227e+02
1.3505859400000000e+02 2.9964789800000000e+02 3.0652534968561963e+02
1.3510742200000001e+02 2.9963893400000001e+02 3.0650123439216634e+02
1.3515625000000000e+02 2.9963968999999997e+02 3.0650343489293260e+02
1.3520507799999999e+02 2.9965205500000002e+02 3.0653705848953774e+02
1.3525390600000000e+02 2.9962317200000001e+02 3.0645903632389269e+02
1.3530273399999999e+02 2.9961598400000003e+02 3.0643974103378179e+02
1.3535156200000000e+02 2.9965491800000001e+02 3.0654526367016916e+02
1.3540039100000001e+02 2.9960895499999998e+02 3.0642104096839006e+02
1.3544921900000000e+02 2.9962831100000000e+02 3.0647357628550833e+02
1.3549804700000001e+02 2.9964296999999999e+02 3.0651339610108613e+02
1.3554687500000000e+02 2.9966452600000002e+02 3.0657186952323099e+02
1.3559570299999999e+02 2.9966395599999998e+02 3.0657047964530233e+02
1.3564453100000000e+02 2.9957480800000002e+02 3.0632948738412341e+02
1.3569335899999999e+02 2.9960844300000002e+02 3.0642063376933220e+02
1.3574218800000000e+02 2.9962305199999997e+02 3.0646030949291787e+02
1.3579101600000001e+02 2.9963084700000002e+02 3.0648155199281803e+02
1.3583984400000000e+02 2.9959609200000000e+02 3.0638772800046581e+02
1.3588867200000001e+02 2.9961175200000002e+02 3.0643024043066947e+02
1.3593750000000000e+02 2.9962493899999998e+02 3.0646606049675506e+02
1.3598632799999999e+02 2.9971158800000001e+02 3.0670048807414389e+02
1.3603515600000000e+02 2.9967728599999998e+02 3.0660790166631836e+02
1.3608398399999999e+02 2.9966160300000001e+02 3.0656566027412225e+02
1.3613281200000000e+02 2.9961866900000001e+02 3.0644976560046086e+02
1.3618164100000001e+02 2.9960999900000002e+02 3.0642649754532698e+02
1.3623046900000000e+02 2.9964051200000000e+02 3.0650912997641245e+02
1.3627929700000001e+02 2.9963744500000001e+02 3.0650100339344846e+02
1.3632812500000000e+02 2.9964081599999997e+02 3.0651027529016329e+02
1.3637695299999999e+02 2.9966467399999999e+02 3.0657490263534294e+02
1.3642578100000000e+02 2.9967433399999999e+02 3.0660116034266065e+02
1.3647460899999999e+02 2.9958890400000001e+02 3.0637051632048303e+02
1.3652343800000000e+02 2.9965172999999999e+02 3.0654041039604834e+02
1.3657226600000001e+02 2.9959576900000002e+02 3.0638940798774104e+02
1.3662109400000000e+02 2.9958495799999997e+02 3.0636038001468427e+02
1.3666992200000001e+02 2.9968880799999999e+02 3.0664103829960368e+02
1.3671875000000000e+02 2.9966186900000002e+02 3.0656844090998635e+02
1.3676757799999999e+02 2.9967092800000000e+02 3.0659306535051127e+02
1.3681640600000000e+02 2.9963375600000001e+02 3.0649285104654547e+02
1.3686523399999999e+02 2.9970722899999998e+02 3.0669139979417196e+02
1.3691406200000000e+02 2.9966788200000002e+02 3.0658532146095058e+02
1.3696289100000001e+02 2.9959921700000001e+02 3.0640011008266890e+02
1.3701171900000000e+02 2.9960823299999998e+02 3.0642462359688267e+02
1.3706054700000001e+02 2.9961136399999998e+02 3.0643324868815256e+02
1.3710937500000000e+02 2.9966147699999999e+02 3.0656868103302173e+02
1.3715820299999999e+02 2.9963364700000000e+02 3.0649373503729487e+02
1.3720703100000000e+02 2.9965095800000000e+02 3.0654062173986682e+02
1.3725585899999999e+02 2.9968623000000002e+02 3.0663596962591555e+02
1.3730468800000000e+02 2.9960752200000002e+02 3.0642375226901953e+02
1.3735351600000001e+02 2.9966200700000002e+02 3.0657093415776086e+02
1.3740234400000000e+02 2.9967009200000001e+02 3.0659291229373866e+02
1.3745117200000001e+02 2.9964007199999998e+02 3.0651209138755246e+02
1.3750000000000000e+02 2.9960323899999997e+02 3.0641290438958140e+02
1.3754882799999999e+02 2.9964374400000003e+02 3.0652233740345923e+02
1.3759765600000000e+02 2.9967612100000002e+02 3.0660983273025107e+02
1.3764648399999999e+02 2.9971032200000002e+02 3.0670223497511762e+02
1.3769531200000000e+02 2.9969072899999998e+02 3.0664955611191783e+02
1.3774414100000001e+02 2.9962518499999999e+02 3.0647297655829550e+02
1.3779296900000000e+02 2.9963072799999998e+02 3.0648809793721796e+02
1.3784179700000001e+02 2.9962968400000000e+02 3.0648545796386492e+02
1.3789062500000000e+02 2.9964923099999999e+02 3.0653833115925363e+02
1.3793945299999999e+02 2.9963064100000003e+02 3.0648838886575635e+02
1.3798828100000000e+02 2.9960165000000001e+02 3.0641041756337620e+02
1.3803710899999999e+02 2.9958854600000001e+02 3.0637527925107150e+02
1.3808593800000000e+02 2.9965223800000001e+02 3.0654712524482699e+02
1.3813476600000001e+02 2.9965370200000001e+02 3.0655124340480035e+02
1.3818359400000000e+02 2.9962423600000000e+02 3.0647201150718558e+02
1.3823242200000001e+02 2.9966700600000001e+02 3.0658743818182489e+02
1.3828125000000000e+02 2.9962799699999999e+02 3.0648250315686118e+02
1.3833007799999999e+02 2.9965058699999997e+02 3.0654354409517219e+02
1.3837890600000000e+02 2.9960632800000002e+02 3.0642448449644235e+02
1.3842773399999999e+02 2.9964359000000002e+02 3.0652504529448834e+02
1.3847656200000000e+02 2.9961405500000001e+02 3.0644566583992480e+02
1.3852539100000001e+02 2.9960013500000002e+02 3.0640835612086869e+02
1.3857421900000000e+02 2.9963996700000001e+02 3.0651581913212738e+02
1.3862304700000001e+02 2.9962020000000001e+02 3.0646276422680148e+02
1.3867187500000000e+02 2.9960723300000001e+02 3.0642802870562264e+02
1.3872070299999999e+02 2.9960316699999998e+02 3.0641726589973109e+02
1.3876953100000000e+02 2.9966809799999999e+02 3.0659227711126942e+02
1.3881835899999999e+02 2.9966007999999999e+02 3.0657086494219112e+02
1.3886718800000000e+02 2.9966878800000001e+02 3.0659448395320658e+02
1.3891601600000001e+02 2.9959431499999999e+02 3.0639418604843468e+02
1.3896484400000000e+02 2.9963137399999999e+02 3.0649412730218512e+02
1.3901367200000001e+02 2.9967331100000001e+02 3.0660718375702294e+02
1.3906250000000000e+02 2.9969145900000001e+02 3.0665620083676254e+02
1.3911132799999999e+02 2.9964291100000003e+02 3.0652572454397591e+02
1.3916015600000000e+02 2.9962850600000002e+02 3.0648714351497239e+02
1.3920898399999999e+02 2.9962034399999999e+02 3.0646536660944048e+02
1.3925781200000000e+02 2.9966330799999997e+02 3.0658114971274426e+02
1.3930664100000001e+02 2.9961739999999998e+02 3.0645782008496047e+02
1.3935546900000000e+02 2.9960378900000001e+02 3.0642139238219539e+02
1.3940429700000001e+02 2.9961820499999999e+02 3.0646036184424247e+02
1.3945312500000000e+02 2.9967304799999999e+02 3.0660806548826139e+02
1.3950195299999999e+02 2.9966609799999998e+02 3.0658955124598998e+02
1.3955078100000000e+02 2.9961345299999999e+02 3.0644814845010563e+02
1.3959960899999999e+02 2.9960891800000002e+02 3.0643614339057018e+02
1.3964843800000000e+02 2.9962638099999998e+02 3.0648329312107683e+02
1.3969726600000001e+02 2.9969508800000000e+02 3.0666822199982187e+02
1.3974609400000000e+02 2.9971824700000002e+02 3.0673066359072226e+02
1.3979492200000001e+02 2.9967317700000001e+02 3.0660966779451485e+02
1.3984375000000000e+02 2.9967409400000003e+02 3.0661231360102147e+02
1.3989257799999999e+02 2.9966763800000001e+02 3.0659514042528565e+02
1.3994140600000000e+02 2.9961488600000001e+02 3.0645353308338491e+02
1.3999023399999999e+02 2.9963329199999998e+02 3.0650319508763585e+02
1.4003906200000000e+02 2.9967212599999999e+02 3.0660775010684347e+02
1.4008789100000001e+02 2.9961837900000000e+02 3.0646349930709198e+02
1.4013671900000000e+02 2.9967268400000000e+02 3.0660961501402511e+02
1.4018554700000001e+02 2.9963910399999997e+02 3.0651957202490161e+02
1.4023437500000000e+02 2.9960516999999999e+02 3.0642859108346892e+02
1.4028320299999999e+02 2.9965060399999999e+02 3.0655084712062785e+02
1.4033203100000000e+02 2.9963990400000000e+02 3.0652229176399698e+02
1.4038085899999999e+02 2.9961403500000000e+02 3.0645299477568381e+02
1.4042968800000000e+02 2.9958294799999999e+02 3.0636969269368223e+02
1.4047851600000001e+02 2.9958187600000002e+02 3.0636701580187594e+02
1.4052734400000000e+02 2.9963221499999997e+02 3.0650240738278802e+02
1.4057617200000001e+02 2.9965626099999997e+02 3.0656717350753536e+02
1.4062500000000000e+02 2.9967656299999999e+02 3.0662187747945177e+02
1.4067382799999999e+02 2.9955935499999998e+02 3.0630736000978339e+02
1.4072265600000000e+02 2.9965469100000001e+02 3.0656352721790859e+02
1.4077148399999999e+02 2.9965423900000002e+02 3.0656250435050163e+02
1.4082031200000000e+02 2.9961759799999999e+02 3.0646433520293243e+02
1.4086914100000001e+02 2.9967188499999997e+02 3.0661025275502044e+02
1.4091796900000000e+02 2.9966471300000001e+02 3.0659119106431996e+02
1.4096679700000001e+02 2.9967018700000000e+02 3.0660607251284893e+02
1.4101562500000000e+02 2.9960916400000002e+02 3.0644249618874335e+02
1.4106445299999999e+02 2.9965790700000002e+02 3.0657349828092816e+02
1.4111328100000000e+02 2.9965576800000002e+02 3.0656795099529558e+02
1.4116210899999999e+02 2.9960320600000000e+02 3.0642711476260945e+02
1.4121093800000000e+02 2.9964915800000000e+02 3.0655060328369706e+02
1.4125976600000001e+02 2.9968087900000000e+02 3.0663589689984497e+02
1.4130859400000000e+02 2.9965355099999999e+02 3.0656277781066393e+02
1.4135742200000001e+02 2.9962637100000001e+02 3.0649006635830835e+02
1.4140625000000000e+02 2.9961436300000003e+02 3.0645805919372742e+02
1.4145507799999999e+02 2.9962511599999999e+02 3.0648710118674887e+02
1.4150390600000000e+02 2.9959242499999999e+02 3.0639963216418482e+02
1.4155273399999999e+02 2.9963261599999998e+02 3.0650761559021709e+02
1.4160156200000000e+02 2.9963436100000001e+02 3.0651249493956237e+02
1.4165039100000001e+02 2.9961032799999998e+02 3.0644825758785782e+02
1.4169921900000000e+02 2.9966846600000002e+02 3.0660433227764486e+02
1.4174804700000001e+02 2.9968280199999998e+02 3.0664295929873151e+02
1.4179687500000000e+02 2.9964425999999997e+02 3.0653983380040904e+02
1.4184570299999999e+02 2.9960455999999999e+02 3.0643361914588553e+02
1.4189453100000000e+02 2.9963452599999999e+02 3.0651414375265460e+02
1.4194335899999999e+02 2.9966588300000001e+02 3.0659838541576983e+02
1.4199218800000000e+02 2.9966133200000002e+02 3.0658638581048467e+02
1.4204101600000001e+02 2.9964387199999999e+02 3.0653979583821592e+02
1.4208984400000000e+02 2.9963846400000000e+02 3.0652550635676187e+02
1.4213867200000001e+02 2.9959325000000001e+02 3.0640456557355031e+02
1.4218750000000000e+02 2.9961191600000001e+02 3.0645478606827453e+02
1.4223632799999999e+02 2.9957171000000000e+02 3.0634728408305500e+02
1.4228515600000000e+02 2.9959382599999998e+02 3.0640674401268802e+02
1.4233398399999999e+02 2.9958841600000000e+02 3.0639246519867129e+02
1.4238281200000000e+02 2.9965590300000002e+02 3.0657343599385575e+02
1.4243164100000001e+02 2.9965657599999997e+02 3.0657543978143690e+02
1.4248046900000000e+02 2.9963859900000000e+02 3.0652749845998170e+02
1.4252929700000001e+02 2.9962722200000002e+02 3.0649723790743502e+02
1.4257812500000000e+02 2.9962675400000001e+02 3.0649619241859870e+02
1.4262695299999999e+02 2.9962806399999999e+02 3.0649990794859377e+02
1.4267578100000000e+02 2.9959115600000001e+02 3.0640130309752277e+02
1.4272460899999999e+02 2.9961511400000001e+02 3.0646565616596632e+02
1.4277343800000000e+02 2.9963347599999997e+02 3.0651502064922488e+02
1.4282226600000001e+02 2.9958523900000000e+02 3.0638611183797906e+02
1.4287109400000000e+02 2.9965907900000002e+02 3.0658396428470297e+02
1.4291992200000001e+02 2.9967429099999998e+02 3.0662488074244715e+02
1.4296875000000000e+02 2.9964521999999999e+02 3.0654728348873886e+02
1.4301757799999999e+02 2.9961042500000002e+02 3.0645438010174195e+02
1.4306640600000000e+02 2.9963417900000002e+02 3.0651815462221987e+02
1.4311523399999999e+02 2.9967328099999997e+02 3.0662298573472714e+02
1.4316406200000000e+02 2.9964101299999999e+02 3.0653685824745452e+02
1.4321289100000001e+02 2.9963338499999998e+02 3.0651666071457402e+02
1.4326171900000000e+02 2.9963334200000003e+02 3.0651675652265175e+02
1.4331054700000001e+02 2.9963322499999998e+02 3.0651665471348105e+02
1.4335937500000000e+02 2.9960974099999999e+02 3.0645405419232196e+02
1.4340820299999999e+02 2.9957002799999998e+02 3.0634805844990001e+02
1.4345703100000000e+02 2.9964372100000003e+02 3.0654535952262762e+02
1.4350585899999999e+02 2.9964563700000002e+02 3.0655069357374771e+02
1.4355468800000000e+02 2.9962281800000000e+02 3.0648988755741948e+02
1.4360351600000001e+02 2.9957962800000001e+02 3.0637462343367247e+02
1.4365234400000000e+02 2.9958174600000001e+02 3.0638050925938091e+02
1.4370117200000001e+02 2.9960360300000002e+02 3.0643916434600851e+02
1.4375000000000000e+02 2.9964947400000000e+02 3.0656200562523662e+02
1.4379882799999999e+02 2.9964809100000002e+02 3.0655852006347965e+02
1.4384765600000000e+02 2.9961763800000000e+02 3.0647733643537259e+02
1.4389648399999999e+02 2.9963490500000000e+02 3.0652370252077867e+02
1.4394531200000000e+02 2.9966884399999998e+02 3.0661461762460431e+02
1.4399414100000001e+02 2.9968700999999999e+02 3.0666337084967864e+02
1.4404296900000000e+02 2.9967167400000000e+02 3.0662259759412029e+02
1.4409179700000001e+02 2.9963194800000002e+02 3.0651666273077814e+02
1.4414062500000000e+02 2.9960854899999998e+02 3.0645436387108981e+02
1.4418945299999999e+02 2.9956659999999999e+02 3.0634251708356538e+02
1.4423828100000000e+02 2.9961273299999999e+02 3.0646598338217552e+02
1.4428710899999999e+02 2.9962532700000003e+02 3.0649984494780773e+02
1.4433593800000000e+02 2.9961494199999999e+02 3.0647232582153060e+02
1.4438476600000001e+02 2.9962746600000003e+02 3.0650599598044278e+02
1.4443359400000000e+02 2.9965319899999997e+02 3.0657493788855896e+02
1.4448242200000001e+02 2.9961110600000001e+02 3.0646274644130017e+02
1.4453125000000000e+02 2.9961562600000002e+02 3.0647503867700857e+02
1.4458007799999999e+02 2.9960729800000001e+02 3.0645302465682261e+02
1.4462890600000000e+02 2.9965930200000003e+02 3.0659209277229479e+02
1.4467773399999999e+02 2.9959651300000002e+02 3.0642468041586727e+02
1.4472656200000000e+02 2.9956952400000000e+02 3.0635285971219776e+02
1.4477539100000001e+02 2.9958081900000002e+02 3.0638324155397692e+02
1.4482421900000000e+02 2.9964094599999999e+02 3.0654395895518786e+02
1.4487304700000001e+02 2.9967215199999998e+02 3.0662746572882747e+02
1.4492187500000000e+02 2.9960518400000001e+02 3.0644895723797578e+02
1.4497070299999999e+02 2.9962441500000000e+02 3.0650050335029505e+02
1.4501953100000000e+02 2.9964302199999997e+02 3.0655037762747958e+02
1.4506835899999999e+02 2.9963997799999999e+02 3.0654247566832572e+02
1.4511718800000000e+02 2.9962436000000002e+02 3.0650102716772545e+02
1.4516601600000001e+02 2.9959203900000000e+02 3.0641502342221759e+02
1.4521484400000000e+02 2.9965623399999998e+02 3.0658650517027360e+02
1.4526367200000001e+02 2.9958851700000002e+02 3.0640608940092301e+02
1.4531250000000000e+02 2.9961468700000000e+02 3.0647612443663007e+02
1.4536132799999999e+02 2.9965148900000003e+02 3.0657450711418420e+02
1.4541015600000000e+02 2.9962096900000000e+02 3.0649333253050560e+02
1.4545898399999999e+02 2.9970019200000002e+02 3.0670482798786236e+02
1.4550781200000000e+02 2.9966713099999998e+02 3.0661688044981889e+02
1.4555664100000001e+02 2.9962299300000001e+02 3.0649940955041455e+02
1.4560546900000000e+02 2.9961307399999998e+02 3.0647319028863001e+02
1.4565429700000001e+02 2.9962971399999998e+02 3.0651778214647311e+02
1.4570312500000000e+02 2.9955574300000001e+02 3.0632081262158965e+02
1.4575195299999999e+02 2.9959942899999999e+02 3.0643750516409631e+02
1.4580078100000000e+02 2.9966092700000002e+02 3.0660165980178425e+02
1.4584960899999999e+02 2.9962987099999998e+02 3.0651910748046066e+02
1.4589843800000000e+02 2.9959336600000000e+02 3.0642204445926649e+02
1.4594726600000001e+02 2.9957455900000002e+02 3.0637215916103355e+02
1.4599609400000000e+02 2.9965309000000002e+02 3.0658166367968767e+02
1.4604492200000001e+02 2.9969509799999997e+02 3.0669382146934487e+02
1.4609375000000000e+02 2.9966553499999998e+02 3.0661527051009040e+02
1.4614257799999999e+02 2.9965395699999999e+02 3.0658464653557814e+02
1.4619140600000000e+02 2.9963225599999998e+02 3.0652705898461255e+02
1.4624023399999999e+02 2.9959677599999998e+02 3.0643277429311519e+02
1.4628906200000000e+02 2.9958515499999999e+02 3.0640205537034905e+02
1.4633789100000001e+02 2.9962926099999999e+02 3.0651976951716495e+02
1.4638671900000000e+02 2.9953298400000000e+02 3.0626358396666603e+02
1.4643554700000001e+02 2.9955743200000001e+02 3.0632894027006029e+02
1.4648437500000000e+02 2.9953716500000002e+02 3.0627521408721555e+02
1.4653320299999999e+02 2.9958381900000001e+02 3.0639969085841426e+02
1.4658203100000000e+02 2.9965909099999999e+02 3.0660034909228420e+02
1.4663085899999999e+02 2.9971799700000003e+02 3.0675740741411045e+02
1.4667968800000000e+02 2.9968764599999997e+02 3.0667682206528258e+02
1.4672851600000001e+02 2.9960965599999997e+02 3.0646943054001372e+02
1.4677734400000000e+02 2.9956425500000000e+02 3.0634881508997103e+02
1.4682617200000001e+02 2.9956017600000001e+02 3.0633820261621395e+02
1.4687500000000000e+02 2.9963227799999999e+02 3.0653034834034355e+02
1.4692382799999999e+02 2.9964325800000000e+02 3.0655980259358427e+02
1.4697265600000000e+02 2.9957842799999997e+02 3.0638751142699635e+02
1.4702148399999999e+02 2.9960960299999999e+02 3.0647071025061126e+02
1.4707031200000000e+02 2.9967833600000000e+02 3.0665383207851460e+02
1.4711914100000001e+02 2.9962925600000000e+02 3.0652347502289183e+02
1.4716796900000000e+02 2.9956613700000003e+02 3.0635578609475732e+02
1.4721679700000001e+02 2.9960277900000000e+02 3.0645350939396525e+02
1.4726562500000000e+02 2.9959514500000000e+02 3.0643344249043685e+02
1.4731445299999999e+02 2.9955832600000002e+02 3.0633574965468688e+02
1.4736328100000000e+02 2.9960701599999999e+02 3.0646549965431473e+02
1.4741210899999999e+02 2.9958065800000003e+02 3.0639563981455768e+02
1.4746093800000000e+02 2.9957364799999999e+02 3.0637724287991620e+02
1.4750976600000001e+02 2.9963748800000002e+02 3.0654725125928042e+02
1.4755859400000000e+02 2.9968588999999997e+02 3.0667618746699344e+02
1.4760742200000001e+02 2.9967036500000000e+02 3.0663513643913279e+02
1.4765625000000000e+02 2.9962858699999998e+02 3.0652429402239829e+02
1.4770507799999999e+02 2.9960040700000002e+02 3.0644961654954523e+02
1.4775390600000000e+02 2.9967057299999999e+02 3.0663638065486532e+02
1.4780273399999999e+02 2.9963135100000000e+02 3.0653235553697937e+02
1.4785156200000000e+02 2.9964948900000002e+02 3.0658080316538349e+02
1.4790039100000001e+02 2.9959519100000000e+02 3.0643672821760146e+02
1.4794921900000000e+02 2.9963251800000000e+02 3.0653617239734041e+02
1.4799804700000001e+02 2.9965232400000002e+02 3.0658904343898496e+02
1.4804687500000000e+02 2.9963372600000002e+02 3.0653986022319543e+02
1.4809570299999999e+02 2.9964493499999998e+02 3.0656988203073644e+02
1.4814453100000000e+02 2.9960419700000000e+02 3.0646188457986426e+02
1.4819335899999999e+02 2.9957730299999997e+02 3.0639068091394842e+02
1.4824218800000000e+02 2.9960971599999999e+02 3.0647703594413161e+02
1.4829101600000001e+02 2.9961248699999999e+02 3.0648464109720555e+02
1.4833984400000000e+02 2.9961860899999999e+02 3.0650114625848215e+02
1.4838867200000001e+02 2.9956484899999998e+02 3.0635860512833085e+02
1.4843750000000000e+02 2.9960108000000002e+02 3.0645508015171941e+02
1.4848632799999999e+02 2.9961462899999998e+02 3.0649130807018417e+02
1.4853515600000000e+02 2.9960701000000000e+02 3.0647132129616097e+02
1.4858398399999999e+02 2.9962699199999997e+02 3.0652462511875268e+02
1.4863281200000000e+02 2.9960057200000000e+02 3.0645472131625741e+02
1.4868164100000001e+02 2.9956564200000003e+02 3.0636223397513157e+02
1.4873046900000000e+02 2.9959026599999999e+02 3.0642785850295496e+02
1.4877929700000001e+02 2.9958401700000002e+02 3.0641152084756436e+02
1.4882812500000000e+02 2.9959198300000003e+02 3.0643291748265102e+02
1.4887695299999999e+02 2.9962148500000001e+02 3.0651147217427376e+02
1.4892578100000000e+02 2.9960935899999998e+02 3.0647953546667435e+02
1.4897460899999999e+02 2.9968562600000001e+02 3.0668218376878968e+02
1.4902343800000000e+02 2.9964529299999998e+02 3.0657538879627151e+02
1.4907226600000001e+02 2.9963377500000001e+02 3.0654506841733900e+02
1.4912109400000000e+02 2.9966306400000002e+02 3.0662302578584871e+02
1.4916992200000001e+02 2.9960261000000003e+02 3.0646287337814061e+02
1.4921875000000000e+02 2.9956039099999998e+02 3.0635111915558247e+02
1.4926757799999999e+02 2.9960678100000001e+02 3.0647443985780933e+02
1.4931640600000000e+02 2.9963226600000002e+02 3.0654229187019035e+02
1.4936523399999999e+02 2.9958953400000001e+02 3.0642919484520309e+02
1.4941406200000000e+02 2.9962504400000000e+02 3.0652363019890970e+02
1.4946289100000001e+02 2.9959872899999999e+02 3.0645408906762543e+02
1.4951171900000000e+02 2.9961718800000000e+02 3.0650329336153334e+02
1.4956054700000001e+02 2.9959394900000001e+02 3.0644192007765741e+02
1.4960937500000000e+02 2.9961559399999999e+02 3.0649956704216942e+02
1.4965820299999999e+02 2.9961605700000001e+02 3.0650104541136278e+02
1.4970703100000000e+02 2.9960461299999997e+02 3.0647095615207076e+02
1.4975585899999999e+02 2.9961223999999999e+02 3.0649142867132247e+02
1.4980468800000000e+02 2.9966494599999999e+02 3.0663139593933818e+02
1.4985351600000001e+02 2.9965781900000002e+02 3.0661274781053180e+02
1.4990234400000000e+02 2.9963619999999997e+02 3.0655569157417881e+02
1.4995117200000001e+02 2.9960790100000003e+02 3.0648093909619843e+02
1.5000000000000000e+02 2.9961673800000000e+02 3.0650461228776913e+02
1.5004882799999999e+02 2.9967333800000000e+02 3.0665485275515664e+02
1.5009765600000000e+02 2.9957805300000001e+02 3.0640261082707281e+02
1.5014648399999999e+02 2.9962041599999998e+02 3.0651511623214537e+02
1.5019531200000000e+02 2.9962498699999998e+02 3.0652747956135994e+02
1.5024414100000001e+02 2.9966552000000001e+02 3.0663511428113100e+02
1.5029296900000000e+02 2.9965965100000000e+02 3.0661981216781606e+02
1.5034179700000001e+02 2.9960170099999999e+02 3.0646655440932756e+02
1.5039062500000000e+02 2.9960274700000002e+02 3.0646958202993449e+02
1.5043945299999999e+02 2.9958251100000001e+02 3.0641624284235814e+02
1.5048828100000000e+02 2.9962634100000002e+02 3.0653258255132522e+02
1.5053710899999999e+02 2.9961764499999998e+02 3.0650980718787815e+02
1.5058593800000000e+02 2.9959628400000003e+02 3.0645349771341046e+02
1.5063476600000001e+02 2.9963430199999999e+02 3.0655442343782414e+02
1.5068359400000000e+02 2.9960557599999999e+02 3.0647861877401431e+02
1.5073242200000001e+02 2.9957803600000000e+02 3.0640596432770968e+02
1.5078125000000000e+02 2.9966031800000002e+02 3.0662405599774092e+02
1.5083007799999999e+02 2.9960374800000000e+02 3.0647455485961279e+02
1.5087890600000000e+02 2.9962598900000000e+02 3.0653368580872433e+02
1.5092773399999999e+02 2.9955417899999998e+02 3.0634387332094633e+02
1.5097656200000000e+02 2.9962244399999997e+02 3.0652481482837089e+02
1.5102539100000001e+02 2.9966341799999998e+02 3.0663350801113012e+02
1.5107421900000000e+02 2.9961120799999998e+02 3.0649559464256316e+02
1.5112304700000001e+02 2.9960507500000000e+02 3.0647962509327039e+02
1.5117187500000000e+02 2.9964906900000000e+02 3.0659629144723488e+02
1.5122070299999999e+02 2.9964533499999999e+02 3.0658666516677556e+02
1.5126953100000000e+02 2.9962142299999999e+02 3.0652365745795504e+02
1.5131835899999999e+02 2.9960094400000003e+02 3.0646974004970428e+02
1.5136718800000000e+02 2.9960246599999999e+02 3.0647402827040236e+02
1.5141601600000001e+02 2.9962873000000002e+02 3.0654376083995419e+02
1.5146484400000000e+02 2.9959193800000003e+02 3.0644670713917719e+02
1.5151367200000001e+02 2.9958132000000001e+02 3.0641888975440861e+02
1.5156250000000000e+02 2.9959159799999998e+02 3.0644633708336687e+02
1.5161132799999999e+02 2.9965957600000002e+02 3.0662636242353602e+02
1.5166015600000000e+02 2.9958509199999997e+02 3.0642966398638390e+02
1.5170898399999999e+02 2.9962851000000001e+02 3.0654472969453678e+02
1.5175781200000000e+02 2.9963846200000000e+02 3.0657130082462857e+02
1.5180664100000001e+02 2.9960785299999998e+02 3.0649063768335003e+02
1.5185546900000000e+02 2.9956402700000001e+02 3.0637504585734808e+02
1.5190429700000001e+02 2.9961159099999998e+02 3.0650104551996372e+02
1.5195312500000000e+02 2.9964740899999998e+02 3.0659598220230174e+02
1.5200195299999999e+02 2.9964505400000002e+02 3.0659001518717542e+02
1.5205078100000000e+02 2.9960329200000001e+02 3.0647990295681905e+02
1.5209960899999999e+02 2.9959023200000001e+02 3.0644565511408888e+02
1.5214843800000000e+02 2.9964512300000001e+02 3.0659097201024957e+02
1.5219726600000001e+02 2.9962288200000000e+02 3.0653246279951509e+02
1.5224609400000000e+02 2.9962929800000001e+02 3.0654967752296602e+02
1.5229492200000001e+02 2.9962832200000003e+02 3.0654736079054305e+02
1.5234375000000000e+02 2.9962580800000001e+02 3.0654098153770752e+02
1.5239257799999999e+02 2.9960103700000002e+02 3.0647580857370360e+02
1.5244140600000000e+02 2.9958275900000001e+02 3.0642779536139017e+02
1.5249023399999999e+02 2.9957706200000001e+02 3.0641301871821798e+02
1.5253906200000000e+02 2.9959878400000002e+02 3.0647066106238805e+02
1.5258789100000001e+02 2.9965943499999997e+02 3.0663110557338302e+02
1.5263671900000000e+02 2.9968413199999998e+02 3.0669658311138863e+02
1.5268554700000001e+02 2.9965689099999997e+02 3.0662490478459858e+02
1.5273437500000000e+02 2.9956098500000002e+02 3.0637193079388845e+02
1.5278320299999999e+02 2.9957929000000001e+02 3.0642053666786427e+02
1.5283203100000000e+02 2.9956879300000003e+02 3.0639309665601610e+02
1.5288085899999999e+02 2.9957406300000002e+02 3.0640728405574350e+02
1.5292968800000000e+02 2.9958371199999999e+02 3.0643302934023609e+02
1.5297851600000001e+02 2.9963003900000001e+02 3.0655558591938438e+02
1.5302734400000000e+02 2.9961876200000000e+02 3.0652608660018592e+02
1.5307617200000001e+02 2.9959887199999997e+02 3.0647385964183388e+02
1.5312500000000000e+02 2.9965100300000000e+02 3.0661170770331233e+02
1.5317382799999999e+02 2.9962931300000002e+02 3.0655473248904519e+02
1.5322265600000000e+02 2.9959766400000001e+02 3.0647148587471224e+02
1.5327148399999999e+02 2.9958774799999998e+02 3.0644559393061115e+02
1.5332031200000000e+02 2.9958948299999997e+02 3.0645044537530407e+02
1.5336914100000001e+02 2.9963097800000003e+02 3.0656019172277109e+02
1.5341796900000000e+02 2.9961093699999998e+02 3.0650758969792554e+02
1.5346679700000001e+02 2.9964534200000003e+02 3.0659861620769914e+02
1.5351562500000000e+02 2.9958622300000002e+02 3.0644294297940564e+02
1.5356445299999999e+02 2.9958808199999999e+02 3.0644812139258772e+02
1.5361328100000000e+02 2.9955552599999999e+02 3.0636253466021111e+02
1.5366210899999999e+02 2.9963394099999999e+02 3.0656961081453539e+02
1.5371093800000000e+02 2.9965376099999997e+02 3.0662214436626704e+02
1.5375976600000001e+02 2.9957131600000002e+02 3.0640501393266305e+02
1.5380859400000000e+02 2.9958282400000002e+02 3.0643563574658145e+02
1.5385742200000001e+02 2.9959548999999998e+02 3.0646930695582705e+02
1.5390625000000000e+02 2.9965591000000001e+02 3.0662886991823285e+02
1.5395507799999999e+02 2.9967436500000002e+02 3.0667778567952303e+02
1.5400390600000000e+02 2.9964335899999998e+02 3.0659631611879013e+02
1.5405273399999999e+02 2.9961085100000003e+02 3.0651089827060844e+02
1.5410156200000000e+02 2.9961680799999999e+02 3.0652687244198643e+02
1.5415039100000001e+02 2.9957408099999998e+02 3.0641453843810791e+02
1.5419921900000000e+02 2.9960127100000000e+02 3.0648647310773583e+02
1.5424804700000001e+02 2.9953553799999997e+02 3.0631353223599598e+02
1.5429687500000000e+02 2.9959251799999998e+02 3.0646396091099592e+02
1.5434570299999999e+02 2.9959942100000001e+02 3.0648242678498400e+02
1.5439453100000000e+02 2.9964371599999998e+02 3.0659940532590394e+02
1.5444335899999999e+02 2.9955593199999998e+02 3.0636840967461671e+02
1.5449218800000000e+02 2.9952707099999998e+02 3.0629266538836453e+02
1.5454101600000001e+02 2.9960527700000000e+02 3.0649896075874312e+02
1.5458984400000000e+02 2.9959760399999999e+02 3.0647902694267543e+02
1.5463867200000001e+02 2.9957502399999998e+02 3.0641983379830083e+02
1.5468750000000000e+02 2.9959569299999998e+02 3.0647455062663278e+02
1.5473632799999999e+02 2.9967744299999998e+02 3.0669011557305475e+02
1.5478515600000000e+02 2.9960271100000000e+02 3.0649358919274971e+02
1.5483398399999999e+02 2.9959156000000002e+02 3.0646450531827622e+02
1.5488281200000000e+02 2.9961285199999998e+02 3.0652084663688993e+02
1.5493164100000001e+02 2.9958980500000001e+02 3.0646044551106104e+02
1.5498046900000000e+02 2.9962873700000000e+02 3.0656321993212185e+02
1.5502929700000001e+02 2.9958167500000002e+02 3.0643960580141334e+02
1.5507812500000000e+02 2.9956967200000003e+02 3.0640829318520963e+02
1.5512695299999999e+02 2.9960725200000002e+02 3.0650749337516112e+02
1.5517578100000000e+02 2.9961462699999998e+02 3.0652718294871886e+02
1.5522460899999999e+02 2.9960753499999998e+02 3.0650879618673179e+02
1.5527343800000000e+02 2.9960891299999997e+02 3.0651270184147478e+02
1.5532226600000001e+02 2.9957957399999998e+02 3.0643577691364993e+02
1.5537109400000000e+02 2.9957231300000001e+02 3.0641695553406896e+02
1.5541992200000001e+02 2.9958735999999999e+02 3.0645683176244012e+02
1.5546875000000000e+02 2.9966960699999998e+02 3.0667350300793157e+02
1.5551757799999999e+02 2.9959841000000000e+02 3.0648646910149108e+02
1.5556640600000000e+02 2.9954854300000000e+02 3.0635557025077770e+02
1.5561523399999999e+02 2.9957227499999999e+02 3.0641828665116753e+02
1.5566406200000000e+02 2.9961953599999998e+02 3.0654288321193707e+02
1.5571289100000001e+02 2.9957604900000001e+02 3.0642878658350406e+02
1.5576171900000000e+02 2.9952824099999998e+02 3.0630334067438810e+02
1.5581054700000001e+02 2.9959048000000001e+02 3.0646731037280693e+02
1.5585937500000000e+02 2.9958780999999999e+02 3.0646057391485959e+02
1.5590820299999999e+02 2.9960609199999999e+02 3.0650893072100837e+02
1.5595703100000000e+02 2.9958627799999999e+02 3.0645711657676975e+02
1.5600585899999999e+02 2.9960267399999998e+02 3.0650050944059382e+02
1.5605468800000000e+02 2.9965050200000002e+02 3.0662653011334021e+02
1.5610351600000001e+02 2.9956736500000000e+02 3.0640825681087273e+02
1.5615234400000000e+02 2.9963070199999999e+02 3.0657503501261607e+02
1.5620117200000001e+02 2.9963074499999999e+02 3.0657542736522618e+02
1.5625000000000000e+02 2.9967119700000001e+02 3.0668202613580144e+02
1.5629882799999999e+02 2.9965365100000002e+02 3.0663618622608004e+02
1.5634765600000000e+02 2.9966157199999998e+02 3.0665727833355209e+02
1.5639648399999999e+02 2.9964558199999999e+02 3.0661553508797488e+02
1.5644531200000000e+02 2.9962443300000001e+02 3.0656024147519423e+02
1.5649414100000001e+02 2.9961595599999998e+02 3.0653825014940236e+02
1.5654296900000000e+02 2.9959630700000002e+02 3.0648690979458115e+02
1.5659179700000001e+02 2.9956539900000001e+02 3.0640599741085992e+02
1.5664062500000000e+02 2.9967170099999998e+02 3.0668553982261199e+02
1.5668945299999999e+02 2.9958574599999997e+02 3.0646002876338412e+02
1.5673828100000000e+02 2.9960825199999999e+02 3.0651943250026449e+02
1.5678710899999999e+02 2.9963539900000001e+02 3.0659101836891580e+02
1.5683593800000000e+02 2.9955070300000000e+02 3.0636886309479695e+02
1.5688476600000001e+02 2.9959446000000003e+02 3.0648406984801545e+02
1.5693359400000000e+02 2.9962518200000000e+02 3.0656503292042538e+02
1.5698242200000001e+02 2.9956792100000001e+02 3.0641496062339769e+02
1.5703125000000000e+02 2.9965258100000000e+02 3.0663753958724379e+02
1.5708007799999999e+02 2.9963297399999999e+02 3.0658634134921618e+02
1.5712890600000000e+02 2.9964101199999999e+02 3.0660772621464645e+02
1.5717773399999999e+02 2.9953241700000001e+02 3.0632293115563226e+02
1.5722656200000000e+02 2.9961091299999998e+02 3.0652928053359221e+02
1.5727539100000001e+02 2.9956355800000000e+02 3.0640526975218091e+02
1.5732421900000000e+02 2.9966662700000001e+02 3.0667608381126217e+02
1.5737304700000001e+02 2.9957117299999999e+02 3.0642584511877658e+02
1.5742187500000000e+02 2.9957110799999998e+02 3.0642596854927581e+02
1.5747070299999999e+02 2.9956061199999999e+02 3.0639871970135999e+02
1.5751953100000000e+02 2.9964125300000001e+02 3.0661061643977399e+02
1.5756835899999999e+02 2.9963108799999998e+02 3.0658422836196820e+02
1.5761718800000000e+02 2.9961351999999999e+02 3.0653842090381914e+02
1.5766601600000001e+02 2.9953865999999999e+02 3.0634231439798180e+02
1.5771484400000000e+02 2.9955798199999998e+02 3.0639330274493381e+02
1.5776367200000001e+02 2.9962744700000002e+02 3.0657581813312555e+02
1.5781250000000000e+02 2.9959912400000002e+02 3.0650181319821479e+02
1.5786132799999999e+02 2.9956484999999998e+02 3.0641220925053756e+02
1.5791015600000000e+02 2.9959487799999999e+02 3.0649125964071027e+02
1.5795898399999999e+02 2.9959997800000002e+02 3.0650492653663275e+02
1.5800781200000000e+02 2.9960718100000003e+02 3.0652410672664570e+02
1.5805664100000001e+02 2.9960735599999998e+02 3.0652485607134207e+02
1.5810546900000000e+02 2.9962167599999998e+02 3.0656269393299641e+02
1.5815429700000001e+02 2.9957052299999998e+02 3.0642886680982667e+02
1.5820312500000000e+02 2.9957606800000002e+02 3.0644370105308150e+02
1.5825195299999999e+02 2.9962419299999999e+02 3.0657015817073932e+02
1.5830078100000000e+02 2.9955829199999999e+02 3.0639769641369134e+02
1.5834960899999999e+02 2.9963228299999997e+02 3.0659194096394725e+02
1.5839843800000000e+02 2.9952770900000002e+02 3.0631813648978914e+02
1.5844726600000001e+02 2.9957710100000003e+02 3.0644789140486370e+02
1.5849609400000000e+02 2.9953137600000002e+02 3.0632835645800657e+02
1.5854492200000001e+02 2.9957094300000000e+02 3.0643234814488522e+02
1.5859375000000000e+02 2.9956595299999998e+02 3.0641957072407484e+02
1.5864257799999999e+02 2.9962404500000002e+02 3.0657208378660204e+02
1.5869140600000000e+02 2.9967540900000000e+02 3.0670695035906937e+02
1.5874023399999999e+02 2.9959519699999998e+02 3.0649708521247987e+02
1.5878906200000000e+02 2.9960590700000000e+02 3.0652543754720546e+02
1.5883789100000001e+02 2.9959140800000000e+02 3.0648774986484580e+02
1.5888671900000000e+02 2.9962006100000002e+02 3.0656309967251246e+02
1.5893554700000001e+02 2.9957596999999998e+02 3.0644790607157165e+02
1.5898437500000000e+02 2.9959831500000001e+02 3.0650672824419627e+02
1.5903320299999999e+02 2.9958548600000000e+02 3.0647342546968872e+02
1.5908203100000000e+02 2.9960718100000003e+02 3.0653053697956028e+02
1.5913085899999999e+02 2.9963578699999999e+02 3.0660573872125292e+02
1.5917968800000000e+02 2.9967137800000000e+02 3.0669922110696064e+02
1.5922851600000001e+02 2.9962155700000000e+02 3.0656906041044294e+02
1.5927734400000000e+02 2.9964669400000002e+02 3.0663516418635959e+02
1.5932617200000001e+02 2.9961295699999999e+02 3.0654713100672251e+02
1.5937500000000000e+02 2.9963014099999998e+02 3.0659240911919949e+02
1.5942382799999999e+02 2.9962919900000003e+02 3.0659023480125779e+02
1.5947265600000000e+02 2.9965513700000002e+02 3.0665841830217022e+02
1.5952148399999999e+02 2.9955708199999998e+02 3.0640206677098348e+02
1.5957031200000000e+02 2.9955184100000002e+02 3.0638865411937354e+02
1.5961914100000001e+02 2.9963666100000000e+02 3.0661093082488082e+02
1.5966796900000000e+02 2.9961499400000002e+02 3.0655452352368150e+02
1.5971679700000001e+02 2.9957517700000000e+02 3.0645063111210840e+02
1.5976562500000000e+02 2.9953352699999999e+02 3.0634195567129120e+02
1.5981445299999999e+02 2.9954060199999998e+02 3.0636077453920780e+02
1.5986328100000000e+02 2.9954355800000002e+02 3.0636881527151354e+02
1.5991210899999999e+02 2.9960404299999999e+02 3.0652735156242363e+02
1.5996093800000000e+02 2.9959992799999998e+02 3.0651688476893435e+02
1.6000976600000001e+02 2.9955830200000003e+02 3.0640830242236842e+02
1.6005859400000000e+02 2.9955168700000002e+02 3.0639130579345783e+02
1.6010742200000001e+02 2.9959318200000001e+02 3.0650013664555360e+02
1.6015625000000000e+02 2.9961558600000001e+02 3.0655902743796321e+02
1.6020507799999999e+02 2.9959229699999997e+02 3.0649842199542172e+02
1.6025390600000000e+02 2.9962728700000002e+02 3.0659021693976086e+02
1.6030273399999999e+02 2.9955441000000002e+02 3.0639995854469720e+02
1.6035156200000000e+02 2.9956149199999999e+02 3.0641878143545273e+02
1.6040039100000001e+02 2.9959713900000003e+02 3.0651228257641714e+02
1.6044921900000000e+02 2.9957203600000003e+02 3.0644695727836415e+02
1.6049804700000001e+02 2.9955291199999999e+02 3.0639726975897673e+02
1.6054687500000000e+02 2.9957637099999999e+02 3.0645889708432856e+02
1.6059570299999999e+02 2.9956958500000002e+02 3.0644146385199076e+02
1.6064453100000000e+02 2.9960984600000000e+02 3.0654699498240490e+02
1.6069335899999999e+02 2.9955450700000000e+02 3.0640266847850262e+02
1.6074218800000000e+02 2.9962911400000002e+02 3.0659794514343241e+02
1.6079101600000001e+02 2.9949894699999999e+02 3.0625809896294646e+02
1.6083984400000000e+02 2.9966683100000000e+02 3.0669709004279599e+02
1.6088867200000001e+02 2.9966926899999999e+02 3.0670375016634637e+02
1.6093750000000000e+02 2.9956378799999999e+02 3.0642845603003633e+02
1.6098632799999999e+02 2.9952361900000000e+02 3.0632382210003658e+02
1.6103515600000000e+02 2.9955394799999999e+02 3.0640336459548791e+02
1.6108398399999999e+02 2.9957035700000000e+02 3.0644653624290260e+02
1.6113281200000000e+02 2.9959797800000001e+02 3.0651898856685187e+02
1.6118164100000001e+02 2.9956554899999998e+02 3.0643459100548534e+02
1.6123046900000000e+02 2.9957200399999999e+02 3.0645175663852262e+02
1.6127929700000001e+02 2.9957545499999998e+02 3.0646107532162205e+02
1.6132812500000000e+02 2.9963100700000001e+02 3.0660644782109728e+02
1.6137695299999999e+02 2.9964462700000001e+02 3.0664230963824508e+02
1.6142578100000000e+02 2.9955675200000002e+02 3.0641315892922182e+02
1.6147460899999999e+02 2.9959243800000002e+02 3.0650664035530122e+02
1.6152343800000000e+02 2.9956459000000001e+02 3.0643424043470134e+02
1.6157226600000001e+02 2.9953967000000000e+02 3.0636949322993058e+02
1.6162109400000000e+02 2.9952874500000001e+02 3.0634128678404056e+02
1.6166992200000001e+02 2.9953185900000000e+02 3.0634972928066981e+02
1.6171875000000000e+02 2.9959772700000002e+02 3.0652196483725788e+02
1.6176757799999999e+02 2.9955954100000002e+02 3.0642260524918402e+02
1.6181640600000000e+02 2.9956083300000000e+02 3.0642628671774435e+02
1.6186523399999999e+02 2.9959984200000002e+02 3.0652839493371852e+02
1.6191406200000000e+02 2.9960001199999999e+02 3.0652914202891725e+02
1.6196289100000001e+02 2.9953598099999999e+02 3.0636236930262982e+02
1.6201171900000000e+02 2.9958077800000001e+02 3.0647956500728276e+02
1.6206054700000001e+02 2.9956708600000002e+02 3.0644414960755330e+02
1.6210937500000000e+02 2.9957716699999997e+02 3.0647075834380354e+02
1.6215820299999999e+02 2.9964125600000000e+02 3.0663825311457651e+02
1.6220703100000000e+02 2.9956249800000001e+02 3.0643310947583251e+02
1.6225585899999999e+02 2.9959274599999998e+02 3.0651231719532086e+02
1.6230468800000000e+02 2.9959636499999999e+02 3.0652206179320217e+02
1.6235351600000001e+02 2.9959966600000001e+02 3.0653097599699913e+02
1.6240234400000000e+02 2.9962598100000002e+02 3.0659990706871935e+02
1.6245117200000001e+02 2.9957852300000002e+02 3.0647645029437547e+02
1.6250000000000000e+02 2.9957340499999998e+02 3.0646341296838483e+02
1.6254882799999999e+02 2.9965271999999999e+02 3.0667052876985377e+02
1.6259765600000000e+02 2.9958915200000001e+02 3.0650508770036112e+02
1.6264648399999999e+02 2.9962321600000001e+02 3.0659420262368064e+02
1.6269531200000000e+02 2.9960221899999999e+02 3.0653976634801313e+02
1.6274414100000001e+02 2.9954684400000002e+02 3.0639572088938331e+02
1.6279296900000000e+02 2.9957689699999997e+02 3.0647437154051590e+02
1.6284179700000001e+02 2.9958506799999998e+02 3.0649597815697518e+02
1.6289062500000000e+02 2.9960037299999999e+02 3.0653617571767472e+02
1.6293945299999999e+02 2.9957868500000001e+02 3.0647995918284249e+02
1.6298828100000000e+02 2.9956973900000003e+02 3.0645695514523516e+02
1.6303710899999999e+02 2.9951240799999999e+02 3.0630787050721193e+02
1.6308593800000000e+02 2.9958417700000001e+02 3.0649519747817072e+02
1.6313476600000001e+02 2.9954492499999998e+02 3.0639323402689871e+02
1.6318359400000000e+02 2.9957131500000003e+02 3.0646230457460399e+02
1.6323242200000001e+02 2.9955940800000002e+02 3.0643159514256359e+02
1.6328125000000000e+02 2.9955141800000001e+02 3.0641109353205104e+02
1.6333007799999999e+02 2.9960731500000003e+02 3.0655701371465142e+02
1.6337890600000000e+02 2.9951898899999998e+02 3.0632725266065273e+02
1.6342773399999999e+02 2.9956007399999999e+02 3.0643458147766017e+02
1.6347656200000000e+02 2.9959438899999998e+02 3.0652426555154841e+02
1.6352539100000001e+02 2.9952055100000001e+02 3.0633227891060079e+02
1.6357421900000000e+02 2.9952438500000000e+02 3.0634258248127691e+02
1.6362304700000001e+02 2.9957170000000002e+02 3.0646610782845835e+02
1.6367187500000000e+02 2.9963032800000002e+02 3.0661907536642582e+02
1.6372070299999999e+02 2.9961796800000002e+02 3.0658719676326405e+02
1.6376953100000000e+02 2.9963619199999999e+02 3.0663494738559911e+02
1.6381835899999999e+02 2.9962096300000002e+02 3.0659560291454642e+02
1.6386718800000000e+02 2.9956707599999999e+02 3.0645562941035570e+02
1.6391601600000001e+02 2.9951688300000001e+02 3.0632528833779463e+02
1.6396484400000000e+02 2.9956237900000002e+02 3.0644402921212657e+02
1.6401367200000001e+02 2.9956713000000002e+02 3.0645670831674391e+02
1.6406250000000000e+02 2.9957217600000001e+02 3.0647015377892410e+02
1.6411132799999999e+02 2.9961129499999998e+02 3.0657226953859572e+02
1.6416015600000000e+02 2.9952028000000001e+02 3.0633573190170159e+02
1.6420898399999999e+02 2.9957558899999998e+02 3.0647997165551214e+02
1.6425781200000000e+02 2.9959191900000002e+02 3.0652277327757525e+02
1.6430664100000001e+02 2.9949596000000003e+02 3.0627341801299275e+02
1.6435546900000000e+02 2.9951298700000001e+02 3.0631804039945968e+02
1.6440429700000001e+02 2.9963279000000000e+02 3.0663002684534450e+02
1.6445312500000000e+02 2.9956124999999997e+02 3.0644423172075921e+02
1.6450195299999999e+02 2.9961910100000000e+02 3.0659502629686006e+02
1.6455078100000000e+02 2.9961676799999998e+02 3.0658926377500080e+02
1.6459960899999999e+02 2.9964567499999998e+02 3.0666475281099241e+02
1.6464843800000000e+02 2.9961079799999999e+02 3.0657434980521060e+02
1.6469726600000001e+02 2.9957719100000003e+02 3.0648726034046160e+02
1.6474609400000000e+02 2.9960289000000000e+02 3.0655440024227460e+02
1.6479492200000001e+02 2.9958780200000001e+02 3.0651547633864584e+02
1.6484375000000000e+02 2.9958581500000003e+02 3.0651062086597562e+02
1.6489257799999999e+02 2.9955743899999999e+02 3.0643715651559143e+02
1.6494140600000000e+02 2.9959157900000002e+02 3.0652622857619758e+02
1.6499023399999999e+02 2.9962236200000001e+02 3.0660656324567202e+02
1.6503906200000000e+02 2.9964808599999998e+02 3.0667373778734367e+02
1.6508789100000001e+02 2.9960194100000001e+02 3.0655409439422937e+02
1.6513671900000000e+02 2.9961844500000001e+02 3.0659730003474772e+02
1.6518554700000001e+02 2.9961862700000000e+02 3.0659807968314442e+02
1.6523437500000000e+02 2.9959546100000000e+02 3.0653818133658353e+02
1.6528320299999999e+02 2.9949100199999998e+02 3.0626703417619240e+02
1.6533203100000000e+02 2.9949478299999998e+02 3.0627718567330220e+02
1.6538085899999999e+02 2.9959195099999999e+02 3.0652999202687641e+02
1.6542968800000000e+02 2.9960722800000002e+02 3.0656999631627866e+02
1.6547851600000001e+02 2.9956150000000002e+02 3.0645149983655506e+02
1.6552734400000000e+02 2.9960761600000001e+02 3.0657162180822598e+02
1.6557617200000001e+02 2.9956054899999998e+02 3.0644966098571570e+02
1.6562500000000000e+02 2.9952227900000003e+02 3.0635056594774682e+02
1.6567382799999999e+02 2.9954647199999999e+02 3.0641372852608822e+02
1.6572265600000000e+02 2.9951528800000000e+02 3.0633305206664880e+02
1.6577148399999999e+02 2.9962386700000002e+02 3.0661537276519681e+02
1.6582031200000000e+02 2.9955200400000001e+02 3.0642905026062795e+02
1.6586914100000001e+02 2.9954504400000002e+02 3.0641129373637972e+02
1.6591796900000000e+02 2.9957672000000002e+02 3.0649386572052356e+02
1.6596679700000001e+02 2.9959641399999998e+02 3.0654531617020433e+02
1.6601562500000000e+02 2.9958188899999999e+02 3.0650791442066429e+02
1.6606445299999999e+02 2.9957023800000002e+02 3.0647797877225946e+02
1.6611328100000000e+02 2.9956753200000003e+02 3.0647126880061666e+02
1.6616210899999999e+02 2.9963829500000003e+02 3.0665528102402942e+02
1.6621093800000000e+02 2.9954525999999998e+02 3.0641408645359235e+02
1.6625976600000001e+02 2.9953359599999999e+02 3.0638412993934787e+02
1.6630859400000000e+02 2.9954049600000002e+02 3.0640235961673511e+02
1.6635742200000001e+02 2.9958547499999997e+02 3.0651941493310591e+02
1.6640625000000000e+02 2.9957439099999999e+02 3.0649096295833340e+02
1.6645507799999999e+02 2.9961876300000000e+02 3.0660642432892365e+02
1.6650390600000000e+02 2.9957967300000001e+02 3.0650529862691872e+02
1.6655273399999999e+02 2.9956440500000002e+02 3.0646599639078136e+02
1.6660156200000000e+02 2.9955479900000000e+02 3.0644138930801739e+02
1.6665039100000001e+02 2.9953042399999998e+02 3.0637846818363334e+02
1.6669921900000000e+02 2.9957042300000001e+02 3.0648255798566015e+02
1.6674804700000001e+02 2.9958265699999998e+02 3.0651461001035557e+02
1.6679687500000000e+02 2.9961775999999998e+02 3.0660597976895065e+02
1.6684570299999999e+02 2.9964814799999999e+02 3.0668510908799749e+02
1.6689453100000000e+02 2.9961515800000001e+02 3.0659984807816136e+02
1.6694335899999999e+02 2.9960050200000001e+02 3.0656214654049342e+02
1.6699218800000000e+02 2.9958112199999999e+02 3.0651219845420337e+02
1.6704101600000001e+02 2.9952236299999998e+02 3.0636013830573717e+02
1.6708984400000000e+02 2.9950990700000000e+02 3.0632816230121080e+02
1.6713867200000001e+02 2.9952236900000003e+02 3.0636080012788295e+02
1.6718750000000000e+02 2.9957204600000000e+02 3.0648992359121468e+02
1.6723632799999999e+02 2.9960195700000003e+02 3.0656778666685972e+02
1.6728515600000000e+02 2.9954772700000001e+02 3.0642750916845199e+02
1.6733398399999999e+02 2.9958677100000000e+02 3.0652904244085317e+02
1.6738281200000000e+02 2.9954458099999999e+02 3.0641999316738105e+02
1.6743164100000001e+02 2.9955995899999999e+02 3.0646017292442178e+02
1.6748046900000000e+02 2.9963700899999998e+02 3.0666019260492726e+02
1.6752929700000001e+02 2.9957015000000001e+02 3.0648722031974160e+02
1.6757812500000000e+02 2.9955728499999998e+02 3.0645419625791908e+02
1.6762695299999999e+02 2.9959503899999999e+02 3.0655235005226973e+02
1.6767578100000000e+02 2.9958937700000001e+02 3.0653799092736710e+02
1.6772460899999999e+02 2.9954634399999998e+02 3.0642680166134875e+02
1.6777343800000000e+02 2.9956721599999997e+02 3.0648119979476468e+02
1.6782226600000001e+02 2.9958714199999997e+02 3.0653314077986323e+02
1.6787109400000000e+02 2.9957809900000001e+02 3.0651002738576739e+02
1.6791992200000001e+02 2.9957564200000002e+02 3.0650397773822658e+02
1.6796875000000000e+02 2.9954726599999998e+02 3.0643078968711632e+02
1.6801757799999999e+02 2.9957159200000001e+02 3.0649411865979556e+02
1.6806640600000000e+02 2.9955629299999998e+02 3.0645480980310867e+02
1.6811523399999999e+02 2.9956402700000001e+02 3.0647515862338463e+02
1.6816406200000000e+02 2.9957464599999997e+02 3.0650297656471531e+02
1.6821289100000001e+02 2.9959009800000001e+02 3.0654330687151969e+02
1.6826171900000000e+02 2.9954492099999999e+02 3.0642663702222609e+02
1.6831054700000001e+02 2.9955009999999999e+02 3.0644036734282474e+02
1.6835937500000000e+02 2.9948876300000001e+02 3.0628187641803623e+02
1.6840820299999999e+02 2.9957906800000001e+02 3.0651600464094281e+02
1.6845703100000000e+02 2.9960485799999998e+02 3.0658308634295440e+02
1.6850585899999999e+02 2.9950740400000001e+02 3.0633111875270055e+02
1.6855468800000000e+02 2.9964200799999998e+02 3.0667987393276428e+02
1.6860351600000001e+02 2.9957339500000000e+02 3.0650258198806483e+02
1.6865234400000000e+02 2.9956716299999999e+02 3.0648676823310723e+02
1.6870117200000001e+02 2.9954883899999999e+02 3.0643966102316949e+02
1.6875000000000000e+02 2.9954650700000002e+02 3.0643394583649786e+02
1.6879882799999999e+02 2.9958239600000002e+02 3.0652713981873529e+02
1.6884765600000000e+02 2.9959463899999997e+02 3.0655913543221584e+02
1.6889648399999999e+02 2.9957214800000003e+02 3.0650125297173224e+02
1.6894531200000000e+02 2.9949415800000003e+02 3.0629978146214455e+02
1.6899414100000001e+02 2.9952713999999997e+02 3.0638544090885665e+02
1.6904296900000000e+02 2.9953311900000000e+02 3.0640123216516935e+02
1.6909179700000001e+02 2.9958822700000002e+02 3.0654411403558498e+02
1.6914062500000000e+02 2.9956014399999998e+02 3.0647178413714914e+02
1.6918945299999999e+02 2.9959184499999998e+02 3.0655410076001198e+02
1.6923828100000000e+02 2.9956592200000000e+02 3.0648736545231316e+02
1.6928710899999999e+02 2.9960871200000003e+02 3.0659835151236166e+02
1.6933593800000000e+02 2.9956637899999998e+02 3.0648918237623792e+02
1.6938476600000001e+02 2.9958170600000000e+02 3.0652913579300997e+02
1.6943359400000000e+02 2.9954652599999997e+02 3.0643847996922898e+02
1.6948242200000001e+02 2.9951609900000000e+02 3.0636012452380243e+02
1.6953125000000000e+02 2.9954427900000002e+02 3.0643331102288630e+02
1.6958007799999999e+02 2.9952044899999999e+02 3.0637202100261936e+02
1.6962890600000000e+02 2.9958488799999998e+02 3.0653893825478514e+02
1.6967773399999999e+02 2.9961440399999998e+02 3.0661555583451502e+02
1.6972656200000000e+02 2.9961881000000000e+02 3.0662725569925516e+02
1.6977539100000001e+02 2.9956771900000001e+02 3.0649550349874926e+02
1.6982421900000000e+02 2.9955898500000001e+02 3.0647324612951854e+02
1.6987304700000001e+02 2.9961998299999999e+02 3.0663121671348171e+02
1.6992187500000000e+02 2.9957163000000003e+02 3.0650656304049909e+02
1.6997070299999999e+02 2.9958125999999999e+02 3.0653176610400084e+02
1.7001953100000000e+02 2.9955400500000002e+02 3.0646165176191005e+02
1.7006835899999999e+02 2.9956832400000002e+02 3.0649897074560067e+02
1.7011718800000000e+02 2.9958519699999999e+02 3.0654288456127364e+02
1.7016601600000001e+02 2.9958139799999998e+02 3.0653338399513649e+02
1.7021484400000000e+02 2.9955218000000002e+02 3.0645821424341619e+02
1.7026367200000001e+02 2.9955317400000001e+02 3.0646110171709648e+02
1.7031250000000000e+02 2.9952353699999998e+02 3.0638486232901028e+02
1.7036132799999999e+02 2.9956462299999998e+02 3.0649131421645870e+02
1.7041015600000000e+02 2.9953326800000002e+02 3.0641064437668615e+02
1.7045898399999999e+02 2.9958067000000000e+02 3.0653339558672269e+02
1.7050781200000000e+02 2.9956828999999999e+02 3.0650173801298729e+02
1.7055664100000001e+02 2.9962319100000002e+02 3.0664383622921133e+02
1.7060546900000000e+02 2.9957751800000000e+02 3.0652620225447623e+02
1.7065429700000001e+02 2.9956097299999999e+02 3.0648379573740027e+02
1.7070312500000000e+02 2.9953692799999999e+02 3.0642202871696287e+02
1.7075195299999999e+02 2.9955285900000001e+02 3.0646348271904066e+02
1.7080078100000000e+02 2.9953159099999999e+02 3.0640889342857565e+02
1.7084960899999999e+02 2.9955260700000002e+02 3.0646347099501963e+02
1.7089843800000000e+02 2.9953604300000001e+02 3.0642103113081237e+02
1.7094726600000001e+02 2.9956417599999997e+02 3.0649397308965558e+02
1.7099609400000000e+02 2.9956086800000003e+02 3.0648575230629484e+02
1.7104492200000001e+02 2.9956059299999998e+02 3.0648536071471187e+02
1.7109375000000000e+02 2.9960826200000002e+02 3.0660870672595098e+02
1.7114257799999999e+02 2.9956745200000000e+02 3.0650369835767503e+02
1.7119140600000000e+02 2.9960530199999999e+02 3.0660169067381486e+02
1.7124023399999999e+02 2.9953536700000001e+02 3.0642153931236004e+02
1.7128906200000000e+02 2.9949590200000000e+02 3.0632002984663137e+02
1.7133789100000001e+02 2.9957045900000003e+02 3.0651272548292536e+02
1.7138671900000000e+02 2.9957453299999997e+02 3.0652355308032088e+02
1.7143554700000001e+02 2.9958357500000000e+02 3.0654719620134074e+02
1.7148437500000000e+02 2.9960967499999998e+02 3.0661484139304935e+02
1.7153320299999999e+02 2.9962891999999999e+02 3.0666479605084902e+02
1.7158203100000000e+02 2.9956642799999997e+02 3.0650391095458946e+02
1.7163085899999999e+02 2.9960982400000000e+02 3.0661615835139628e+02
1.7167968800000000e+02 2.9956727599999999e+02 3.0650673231477481e+02
1.7172851600000001e+02 2.9960110500000002e+02 3.0659429378748871e+02
1.7177734400000000e+02 2.9963255700000002e+02 3.0667571551912391e+02
1.7182617200000001e+02 2.9959213499999998e+02 3.0657178691910974e+02
1.7187500000000000e+02 2.9957576699999998e+02 3.0652989447045405e+02
1.7192382799999999e+02 2.9954849300000001e+02 3.0645988663294253e+02
1.7197265600000000e+02 2.9951387999999997e+02 3.0637096479604497e+02
1.7202148399999999e+02 2.9949025499999999e+02 3.0631038128705069e+02
1.7207031200000000e+02 2.9959533399999998e+02 3.0658159992547684e+02
1.7211914100000001e+02 2.9959127899999999e+02 3.0657145949607047e+02
1.7216796900000000e+02 2.9952294599999999e+02 3.0639563186487493e+02
1.7221679700000001e+02 2.9957336700000002e+02 3.0652591699670046e+02
1.7226562500000000e+02 2.9957178399999998e+02 3.0652215270088686e+02
1.7231445299999999e+02 2.9950990000000002e+02 3.0636297804472667e+02
1.7236328100000000e+02 2.9953664800000001e+02 3.0643223527421651e+02
1.7241210899999999e+02 2.9956089600000001e+02 3.0649504234290293e+02
1.7246093800000000e+02 2.9960303900000002e+02 3.0660395454596824e+02
1.7250976600000001e+02 2.9953531199999998e+02 3.0642975538229695e+02
1.7255859400000000e+02 2.9954392999999999e+02 3.0645228086436776e+02
1.7260742200000001e+02 2.9956004200000001e+02 3.0649411125705529e+02
1.7265625000000000e+02 2.9953746999999998e+02 3.0643627760289593e+02
1.7270507799999999e+02 2.9957351100000000e+02 3.0652944326385801e+02
1.7275390600000000e+02 2.9958325900000000e+02 3.0655486893017053e+02
1.7280273399999999e+02 2.9955911099999997e+02 3.0649298204001633e+02
1.7285156200000000e+02 2.9963754499999999e+02 3.0669531919980449e+02
1.7290039100000001e+02 2.9962796700000001e+02 3.0667095674555787e+02
1.7294921900000000e+02 2.9961606399999999e+02 3.0664060922066614e+02
1.7299804700000001e+02 2.9954258900000002e+02 3.0645170251820548e+02
1.7304687500000000e+02 2.9955859199999998e+02 3.0649323111723072e+02
1.7309570299999999e+02 2.9946400100000000e+02 3.0624998091382645e+02
1.7314453100000000e+02 2.9950001600000002e+02 3.0634304311722406e+02
1.7319335899999999e+02 2.9952971300000002e+02 3.0641982821285455e+02
1.7324218800000000e+02 2.9960723000000002e+02 3.0661971839634873e+02
1.7329101600000001e+02 2.9955802799999998e+02 3.0649336360416925e+02
1.7333984400000000e+02 2.9955329599999999e+02 3.0648149909236082e+02
1.7338867200000001e+02 2.9953046499999999e+02 3.0642304734887199e+02
1.7343750000000000e+02 2.9956284399999998e+02 3.0650670986811804e+02
1.7348632799999999e+02 2.9960155099999997e+02 3.0660665013193392e+02
1.7353515600000000e+02 2.9958622600000001e+02 3.0656751899967696e+02
1.7358398399999999e+02 2.9953345800000000e+02 3.0643203175417568e+02
1.7363281200000000e+02 2.9950595600000003e+02 3.0636157849980430e+02
1.7368164100000001e+02 2.9950232999999997e+02 3.0635257163535516e+02
1.7373046900000000e+02 2.9957923199999999e+02 3.0655077194872189e+02
1.7377929700000001e+02 2.9959508599999998e+02 3.0659187664860707e+02
1.7382812500000000e+02 2.9956070899999997e+02 3.0650374189313538e+02
1.7387695299999999e+02 2.9960564399999998e+02 3.0661966034008833e+02
1.7392578100000000e+02 2.9954165399999999e+02 3.0645535346420564e+02
1.7397460899999999e+02 2.9951601899999997e+02 3.0638972849816815e+02
1.7402343800000000e+02 2.9957030900000001e+02 3.0652969722747798e+02
1.7407226600000001e+02 2.9958953500000001e+02 3.0657946231063931e+02
1.7412109400000000e+02 2.9956798600000002e+02 3.0652435022605971e+02
1.7416992200000001e+02 2.9958875799999998e+02 3.0657808603821258e+02
1.7421875000000000e+02 2.9954874000000001e+02 3.0647548372083457e+02
1.7426757799999999e+02 2.9947958799999998e+02 3.0629797358251693e+02
1.7431640600000000e+02 2.9951226600000001e+02 3.0638232780237286e+02
1.7436523399999999e+02 2.9955719199999999e+02 3.0649816535159727e+02
1.7441406200000000e+02 2.9954599000000002e+02 3.0646967886901007e+02
1.7446289100000001e+02 2.9957285000000002e+02 3.0653905164195896e+02
1.7451171900000000e+02 2.9957826000000000e+02 3.0655327248546240e+02
1.7456054700000001e+02 2.9959544699999998e+02 3.0659776666102431e+02
1.7460937500000000e+02 2.9954180000000002e+02 3.0646017395692473e+02
1.7465820299999999e+02 2.9957934000000000e+02 3.0655698363324080e+02
1.7470703100000000e+02 2.9957185600000003e+02 3.0653805913651451e+02
1.7475585899999999e+02 2.9954298899999998e+02 3.0646417974667912e+02
1.7480468800000000e+02 2.9950564600000001e+02 3.0636852524023016e+02
1.7485351600000001e+02 2.9955741499999999e+02 3.0650188464672800e+02
1.7490234400000000e+02 2.9958411799999999e+02 3.0657081729979114e+02
1.7495117200000001e+02 2.9956032299999998e+02 3.0650998479976306e+02
1.7500000000000000e+02 2.9954270100000002e+02 3.0646501989171020e+02
1.7504882799999999e+02 2.9951653099999999e+02 3.0639809764765522e+02
1.7509765600000000e+02 2.9955502700000000e+02 3.0649731838091634e+02
1.7514648399999999e+02 2.9959612800000002e+02 3.0660322041000950e+02
1.7519531200000000e+02 2.9956480399999998e+02 3.0652306145240203e+02
1.7524414100000001e+02 2.9956044400000002e+02 3.0651217399548597e+02
1.7529296900000000e+02 2.9959962400000001e+02 3.0661312336102105e+02
1.7534179700000001e+02 2.9955849499999999e+02 3.0650779323347325e+02
1.7539062500000000e+02 2.9956415700000002e+02 3.0652264755629761e+02
1.7543945299999999e+02 2.9954421500000001e+02 3.0647174515045288e+02
1.7548828100000000e+02 2.9955460699999998e+02 3.0649874633485746e+02
1.7553710899999999e+02 2.9958850100000001e+02 3.0658609465349554e+02
1.7558593800000000e+02 2.9964645400000001e+02 3.0673521047850801e+02
1.7563476600000001e+02 2.9959183400000001e+02 3.0659526816578000e+02
1.7568359400000000e+02 2.9960213099999999e+02 3.0662201243723564e+02
1.7573242200000001e+02 2.9958519999999999e+02 3.0657885084819463e+02
1.7578125000000000e+02 2.9952520199999998e+02 3.0642513331538299e+02
1.7583007799999999e+02 2.9958046300000001e+02 3.0656730635766246e+02
1.7587890600000000e+02 2.9958670699999999e+02 3.0658364228907101e+02
1.7592773399999999e+02 2.9958908100000002e+02 3.0659004298983251e+02
1.7597656200000000e+02 2.9954683899999998e+02 3.0648193068469311e+02
1.7602539100000001e+02 2.9958776799999998e+02 3.0658728656268465e+02
1.7607421900000000e+02 2.9958085299999999e+02 3.0656984697261078e+02
1.7612304700000001e+02 2.9954368399999998e+02 3.0647477135528720e+02
1.7617187500000000e+02 2.9949718000000001e+02 3.0635575175515305e+02
1.7622070299999999e+02 2.9959260300000000e+02 3.0660091848793820e+02
1.7626953100000000e+02 2.9958587299999999e+02 3.0658395615216654e+02
1.7631835899999999e+02 2.9953520800000001e+02 3.0645427397928358e+02
1.7636718800000000e+02 2.9958643400000000e+02 3.0658600758587943e+02
1.7641601600000001e+02 2.9958868899999999e+02 3.0659209826882562e+02
1.7646484400000000e+02 2.9954435400000000e+02 3.0647867422791796e+02
1.7651367200000001e+02 2.9956483100000003e+02 3.0653151085642338e+02
1.7656250000000000e+02 2.9958637299999998e+02 3.0658707332189090e+02
1.7661132799999999e+02 2.9951023800000002e+02 3.0639210655297950e+02
1.7666015600000000e+02 2.9960135900000000e+02 3.0662611768690238e+02
1.7670898399999999e+02 2.9957616100000001e+02 3.0656179931116390e+02
1.7675781200000000e+02 2.9956177800000000e+02 3.0652522169378096e+02
1.7680664100000001e+02 2.9951049100000000e+02 3.0639401651043562e+02
1.7685546900000000e+02 2.9952063900000002e+02 3.0642035204551894e+02
1.7690429700000001e+02 2.9959202199999999e+02 3.0660369004115540e+02
1.7695312500000000e+02 2.9958534500000002e+02 3.0658687450419785e+02
1.7700195299999999e+02 2.9954606400000000e+02 3.0648647357712576e+02
1.7705078100000000e+02 2.9945789600000001e+02 3.0626075817158858e+02
1.7709960899999999e+02 2.9948357099999998e+02 3.0632689547659788e+02
1.7714843800000000e+02 2.9956474500000002e+02 3.0653528569299436e+02
1.7719726600000001e+02 2.9951509900000002e+02 3.0640834148562715e+02
1.7724609400000000e+02 2.9948952200000002e+02 3.0634310002808968e+02
1.7729492200000001e+02 2.9952478000000002e+02 3.0643377819403196e+02
1.7734375000000000e+02 2.9957047899999998e+02 3.0655120406850534e+02
1.7739257799999999e+02 2.9957436700000000e+02 3.0656147215245323e+02
1.7744140600000000e+02 2.9959051699999998e+02 3.0660315996073103e+02
1.7749023399999999e+02 2.9956604499999997e+02 3.0654075620575418e+02
1.7753906200000000e+02 2.9956923399999999e+02 3.0654923179338243e+02
1.7758789100000001e+02 2.9953738900000002e+02 3.0646794729670319e+02
1.7763671900000000e+02 2.9958501699999999e+02 3.0659027465093266e+02
1.7768554700000001e+02 2.9952646800000002e+02 3.0644058656263184e+02
1.7773437500000000e+02 2.9953328199999999e+02 3.0645835106314610e+02
1.7778320299999999e+02 2.9958113800000001e+02 3.0658124287769783e+02
1.7783203100000000e+02 2.9959266800000000e+02 3.0661107708050037e+02
1.7788085899999999e+02 2.9948501299999998e+02 3.0633564737214840e+02
1.7792968800000000e+02 2.9954109499999998e+02 3.0647959317479240e+02
1.7797851600000001e+02 2.9952320600000002e+02 3.0643408669890653e+02
1.7802734400000000e+02 2.9953553699999998e+02 3.0646597299850185e+02
1.7807617200000001e+02 2.9955523699999998e+02 3.0651672544119702e+02
1.7812500000000000e+02 2.9950533200000001e+02 3.0638924523252166e+02
1.7817382799999999e+02 2.9950438000000003e+02 3.0638711838115040e+02
1.7822265600000000e+02 2.9955796800000002e+02 3.0652462911983872e+02
1.7827148399999999e+02 2.9952293800000001e+02 3.0643525048811949e+02
1.7832031200000000e+02 2.9956437000000000e+02 3.0654162429357984e+02
1.7836914100000001e+02 2.9950562800000000e+02 3.0639155435801371e+02
1.7841796900000000e+02 2.9953757999999999e+02 3.0647365259230878e+02
1.7846679700000001e+02 2.9955915700000003e+02 3.0652918612744651e+02
1.7851562500000000e+02 2.9958394900000002e+02 3.0659294226888096e+02
1.7856445299999999e+02 2.9955696599999999e+02 3.0652418245299850e+02
1.7861328100000000e+02 2.9958495499999998e+02 3.0659611350024301e+02
1.7866210899999999e+02 2.9956771300000003e+02 3.0655228823288468e+02
1.7871093800000000e+02 2.9956690800000001e+02 3.0655052838421386e+02
1.7875976600000001e+02 2.9957741299999998e+02 3.0657770837637474e+02
1.7880859400000000e+02 2.9953212000000002e+02 3.0646211799935725e+02
1.7885742200000001e+02 2.9956282299999998e+02 3.0654097626976176e+02
1.7890625000000000e+02 2.9951659899999999e+02 3.0642301791233723e+02
1.7895507799999999e+02 2.9954080800000003e+02 3.0648525637201845e+02
1.7900390600000000e+02 2.9955415299999999e+02 3.0651969683889382e+02
1.7905273399999999e+02 2.9952867300000003e+02 3.0645482035200718e+02
1.7910156200000000e+02 2.9960151400000001e+02 3.0664143934775313e+02
1.7915039100000001e+02 2.9956967100000003e+02 3.0656028833063300e+02
1.7919921900000000e+02 2.9947506700000002e+02 3.0631863046122601e+02
1.7924804700000001e+02 2.9949270100000001e+02 3.0636403862626122e+02
1.7929687500000000e+02 2.9952855000000000e+02 3.0645602294041396e+02
1.7934570299999999e+02 2.9952498200000002e+02 3.0644720185308870e+02
1.7939453100000000e+02 2.9947278599999999e+02 3.0631403856117424e+02
1.7944335899999999e+02 2.9952782100000002e+02 3.0645506694801151e+02
1.7949218800000000e+02 2.9954404599999998e+02 3.0649685266664596e+02
1.7954101600000001e+02 2.9956496199999998e+02 3.0655062692058829e+02
1.7958984400000000e+02 2.9958272299999999e+02 3.0659632963962048e+02
1.7963867200000001e+02 2.9956744200000003e+02 3.0655756043313329e+02
1.7968750000000000e+02 2.9950899900000002e+02 3.0640846371346089e+02
1.7973632799999999e+02 2.9956165900000002e+02 3.0654337092875039e+02
1.7978515600000000e+02 2.9954503799999998e+02 3.0650118516056932e+02
1.7983398399999999e+02 2.9955403000000001e+02 3.0652446572258219e+02
1.7988281200000000e+02 2.9958152100000001e+02 3.0659502119819803e+02
1.7993164100000001e+02 2.9959174000000002e+02 3.0662142972750780e+02
1.7998046900000000e+02 2.9954206299999998e+02 3.0649477637768882e+02
1.8002929700000001e+02 2.9961778399999997e+02 3.0668856286879458e+02
1.8007812500000000e+02 2.9952425299999999e+02 3.0644986567102688e+02
1.8012695299999999e+02 2.9958578699999998e+02 3.0660738595672791e+02
1.8017578100000000e+02 2.9957797399999998e+02 3.0658771657481435e+02
1.8022460899999999e+02 2.9951394499999998e+02 3.0642443167437926e+02
1.8027343800000000e+02 2.9955162200000001e+02 3.0652098276778230e+02
1.8032226600000001e+02 2.9956083200000000e+02 3.0654480533970360e+02
1.8037109400000000e+02 2.9961628500000000e+02 3.0668674569710720e+02
1.8041992200000001e+02 2.9958605599999999e+02 3.0660982136025621e+02
1.8046875000000000e+02 2.9961608999999999e+02 3.0668682113312815e+02
1.8051757799999999e+02 2.9956219499999997e+02 3.0654946291007764e+02
1.8056640600000000e+02 2.9954888799999998e+02 3.0651577284632867e+02
1.8061523399999999e+02 2.9958659799999998e+02 3.0661236700080400e+02
1.8066406200000000e+02 2.9951269700000000e+02 3.0642394748759688e+02
1.8071289100000001e+02 2.9950517800000000e+02 3.0640504787826154e+02
1.8076171900000000e+02 2.9951642099999998e+02 3.0643405463880345e+02
1.8081054700000001e+02 2.9956238200000001e+02 3.0655169825395228e+02
1.8085937500000000e+02 2.9954642200000001e+02 3.0651124447814351e+02
1.8090820299999999e+02 2.9954994099999999e+02 3.0652052225680205e+02
1.8095703100000000e+02 2.9951769700000000e+02 3.0643850507241916e+02
1.8100585899999999e+02 2.9955695800000001e+02 3.0653902081900981e+02
1.8105468800000000e+02 2.9956512700000002e+02 3.0656016424996125e+02
1.8110351600000001e+02 2.9955421699999999e+02 3.0653260907237359e+02
1.8115234400000000e+02 2.9958168799999999e+02 3.0660301316195387e+02
1.8120117200000001e+02 2.9956304999999998e+02 3.0655573579209869e+02
1.8125000000000000e+02 2.9952123599999999e+02 3.0644931915129342e+02
1.8129882799999999e+02 2.9955246099999999e+02 3.0652929563253014e+02
1.8134765600000000e+02 2.9957445000000001e+02 3.0658569628584814e+02
1.8139648399999999e+02 2.9955023799999998e+02 3.0652420658042610e+02
1.8144531200000000e+02 2.9952258799999998e+02 3.0645395128187056e+02
1.8149414100000001e+02 2.9956698699999998e+02 3.0656752098633166e+02
1.8154296900000000e+02 2.9959695199999999e+02 3.0664425535257419e+02
1.8159179700000001e+02 2.9958795400000002e+02 3.0662158597868387e+02
1.8164062500000000e+02 2.9955900700000001e+02 3.0654803098194401e+02
1.8168945299999999e+02 2.9954478999999998e+02 3.0651205614731049e+02
1.8173828100000000e+02 2.9952320300000002e+02 3.0645728670126778e+02
1.8178710899999999e+02 2.9960143399999998e+02 3.0665710850514830e+02
1.8183593800000000e+02 2.9956962399999998e+02 3.0657626447263920e+02
1.8188476600000001e+02 2.9953144400000002e+02 3.0647918358706704e+02
1.8193359400000000e+02 2.9954069700000002e+02 3.0650307167382783e+02
1.8198242200000001e+02 2.9950316400000003e+02 3.0640765403856960e+02
1.8203125000000000e+02 2.9952135600000003e+02 3.0645433603431189e+02
1.8208007799999999e+02 2.9946948800000001e+02 3.0632238025189724e+02
1.8212890600000000e+02 2.9956484100000000e+02 3.0656578964433561e+02
1.8217773399999999e+02 2.9954789099999999e+02 3.0652286301072013e+02
1.8222656200000000e+02 2.9954082599999998e+02 3.0650514061870132e+02
1.8227539100000001e+02 2.9951355799999999e+02 3.0643591863322519e+02
1.8232421900000000e+02 2.9954018100000002e+02 3.0650407477541182e+02
1.8237304700000001e+02 2.9960754100000003e+02 3.0667605932927211e+02
1.8242187500000000e+02 2.9960019199999999e+02 3.0665760811622431e+02
1.8247070299999999e+02 2.9953796799999998e+02 3.0649930064265777e+02
1.8251953100000000e+02 2.9953495400000003e+02 3.0649190789730119e+02
1.8256835899999999e+02 2.9954683699999998e+02 3.0652247928157914e+02
1.8261718800000000e+02 2.9949245100000002e+02 3.0638417584574410e+02
1.8266601600000001e+02 2.9960680200000002e+02 3.0667585229475054e+02
1.8271484400000000e+02 2.9957771200000002e+02 3.0660200928238487e+02
1.8276367200000001e+02 2.9956073400000002e+02 3.0655903356992053e+02
1.8281250000000000e+02 2.9956060200000002e+02 3.0655898147629483e+02
1.8286132799999999e+02 2.9952067799999998e+02 3.0645755422281451e+02
1.8291015600000000e+02 2.9952521300000001e+02 3.0646939605072708e+02
1.8295898399999999e+02 2.9951203299999997e+02 3.0643610994953821e+02
1.8300781200000000e+02 2.9947765099999998e+02 3.0634882062585643e+02
1.8305664100000001e+02 2.9949739499999998e+02 3.0639940442964496e+02
1.8310546900000000e+02 2.9949894699999999e+02 3.0640364833843586e+02
1.8315429700000001e+02 2.9952108800000002e+02 3.0646032853262204e+02
1.8320312500000000e+02 2.9950865099999999e+02 3.0642894250296473e+02
1.8325195299999999e+02 2.9954342400000002e+02 3.0651778363228772e+02
1.8330078100000000e+02 2.9955687399999999e+02 3.0655231746881094e+02
1.8334960899999999e+02 2.9951381400000002e+02 3.0644295479233591e+02
1.8339843800000000e+02 2.9950108299999999e+02 3.0641082654708475e+02
1.8344726600000001e+02 2.9957062200000001e+02 3.0658816612415967e+02
1.8349609400000000e+02 2.9957433500000002e+02 3.0659789866682371e+02
1.8354492200000001e+02 2.9955375500000002e+02 3.0654578469809468e+02
1.8359375000000000e+02 2.9951079299999998e+02 3.0643669841701808e+02
1.8364257799999999e+02 2.9952882199999999e+02 3.0648287851588520e+02
1.8369140600000000e+02 2.9955380300000002e+02 3.0654674944382305e+02
1.8374023399999999e+02 2.9951182899999998e+02 3.0644019370630309e+02
1.8378906200000000e+02 2.9950667099999998e+02 3.0642735118739796e+02
1.8383789100000001e+02 2.9947589099999999e+02 3.0634930087798347e+02
1.8388671900000000e+02 2.9954373800000002e+02 3.0652225448192445e+02
1.8393554700000001e+02 2.9953356300000002e+02 3.0649664184023055e+02
1.8398437500000000e+02 2.9958868999999999e+02 3.0663720206705636e+02
1.8403320299999999e+02 2.9956289900000002e+02 3.0657185046987428e+02
1.8408203100000000e+02 2.9946989700000000e+02 3.0633549419790654e+02
1.8413085899999999e+02 2.9953315099999998e+02 3.0649671766301935e+02
1.8417968800000000e+02 2.9952382999999998e+02 3.0647328410631127e+02
1.8422851600000001e+02 2.9956209600000000e+02 3.0657091419321216e+02
1.8427734400000000e+02 2.9955214400000000e+02 3.0654587349617265e+02
1.8432617200000001e+02 2.9953486099999998e+02 3.0650218681004202e+02
1.8437500000000000e+02 2.9959256199999999e+02 3.0664923508179857e+02
1.8442382799999999e+02 2.9950683600000002e+02 3.0643146273167253e+02
1.8447265600000000e+02 2.9950707100000000e+02 3.0643234216607158e+02
1.8452148399999999e+02 2.9956313699999998e+02 3.0657521266119767e+02
1.8457031200000000e+02 2.9954994799999997e+02 3.0654194546825414e+02
1.8461914100000001e+02 2.9954300300000000e+02 3.0652455968600151e+02
1.8466796900000000e+02 2.9949644999999998e+02 3.0640645798067766e+02
1.8471679700000001e+02 2.9954584499999999e+02 3.0653233728351302e+02
1.8476562500000000e+02 2.9958145800000000e+02 3.0662316153849446e+02
1.8481445299999999e+02 2.9950657000000001e+02 3.0643303077027156e+02
1.8486328100000000e+02 2.9952466800000002e+02 3.0647932108781043e+02
1.8491210899999999e+02 2.9951036099999999e+02 3.0644322591229997e+02
1.8496093800000000e+02 2.9958894700000002e+02 3.0664327628457096e+02
1.8500976600000001e+02 2.9953071599999998e+02 3.0649552270334885e+02
1.8505859400000000e+02 2.9946527800000001e+02 3.0632946455550240e+02
1.8510742200000001e+02 2.9952907099999999e+02 3.0649189006297644e+02
1.8515625000000000e+02 2.9945650200000000e+02 3.0630772397703407e+02
1.8520507799999999e+02 2.9955582700000002e+02 3.0656043654486245e+02
1.8525390600000000e+02 2.9949872299999998e+02 3.0641558632212815e+02
1.8530273399999999e+02 2.9955257200000000e+02 3.0655270393655280e+02
1.8535156200000000e+02 2.9958210100000002e+02 3.0662800860180317e+02
1.8540039100000001e+02 2.9954592600000001e+02 3.0653635504700077e+02
1.8544921900000000e+02 2.9951327600000002e+02 3.0645366663526943e+02
1.8549804700000001e+02 2.9952090900000002e+02 3.0647333282537920e+02
1.8554687500000000e+02 2.9955764900000003e+02 3.0656694494775917e+02
1.8559570299999999e+02 2.9954809999999998e+02 3.0654295292199640e+02
1.8564453100000000e+02 2.9949876300000000e+02 3.0641788887981477e+02
1.8569335899999999e+02 2.9957419499999997e+02 3.0660977355693171e+02
1.8574218800000000e+02 2.9963252299999999e+02 3.0675819355888842e+02
1.8579101600000001e+02 2.9953135099999997e+02 3.0650147873144311e+02
1.8583984400000000e+02 2.9953616199999999e+02 3.0651396559523079e+02
1.8588867200000001e+02 2.9954727300000002e+02 3.0654245081801037e+02
1.8593750000000000e+02 2.9952595000000002e+02 3.0648856480739778e+02
1.8598632799999999e+02 2.9953837399999998e+02 3.0652038191921554e+02
1.8603515600000000e+02 2.9950774699999999e+02 3.0644287582246193e+02
1.8608398399999999e+02 2.9957489399999997e+02 3.0661364275094638e+02
1.8613281200000000e+02 2.9959178800000001e+02 3.0665679727045540e+02
1.8618164100000001e+02 2.9957286599999998e+02 3.0660901284742573e+02
1.8623046900000000e+02 2.9953211900000002e+02 3.0650582335576559e+02
1.8627929700000001e+02 2.9945505400000002e+02 3.0631044396108359e+02
1.8632812500000000e+02 2.9947863400000000e+02 3.0637057601321271e+02
1.8637695299999999e+02 2.9950914200000000e+02 3.0644828791893633e+02
1.8642578100000000e+02 2.9956620199999998e+02 3.0659338870322779e+02
1.8647460899999999e+02 2.9960821099999998e+02 3.0670027265723064e+02
1.8652343800000000e+02 2.9956217299999997e+02 3.0658367788440455e+02
1.8657226600000001e+02 2.9947173400000003e+02 3.0635440773667233e+02
1.8662109400000000e+02 2.9952464099999997e+02 3.0648894334942429e+02
1.8666992200000001e+02 2.9952430700000002e+02 3.0648835688935560e+02
1.8671875000000000e+02 2.9953963399999998e+02 3.0652751065112852e+02
1.8676757799999999e+02 2.9949408199999999e+02 3.0641218417821591e+02
1.8681640600000000e+02 2.9955453899999998e+02 3.0656584540623686e+02
1.8686523399999999e+02 2.9954044399999998e+02 3.0653033952170091e+02
1.8691406200000000e+02 2.9954066599999999e+02 3.0653115968793907e+02
1.8696289100000001e+02 2.9949456800000002e+02 3.0641446889188137e+02
1.8701171900000000e+02 2.9954445700000002e+02 3.0654128924104447e+02
1.8706054700000001e+02 2.9954375399999998e+02 3.0653976110670351e+02
1.8710937500000000e+02 2.9957924800000001e+02 3.0663004837506980e+02
1.8715820299999999e+02 2.9946919000000003e+02 3.0635114396874718e+02
1.8720703100000000e+02 2.9954061899999999e+02 3.0653257299160873e+02
1.8725585899999999e+02 2.9956576999999999e+02 3.0659661446133418e+02
1.8730468800000000e+02 2.9951900799999999e+02 3.0647827380372280e+02
1.8735351600000001e+02 2.9951781299999999e+02 3.0647549922175835e+02
1.8740234400000000e+02 2.9950610499999999e+02 3.0644606558557365e+02
1.8745117200000001e+02 2.9946484500000003e+02 3.0634169989592760e+02
1.8750000000000000e+02 2.9953651000000002e+02 3.0652367234507886e+02
1.8754882799999999e+02 2.9950332800000001e+02 3.0643979364087471e+02
1.8759765600000000e+02 2.9948957100000001e+02 3.0640517127182193e+02
1.8764648399999999e+02 2.9952146499999998e+02 3.0648628594236362e+02
1.8769531200000000e+02 2.9947205500000001e+02 3.0636128131800024e+02
1.8774414100000001e+02 2.9951275299999998e+02 3.0646470726536904e+02
1.8779296900000000e+02 2.9954212500000000e+02 3.0653941347974796e+02
1.8784179700000001e+02 2.9955231500000002e+02 3.0656549160287301e+02
1.8789062500000000e+02 2.9953298799999999e+02 3.0651675393466058e+02
1.8793945299999999e+02 2.9951360199999999e+02 3.0646787123452788e+02
1.8798828100000000e+02 2.9950450400000000e+02 3.0644506621637277e+02
1.8803710899999999e+02 2.9951811900000001e+02 3.0647982257567287e+02
1.8808593800000000e+02 2.9949148800000000e+02 3.0641258875722895e+02
1.8813476600000001e+02 2.9953241600000001e+02 3.0651655294102920e+02
1.8818359400000000e+02 2.9954741100000001e+02 3.0655479694228325e+02
1.8823242200000001e+02 2.9955646800000000e+02 3.0657799191828502e+02
1.8828125000000000e+02 2.9954612500000002e+02 3.0655203289972070e+02
1.8833007799999999e+02 2.9952875399999999e+02 3.0650827110004559e+02
1.8837890600000000e+02 2.9956934300000000e+02 3.0661134608694027e+02
1.8842773399999999e+02 2.9954002000000003e+02 3.0653730847390881e+02
1.8847656200000000e+02 2.9955073399999998e+02 3.0656469568443873e+02
1.8852539100000001e+02 2.9948460799999998e+02 3.0639744633697245e+02
1.8857421900000000e+02 2.9949263400000001e+02 3.0641802937838571e+02
1.8862304700000001e+02 2.9947971899999999e+02 3.0638557254772303e+02
1.8867187500000000e+02 2.9944906400000002e+02 3.0630819043709494e+02
1.8872070299999999e+02 2.9945655799999997e+02 3.0632742777251093e+02
1.8876953100000000e+02 2.9949751400000002e+02 3.0643140141051668e+02
1.8881835899999999e+02 2.9952114899999998e+02 3.0649150421611500e+02
1.8886718800000000e+02 2.9950638500000002e+02 3.0645437051491513e+02
1.8891601600000001e+02 2.9950596600000000e+02 3.0645356216669398e+02
1.8896484400000000e+02 2.9952364999999998e+02 3.0649858876520614e+02
1.8901367200000001e+02 2.9953591799999998e+02 3.0652989936408085e+02
1.8906250000000000e+02 2.9955956500000002e+02 3.0659001478396198e+02
1.8911132799999999e+02 2.9957071000000002e+02 3.0661847585760830e+02
1.8916015600000000e+02 2.9953450299999997e+02 3.0652706820027237e+02
1.8920898399999999e+02 2.9949311999999998e+02 3.0642256795073826e+02
1.8925781200000000e+02 2.9948133500000000e+02 3.0639299519028714e+02
1.8930664100000001e+02 2.9952621199999999e+02 3.0650683891085811e+02
1.8935546900000000e+02 2.9949320599999999e+02 3.0642355779227597e+02
1.8940429700000001e+02 2.9951576299999999e+02 3.0648090332039794e+02
1.8945312500000000e+02 2.9951262900000000e+02 3.0647322880387128e+02
1.8950195299999999e+02 2.9950617299999999e+02 3.0645714933759740e+02
1.8955078100000000e+02 2.9947917500000000e+02 3.0638909231859446e+02
1.8959960899999999e+02 2.9952957700000002e+02 3.0651688797660591e+02
1.8964843800000000e+02 2.9948782599999998e+02 3.0641150870144645e+02
1.8969726600000001e+02 2.9952736800000002e+02 3.0651181659636325e+02
1.8974609400000000e+02 2.9946840900000001e+02 3.0636291450669978e+02
1.8979492200000001e+02 2.9957297100000000e+02 3.0662770611832121e+02
1.8984375000000000e+02 2.9958011099999999e+02 3.0664602550541753e+02
1.8989257799999999e+02 2.9954111599999999e+02 3.0654764237984301e+02
1.8994140600000000e+02 2.9949281800000000e+02 3.0642573842125552e+02
1.8999023399999999e+02 2.9948928000000001e+02 3.0641706056143374e+02
