# freq, uncal T[mK], calib T[mK]
5.0000000000000000e+01 2.7432864400000000e+02 3.0121832586387035e+02
5.0048828000000000e+01 2.7426502699999998e+02 2.9994808994148627e+02
5.0097656000000001e+01 2.7421842900000001e+02 2.9925044995303290e+02
5.0146484000000001e+01 2.7426038000000000e+02 3.0146602317487935e+02
5.0195312000000001e+01 2.7426930299999998e+02 3.0260942535191549e+02
5.0244140999999999e+01 2.7422745800000001e+02 3.0210341616848075e+02
5.0292968999999999e+01 2.7426408400000003e+02 3.0417271143334722e+02
5.0341797000000000e+01 2.7419609100000002e+02 3.0283649766778046e+02
5.0390625000000000e+01 2.7418976800000002e+02 3.0352433105336905e+02
5.0439453000000000e+01 2.7415044599999999e+02 3.0314748056516544e+02
5.0488281000000001e+01 2.7415414700000002e+02 3.0418196656700519e+02
5.0537109000000001e+01 2.7417980799999998e+02 3.0593888532089312e+02
5.0585937999999999e+01 2.7414294699999999e+02 3.0567295496983547e+02
5.0634765999999999e+01 2.7407485300000002e+02 3.0440484994792729e+02
5.0683593999999999e+01 2.7397372999999999e+02 3.0207928615277763e+02
5.0732422000000000e+01 2.7402002499999998e+02 3.0454003196092901e+02
5.0781250000000000e+01 2.7406888700000002e+02 3.0708837868372336e+02
5.0830078000000000e+01 2.7397170499999999e+02 3.0492368306824358e+02
5.0878906000000001e+01 2.7394981000000001e+02 3.0520201920943816e+02
5.0927734000000001e+01 2.7391218500000002e+02 3.0498185100241392e+02
5.0976562000000001e+01 2.7390664199999998e+02 3.0580392457239651e+02
5.1025390999999999e+01 2.7391967699999998e+02 3.0723035414663963e+02
5.1074218999999999e+01 2.7381978199999998e+02 3.0503419025672173e+02
5.1123047000000000e+01 2.7378956799999997e+02 3.0508712836806603e+02
5.1171875000000000e+01 2.7378275000000002e+02 3.0589789391438228e+02
5.1220703000000000e+01 2.7374712299999999e+02 3.0579225961620745e+02
5.1269531000000001e+01 2.7381612300000000e+02 3.0904054854149194e+02
5.1318359000000001e+01 2.7371705500000002e+02 3.0691994240198835e+02
5.1367187999999999e+01 2.7365159199999999e+02 3.0588363790870551e+02
5.1416015999999999e+01 2.7360028299999999e+02 3.0530776345115436e+02
5.1464843999999999e+01 2.7364941399999998e+02 3.0793743410885287e+02
5.1513672000000000e+01 2.7359339299999999e+02 3.0722397199004666e+02
5.1562500000000000e+01 2.7349992900000001e+02 3.0532930051007662e+02
5.1611328000000000e+01 2.7351125000000002e+02 3.0676929656828275e+02
5.1660156000000001e+01 2.7350524999999999e+02 3.0766299809605329e+02
5.1708984000000001e+01 2.7344494200000003e+02 3.0684154721777406e+02
5.1757812000000001e+01 2.7341686099999998e+02 3.0704626128179848e+02
5.1806640999999999e+01 2.7338484699999998e+02 3.0713163270439657e+02
5.1855468999999999e+01 2.7333662900000002e+02 3.0671087510290533e+02
5.1904297000000000e+01 2.7331192700000003e+02 3.0703670701458759e+02
5.1953125000000000e+01 2.7330011700000000e+02 3.0777201779175539e+02
5.2001953000000000e+01 2.7327336700000001e+02 3.0804060108015602e+02
5.2050781000000001e+01 2.7316613000000001e+02 3.0578685157523938e+02
5.2099609000000001e+01 2.7310977100000002e+02 3.0513743736075094e+02
5.2148437999999999e+01 2.7313758300000001e+02 3.0712867995972050e+02
5.2197265999999999e+01 2.7312580700000001e+02 3.0788085475178707e+02
5.2246093999999999e+01 2.7310551500000003e+02 3.0836871443811822e+02
5.2294922000000000e+01 2.7305937699999998e+02 3.0805245627094149e+02
5.2343750000000000e+01 2.7299068399999999e+02 3.0703736878995454e+02
5.2392578000000000e+01 2.7297103600000003e+02 3.0755376780788487e+02
5.2441406000000001e+01 2.7298505799999998e+02 3.0911799984396282e+02
5.2490234000000001e+01 2.7296224899999999e+02 3.0953766164496346e+02
5.2539062000000001e+01 2.7292257499999999e+02 3.0943576026088016e+02
5.2587890999999999e+01 2.7288171100000000e+02 3.0929940874248155e+02
5.2636718999999999e+01 2.7282648499999999e+02 3.0872115907363593e+02
5.2685547000000000e+01 2.7272028799999998e+02 3.0657175752860536e+02
5.2734375000000000e+01 2.7268253700000002e+02 3.0654069706030094e+02
5.2783203000000000e+01 2.7265691199999998e+02 3.0688470006179477e+02
5.2832031000000001e+01 2.7267164600000001e+02 3.0847097481332798e+02
5.2880859000000001e+01 2.7262238100000002e+02 3.0808739044735728e+02
5.2929687999999999e+01 2.7254985599999998e+02 3.0699163059608475e+02
5.2978515999999999e+01 2.7254869700000000e+02 3.0808712185465862e+02
5.3027343999999999e+01 2.7254312800000002e+02 3.0904532921086343e+02
5.3076172000000000e+01 2.7250555300000002e+02 3.0902266242730786e+02
5.3125000000000000e+01 2.7241045200000002e+02 3.0724314381806482e+02
5.3173828000000000e+01 2.7241581700000000e+02 3.0853272286413898e+02
5.3222656000000001e+01 2.7232601699999998e+02 3.0691946194963487e+02
5.3271484000000001e+01 2.7234044000000000e+02 3.0848123075994909e+02
5.3320312000000001e+01 2.7237532499999998e+02 3.1066039907244834e+02
5.3369140999999999e+01 2.7228534600000000e+02 3.0904338789831411e+02
5.3417968999999999e+01 2.7224955899999998e+02 3.0907232712739460e+02
5.3466797000000000e+01 2.7222561400000001e+02 3.0945866693962597e+02
5.3515625000000000e+01 2.7213366000000002e+02 3.0778622788264806e+02
5.3564453000000000e+01 2.7208165800000000e+02 3.0732319359125921e+02
5.3613281000000001e+01 2.7203388699999999e+02 3.0698738133083850e+02
5.3662109000000001e+01 2.7210885700000000e+02 3.1034847379649631e+02
5.3710937999999999e+01 2.7208622900000000e+02 3.1076268760169518e+02
5.3759765999999999e+01 2.7193939100000000e+02 3.0744110176016994e+02
5.3808593999999999e+01 2.7193245300000001e+02 3.0832458595142708e+02
5.3857422000000000e+01 2.7191671200000002e+02 3.0893964323261270e+02
5.3906250000000000e+01 2.7188981300000000e+02 3.0921661332017055e+02
5.3955078000000000e+01 2.7181147099999998e+02 3.0795200662325630e+02
5.4003906000000001e+01 2.7176048900000001e+02 3.0750486157600380e+02
5.4052734000000001e+01 2.7175478900000002e+02 3.0840654343351611e+02
5.4101562000000001e+01 2.7173807299999999e+02 3.0897473130601242e+02
5.4150390999999999e+01 2.7167244399999998e+02 3.0808298979945403e+02
5.4199218999999999e+01 2.7165671099999997e+02 3.0867279805437283e+02
5.4248047000000000e+01 2.7166370899999998e+02 3.0993227051506489e+02
5.4296875000000000e+01 2.7160859900000003e+02 3.0934395751424108e+02
5.4345703000000000e+01 2.7153786800000000e+02 3.0829087102348439e+02
5.4394531000000001e+01 2.7155179900000002e+02 3.0973980958199070e+02
5.4443359000000001e+01 2.7148597300000000e+02 3.0882575599947603e+02
5.4492187999999999e+01 2.7150142499999998e+02 3.1030710200947931e+02
5.4541015999999999e+01 2.7142953000000000e+02 3.0920736513566976e+02
5.4589843999999999e+01 2.7135909400000003e+02 3.0814885974822056e+02
5.4638672000000000e+01 2.7131783000000001e+02 3.0794564910261573e+02
5.4687500000000000e+01 2.7131669599999998e+02 3.0891601894486735e+02
5.4736328000000000e+01 2.7131797000000000e+02 3.0994976408616526e+02
5.4785156000000001e+01 2.7125723599999998e+02 3.0916070690910607e+02
5.4833984000000001e+01 2.7127449400000000e+02 3.1064899356754154e+02
5.4882812000000001e+01 2.7112054599999999e+02 3.0712872417487648e+02
5.4931640999999999e+01 2.7107992500000000e+02 3.0691731045624573e+02
5.4980468999999999e+01 2.7107551400000000e+02 3.0775583762353915e+02
5.5029297000000000e+01 2.7105244299999998e+02 3.0804389620273395e+02
5.5078125000000000e+01 2.7106997400000000e+02 3.0950546543107021e+02
5.5126953000000000e+01 2.7100528300000002e+02 3.0857143802362867e+02
5.5175781000000001e+01 2.7101039300000002e+02 3.0965718319411127e+02
5.5224609000000001e+01 2.7098075100000000e+02 3.0972823848332916e+02
5.5273437999999999e+01 2.7086414200000002e+02 3.0727850778822528e+02
5.5322265999999999e+01 2.7081059199999999e+02 3.0664976753409854e+02
5.5371093999999999e+01 2.7079693500000002e+02 3.0716700109982514e+02
5.5419922000000000e+01 2.7085357699999997e+02 3.0970176639830589e+02
5.5468750000000000e+01 2.7077807999999999e+02 3.0842199702364593e+02
5.5517578000000000e+01 2.7076402100000001e+02 3.0890437653221676e+02
5.5566406000000001e+01 2.7074090799999999e+02 3.0911911614560455e+02
5.5615234000000001e+01 2.7070144599999998e+02 3.0885799762338394e+02
5.5664062000000001e+01 2.7065470399999998e+02 3.0838233068101147e+02
5.5712890999999999e+01 2.7065457099999998e+02 3.0923375006927307e+02
5.5761718999999999e+01 2.7061741499999999e+02 3.0901877233054091e+02
5.5810547000000000e+01 2.7054383899999999e+02 3.0775847187472101e+02
5.5859375000000000e+01 2.7045114999999998e+02 3.0594968175322623e+02
5.5908203000000000e+01 2.7045496900000001e+02 3.0688414544326167e+02
5.5957031000000001e+01 2.7046359200000001e+02 3.0794556924812150e+02
5.6005859000000001e+01 2.7045639599999998e+02 3.0854805137031877e+02
5.6054687999999999e+01 2.7038578000000001e+02 3.0734382372667574e+02
5.6103515999999999e+01 2.7035455600000000e+02 3.0725038291367201e+02
5.6152343999999999e+01 2.7038230900000002e+02 3.0881739036812934e+02
5.6201172000000000e+01 2.7032073600000001e+02 3.0785005687871950e+02
5.6250000000000000e+01 2.7032307900000001e+02 3.0868040265579111e+02
5.6298828000000000e+01 2.7026184599999999e+02 3.0770978226916753e+02
5.6347656000000001e+01 2.7022222900000003e+02 3.0734199907305157e+02
5.6396484000000001e+01 2.7020334400000002e+02 3.0754991430463065e+02
5.6445312000000001e+01 2.7016019699999998e+02 3.0706836176448002e+02
5.6494140999999999e+01 2.7012879800000002e+02 3.0690938326825329e+02
5.6542968999999999e+01 2.7014225199999998e+02 3.0799865799270958e+02
5.6591797000000000e+01 2.7009047399999997e+02 3.0725286392931167e+02
5.6640625000000000e+01 2.7006170300000002e+02 3.0714338642761112e+02
5.6689453000000000e+01 2.7007993399999998e+02 3.0833721952440476e+02
5.6738281000000001e+01 2.7006475300000000e+02 3.0858890697070342e+02
5.6787109000000001e+01 2.7006302599999998e+02 3.0920609224760386e+02
5.6835937999999999e+01 2.6999730000000000e+02 3.0803460151174409e+02
5.6884765999999999e+01 2.6995860900000002e+02 3.0760809962056101e+02
5.6933593999999999e+01 2.6990475700000002e+02 3.0675386160981122e+02
5.6982422000000000e+01 2.6991010399999999e+02 3.0753261891396374e+02
5.7031250000000000e+01 2.6993134500000002e+02 3.0874056383960556e+02
5.7080078000000000e+01 2.6988559400000003e+02 3.0808639004680265e+02
5.7128906000000001e+01 2.6985906100000000e+02 3.0795548030067442e+02
5.7177734000000001e+01 2.6988004699999999e+02 3.0912574608852213e+02
5.7226562000000001e+01 2.6983231599999999e+02 3.0839321494210657e+02
5.7275390999999999e+01 2.6974203100000000e+02 3.0648405142202859e+02
5.7324218999999999e+01 2.6968803000000003e+02 3.0556704784798467e+02
5.7373047000000000e+01 2.6974890299999998e+02 3.0779360583784506e+02
5.7421875000000000e+01 2.6975349699999998e+02 3.0846458365243279e+02
5.7470703000000000e+01 2.6969518399999998e+02 3.0740435098681434e+02
5.7519531000000001e+01 2.6966316000000000e+02 3.0705615898764756e+02
5.7568359000000001e+01 2.6964056299999999e+02 3.0695724141990826e+02
5.7617187999999999e+01 2.6955892000000000e+02 3.0524049015890495e+02
5.7666015999999999e+01 2.6964872300000002e+02 3.0818597569525440e+02
5.7714843999999999e+01 2.6962484100000000e+02 3.0802457405045988e+02
5.7763672000000000e+01 2.6959231699999998e+02 3.0762001407268070e+02
5.7812500000000000e+01 2.6951501100000002e+02 3.0599300768485267e+02
5.7861328000000000e+01 2.6952222699999999e+02 3.0665059640302059e+02
5.7910156000000001e+01 2.6952800000000002e+02 3.0725862160991403e+02
5.7958984000000001e+01 2.6942652299999997e+02 3.0495814168623298e+02
5.8007812000000001e+01 2.6948103900000001e+02 3.0686442021949233e+02
5.8056640999999999e+01 2.6943574500000000e+02 3.0606664511920673e+02
5.8105468999999999e+01 2.6937344999999999e+02 3.0480414424111194e+02
5.8154297000000000e+01 2.6937690400000002e+02 3.0530378777491444e+02
5.8203125000000000e+01 2.6942711400000002e+02 3.0704902405592958e+02
5.8251953000000000e+01 2.6945834400000001e+02 3.0827193296468181e+02
5.8300781000000001e+01 2.6941300999999999e+02 3.0743160225498201e+02
5.8349609000000001e+01 2.6938743499999998e+02 3.0711311985217151e+02
5.8398437999999999e+01 2.6940972399999998e+02 3.0806575417879316e+02
5.8447265999999999e+01 2.6936289399999998e+02 3.0716202831865542e+02
5.8496093999999999e+01 2.6927970399999998e+02 3.0528213378376222e+02
5.8544922000000000e+01 2.6927621599999998e+02 3.0552035247984912e+02
5.8593750000000000e+01 2.6931603200000001e+02 3.0690088352754987e+02
5.8642578000000000e+01 2.6926087999999999e+02 3.0574631144617200e+02
5.8691406000000001e+01 2.6928287100000000e+02 3.0663252340981018e+02
5.8740234000000001e+01 2.6929126900000000e+02 3.0714750219839527e+02
5.8789062000000001e+01 2.6929260900000003e+02 3.0746557410405211e+02
5.8837890999999999e+01 2.6926345700000002e+02 3.0696793231424959e+02
5.8886718999999999e+01 2.6923989599999999e+02 3.0661031170275078e+02
5.8935547000000000e+01 2.6916864299999997e+02 3.0498695869555030e+02
5.8984375000000000e+01 2.6913640099999998e+02 3.0438637170844191e+02
5.9033203000000000e+01 2.6914571000000001e+02 3.0487170055839175e+02
5.9082031000000001e+01 2.6918358300000000e+02 3.0609776438449609e+02
5.9130859000000001e+01 2.6922602599999999e+02 3.0743213989737518e+02
5.9179687999999999e+01 2.6918179500000002e+02 3.0648245521499257e+02
5.9228515999999999e+01 2.6915036800000001e+02 3.0586166470606020e+02
5.9277343999999999e+01 2.6916184500000003e+02 3.0635580583487359e+02
5.9326172000000000e+01 2.6916647899999998e+02 3.0666143781510749e+02
5.9375000000000000e+01 2.6914736199999999e+02 3.0633812469023712e+02
5.9423828000000000e+01 2.6918238600000001e+02 3.0741793135928964e+02
5.9472656000000001e+01 2.6908623999999998e+02 3.0507259358239912e+02
5.9521484000000001e+01 2.6912459200000001e+02 3.0622093809616615e+02
5.9570312000000001e+01 2.6909937300000001e+02 3.0570745309444322e+02
5.9619140999999999e+01 2.6913441300000000e+02 3.0674965017233791e+02
5.9667968999999999e+01 2.6910476899999998e+02 3.0610543396628395e+02
5.9716797000000000e+01 2.6913482199999999e+02 3.0699903833741087e+02
5.9765625000000000e+01 2.6910987399999999e+02 3.0646087506942450e+02
5.9814453000000000e+01 2.6908322600000002e+02 3.0587189131200932e+02
5.9863281000000001e+01 2.6908452699999998e+02 3.0599671656718090e+02
5.9912109000000001e+01 2.6903856400000001e+02 3.0489598915988518e+02
5.9960937999999999e+01 2.6907855699999999e+02 3.0600069619998482e+02
6.0009765999999999e+01 2.6909017299999999e+02 3.0636573124152471e+02
6.0058593999999999e+01 2.6912088799999998e+02 3.0721202965530028e+02
6.0107422000000000e+01 2.6912193600000001e+02 3.0728801011219491e+02
6.0156250000000000e+01 2.6906745999999998e+02 3.0593444321833283e+02
6.0205078000000000e+01 2.6915988499999997e+02 3.0833266030497646e+02
6.0253906000000001e+01 2.6911717499999997e+02 3.0726594226644971e+02
6.0302734000000001e+01 2.6904343200000000e+02 3.0540226227649106e+02
6.0351562000000001e+01 2.6910185200000001e+02 3.0690304759365307e+02
6.0400390999999999e+01 2.6907350600000001e+02 3.0618429408619363e+02
6.0449218999999999e+01 2.6907298600000001e+02 3.0616706436418394e+02
6.0498047000000000e+01 2.6910280999999998e+02 3.0691291823032543e+02
6.0546875000000000e+01 2.6909349700000001e+02 3.0665689671155980e+02
6.0595703000000000e+01 2.6907728100000003e+02 3.0621917490609155e+02
6.0644531000000001e+01 2.6904120899999998e+02 3.0527263141294719e+02
6.0693359000000001e+01 2.6902222799999998e+02 3.0475299601925951e+02
6.0742187999999999e+01 2.6907988599999999e+02 3.0616236839312489e+02
6.0791015999999999e+01 2.6912493799999999e+02 3.0724344922058970e+02
6.0839843999999999e+01 2.6904201300000000e+02 3.0509106762845505e+02
6.0888672000000000e+01 2.6904950800000000e+02 3.0521175716325968e+02
6.0937500000000000e+01 2.6904287699999998e+02 3.0497015977293216e+02
6.0986328000000000e+01 2.6905157200000002e+02 3.0510697952721455e+02
6.1035156000000001e+01 2.6906835599999999e+02 3.0543950816685248e+02
6.1083984000000001e+01 2.6907885299999998e+02 3.0560703457315105e+02
6.1132812000000001e+01 2.6913667400000003e+02 3.0695159748735404e+02
6.1181640999999999e+01 2.6911512900000002e+02 3.0630289065289077e+02
6.1230468999999999e+01 2.6910992499999998e+02 3.0605703357538067e+02
6.1279297000000000e+01 2.6914102600000001e+02 3.0671059858411360e+02
6.1328125000000000e+01 2.6910974099999999e+02 3.0580224559870368e+02
6.1376953000000000e+01 2.6913848999999999e+02 3.0638335589911117e+02
6.1425781000000001e+01 2.6914369699999997e+02 3.0637176420071745e+02
6.1474609000000001e+01 2.6911277500000000e+02 3.0545698579580761e+02
6.1523437999999999e+01 2.6914448499999997e+02 3.0609139326173914e+02
6.1572265999999999e+01 2.6917495300000002e+02 3.0668758866983927e+02
6.1621093999999999e+01 2.6913426099999998e+02 3.0551553468711512e+02
6.1669922000000000e+01 2.6923068899999998e+02 3.0772968541955561e+02
6.1718750000000000e+01 2.6918646300000000e+02 3.0646004771827347e+02
6.1767578000000000e+01 2.6916660200000001e+02 3.0578839310928151e+02
6.1816406000000001e+01 2.6913683400000002e+02 3.0486840047908106e+02
6.1865234000000001e+01 2.6913824599999998e+02 3.0471222380502616e+02
6.1914062000000001e+01 2.6913786499999998e+02 3.0450677203362318e+02
6.1962890999999999e+01 2.6917392799999999e+02 3.0519140365685320e+02
6.2011718999999999e+01 2.6924578400000001e+02 3.0674739329301343e+02
6.2060547000000000e+01 2.6927297900000002e+02 3.0720021838372799e+02
6.2109375000000000e+01 2.6923894200000001e+02 3.0614774591235482e+02
6.2158203000000000e+01 2.6923887600000000e+02 3.0592320589731850e+02
6.2207031000000001e+01 2.6927078599999999e+02 3.0647532690803740e+02
6.2255859000000001e+01 2.6932613800000001e+02 3.0759347322697977e+02
6.2304687999999999e+01 2.6928227199999998e+02 3.0628539450042859e+02
6.2353515999999999e+01 2.6923408999999998e+02 3.0487012203763288e+02
6.2402343999999999e+01 2.6929018400000001e+02 3.0599016219727667e+02
6.2451172000000000e+01 2.6925094999999999e+02 3.0478626837819269e+02
6.2500000000000000e+01 2.6927739800000001e+02 3.0517511320970539e+02
6.2548828000000000e+01 2.6931608299999999e+02 3.0585553483644736e+02
6.2597656000000001e+01 2.6935296599999998e+02 3.0648654498532147e+02
6.2646484000000001e+01 2.6937414600000000e+02 3.0673187843217761e+02
6.2695312000000001e+01 2.6933872500000001e+02 3.0560375751853468e+02
6.2744140999999999e+01 2.6934574800000001e+02 3.0549917348730025e+02
6.2792968999999999e+01 2.6939023700000001e+02 3.0629501015872569e+02
6.2841797000000000e+01 2.6945453199999997e+02 3.0756287328985252e+02
6.2890625000000000e+01 2.6936856200000000e+02 3.0520498151016358e+02
6.2939453000000000e+01 2.6943950899999999e+02 3.0662389995803289e+02
6.2988281000000001e+01 2.6939818600000001e+02 3.0533744124631488e+02
6.3037109000000001e+01 2.6946070200000003e+02 3.0654374201617571e+02
6.3085937999999999e+01 2.6941355700000003e+02 3.0511310976761871e+02
6.3134765999999999e+01 2.6949299700000000e+02 3.0671608251602197e+02
6.3183593999999999e+01 2.6951759600000003e+02 3.0699939714946709e+02
6.3232422000000000e+01 2.6947392500000001e+02 3.0564565724154113e+02
6.3281250000000000e+01 2.6942927700000001e+02 3.0426801322270018e+02
6.3330078000000000e+01 2.6950017000000003e+02 3.0564892631284511e+02
6.3378906000000001e+01 2.6953854799999999e+02 3.0624860367624279e+02
6.3427734000000001e+01 2.6954653000000002e+02 3.0611984394173709e+02
6.3476562000000001e+01 2.6956458800000001e+02 3.0622849553062127e+02
6.3525390999999999e+01 2.6954419100000001e+02 3.0541942464131427e+02
6.3574218999999999e+01 2.6951198399999998e+02 3.0432856874605511e+02
6.3623047000000000e+01 2.6959924200000000e+02 3.0607410072063391e+02
6.3671875000000000e+01 2.6960751900000002e+02 3.0594024189058092e+02
6.3720703000000000e+01 2.6959671600000001e+02 3.0535206275651876e+02
6.3769531000000001e+01 2.6961527999999998e+02 3.0545821213104210e+02
6.3818359000000001e+01 2.6960748599999999e+02 3.0493839537105259e+02
6.3867187999999999e+01 2.6969675899999999e+02 3.0671215678848722e+02
6.3916015999999999e+01 2.6969923100000000e+02 3.0643068230293062e+02
6.3964843999999999e+01 2.6970931800000000e+02 3.0632757588344350e+02
6.4013672000000000e+01 2.6971187500000002e+02 3.0604536835275786e+02
6.4062500000000000e+01 2.6968968599999999e+02 3.0517904367878759e+02
6.4111328000000000e+01 2.6973730499999999e+02 3.0595576638356800e+02
6.4160156000000001e+01 2.6974862800000000e+02 3.0587611117303936e+02
6.4208984000000001e+01 2.6976487300000002e+02 3.0591088181198461e+02
6.4257812000000001e+01 2.6983387599999998e+02 3.0718296390794364e+02
6.4306640999999999e+01 2.6979631999999998e+02 3.0595205829128207e+02
6.4355468999999999e+01 2.6980662599999999e+02 3.0584394948605262e+02
6.4404297000000000e+01 2.6988293299999998e+02 3.0728073122177238e+02
6.4453125000000000e+01 2.6980139400000002e+02 3.0502064098517604e+02
6.4501953000000000e+01 2.6981407500000000e+02 3.0496640417800336e+02
6.4550781000000001e+01 2.6986354200000000e+02 3.0577094942152894e+02
6.4599609000000001e+01 2.6990334300000001e+02 3.0634794955785577e+02
6.4648437999999999e+01 2.6991819800000002e+02 3.0634163968317313e+02
6.4697265999999999e+01 2.6988794100000001e+02 3.0528351566919810e+02
6.4746093999999999e+01 2.6991545500000001e+02 3.0557211406510328e+02
6.4794922000000000e+01 2.6990476500000000e+02 3.0497100505108557e+02
6.4843750000000000e+01 2.6996793400000001e+02 3.0608807551425321e+02
6.4892578000000000e+01 2.6999089800000002e+02 3.0626923643678737e+02
6.4941406000000001e+01 2.6996774199999999e+02 3.0537940031497720e+02
6.4990234000000001e+01 2.7002039700000000e+02 3.0624982275464555e+02
6.5039062000000001e+01 2.7000699400000002e+02 3.0558780321986933e+02
6.5087890999999999e+01 2.7009007900000000e+02 3.0716223625691913e+02
6.5136718999999999e+01 2.7008760500000000e+02 3.0675425465435728e+02
6.5185547000000000e+01 2.7007979200000000e+02 3.0622388652645833e+02
6.5234375000000000e+01 2.7013762600000001e+02 3.0721229741558869e+02
6.5283203000000000e+01 2.7008987500000001e+02 3.0576118036922736e+02
6.5332031000000001e+01 2.7010079400000001e+02 3.0566712196962084e+02
6.5380859000000001e+01 2.7011912699999999e+02 3.0574508476571583e+02
6.5429687999999999e+01 2.7020900599999999e+02 3.0747300903588393e+02
6.5478515999999999e+01 2.7017374400000000e+02 3.0631716672877462e+02
6.5527343999999999e+01 2.7022883600000000e+02 3.0724383601608770e+02
6.5576172000000000e+01 2.7023395499999998e+02 3.0702100441412898e+02
6.5625000000000000e+01 2.7019064800000001e+02 3.0568664810592912e+02
6.5673828000000000e+01 2.7017569300000002e+02 3.0500679589038316e+02
6.5722656000000001e+01 2.7015658900000000e+02 3.0423410914302639e+02
6.5771484000000001e+01 2.7019581899999997e+02 3.0480232629799121e+02
6.5820312000000001e+01 2.7023482100000001e+02 3.0536628022099336e+02
6.5869140999999999e+01 2.7022765500000003e+02 3.0487346971122770e+02
6.5917968999999999e+01 2.7023828900000001e+02 3.0479075458632894e+02
6.5966797000000000e+01 2.7029553099999998e+02 3.0577668446549040e+02
6.6015625000000000e+01 2.7028688799999998e+02 3.0525667701853547e+02
6.6064453000000000e+01 2.7031851699999999e+02 3.0565990828743588e+02
6.6113281000000001e+01 2.7030850400000003e+02 3.0511369752958745e+02
6.6162109000000001e+01 2.7034514700000000e+02 3.0563555489140180e+02
6.6210937999999999e+01 2.7034889900000002e+02 3.0540879152504050e+02
6.6259765999999999e+01 2.7038478500000002e+02 3.0591751720162483e+02
6.6308593999999999e+01 2.7041157500000003e+02 3.0622096093851860e+02
6.6357422000000000e+01 2.7039127000000002e+02 3.0545411270553308e+02
6.6406250000000000e+01 2.7041968600000001e+02 3.0579993137803575e+02
6.6455078000000000e+01 2.7039963699999998e+02 3.0504561739921394e+02
6.6503906000000001e+01 2.7042198200000001e+02 3.0525902029180361e+02
6.6552734000000001e+01 2.7047072200000002e+02 3.0607505484822491e+02
6.6601562000000001e+01 2.7047875299999998e+02 3.0596867764569345e+02
6.6650390999999999e+01 2.7049080700000002e+02 3.0595693002819462e+02
6.6699218999999999e+01 2.7052191499999998e+02 3.0638080986193899e+02
6.6748047000000000e+01 2.7051678099999998e+02 3.0598571609618074e+02
6.6796875000000000e+01 2.7052766700000001e+02 3.0595759045832722e+02
6.6845703000000000e+01 2.7049877700000002e+02 3.0503188270880230e+02
6.6894531000000001e+01 2.7054885800000000e+02 3.0589893173095692e+02
6.6943359000000001e+01 2.7051274500000000e+02 3.0481797978860681e+02
6.6992187999999999e+01 2.7058164900000003e+02 3.0611756512953031e+02
6.7041015999999999e+01 2.7058858900000001e+02 3.0601866646927982e+02
6.7089843999999999e+01 2.7055721899999998e+02 3.0505794459073689e+02
6.7138672000000000e+01 2.7060563400000001e+02 3.0590453146817106e+02
6.7187500000000000e+01 2.7055369700000000e+02 3.0448842737153922e+02
6.7236328000000000e+01 2.7061867200000000e+02 3.0571653791568752e+02
6.7285156000000001e+01 2.7061323599999997e+02 3.0535928938787970e+02
6.7333984000000001e+01 2.7059982000000002e+02 3.0482671987373300e+02
6.7382812000000001e+01 2.7063018799999998e+02 3.0528596751594552e+02
6.7431640999999999e+01 2.7070862899999997e+02 3.0683249980359858e+02
6.7480468999999999e+01 2.7070820600000002e+02 3.0660607453386734e+02
6.7529297000000000e+01 2.7071264500000001e+02 3.0649393871249828e+02
6.7578125000000000e+01 2.7070873599999999e+02 3.0619873722326219e+02
6.7626953000000000e+01 2.7072770600000001e+02 3.0642325135017188e+02
6.7675781000000001e+01 2.7073289699999998e+02 3.0634259953101707e+02
6.7724609000000001e+01 2.7071015000000000e+02 3.0563891836642688e+02
6.7773437999999999e+01 2.7070854300000002e+02 3.0541580175003804e+02
6.7822265999999999e+01 2.7076612000000000e+02 3.0652738237237679e+02
6.7871093999999999e+01 2.7080369500000000e+02 3.0719418049300623e+02
6.7919922000000000e+01 2.7080180400000000e+02 3.0697983850945127e+02
6.7968750000000000e+01 2.7075404200000003e+02 3.0574161265570109e+02
6.8017578000000000e+01 2.7071343100000001e+02 3.0466999498827374e+02
6.8066406000000001e+01 2.7082281300000000e+02 3.0696809622873371e+02
6.8115234000000001e+01 2.7080285900000001e+02 3.0637079533209658e+02
6.8164062000000001e+01 2.7080417999999997e+02 3.0625623500554320e+02
6.8212890999999999e+01 2.7079605099999998e+02 3.0593566473045558e+02
6.8261718999999999e+01 2.7084029800000002e+02 3.0679407765647835e+02
6.8310547000000000e+01 2.7083530500000001e+02 3.0655523771455961e+02
6.8359375000000000e+01 2.7083540299999999e+02 3.0643633427202769e+02
6.8408203000000000e+01 2.7085387900000001e+02 3.0673466837748003e+02
6.8457031000000001e+01 2.7085173300000002e+02 3.0657744949538295e+02
6.8505859000000001e+01 2.7089271200000002e+02 3.0739089152993517e+02
6.8554687999999999e+01 2.7085842200000002e+02 3.0652695365244551e+02
6.8603515999999999e+01 2.7088524500000000e+02 3.0703578767174486e+02
6.8652343999999999e+01 2.7085418600000003e+02 3.0625695825268417e+02
6.8701172000000000e+01 2.7082709100000000e+02 3.0557335037017896e+02
6.8750000000000000e+01 2.7090249799999998e+02 3.0718618645814007e+02
6.8798828000000000e+01 2.7088769600000001e+02 3.0678995952108500e+02
6.8847656000000001e+01 2.7085200099999997e+02 3.0593383835256651e+02
6.8896484000000001e+01 2.7086710199999999e+02 3.0621858398772531e+02
6.8945312000000001e+01 2.7088923299999999e+02 3.0666668572252496e+02
6.8994140999999999e+01 2.7092015300000003e+02 3.0731736187262976e+02
6.9042968999999999e+01 2.7093842000000001e+02 3.0769216472121064e+02
6.9091797000000000e+01 2.7094057600000002e+02 3.0771417563188641e+02
6.9140625000000000e+01 2.7093224300000003e+02 3.0750903306574850e+02
6.9189453000000000e+01 2.7084942599999999e+02 3.0564985764767511e+02
6.9238281000000001e+01 2.7085749499999997e+02 3.0582455990831477e+02
6.9287109000000001e+01 2.7090072300000003e+02 3.0678991353385493e+02
6.9335937999999999e+01 2.7093661700000001e+02 3.0759849458592009e+02
6.9384765999999999e+01 2.7095649400000002e+02 3.0805693421592844e+02
6.9433593999999999e+01 2.7090174999999999e+02 3.0685960075013361e+02
6.9482422000000000e+01 2.7084996200000000e+02 3.0573558943663227e+02
6.9531250000000000e+01 2.7085181699999998e+02 3.0581403737284921e+02
6.9580078000000000e+01 2.7086860200000001e+02 3.0623224234044892e+02
6.9628906000000001e+01 2.7090199899999999e+02 3.0702759645738632e+02
6.9677734000000001e+01 2.7085301600000003e+02 3.0599556785560691e+02
6.9726562000000001e+01 2.7087386700000002e+02 3.0652609700423602e+02
6.9775390999999999e+01 2.7089408200000003e+02 3.0704976810284825e+02
6.9824218999999999e+01 2.7087525099999999e+02 3.0671152057928890e+02
6.9873047000000000e+01 2.7084142500000002e+02 3.0604701839848258e+02
6.9921875000000000e+01 2.7089364000000000e+02 3.0730534840953777e+02
6.9970703000000000e+01 2.7088222600000000e+02 3.0715483590781582e+02
7.0019531000000001e+01 2.7082308899999998e+02 3.0594982353436035e+02
7.0068359000000001e+01 2.7088729200000000e+02 3.0749750883857456e+02
7.0117187999999999e+01 2.7085484600000001e+02 3.0690191663390442e+02
7.0166015999999999e+01 2.7080943900000000e+02 3.0602568314525769e+02
7.0214843999999999e+01 2.7084931699999999e+02 3.0705500551710895e+02
7.0263672000000000e+01 2.7083909999999997e+02 3.0697737799020268e+02
7.0312500000000000e+01 2.7076031899999998e+02 3.0538201281850530e+02
7.0361328000000000e+01 2.7082212099999998e+02 3.0692249604075749e+02
7.0410156000000001e+01 2.7075738200000001e+02 3.0565535549645307e+02
7.0458984000000001e+01 2.7075076700000000e+02 3.0568935562848401e+02
7.0507812000000001e+01 2.7080523499999998e+02 3.0709030907367753e+02
7.0556640999999999e+01 2.7075064500000002e+02 3.0607282209654488e+02
7.0605468999999999e+01 2.7077553200000000e+02 3.0683158756319841e+02
7.0654297000000000e+01 2.7073867500000000e+02 3.0622464181603010e+02
7.0703125000000000e+01 2.7075531200000000e+02 3.0681592973955941e+02
7.0751953000000000e+01 2.7082929300000001e+02 3.0869119834234596e+02
7.0800781000000001e+01 2.7080368099999998e+02 3.0835867990520808e+02
7.0849609000000001e+01 2.7071976400000000e+02 3.0673692388533846e+02
7.0898437999999999e+01 2.7073480300000000e+02 3.0732515071123129e+02
7.0947265999999999e+01 2.7072386000000000e+02 3.0734340914470795e+02
7.0996093999999999e+01 2.7073197299999998e+02 3.0779391651148205e+02
7.1044922000000000e+01 2.7069527699999998e+02 3.0725545168615542e+02
7.1093750000000000e+01 2.7070498400000002e+02 3.0775789493865369e+02
7.1142578000000000e+01 2.7067702300000002e+02 3.0743023864090696e+02
7.1191406000000001e+01 2.7062460199999998e+02 3.0656633664117305e+02
7.1240234000000001e+01 2.7060189700000001e+02 3.0637206893095293e+02
7.1289062000000001e+01 2.7066089199999999e+02 3.0800486590010314e+02
7.1337890999999999e+01 2.7065259200000003e+02 3.0814796287820428e+02
7.1386718999999999e+01 2.7060157600000002e+02 3.0734827225230288e+02
7.1435547000000000e+01 2.7056297000000001e+02 3.0683309748587880e+02
7.1484375000000000e+01 2.7061328300000002e+02 3.0830637264857120e+02
7.1533203000000000e+01 2.7057034599999997e+02 3.0771138387874885e+02
7.1582031000000001e+01 2.7053483699999998e+02 3.0729006829147994e+02
7.1630859000000001e+01 2.7054088800000000e+02 3.0780283658786999e+02
7.1679687999999999e+01 2.7048754900000000e+02 3.0700090060249698e+02
7.1728515999999999e+01 2.7048905500000001e+02 3.0742918468756079e+02
7.1777343999999999e+01 2.7043717900000001e+02 3.0667632246665949e+02
7.1826172000000000e+01 2.7044272000000001e+02 3.0721131706488552e+02
7.1875000000000000e+01 2.7039089400000000e+02 3.0647607073401878e+02
7.1923828000000000e+01 2.7038644699999998e+02 3.0680523063057052e+02
7.1972656000000001e+01 2.7038489600000003e+02 3.0720740974513382e+02
7.2021484000000001e+01 2.7036681299999998e+02 3.0724940099623132e+02
7.2070312000000001e+01 2.7034101700000002e+02 3.0712773722104822e+02
7.2119140999999999e+01 2.7034731699999998e+02 3.0773034393052745e+02
7.2167968999999999e+01 2.7032410599999997e+02 3.0768308935093546e+02
7.2216797000000000e+01 2.7029199299999999e+02 3.0744552984916669e+02
7.2265625000000000e+01 2.7028537200000000e+02 3.0778513380761621e+02
7.2314453000000000e+01 2.7022237500000000e+02 3.0687482810905254e+02
7.2363281000000001e+01 2.7016663699999998e+02 3.0613458682928575e+02
7.2412109000000001e+01 2.7018243500000000e+02 3.0699967411033526e+02
7.2460937999999999e+01 2.7024146100000002e+02 3.0883874977594996e+02
7.2509765999999999e+01 2.7018859600000002e+02 3.0818753233322536e+02
7.2558593999999999e+01 2.7014393600000000e+02 3.0772765563003156e+02
7.2607422000000000e+01 2.7013796000000002e+02 3.0814024474586944e+02
7.2656250000000000e+01 2.7007913400000001e+02 3.0738009953490308e+02
7.2705078000000000e+01 2.7003733799999998e+02 3.0700856287326076e+02
7.2753906000000001e+01 2.7005037900000002e+02 3.0787111011140763e+02
7.2802734000000001e+01 2.6999733199999997e+02 3.0726433039502939e+02
7.2851562000000001e+01 2.7003289100000001e+02 3.0864728923627990e+02
7.2900390999999999e+01 2.6995988399999999e+02 3.0761023129177096e+02
7.2949218999999999e+01 2.6989127500000001e+02 3.0667926928764854e+02
7.2998047000000000e+01 2.6988406400000002e+02 3.0713014440890299e+02
7.3046875000000000e+01 2.6985457800000000e+02 3.0709065917681738e+02
7.3095703000000000e+01 2.6988797899999997e+02 3.0846727325853340e+02
7.3144531000000001e+01 2.6983289200000002e+02 3.0787081658697275e+02
7.3193359000000001e+01 2.6976303100000001e+02 3.0695116119607911e+02
7.3242187999999999e+01 2.6977708500000000e+02 3.0791922384544000e+02
7.3291015999999999e+01 2.6968430599999999e+02 3.0650149141025980e+02
7.3339843999999999e+01 2.6964110399999998e+02 3.0620232264691873e+02
7.3388672000000000e+01 2.6967324100000002e+02 3.0760006320128520e+02
7.3437500000000000e+01 2.6963224600000001e+02 3.0736624999006182e+02
7.3486328000000000e+01 2.6963541500000002e+02 3.0813081205162706e+02
7.3535156000000001e+01 2.6956759000000000e+02 3.0731064940218897e+02
7.3583984000000001e+01 2.6956303000000003e+02 3.0791765612892385e+02
7.3632812000000001e+01 2.6950706000000002e+02 3.0737863728858719e+02
7.3681640999999999e+01 2.6953085199999998e+02 3.0863797134670426e+02
7.3730468999999999e+01 2.6951263899999998e+02 3.0896217341663726e+02
7.3779297000000000e+01 2.6947859599999998e+02 3.0893853012655632e+02
7.3828125000000000e+01 2.6941899100000001e+02 3.0834805702587738e+02
7.3876953000000000e+01 2.6934482000000003e+02 3.0743742324334721e+02
7.3925781000000001e+01 2.6926984499999998e+02 3.0651572840596771e+02
7.3974609000000001e+01 2.6923876700000000e+02 3.0658812823561567e+02
7.4023437999999999e+01 2.6926087400000000e+02 3.0786428092591126e+02
7.4072265999999999e+01 2.6923527600000000e+02 3.0807510421909166e+02
7.4121093999999999e+01 2.6917359099999999e+02 3.0748119592625682e+02
7.4169922000000000e+01 2.6909244300000000e+02 3.0645609374907696e+02
7.4218750000000000e+01 2.6912332800000001e+02 3.0796030655380025e+02
7.4267578000000000e+01 2.6904680000000002e+02 3.0705320371848495e+02
7.4316406000000001e+01 2.6902682199999998e+02 3.0742674161901573e+02
7.4365234000000001e+01 2.6898284999999998e+02 3.0726682355415596e+02
7.4414062000000001e+01 2.6900011300000000e+02 3.0849413693435196e+02
7.4462890999999999e+01 2.6892641900000001e+02 3.0767823394256618e+02
7.4511718999999999e+01 2.6886600099999998e+02 3.0716818352039007e+02
7.4560547000000000e+01 2.6886211600000001e+02 3.0794006342266556e+02
7.4609375000000000e+01 2.6886016300000000e+02 3.0876274600599891e+02
7.4658203000000000e+01 2.6872423500000002e+02 3.0656849400975636e+02
7.4707031000000001e+01 2.6875146400000000e+02 3.0806352780832231e+02
7.4755859000000001e+01 2.6873144600000001e+02 3.0849893609038668e+02
7.4804687999999999e+01 2.6864681500000000e+02 3.0748147836408504e+02
7.4853515999999999e+01 2.6866123299999998e+02 3.0870816062533225e+02
7.4902343999999999e+01 2.6856603799999999e+02 3.0746430023404355e+02
7.4951172000000000e+01 2.6851310300000000e+02 3.0718159958743985e+02
7.5000000000000000e+01 2.6852825100000001e+02 3.0844482015300628e+02
7.5048828000000000e+01 2.6847639700000002e+02 3.0819921835732850e+02
7.5097656000000001e+01 2.6840442899999999e+02 3.0750448332341568e+02
7.5146484000000001e+01 2.6835767800000002e+02 3.0738625078136687e+02
7.5195312000000001e+01 2.6830010499999997e+02 3.0702895229196014e+02
7.5244140999999999e+01 2.6829529200000002e+02 3.0787234790240677e+02
7.5292968999999999e+01 2.6825154300000003e+02 3.0784001493005775e+02
7.5341797000000000e+01 2.6815019599999999e+02 3.0650826178579939e+02
7.5390625000000000e+01 2.6809589399999999e+02 3.0624788948911151e+02
7.5439453000000000e+01 2.6806811800000003e+02 3.0659448971969925e+02
7.5488281000000001e+01 2.6805098800000002e+02 3.0718834159017422e+02
7.5537109000000001e+01 2.6804497900000001e+02 3.0804035437285847e+02
7.5585937999999999e+01 2.6798646600000001e+02 3.0770685621359314e+02
7.5634765999999999e+01 2.6791832599999998e+02 3.0716000315229206e+02
7.5683593999999999e+01 2.6789676600000001e+02 3.0767577294031844e+02
7.5732422000000000e+01 2.6787156299999998e+02 3.0811431723520514e+02
7.5781250000000000e+01 2.6778132699999998e+02 3.0708081011395274e+02
7.5830078000000000e+01 2.6777403500000003e+02 3.0793667053753859e+02
7.5878906000000001e+01 2.6774366800000001e+02 3.0827347676788855e+02
7.5927734000000001e+01 2.6768908099999999e+02 3.0806467660415893e+02
7.5976562000000001e+01 2.6759283599999998e+02 3.0691312614841348e+02
7.6025390999999999e+01 2.6753988199999998e+02 3.0675057112592282e+02
7.6074218999999999e+01 2.6747187600000001e+02 3.0625003559263365e+02
7.6123047000000000e+01 2.6755300999999997e+02 3.0914861248354481e+02
7.6171875000000000e+01 2.6749141300000002e+02 3.0880345226702218e+02
7.6220703000000000e+01 2.6743422700000002e+02 3.0856296575497009e+02
7.6269531000000001e+01 2.6738174700000002e+02 3.0843387246786148e+02
7.6318359000000001e+01 2.6730519700000002e+02 3.0776044208078338e+02
7.6367187999999999e+01 2.6722802999999999e+02 3.0707674564083345e+02
7.6416015999999999e+01 2.6719040000000001e+02 3.0729814821716371e+02
7.6464843999999999e+01 2.6714366400000000e+02 3.0731596258259214e+02
7.6513672000000000e+01 2.6712110600000000e+02 3.0788921039595101e+02
7.6562500000000000e+01 2.6709019999999998e+02 3.0827606012672885e+02
7.6611328000000000e+01 2.6701764900000001e+02 3.0771629086288920e+02
7.6660156000000001e+01 2.6695935100000003e+02 3.0748522252726445e+02
7.6708984000000001e+01 2.6692945200000003e+02 3.0790606339781044e+02
7.6757812000000001e+01 2.6684668599999998e+02 3.0712293767839805e+02
7.6806640999999999e+01 2.6681569200000001e+02 3.0752563658857912e+02
7.6855468999999999e+01 2.6678665000000001e+02 3.0797635376224980e+02
7.6904297000000000e+01 2.6675066600000002e+02 3.0827173466138385e+02
7.6953125000000000e+01 2.6673150800000002e+02 3.0895503268035208e+02
7.7001953000000000e+01 2.6667368199999999e+02 3.0875721329884425e+02
7.7050781000000001e+01 2.6656963200000001e+02 3.0750464932857017e+02
7.7099609000000001e+01 2.6649523799999997e+02 3.0693281009850335e+02
7.7148437999999999e+01 2.6642998200000000e+02 3.0657250381555360e+02
7.7197265999999999e+01 2.6641107699999998e+02 3.0727570691655768e+02
7.7246093999999999e+01 2.6634532200000001e+02 3.0690883515747288e+02
7.7294922000000000e+01 2.6627435900000000e+02 3.0642483135946594e+02
7.7343750000000000e+01 2.6628094800000002e+02 3.0771961712219371e+02
7.7392578000000000e+01 2.6626957700000003e+02 3.0860557799042675e+02
7.7441406000000001e+01 2.6616038600000002e+02 3.0725178018905490e+02
7.7490234000000001e+01 2.6613627800000000e+02 3.0784998379413770e+02
7.7539062000000001e+01 2.6610725000000002e+02 3.0833746233568161e+02
7.7587890999999999e+01 2.6603530799999999e+02 3.0784255812936794e+02
7.7636718999999999e+01 2.6595562799999999e+02 3.0717148599029360e+02
7.7685547000000000e+01 2.6600503200000003e+02 3.0946385893390180e+02
7.7734375000000000e+01 2.6582612200000000e+02 3.0651810955792536e+02
7.7783203000000000e+01 2.6578046799999998e+02 3.0663168903643469e+02
7.7832031000000001e+01 2.6579462799999999e+02 3.0812004344009546e+02
7.7880859000000001e+01 2.6574540300000001e+02 3.0815428208653248e+02
7.7929687999999999e+01 2.6564526100000000e+02 3.0701980769148804e+02
7.7978515999999999e+01 2.6559655900000001e+02 3.0706769160335750e+02
7.8027343999999999e+01 2.6556609300000002e+02 3.0753547486893069e+02
7.8076172000000000e+01 2.6551245000000000e+02 3.0747132131752278e+02
7.8125000000000000e+01 2.6546460300000001e+02 3.0754094935626415e+02
7.8173828000000000e+01 2.6543461000000002e+02 3.0802162784815795e+02
7.8222656000000001e+01 2.6538849800000003e+02 3.0813206076704938e+02
7.8271484000000001e+01 2.6533028200000001e+02 3.0796428549287890e+02
7.8320312000000001e+01 2.6527927499999998e+02 3.0796243033526292e+02
7.8369140999999999e+01 2.6521068500000001e+02 3.0755592043537189e+02
7.8417968999999999e+01 2.6509945599999998e+02 3.0616760033875011e+02
7.8466797000000000e+01 2.6509984600000001e+02 3.0734838888408467e+02
7.8515625000000000e+01 2.6509692100000001e+02 3.0845293339399467e+02
7.8564453000000000e+01 2.6503740699999997e+02 3.0825407729522010e+02
7.8613281000000001e+01 2.6495652799999999e+02 3.0756242224032405e+02
7.8662109000000001e+01 2.6487844400000000e+02 3.0693424257835545e+02
7.8710937999999999e+01 2.6482123899999999e+02 3.0678621088640506e+02
7.8759765999999999e+01 2.6478105699999998e+02 3.0702954158868920e+02
7.8808593999999999e+01 2.6475944099999998e+02 3.0769990816890413e+02
7.8857422000000000e+01 2.6473782499999999e+02 3.0836936064405239e+02
7.8906250000000000e+01 2.6469384200000002e+02 3.0852202336662396e+02
7.8955078000000000e+01 2.6457704500000000e+02 3.0699410934337646e+02
7.9003906000000001e+01 2.6456697800000001e+02 3.0792607111966208e+02
7.9052734000000001e+01 2.6443004200000001e+02 3.0592994559254868e+02
7.9101562000000001e+01 2.6437081699999999e+02 3.0572453211336642e+02
7.9150390999999999e+01 2.6440933600000000e+02 3.0777280633403979e+02
7.9199218999999999e+01 2.6440017599999999e+02 3.0871930917575952e+02
7.9248047000000000e+01 2.6435362300000003e+02 3.0880090398035247e+02
7.9296875000000000e+01 2.6426911400000000e+02 3.0800412445753324e+02
7.9345703000000000e+01 2.6418894100000000e+02 3.0730496674065063e+02
7.9394531000000001e+01 2.6414474300000001e+02 3.0743394618316017e+02
7.9443359000000001e+01 2.6406522300000000e+02 3.0674471788233262e+02
7.9492187999999999e+01 2.6406263000000001e+02 3.0782949863574873e+02
7.9541015999999999e+01 2.6399036899999999e+02 3.0730246899631959e+02
7.9589843999999999e+01 2.6400600200000002e+02 3.0880300724557162e+02
7.9638672000000000e+01 2.6385642000000001e+02 3.0648365811885378e+02
7.9687500000000000e+01 2.6384926999999999e+02 3.0745192543546739e+02
7.9736328000000000e+01 2.6381243999999998e+02 3.0773130162888964e+02
7.9785156000000001e+01 2.6377983000000000e+02 3.0810494729139566e+02
7.9833984000000001e+01 2.6372181699999999e+02 3.0788806474783775e+02
7.9882812000000001e+01 2.6368292200000002e+02 3.0810952578205263e+02
7.9931640999999999e+01 2.6361709300000001e+02 3.0770471815667179e+02
7.9980468999999999e+01 2.6354400800000002e+02 3.0712827766001539e+02
8.0029297000000000e+01 2.6352070400000002e+02 3.0769888497796353e+02
8.0078125000000000e+01 2.6350233200000002e+02 3.0837961865152056e+02
8.0126953000000000e+01 2.6337104499999998e+02 3.0644511063795341e+02
8.0175781000000001e+01 2.6337059099999999e+02 3.0753187959012877e+02
8.0224609000000001e+01 2.6331411100000003e+02 3.0731863567812252e+02
8.0273437999999999e+01 2.6327287000000001e+02 3.0745339759341664e+02
8.0322265999999999e+01 2.6325772000000001e+02 3.0818709322105173e+02
8.0371093999999999e+01 2.6317757300000000e+02 3.0741261242623739e+02
8.0419922000000000e+01 2.6311952400000001e+02 3.0714445095198272e+02
8.0468750000000000e+01 2.6310078299999998e+02 3.0778073038343780e+02
8.0517578000000000e+01 2.6299991199999999e+02 3.0651186257625460e+02
8.0566406000000001e+01 2.6294076999999999e+02 3.0620322196387667e+02
8.0615234000000001e+01 2.6291367700000001e+02 3.0663084023514034e+02
8.0664062000000001e+01 2.6287362000000002e+02 3.0675314310627505e+02
8.0712890999999999e+01 2.6284735400000000e+02 3.0718909837221838e+02
8.0761718999999999e+01 2.6275796900000000e+02 3.0615889081429111e+02
8.0810547000000000e+01 2.6278218500000003e+02 3.0775168342421790e+02
8.0859375000000000e+01 2.6275873400000000e+02 3.0823565978621633e+02
8.0908203000000000e+01 2.6271002299999998e+02 3.0812916650797831e+02
8.0957031000000001e+01 2.6259247099999999e+02 3.0642355582870545e+02
8.1005859000000001e+01 2.6261110700000000e+02 3.0786332800570062e+02
8.1054687999999999e+01 2.6258207599999997e+02 3.0819377820597555e+02
8.1103515999999999e+01 2.6254875199999998e+02 3.0841847588450736e+02
8.1152343999999999e+01 2.6248518300000001e+02 3.0793677317331554e+02
8.1201172000000000e+01 2.6242785400000002e+02 3.0759287383419337e+02
8.1250000000000000e+01 2.6234820100000002e+02 3.0672568436644156e+02
8.1298828000000000e+01 2.6231460600000003e+02 3.0691749071315814e+02
8.1347656000000001e+01 2.6232210900000001e+02 3.0805334938923733e+02
8.1396484000000001e+01 2.6225797599999999e+02 3.0752453882047536e+02
8.1445312000000001e+01 2.6220354500000002e+02 3.0721310243350899e+02
8.1494140999999999e+01 2.6220831500000003e+02 3.0826420825263506e+02
8.1542968999999999e+01 2.6212116500000002e+02 3.0718116176615069e+02
8.1591797000000000e+01 2.6202134899999999e+02 3.0579771322742084e+02
8.1640625000000000e+01 2.6202916900000002e+02 3.0689690922258865e+02
8.1689453000000000e+01 2.6201871699999998e+02 3.0756563925446153e+02
8.1738281000000001e+01 2.6201447300000001e+02 3.0837012244707796e+02
8.1787109000000001e+01 2.6191688900000003e+02 3.0700764373588697e+02
8.1835937999999999e+01 2.6192469000000000e+02 3.0807480516028187e+02
8.1884765999999999e+01 2.6184696700000001e+02 3.0715578466041541e+02
8.1933593999999999e+01 2.6184673199999997e+02 3.0802066120392061e+02
8.1982422000000000e+01 2.6176903600000003e+02 3.0708592830437846e+02
8.2031250000000000e+01 2.6174518100000000e+02 3.0738786091590850e+02
8.2080078000000000e+01 2.6167950999999999e+02 3.0671447382589264e+02
8.2128906000000001e+01 2.6167946699999999e+02 3.0754979394815462e+02
8.2177734000000001e+01 2.6166984500000001e+02 3.0815484771623881e+02
8.2226562000000001e+01 2.6161693600000001e+02 3.0775049023994887e+02
8.2275390999999999e+01 2.6162683299999998e+02 3.0878885132991894e+02
8.2324218999999999e+01 2.6153279800000001e+02 3.0741628541357596e+02
8.2373047000000000e+01 2.6151953900000001e+02 3.0790134313268533e+02
8.2421875000000000e+01 2.6143280299999998e+02 3.0667956579711415e+02
8.2470703000000000e+01 2.6146328299999999e+02 3.0815654900690703e+02
8.2519531000000001e+01 2.6137173700000000e+02 3.0680531220278129e+02
8.2568359000000001e+01 2.6138265100000001e+02 3.0781123125547225e+02
8.2617187999999999e+01 2.6132536099999999e+02 3.0723242691124995e+02
8.2666015999999999e+01 2.6134483899999998e+02 3.0841656455345213e+02
8.2714843999999999e+01 2.6127337599999998e+02 3.0749127085871282e+02
8.2763672000000000e+01 2.6122665000000001e+02 3.0712739432531606e+02
8.2812500000000000e+01 2.6118248299999999e+02 3.0681277670167486e+02
8.2861328000000000e+01 2.6118790500000000e+02 3.0763250025796265e+02
8.2910156000000001e+01 2.6116322400000001e+02 3.0774738131022559e+02
8.2958984000000001e+01 2.6112040200000001e+02 3.0743359554379026e+02
8.3007812000000001e+01 2.6103397300000000e+02 3.0610394877421885e+02
8.3056640999999999e+01 2.6107658700000002e+02 3.0774003864658300e+02
8.3105468999999999e+01 2.6103836000000001e+02 3.0750133035465950e+02
8.3154297000000000e+01 2.6102742400000000e+02 3.0788127387528897e+02
8.3203125000000000e+01 2.6105145700000003e+02 3.0905638977460859e+02
8.3251953000000000e+01 2.6098006900000001e+02 3.0802169486514106e+02
8.3300781000000001e+01 2.6089710200000002e+02 3.0670989448746548e+02
8.3349609000000001e+01 2.6088199900000001e+02 3.0695087938008419e+02
8.3398437999999999e+01 2.6087373600000001e+02 3.0733837809996191e+02
8.3447265999999999e+01 2.6084412600000002e+02 3.0722323678910635e+02
8.3496093999999999e+01 2.6084636699999999e+02 3.0783023017774309e+02
8.3544922000000000e+01 2.6085597500000000e+02 3.0859535130529690e+02
8.3593750000000000e+01 2.6083332500000000e+02 3.0860671538904256e+02
8.3642578000000000e+01 2.6077987600000000e+02 3.0789831345817265e+02
8.3691406000000001e+01 2.6075376999999997e+02 3.0780768704835526e+02
8.3740234000000001e+01 2.6073953899999998e+02 3.0797869136801194e+02
8.3789062000000001e+01 2.6069001700000001e+02 3.0732689070150803e+02
8.3837890999999999e+01 2.6072812900000002e+02 3.0867772384920562e+02
8.3886718999999999e+01 2.6070239800000002e+02 3.0854943498461699e+02
8.3935547000000000e+01 2.6064408500000002e+02 3.0766111514839127e+02
8.3984375000000000e+01 2.6058549599999998e+02 3.0675513277679136e+02
8.4033203000000000e+01 2.6056946499999998e+02 3.0681477785052084e+02
8.4082031000000001e+01 2.6063239099999998e+02 3.0867458912924189e+02
8.4130859000000001e+01 2.6060261600000001e+02 3.0839444309720244e+02
8.4179687999999999e+01 2.6052319100000000e+02 3.0696355167268990e+02
8.4228515999999999e+01 2.6053305200000000e+02 3.0756880425880195e+02
8.4277343999999999e+01 2.6049047899999999e+02 3.0695951447017217e+02
8.4326172000000000e+01 2.6046671099999998e+02 3.0676933172934133e+02
8.4375000000000000e+01 2.6047042199999999e+02 3.0719655679658013e+02
8.4423828000000000e+01 2.6047856700000000e+02 3.0771274424348030e+02
8.4472656000000001e+01 2.6043901899999997e+02 3.0712419501964683e+02
8.4521484000000001e+01 2.6049112000000002e+02 3.0862139202443439e+02
8.4570312000000001e+01 2.6040276399999999e+02 3.0689112812176654e+02
8.4619140999999999e+01 2.6047420000000000e+02 3.0880468612234108e+02
8.4667968999999999e+01 2.6044377100000003e+02 3.0837497287292302e+02
8.4716797000000000e+01 2.6042571400000003e+02 3.0821570728631076e+02
8.4765625000000000e+01 2.6037857400000001e+02 3.0737922884856266e+02
8.4814453000000000e+01 2.6036809599999998e+02 3.0736808974954801e+02
8.4863281000000001e+01 2.6035104500000000e+02 3.0719405631587415e+02
8.4912109000000001e+01 2.6034348199999999e+02 3.0722389834792460e+02
8.4960937999999999e+01 2.6036936200000002e+02 3.0800401405292564e+02
8.5009765999999999e+01 2.6035269799999998e+02 3.0780011827513056e+02
8.5058593999999999e+01 2.6036027200000001e+02 3.0813611128527117e+02
8.5107422000000000e+01 2.6032592499999998e+02 3.0750324612497491e+02
8.5156250000000000e+01 2.6028197100000000e+02 3.0663889333225012e+02
8.5205078000000000e+01 2.6032843900000000e+02 3.0782172758849987e+02
8.5253906000000001e+01 2.6034908100000001e+02 3.0840249281589058e+02
8.5302734000000001e+01 2.6033781599999998e+02 3.0824343416616978e+02
8.5351562000000001e+01 2.6035494199999999e+02 3.0871722744250621e+02
8.5400390999999999e+01 2.6033671500000003e+02 3.0837341482896665e+02
8.5449218999999999e+01 2.6034122300000001e+02 3.0853344227816405e+02
8.5498047000000000e+01 2.6026949500000001e+02 3.0694770947897172e+02
8.5546875000000000e+01 2.6036336499999999e+02 3.0911134317186810e+02
8.5595703000000000e+01 2.6032841200000001e+02 3.0833497690124614e+02
8.5644531000000001e+01 2.6025520000000000e+02 3.0667762022342981e+02
8.5693359000000001e+01 2.6028975600000001e+02 3.0745298924589764e+02
8.5742187999999999e+01 2.6026152600000000e+02 3.0679059841555807e+02
8.5791015999999999e+01 2.6026386700000000e+02 3.0680823942486478e+02
8.5839843999999999e+01 2.6026273400000002e+02 3.0673370266193922e+02
8.5888672000000000e+01 2.6031234899999998e+02 3.0779492041408616e+02
8.5937500000000000e+01 2.6034836899999999e+02 3.0853396065941791e+02
8.5986328000000000e+01 2.6034284800000000e+02 3.0831898538351339e+02
8.6035156000000001e+01 2.6030808400000001e+02 3.0742939346786397e+02
8.6083984000000001e+01 2.6038597399999998e+02 3.0907335948253274e+02
8.6132812000000001e+01 2.6033268099999998e+02 3.0773853853553942e+02
8.6181640999999999e+01 2.6033831900000001e+02 3.0772213727215302e+02
8.6230468999999999e+01 2.6041880300000003e+02 3.0938144309663124e+02
8.6279297000000000e+01 2.6040432900000002e+02 3.0888338284868280e+02
8.6328125000000000e+01 2.6039885099999998e+02 3.0857504896947131e+02
8.6376953000000000e+01 2.6036167499999999e+02 3.0753905661740686e+02
8.6425781000000001e+01 2.6036836000000000e+02 3.0747846725581786e+02
8.6474609000000001e+01 2.6035479900000001e+02 3.0694852239748377e+02
8.6523437999999999e+01 2.6045417800000001e+02 3.0894686120250333e+02
8.6572265999999999e+01 2.6046638999999999e+02 3.0896911951651691e+02
8.6621093999999999e+01 2.6049343599999997e+02 3.0931117740983865e+02
8.6669922000000000e+01 2.6051586400000002e+02 3.0953550580951156e+02
8.6718750000000000e+01 2.6047125000000000e+02 3.0824060280067607e+02
8.6767578000000000e+01 2.6048716300000001e+02 3.0829184269605327e+02
8.6816406000000001e+01 2.6046926300000001e+02 3.0757101087421080e+02
8.6865234000000001e+01 2.6050882700000000e+02 3.0812558030000957e+02
8.6914062000000001e+01 2.6045228300000002e+02 3.0651266154830932e+02
8.6962890999999999e+01 2.6050050800000002e+02 3.0723400539223690e+02
8.7011718999999999e+01 2.6057658500000002e+02 3.0856431122866536e+02
8.7060547000000000e+01 2.6059582699999999e+02 3.0860833713099595e+02
8.7109375000000000e+01 2.6052458600000000e+02 3.0661612671849389e+02
8.7158203000000000e+01 2.6059266600000001e+02 3.0772529106337123e+02
8.7207031000000001e+01 2.6060434099999998e+02 3.0756026557115183e+02
8.7255859000000001e+01 2.6064853099999999e+02 3.0810752699578717e+02
8.7304687999999999e+01 2.6068579799999998e+02 3.0848628506107696e+02
8.7353515999999999e+01 2.6071890000000002e+02 3.0875833793279605e+02
8.7402343999999999e+01 2.6072653400000002e+02 3.0844936748198216e+02
8.7451172000000000e+01 2.6072898700000002e+02 3.0801205734271781e+02
8.7500000000000000e+01 2.6077433200000002e+02 3.0851615340384370e+02
8.7548828000000000e+01 2.6077640400000001e+02 3.0804419615076824e+02
8.7597656000000001e+01 2.6080839600000002e+02 3.0822433437601347e+02
8.7646484000000001e+01 2.6084807400000000e+02 3.0856164965010942e+02
8.7695312000000001e+01 2.6083640300000002e+02 3.0774580384979214e+02
8.7744140999999999e+01 2.6081332200000003e+02 3.0666474937733119e+02
8.7792968999999999e+01 2.6088069600000000e+02 3.0757666443042388e+02
8.7841797000000000e+01 2.6089143000000001e+02 3.0721979354706809e+02
8.7890625000000000e+01 2.6090620500000000e+02 3.0693974426232234e+02
8.7939453000000000e+01 2.6097060199999999e+02 3.0774461254899177e+02
8.7988281000000001e+01 2.6102998400000001e+02 3.0842455072205269e+02
8.8037109000000001e+01 2.6101852500000001e+02 3.0752576010525655e+02
8.8085937999999999e+01 2.6103500200000002e+02 3.0723191949815276e+02
8.8134765999999999e+01 2.6104340600000000e+02 3.0674752495644105e+02
8.8183593999999999e+01 2.6114704399999999e+02 3.0835035738583434e+02
8.8232422000000000e+01 2.6113438500000001e+02 3.0737624597355892e+02
8.8281250000000000e+01 2.6121707400000003e+02 3.0848974777721418e+02
8.8330078000000000e+01 2.6123489699999999e+02 3.0816203845854756e+02
8.8378906000000001e+01 2.6124103500000001e+02 3.0756527634043664e+02
8.8427734000000001e+01 2.6124939699999999e+02 3.0700563079206529e+02
8.8476562000000001e+01 2.6129986000000002e+02 3.0735845840144367e+02
8.8525390999999999e+01 2.6132512300000002e+02 3.0714550085803302e+02
8.8574218999999999e+01 2.6139697999999999e+02 3.0794181417245869e+02
8.8623047000000000e+01 2.6142863699999998e+02 3.0784405472117317e+02
8.8671875000000000e+01 2.6142651799999999e+02 3.0699483427787709e+02
8.8720703000000000e+01 2.6143370599999997e+02 3.0633819343326996e+02
8.8769531000000001e+01 2.6152761700000002e+02 3.0756578940599684e+02
8.8818359000000001e+01 2.6156421100000000e+02 3.0752765561995955e+02
8.8867187999999999e+01 2.6156431300000003e+02 3.0668113321472265e+02
8.8916015999999999e+01 2.6165800800000000e+02 3.0786491713636616e+02
8.8964843999999999e+01 2.6169445800000000e+02 3.0778760065349024e+02
8.9013672000000000e+01 2.6172578099999998e+02 3.0758692504902035e+02
8.9062500000000000e+01 2.6174437399999999e+02 3.0709781673530165e+02
8.9111328000000000e+01 2.6180636700000002e+02 3.0754129814618238e+02
8.9160156000000001e+01 2.6182781000000000e+02 3.0709157824618507e+02
8.9208984000000001e+01 2.6187359800000002e+02 3.0715945534498610e+02
8.9257812000000001e+01 2.6183966299999997e+02 3.0548659667213343e+02
8.9306640999999999e+01 2.6197685999999999e+02 3.0751380640794429e+02
8.9355468999999999e+01 2.6208349700000002e+02 3.0886472331526869e+02
8.9404297000000000e+01 2.6209161699999999e+02 3.0807053640177151e+02
8.9453125000000000e+01 2.6211025400000000e+02 3.0749383870997883e+02
8.9501953000000000e+01 2.6218701800000002e+02 3.0816271594551171e+02
8.9550781000000001e+01 2.6225752999999997e+02 3.0868455865452279e+02
8.9599609000000001e+01 2.6226303500000000e+02 3.0779255773095048e+02
8.9648437999999999e+01 2.6235224199999999e+02 3.0869497837280278e+02
8.9697265999999999e+01 2.6241127799999998e+02 3.0893552897462041e+02
8.9746093999999999e+01 2.6241276900000003e+02 3.0792694593479581e+02
8.9794922000000000e+01 2.6242613399999999e+02 3.0716472277897213e+02
8.9843750000000000e+01 2.6251809900000001e+02 3.0808155502329140e+02
8.9892578000000000e+01 2.6254092900000001e+02 3.0750275310370614e+02
8.9941406000000001e+01 2.6259113800000000e+02 3.0750172186967302e+02
8.9990234000000001e+01 2.6265637299999997e+02 3.0781242575241032e+02
9.0039062000000001e+01 2.6268682500000000e+02 3.0736790889450685e+02
9.0087890999999999e+01 2.6274577099999999e+02 3.0752356195804032e+02
9.0136718999999999e+01 2.6286283100000003e+02 3.0891096383279586e+02
9.0185547000000000e+01 2.6292698400000000e+02 3.0915650927159635e+02
9.0234375000000000e+01 2.6294290100000001e+02 3.0836287959212649e+02
9.0283203000000000e+01 2.6299583600000000e+02 3.0835003649386363e+02
9.0332031000000001e+01 2.6301396199999999e+02 3.0758640198523790e+02
9.0380859000000001e+01 2.6309640100000001e+02 3.0818311213419508e+02
9.0429687999999999e+01 2.6313967800000000e+02 3.0793690463503236e+02
9.0478515999999999e+01 2.6316609799999998e+02 3.0732390624764798e+02
9.0527343999999999e+01 2.6317335400000002e+02 3.0629621036933662e+02
9.0576172000000000e+01 2.6326632000000001e+02 3.0707861005432829e+02
9.0625000000000000e+01 2.6332697700000000e+02 3.0716631807390888e+02
9.0673828000000000e+01 2.6345085399999999e+02 3.0858311739137270e+02
9.0722656000000001e+01 2.6347038900000001e+02 3.0778234156982671e+02
9.0771484000000001e+01 2.6357752099999999e+02 3.0882506336586329e+02
9.0820312000000001e+01 2.6358850600000000e+02 3.0782804688244573e+02
9.0869140999999999e+01 2.6364339200000001e+02 3.0775026982085711e+02
9.0917968999999999e+01 2.6367892799999998e+02 3.0725675531714410e+02
9.0966797000000000e+01 2.6377812999999998e+02 3.0809618712123569e+02
9.1015625000000000e+01 2.6385602899999998e+02 3.0847808003584350e+02
9.1064453000000000e+01 2.6387898999999999e+02 3.0769708858532113e+02
9.1113281000000001e+01 2.6397278000000000e+02 3.0839659617699647e+02
9.1162109000000001e+01 2.6404684500000002e+02 3.0867349077792943e+02
9.1210937999999999e+01 2.6404273400000000e+02 3.0730431499957774e+02
9.1259765999999999e+01 2.6414286199999998e+02 3.0811237201060925e+02
9.1308593999999999e+01 2.6414598300000000e+02 3.0688285864830328e+02
9.1357422000000000e+01 2.6427330000000001e+02 3.0824345572494326e+02
9.1406250000000000e+01 2.6436575800000003e+02 3.0886679439356448e+02
9.1455078000000000e+01 2.6446309700000000e+02 3.0958383253375786e+02
9.1503906000000001e+01 2.6444347499999998e+02 3.0785580606469995e+02
9.1552734000000001e+01 2.6449227600000000e+02 3.0754863259428112e+02
9.1601562000000001e+01 2.6461782899999997e+02 3.0883161488266802e+02
9.1650390999999999e+01 2.6467378500000001e+02 3.0865975865042208e+02
9.1699218999999999e+01 2.6477509700000002e+02 3.0942337940456247e+02
9.1748047000000000e+01 2.6479591799999997e+02 3.0851027153770440e+02
9.1796875000000000e+01 2.6479954500000002e+02 3.0723666191691234e+02
9.1845703000000000e+01 2.6484801599999997e+02 3.0688770394907510e+02
9.1894531000000001e+01 2.6495583399999998e+02 3.0776074418134766e+02
9.1943359000000001e+01 2.6496697300000000e+02 3.0662935315270624e+02
9.1992187999999999e+01 2.6505117700000000e+02 3.0700243783781872e+02
9.2041015999999999e+01 2.6517692399999999e+02 3.0822593486463319e+02
9.2089843999999999e+01 2.6519633599999997e+02 3.0725159990953563e+02
9.2138672000000000e+01 2.6529122599999999e+02 3.0782714728713273e+02
9.2187500000000000e+01 2.6541366699999998e+02 3.0896295010822348e+02
9.2236328000000000e+01 2.6543969499999997e+02 3.0811161880451493e+02
9.2285156000000001e+01 2.6555533200000002e+02 3.0909573766176555e+02
9.2333984000000001e+01 2.6559748500000001e+02 3.0856711733080482e+02
9.2382812000000001e+01 2.6565973000000002e+02 3.0844648825958251e+02
9.2431640999999999e+01 2.6568589200000002e+02 3.0758357722187691e+02
9.2480468999999999e+01 2.6574151899999998e+02 3.0732036730241975e+02
9.2529297000000000e+01 2.6581321000000003e+02 3.0738159349530844e+02
9.2578125000000000e+01 2.6588866500000000e+02 3.0751555037339006e+02
9.2626953000000000e+01 2.6593665099999998e+02 3.0708572088288304e+02
9.2675781000000001e+01 2.6607276300000001e+02 3.0844706358037467e+02
9.2724609000000001e+01 2.6614084800000001e+02 3.0841875380353838e+02
9.2773437999999999e+01 2.6618825099999998e+02 3.0796690000074273e+02
9.2822265999999999e+01 2.6631160299999999e+02 3.0905425106150909e+02
9.2871093999999999e+01 2.6634966500000002e+02 3.0840694768478102e+02
9.2919922000000000e+01 2.6634941600000002e+02 3.0698190289520267e+02
9.2968750000000000e+01 2.6647489000000002e+02 3.0810107621746613e+02
9.3017578000000000e+01 2.6656150400000001e+02 3.0842973216946444e+02
9.3066406000000001e+01 2.6657978800000001e+02 3.0737515134141029e+02
9.3115234000000001e+01 2.6666826700000001e+02 3.0773656005779964e+02
9.3164062000000001e+01 2.6670820200000003e+02 3.0711650019111471e+02
9.3212890999999999e+01 2.6685278899999997e+02 3.0860287257505621e+02
9.3261718999999999e+01 2.6690312200000000e+02 3.0818825346150942e+02
9.3310547000000000e+01 2.6693792300000001e+02 3.0746046750726623e+02
9.3359375000000000e+01 2.6708135800000002e+02 3.0891346771800835e+02
9.3408203000000000e+01 2.6715612099999998e+02 3.0898466633042182e+02
9.3457031000000001e+01 2.6718806599999999e+02 3.0819634905697666e+02
9.3505859000000001e+01 2.6724775499999998e+02 3.0796367725234620e+02
9.3554687999999999e+01 2.6735466500000001e+02 3.0867460504967613e+02
9.3603515999999999e+01 2.6739785799999999e+02 3.0811023602876816e+02
9.3652343999999999e+01 2.6741346099999998e+02 3.0699548968014301e+02
9.3701172000000000e+01 2.6750874399999998e+02 3.0747091550915832e+02
9.3750000000000000e+01 2.6760479400000003e+02 3.0796010839586211e+02
9.3798828000000000e+01 2.6761590500000000e+02 3.0675772031946826e+02
9.3847656000000001e+01 2.6770356099999998e+02 3.0707907096509189e+02
9.3896484000000001e+01 2.6778593300000000e+02 3.0729470440446903e+02
9.3945312000000001e+01 2.6791901899999999e+02 3.0851607084855107e+02
9.3994140999999999e+01 2.6791865100000001e+02 3.0709003144583818e+02
9.4042968999999999e+01 2.6799087900000001e+02 3.0710457188792407e+02
9.4091797000000000e+01 2.6809194200000002e+02 3.0768990017857323e+02
9.4140625000000000e+01 2.6814897000000002e+02 3.0740442505818095e+02
9.4189453000000000e+01 2.6823575799999998e+02 3.0770775123929963e+02
9.4238281000000001e+01 2.6822177199999999e+02 3.0602375034619024e+02
9.4287109000000001e+01 2.6836785300000003e+02 3.0749796262093076e+02
9.4335937999999999e+01 2.6845306299999999e+02 3.0777217215178661e+02
9.4384765999999999e+01 2.6853669400000001e+02 3.0801609119729943e+02
9.4433593999999999e+01 2.6860654299999999e+02 3.0799018103938675e+02
9.4482422000000000e+01 2.6867108100000002e+02 3.0786163248099865e+02
9.4531250000000000e+01 2.6882710400000002e+02 3.0952884535746193e+02
9.4580078000000000e+01 2.6889489900000001e+02 3.0946637065944662e+02
9.4628906000000001e+01 2.6890465000000000e+02 3.0827008052082795e+02
9.4677734000000001e+01 2.6894253300000003e+02 3.0762822129125448e+02
9.4726562000000001e+01 2.6902283299999999e+02 3.0781833739117752e+02
9.4775390999999999e+01 2.6906024100000002e+02 3.0717349116987822e+02
9.4824218999999999e+01 2.6916785900000002e+02 3.0790113549409205e+02
9.4873047000000000e+01 2.6920761599999997e+02 3.0730841490471806e+02
9.4921875000000000e+01 2.6930828500000001e+02 3.0790479188729188e+02
9.4970703000000000e+01 2.6934815800000001e+02 3.0732119911175278e+02
9.5019531000000001e+01 2.6940439400000002e+02 3.0705956380790263e+02
9.5068359000000001e+01 2.6950483800000001e+02 3.0765933048859063e+02
9.5117187999999999e+01 2.6955924399999998e+02 3.0736893675286029e+02
9.5166015999999999e+01 2.6963776400000000e+02 3.0754956256348328e+02
9.5214843999999999e+01 2.6977587999999997e+02 3.0888642021583365e+02
9.5263672000000000e+01 2.6983185900000001e+02 3.0863698445560237e+02
9.5312500000000000e+01 2.6989984199999998e+02 3.0862370785989623e+02
9.5361328000000000e+01 2.6998875199999998e+02 3.0901820145736588e+02
9.5410156000000001e+01 2.7005028600000003e+02 3.0888849060923764e+02
9.5458984000000001e+01 2.7004327499999999e+02 3.0744345095724441e+02
9.5507812000000001e+01 2.7011043799999999e+02 3.0743246309695638e+02
9.5556640999999999e+01 2.7023422499999998e+02 3.0851433278528799e+02
9.5605468999999999e+01 2.7027911699999999e+02 3.0808398030906443e+02
9.5654297000000000e+01 2.7030025300000000e+02 3.0720350651077581e+02
9.5703125000000000e+01 2.7045269500000001e+02 3.0884631253596854e+02
9.5751953000000000e+01 2.7045236599999998e+02 3.0756576148138311e+02
9.5800781000000001e+01 2.7052577100000002e+02 3.0770342418903533e+02
9.5849609000000001e+01 2.7059863700000000e+02 3.0783588144814524e+02
9.5898437999999999e+01 2.7065276399999999e+02 3.0761569130428717e+02
9.5947265999999999e+01 2.7067700200000002e+02 3.0683125501256785e+02
9.5996093999999999e+01 2.7081068800000003e+02 3.0814032355277504e+02
9.6044922000000000e+01 2.7081992900000000e+02 3.0708278548234500e+02
9.6093750000000000e+01 2.7097826300000003e+02 3.0887013881825249e+02
9.6142578000000000e+01 2.7098139200000003e+02 3.0770973010779426e+02
9.6191406000000001e+01 2.7104047700000001e+02 3.0762048622888898e+02
9.6240234000000001e+01 2.7112212199999999e+02 3.0796590383556179e+02
9.6289062000000001e+01 2.7114915999999999e+02 3.0728177714602595e+02
9.6337890999999999e+01 2.7117922099999998e+02 3.0666270055295774e+02
9.6386718999999999e+01 2.7128728100000001e+02 3.0752783864921213e+02
9.6435547000000000e+01 2.7136076400000002e+02 3.0774440933944902e+02
9.6484375000000000e+01 2.7145852900000000e+02 3.0842639747086628e+02
9.6533203000000000e+01 2.7152372500000001e+02 3.0849942587128589e+02
9.6582031000000001e+01 2.7157480399999997e+02 3.0831325139043707e+02
9.6630859000000001e+01 2.7159306700000002e+02 3.0751624031714647e+02
9.6679687999999999e+01 2.7164321899999999e+02 3.0732850989147869e+02
9.6728515999999999e+01 2.7172661499999998e+02 3.0777417469692438e+02
9.6777343999999999e+01 2.7182497200000000e+02 3.0850802764577969e+02
9.6826172000000000e+01 2.7186312199999998e+02 3.0811753855877868e+02
9.6875000000000000e+01 2.7188502399999999e+02 3.0743066582181621e+02
9.6923828000000000e+01 2.7191128800000001e+02 3.0683475139569390e+02
9.6972656000000001e+01 2.7203955600000000e+02 3.0815921883550556e+02
9.7021484000000001e+01 2.7212330300000002e+02 3.0865624797270760e+02
9.7070312000000001e+01 2.7211964599999999e+02 3.0752579406894552e+02
9.7119140999999999e+01 2.7223543000000001e+02 3.0863815079986171e+02
9.7167968999999999e+01 2.7233454000000000e+02 3.0944590499048655e+02
9.7216797000000000e+01 2.7235983199999998e+02 3.0888350037651605e+02
9.7265625000000000e+01 2.7238464499999998e+02 3.0832185893335895e+02
9.7314453000000000e+01 2.7237315899999999e+02 3.0709368996777044e+02
9.7363281000000001e+01 2.7251588600000002e+02 3.0874748721237097e+02
9.7412109000000001e+01 2.7259309700000000e+02 3.0918903075496775e+02
9.7460937999999999e+01 2.7264112100000000e+02 3.0909655034205531e+02
9.7509765999999999e+01 2.7264714800000002e+02 3.0823350639954191e+02
9.7558593999999999e+01 2.7266562699999997e+02 3.0761231642300925e+02
9.7607422000000000e+01 2.7270498400000002e+02 3.0738878913774136e+02
9.7656250000000000e+01 2.7281187199999999e+02 3.0842666973575712e+02
9.7705078000000000e+01 2.7285131899999999e+02 3.0822386351817153e+02
9.7753906000000001e+01 2.7293656299999998e+02 3.0887859413561694e+02
9.7802734000000001e+01 2.7299769099999997e+02 3.0909636406464290e+02
9.7851562000000001e+01 2.7302431899999999e+02 3.0868639414598005e+02
9.7900390999999999e+01 2.7304579999999999e+02 3.0819208928994487e+02
9.7949218999999999e+01 2.7310924899999998e+02 3.0848300711010273e+02
9.7998047000000000e+01 2.7314404700000000e+02 3.0825558726824187e+02
9.8046875000000000e+01 2.7314490499999999e+02 3.0741361021325611e+02
9.8095703000000000e+01 2.7326152100000002e+02 3.0871437677446949e+02
9.8144531000000001e+01 2.7333416899999997e+02 3.0921500157113098e+02
9.8193359000000001e+01 2.7340494100000001e+02 3.0969109278122590e+02
9.8242187999999999e+01 2.7335783500000002e+02 3.0801171965348914e+02
9.8291015999999999e+01 2.7339038900000003e+02 3.0780793963151518e+02
9.8339843999999999e+01 2.7349794800000001e+02 3.0899136925009526e+02
9.8388672000000000e+01 2.7347268100000002e+02 3.0774906177967557e+02
9.8437500000000000e+01 2.7354691200000002e+02 3.0834240106057075e+02
9.8486328000000000e+01 2.7359500700000001e+02 3.0846759581972094e+02
9.8535156000000001e+01 2.7359303199999999e+02 3.0768777147941154e+02
9.8583984000000001e+01 2.7368003700000003e+02 3.0854723934818890e+02
9.8632812000000001e+01 2.7373572700000000e+02 3.0884478682022234e+02
9.8681640999999999e+01 2.7371753899999999e+02 3.0780436829522370e+02
9.8730468999999999e+01 2.7374741100000000e+02 3.0765390004539637e+02
9.8779297000000000e+01 2.7385191800000001e+02 3.0887638541262754e+02
9.8828125000000000e+01 2.7383985000000001e+02 3.0798438032645379e+02
9.8876953000000000e+01 2.7388663600000001e+02 3.0817725734227992e+02
9.8925781000000001e+01 2.7394253900000001e+02 3.0854770419805800e+02
9.8974609000000001e+01 2.7400187299999999e+02 3.0899203645989337e+02
9.9023437999999999e+01 2.7403701899999999e+02 3.0900805864524636e+02
9.9072265999999999e+01 2.7405867899999998e+02 3.0879110667907457e+02
9.9121093999999999e+01 2.7410236600000002e+02 3.0898653341583599e+02
9.9169922000000000e+01 2.7413800600000002e+02 3.0904789249109189e+02
9.9218750000000000e+01 2.7409616799999998e+02 3.0771620059314000e+02
9.9267578000000000e+01 2.7416310299999998e+02 3.0837009664635877e+02
9.9316406000000001e+01 2.7415941800000002e+02 3.0775624867389331e+02
9.9365234000000001e+01 2.7424658299999999e+02 3.0880048767604899e+02
9.9414062000000001e+01 2.7424762700000002e+02 3.0829762678498076e+02
9.9462890999999999e+01 2.7425576599999999e+02 3.0793621037782771e+02
9.9511718999999999e+01 2.7436467599999997e+02 3.0940934235403392e+02
9.9560547000000000e+01 2.7433174100000002e+02 3.0833100011234166e+02
9.9609375000000000e+01 2.7437912599999999e+02 3.0871683565984728e+02
9.9658203000000000e+01 2.7440253300000001e+02 3.0868233937678599e+02
9.9707031000000001e+01 2.7442156000000000e+02 3.0858173129156705e+02
9.9755859000000001e+01 2.7443463000000003e+02 3.0838674459994820e+02
9.9804687999999999e+01 2.7448793499999999e+02 3.0892986026411597e+02
9.9853515999999999e+01 2.7450533100000001e+02 3.0883875522459653e+02
9.9902343999999999e+01 2.7455960900000002e+02 3.0942465893937572e+02
9.9951172000000000e+01 2.7448729500000002e+02 3.0774561414355639e+02
1.0000000000000000e+02 2.7448181899999997e+02 3.0728324311016092e+02
1.0004882800000000e+02 2.7456678699999998e+02 3.0846004733794865e+02
1.0009765600000000e+02 2.7456500100000000e+02 3.0809047874351666e+02
1.0014648400000000e+02 2.7463818800000001e+02 3.0908072065601442e+02
1.0019531200000000e+02 2.7469367000000000e+02 3.0976558906755417e+02
1.0024414100000000e+02 2.7466922699999998e+02 3.0902942519125020e+02
1.0029296900000000e+02 2.7466315400000002e+02 3.0863673133345361e+02
1.0034179700000000e+02 2.7464660800000001e+02 3.0807013277688930e+02
1.0039062500000000e+02 2.7471224599999999e+02 3.0898977070881159e+02
1.0043945300000000e+02 2.7475598500000001e+02 3.0952996639418240e+02
1.0048828100000000e+02 2.7475042100000002e+02 3.0920078819037286e+02
1.0053710900000000e+02 2.7472810399999997e+02 3.0858575085158128e+02
1.0058593800000000e+02 2.7470757099999997e+02 3.0801674435795729e+02
1.0063476600000000e+02 2.7472207500000002e+02 3.0808815489724321e+02
1.0068359400000000e+02 2.7474248499999999e+02 3.0827869260154279e+02
1.0073242200000000e+02 2.7471956799999998e+02 3.0770891263644893e+02
1.0078125000000000e+02 2.7467836999999997e+02 3.0682692918286079e+02
1.0083007800000000e+02 2.7471666699999997e+02 3.0737807533609185e+02
1.0087890600000000e+02 2.7478533199999998e+02 3.0848428527993838e+02
1.0092773400000000e+02 2.7479253599999998e+02 3.0850742353351848e+02
1.0097656200000000e+02 2.7481968599999999e+02 3.0889989969255612e+02
1.0102539100000000e+02 2.7474976800000002e+02 3.0757626869006424e+02
1.0107421900000000e+02 2.7481248799999997e+02 3.0863004672731063e+02
1.0112304700000000e+02 2.7477908300000001e+02 3.0798533989913471e+02
1.0117187500000000e+02 2.7482241399999998e+02 3.0872082543038653e+02
1.0122070300000000e+02 2.7484535399999999e+02 3.0910686550501561e+02
1.0126953100000000e+02 2.7481434700000000e+02 3.0854700259550788e+02
1.0131835900000000e+02 2.7483406100000002e+02 3.0890330359448330e+02
1.0136718800000000e+02 2.7484398299999998e+02 3.0909924832027406e+02
1.0141601600000000e+02 2.7481829099999999e+02 3.0867619083658735e+02
1.0146484400000000e+02 2.7479588300000000e+02 3.0832569902546015e+02
1.0151367200000000e+02 2.7478724899999997e+02 3.0823398204930743e+02
1.0156250000000000e+02 2.7481494199999997e+02 3.0880115303101314e+02
1.0161132800000000e+02 2.7478726899999998e+02 3.0839940902011671e+02
1.0166015600000000e+02 2.7476222100000001e+02 3.0805845687957401e+02
1.0170898400000000e+02 2.7479383600000000e+02 3.0873662865002825e+02
1.0175781200000000e+02 2.7475527499999998e+02 3.0818414496558785e+02
1.0180664100000000e+02 2.7481649399999998e+02 3.0941457203082615e+02
1.0185546900000000e+02 2.7472736600000002e+02 3.0799412201993931e+02
1.0190429700000000e+02 2.7472713299999998e+02 3.0816322860422838e+02
1.0195312500000000e+02 2.7475741499999998e+02 3.0888664222390923e+02
1.0200195300000000e+02 2.7472468800000001e+02 3.0850802935757025e+02
1.0205078100000000e+02 2.7467788899999999e+02 3.0789449463075562e+02
1.0209960900000000e+02 2.7471762300000000e+02 3.0882654518988085e+02
1.0214843800000000e+02 2.7468368600000002e+02 3.0846870135376190e+02
1.0219726600000000e+02 2.7467809499999998e+02 3.0862633819553452e+02
1.0224609400000000e+02 2.7466596900000002e+02 3.0868226710226548e+02
1.0229492200000000e+02 2.7467802699999999e+02 3.0917963401394837e+02
1.0234375000000000e+02 2.7459969200000000e+02 3.0809299162680225e+02
1.0239257800000000e+02 2.7462746399999997e+02 3.0889573389468291e+02
1.0244140600000000e+02 2.7457741900000002e+02 3.0833720552981470e+02
1.0249023400000000e+02 2.7460669400000000e+02 3.0919381252649265e+02
1.0253906200000000e+02 2.7457515599999999e+02 3.0898997821890572e+02
1.0258789100000000e+02 2.7458694200000002e+02 3.0956497250304932e+02
1.0263671900000000e+02 2.7452222699999999e+02 3.0880312770948433e+02
1.0268554700000000e+02 2.7444379500000002e+02 3.0781328217566386e+02
1.0273437500000000e+02 2.7442187799999999e+02 3.0783479253819144e+02
1.0278320300000000e+02 2.7446742300000000e+02 3.0906017783080887e+02
1.0283203100000000e+02 2.7442800399999999e+02 3.0880017046161151e+02
1.0288085900000000e+02 2.7434875899999997e+02 3.0785158985636929e+02
1.0292968800000000e+02 2.7434957500000002e+02 3.0832867089002713e+02
1.0297851600000000e+02 2.7433554800000002e+02 3.0855753006671790e+02
1.0302734400000000e+02 2.7432507900000002e+02 3.0886262388307154e+02
1.0307617200000000e+02 2.7431781699999999e+02 3.0923770440572395e+02
1.0312500000000000e+02 2.7426170000000002e+02 3.0876533244597658e+02
1.0317382800000000e+02 2.7426904800000000e+02 3.0942475019194768e+02
1.0322265600000000e+02 2.7425026200000002e+02 3.0963707352220922e+02
1.0327148400000000e+02 2.7415253000000001e+02 3.0847228117660262e+02
1.0332031200000000e+02 2.7413819100000001e+02 3.0878982285081719e+02
1.0336914100000000e+02 2.7407684200000000e+02 3.0829287746355658e+02
1.0341796900000000e+02 2.7407102099999997e+02 3.0878700149710642e+02
1.0346679700000000e+02 2.7403739200000001e+02 3.0880474952490937e+02
1.0351562500000000e+02 2.7397848599999998e+02 3.0839081085985265e+02
1.0356445300000000e+02 2.7391229499999997e+02 3.0786195087719733e+02
1.0361328100000000e+02 2.7388846500000000e+02 3.0809182212289983e+02
1.0366210900000000e+02 2.7388045699999998e+02 3.0861315208020818e+02
1.0371093800000000e+02 2.7381486699999999e+02 3.0813434653421439e+02
1.0375976600000000e+02 2.7381349599999999e+02 3.0879840220874416e+02
1.0380859400000000e+02 2.7373141600000002e+02 3.0805557434614951e+02
1.0385742200000000e+02 2.7369086399999998e+02 3.0805624243861388e+02
1.0390625000000000e+02 2.7365952099999998e+02 3.0823174328162776e+02
1.0395507800000000e+02 2.7363028300000002e+02 3.0845705227203331e+02
1.0400390600000000e+02 2.7360670199999998e+02 3.0879456959674241e+02
1.0405273400000000e+02 2.7352391100000000e+02 3.0810364329557723e+02
1.0410156200000000e+02 2.7356121500000000e+02 3.0953699704256019e+02
1.0415039100000000e+02 2.7349091700000002e+02 3.0909104189680215e+02
1.0419921900000000e+02 2.7342764399999999e+02 3.0878118097703816e+02
1.0424804700000000e+02 2.7337672600000002e+02 3.0870103878745294e+02
1.0429687500000000e+02 2.7337622299999998e+02 3.0951952195504953e+02
1.0434570300000000e+02 2.7325457000000000e+02 3.0822087388223571e+02
1.0439453100000000e+02 2.7318303900000001e+02 3.0781561358609713e+02
1.0444335900000000e+02 2.7317904199999998e+02 3.0860956087127477e+02
1.0449218800000000e+02 2.7312720899999999e+02 3.0857496569309291e+02
1.0454101600000000e+02 2.7305050599999998e+02 3.0811543076529523e+02
1.0458984400000000e+02 2.7301560899999998e+02 3.0840265401854526e+02
1.0463867200000000e+02 2.7293726500000002e+02 3.0793838934449838e+02
1.0468750000000000e+02 2.7289815299999998e+02 3.0817547072991329e+02
1.0473632800000000e+02 2.7283461999999997e+02 3.0799529384960130e+02
1.0478515600000000e+02 2.7276674100000002e+02 3.0775056137240119e+02
1.0483398400000000e+02 2.7273986100000002e+02 3.0823795508101426e+02
1.0488281200000000e+02 2.7266145299999999e+02 3.0783161948598166e+02
1.0493164100000000e+02 2.7261060700000002e+02 3.0792117904042840e+02
1.0498046900000000e+02 2.7255597299999999e+02 3.0795567971748312e+02
1.0502929700000000e+02 2.7253015399999998e+02 3.0850790799977136e+02
1.0507812500000000e+02 2.7245116600000000e+02 3.0813732522840002e+02
1.0512695300000000e+02 2.7238162899999998e+02 3.0794409664067371e+02
1.0517578100000000e+02 2.7235852999999997e+02 3.0857801040294413e+02
1.0522460900000000e+02 2.7227372600000001e+02 3.0813890925825069e+02
1.0527343800000000e+02 2.7222005300000001e+02 3.0825787642028223e+02
1.0532226600000000e+02 2.7216648700000002e+02 3.0838969693005600e+02
1.0537109400000000e+02 2.7209208000000001e+02 3.0816624073358577e+02
1.0541992200000000e+02 2.7201554099999998e+02 3.0791614877238811e+02
1.0546875000000000e+02 2.7194960800000001e+02 3.0786316271929633e+02
1.0551757800000000e+02 2.7190184599999998e+02 3.0814014427336969e+02
1.0556640600000000e+02 2.7181141600000001e+02 3.0767794899959745e+02
1.0561523400000000e+02 2.7173777200000001e+02 3.0752121118358059e+02
1.0566406200000000e+02 2.7174918300000002e+02 3.0886959394168105e+02
1.0571289100000000e+02 2.7162054200000000e+02 3.0776714526452406e+02
1.0576171900000000e+02 2.7152646399999998e+02 3.0728227894247630e+02
1.0581054700000000e+02 2.7145886400000001e+02 3.0727289871960812e+02
1.0585937500000000e+02 2.7140207400000003e+02 3.0746358990602204e+02
1.0590820300000000e+02 2.7134537399999999e+02 3.0766586597041214e+02
1.0595703100000000e+02 2.7124461700000001e+02 3.0710363733652679e+02
1.0600585900000000e+02 2.7119531999999998e+02 3.0745575524013060e+02
1.0605468800000000e+02 2.7113376799999998e+02 3.0760221455614135e+02
1.0610351600000000e+02 2.7107515000000001e+02 3.0780987137563164e+02
1.0615234400000000e+02 2.7099661200000003e+02 3.0767686432505968e+02
1.0620117200000000e+02 2.7090487899999999e+02 3.0732128382091463e+02
1.0625000000000000e+02 2.7081173799999999e+02 3.0695025093563555e+02
1.0629882800000000e+02 2.7073914300000001e+02 3.0694971699993908e+02
1.0634765600000000e+02 2.7073820799999999e+02 3.0821853078855338e+02
1.0639648400000000e+02 2.7069941799999998e+02 3.0883082382133603e+02
1.0644531200000000e+02 2.7061999400000002e+02 3.0873749443280303e+02
1.0649414100000000e+02 2.7048371200000003e+02 3.0765295695184864e+02
1.0654296900000000e+02 2.7039539000000002e+02 3.0742065290784365e+02
1.0659179700000000e+02 2.7028177099999999e+02 3.0675196420939767e+02
1.0664062500000000e+02 2.7025496099999998e+02 3.0761899764252098e+02
1.0668945300000000e+02 2.7021868999999998e+02 3.0832817534261903e+02
1.0673828100000000e+02 2.7007400999999999e+02 3.0713827070079617e+02
1.0678710900000000e+02 2.7005676000000000e+02 3.0819888909136887e+02
1.0683593800000000e+02 2.6997139499999997e+02 3.0806912895315230e+02
1.0688476600000000e+02 2.6988444099999998e+02 3.0791941860442887e+02
1.0693359400000000e+02 2.6984156600000000e+02 3.0855352359710008e+02
1.0698242200000000e+02 2.6974244499999998e+02 3.0820547146578997e+02
1.0703125000000000e+02 2.6964287600000000e+02 3.0785722509807670e+02
1.0708007800000000e+02 2.6953652599999998e+02 3.0739717323422479e+02
1.0712890600000000e+02 2.6951978800000001e+02 3.0852250381176822e+02
1.0717773400000000e+02 2.6935730500000000e+02 3.0708890321891641e+02
1.0722656200000000e+02 2.6928881000000001e+02 3.0731765359545756e+02
1.0727539100000000e+02 2.6922786000000002e+02 3.0768659417165895e+02
1.0732421900000000e+02 2.6914611500000001e+02 3.0769638306850050e+02
1.0737304700000000e+02 2.6901487600000002e+02 3.0684124126468691e+02
1.0742187500000000e+02 2.6891420399999998e+02 3.0653137636612064e+02
1.0747070300000000e+02 2.6887457499999999e+02 3.0730385211706590e+02
1.0751953100000000e+02 2.6878354500000000e+02 3.0717734899752332e+02
1.0756835900000000e+02 2.6870941299999998e+02 3.0735520115282162e+02
1.0761718800000000e+02 2.6863401199999998e+02 3.0751720774097578e+02
1.0766601600000000e+02 2.6854736400000002e+02 3.0748729609534149e+02
1.0771484400000000e+02 2.6843773800000002e+02 3.0705850130436130e+02
1.0776367200000000e+02 2.6831457300000000e+02 3.0639700618703910e+02
1.0781250000000000e+02 2.6823323900000003e+02 3.0647901725107778e+02
1.0786132800000000e+02 2.6821896400000003e+02 3.0774959452199977e+02
1.0791015600000000e+02 2.6813874499999997e+02 3.0786310771374627e+02
1.0795898400000000e+02 2.6806134600000001e+02 3.0803205245699758e+02
1.0800781200000000e+02 2.6797515700000002e+02 3.0805150627345853e+02
1.0805664100000000e+02 2.6786863599999998e+02 3.0771768169172788e+02
1.0810546900000000e+02 2.6779677199999998e+02 3.0800063024740064e+02
1.0815429700000000e+02 2.6774408699999998e+02 3.0862732295688926e+02
1.0820312500000000e+02 2.6760217299999999e+02 3.0768429817915154e+02
1.0825195300000000e+02 2.6751267899999999e+02 3.0767136470554431e+02
1.0830078100000000e+02 2.6741929800000003e+02 3.0759464677665540e+02
1.0834960900000000e+02 2.6737551100000002e+02 3.0839832085089336e+02
1.0839843800000000e+02 2.6725132600000001e+02 3.0778706193889974e+02
1.0844726600000000e+02 2.6715145500000000e+02 3.0760952730385929e+02
1.0849609400000000e+02 2.6704222900000002e+02 3.0727107212164464e+02
1.0854492200000000e+02 2.6694482399999998e+02 3.0714560819963930e+02
1.0859375000000000e+02 2.6682612799999998e+02 3.0664806709597070e+02
1.0864257800000000e+02 2.6676407100000000e+02 3.0715523998893690e+02
1.0869140600000000e+02 2.6670659899999998e+02 3.0774745734774098e+02
1.0874023400000000e+02 2.6657493399999998e+02 3.0703223458715991e+02
1.0878906200000000e+02 2.6645233600000000e+02 3.0648074956743159e+02
1.0883789100000000e+02 2.6638686400000000e+02 3.0694263578669086e+02
1.0888671900000000e+02 2.6630667699999998e+02 3.0714781959574805e+02
1.0893554700000000e+02 2.6625169199999999e+02 3.0780200890907349e+02
1.0898437500000000e+02 2.6610341000000000e+02 3.0680942942637955e+02
1.0903320300000000e+02 2.6604987699999998e+02 3.0749561445552121e+02
1.0908203100000000e+02 2.6593745100000001e+02 3.0714300360877826e+02
1.0913085900000000e+02 2.6587332300000003e+02 3.0764764235624079e+02
1.0917968800000000e+02 2.6578547099999997e+02 3.0773529218011015e+02
1.0922851600000000e+02 2.6565761099999997e+02 3.0711739720480500e+02
1.0927734400000000e+02 2.6557244900000001e+02 3.0725752654157662e+02
1.0932617200000000e+02 2.6549317100000002e+02 3.0750414341898227e+02
1.0937500000000000e+02 2.6539701900000000e+02 3.0745422778336535e+02
1.0942382800000000e+02 2.6525139200000001e+02 3.0653024515359340e+02
1.0947265600000000e+02 2.6519421000000000e+02 3.0717429386433639e+02
1.0952148400000000e+02 2.6508007600000002e+02 3.0681153880232210e+02
1.0957031200000000e+02 2.6499271900000002e+02 3.0692469634280553e+02
1.0961914100000000e+02 2.6489394700000003e+02 3.0683720837306515e+02
1.0966796900000000e+02 2.6482763799999998e+02 3.0732630451036346e+02
1.0971679700000000e+02 2.6475793800000002e+02 3.0775671829993638e+02
1.0976562500000000e+02 2.6459797700000001e+02 3.0658856790189793e+02
1.0981445300000000e+02 2.6448171200000002e+02 3.0619572344381777e+02
1.0986328100000000e+02 2.6440653500000002e+02 3.0653213677059250e+02
1.0991210900000000e+02 2.6429031099999997e+02 3.0614157780180369e+02
1.0996093800000000e+02 2.6422675099999998e+02 3.0668554755023649e+02
1.1000976600000000e+02 2.6416612500000002e+02 3.0728218973545717e+02
1.1005859400000000e+02 2.6401855000000000e+02 3.0633699187654014e+02
1.1010742200000000e+02 2.6391242999999997e+02 3.0612727312713372e+02
1.1015625000000000e+02 2.6387666800000000e+02 3.0716605973746880e+02
1.1020507800000000e+02 2.6377598300000000e+02 3.0705299285152847e+02
1.1025390600000000e+02 2.6374527999999998e+02 3.0818186945605407e+02
1.1030273400000000e+02 2.6358513499999998e+02 3.0701305800215493e+02
1.1035156200000000e+02 2.6348654299999998e+02 3.0693633982714022e+02
1.1040039100000000e+02 2.6339538900000002e+02 3.0699120075933746e+02
1.1044921900000000e+02 2.6331601599999999e+02 3.0725462276530590e+02
1.1049804700000000e+02 2.6322401500000001e+02 3.0729307244592695e+02
1.1054687500000000e+02 2.6312185799999997e+02 3.0715024067172391e+02
1.1059570300000000e+02 2.6304122899999999e+02 3.0738881282419987e+02
1.1064453100000000e+02 2.6294867699999998e+02 3.0741445594645728e+02
1.1069335900000000e+02 2.6284840900000000e+02 3.0730171572137533e+02
1.1074218800000000e+02 2.6276234799999997e+02 3.0744007649744378e+02
1.1079101600000000e+02 2.6269691599999999e+02 3.0794359576555524e+02
1.1083984400000000e+02 2.6254588100000001e+02 3.0692377255873578e+02
1.1088867200000000e+02 2.6246098000000001e+02 3.0707775257205901e+02
1.1093750000000000e+02 2.6235227900000001e+02 3.0680663747347057e+02
1.1098632800000000e+02 2.6230014000000000e+02 3.0753934780898254e+02
1.1103515600000000e+02 2.6218605400000001e+02 3.0716822192991981e+02
1.1108398400000000e+02 2.6209240899999998e+02 3.0715833164981626e+02
1.1113281200000000e+02 2.6203333800000001e+02 3.0776114431636347e+02
1.1118164100000000e+02 2.6193644599999999e+02 3.0768859906842641e+02
1.1123046900000000e+02 2.6178440799999998e+02 3.0663190946977880e+02
1.1127929700000000e+02 2.6167870900000003e+02 3.0639690949097138e+02
1.1132812500000000e+02 2.6158301899999998e+02 3.0633707842420790e+02
1.1137695300000000e+02 2.6148891900000001e+02 3.0630246988730192e+02
1.1142578100000000e+02 2.6143425500000001e+02 3.0696684259811838e+02
1.1147460900000000e+02 2.6140706200000000e+02 3.0811726569610408e+02
1.1152343800000000e+02 2.6125733500000001e+02 3.0708219361933863e+02
1.1157226600000000e+02 2.6112157500000001e+02 3.0629203087645493e+02
1.1162109400000000e+02 2.6104862900000001e+02 3.0661698101668713e+02
1.1166992200000000e+02 2.6099361499999998e+02 3.0725767384106052e+02
1.1171875000000000e+02 2.6093104499999998e+02 3.0775992152645398e+02
1.1176757800000000e+02 2.6082067599999999e+02 3.0740635074874103e+02
1.1181640600000000e+02 2.6074907700000000e+02 3.0773950190039966e+02
1.1186523400000000e+02 2.6063849299999998e+02 3.0737344425860476e+02
1.1191406200000000e+02 2.6049516299999999e+02 3.0641902294874615e+02
1.1196289100000000e+02 2.6045940999999999e+02 3.0737793920131384e+02
1.1201171900000000e+02 2.6038885299999998e+02 3.0771168827490112e+02
1.1206054700000000e+02 2.6028663299999999e+02 3.0747596727500616e+02
1.1210937500000000e+02 2.6020687500000003e+02 3.0763586272374727e+02
1.1215820300000000e+02 2.6012844400000000e+02 3.0781436517209494e+02
1.1220703100000000e+02 2.5994220300000001e+02 3.0606423659760759e+02
1.1225585900000000e+02 2.5991347600000000e+02 3.0711888769623164e+02
1.1230468800000000e+02 2.5984940599999999e+02 3.0753763391244001e+02
1.1235351600000000e+02 2.5974044099999998e+02 3.0714958578389252e+02
1.1240234400000000e+02 2.5967031300000002e+02 3.0744893337167542e+02
1.1245117200000000e+02 2.5955325800000003e+02 3.0690478299764976e+02
1.1250000000000000e+02 2.5938412599999998e+02 3.0542477912388091e+02
1.1254882800000000e+02 2.5938688200000001e+02 3.0700746893429852e+02
1.1259765600000000e+02 2.5930374100000000e+02 3.0705038956461442e+02
1.1264648400000000e+02 2.5918951800000002e+02 3.0653186479115834e+02
1.1269531200000000e+02 2.5912275399999999e+02 3.0685443171133647e+02
1.1274414100000000e+02 2.5903626900000000e+02 3.0681822170669204e+02
1.1279296900000000e+02 2.5898112600000002e+02 3.0733518176826118e+02
1.1284179700000000e+02 2.5883515799999998e+02 3.0622263642222350e+02
1.1289062500000000e+02 2.5878301599999998e+02 3.0677945908222438e+02
1.1293945300000000e+02 2.5867902099999998e+02 3.0640265907896713e+02
1.1298828100000000e+02 2.5858449200000001e+02 3.0618775490220588e+02
1.1303710900000000e+02 2.5851855899999998e+02 3.0647661341280735e+02
1.1308593800000000e+02 2.5846926100000002e+02 3.0705547924321894e+02
1.1313476600000000e+02 2.5843112100000002e+02 3.0782634006966003e+02
1.1318359400000000e+02 2.5828378700000002e+02 3.0663730371623922e+02
1.1323242200000000e+02 2.5823754100000002e+02 3.0724782066584248e+02
1.1328125000000000e+02 2.5815828599999998e+02 3.0726021787348975e+02
1.1333007800000000e+02 2.5804383999999999e+02 3.0663518122394839e+02
1.1337890600000000e+02 2.5797235499999999e+02 3.0677027734421972e+02
1.1342773400000000e+02 2.5787857800000000e+02 3.0649834774740128e+02
1.1347656200000000e+02 2.5783942500000001e+02 3.0719516807965749e+02
1.1352539100000000e+02 2.5776520900000003e+02 3.0725629314165576e+02
1.1357421900000000e+02 2.5761394899999999e+02 3.0593022130478187e+02
1.1362304700000000e+02 2.5762180300000000e+02 3.0744240525072911e+02
1.1367187500000000e+02 2.5758933600000000e+02 3.0822438873084207e+02
1.1372070300000000e+02 2.5744635899999997e+02 3.0701967117368719e+02
1.1376953100000000e+02 2.5739014600000002e+02 3.0735861849701001e+02
1.1381835900000000e+02 2.5729771599999998e+02 3.0704010231393141e+02
1.1386718800000000e+02 2.5714455500000003e+02 3.0562503920618508e+02
1.1391601600000000e+02 2.5711139800000001e+02 3.0634870913036548e+02
1.1396484400000000e+02 2.5702433900000000e+02 3.0609784140713583e+02
1.1401367200000000e+02 2.5700863900000002e+02 3.0711498528257567e+02
1.1406250000000000e+02 2.5695639199999999e+02 3.0746803623040608e+02
1.1411132800000000e+02 2.5691331800000000e+02 3.0797550013772633e+02
1.1416015600000000e+02 2.5682447900000000e+02 3.0765338786536500e+02
1.1420898400000000e+02 2.5672613300000000e+02 3.0715082275970252e+02
1.1425781200000000e+02 2.5664354500000002e+02 3.0692020163600392e+02
1.1430664100000000e+02 2.5660691600000001e+02 3.0750248123245535e+02
1.1435546900000000e+02 2.5658519200000001e+02 3.0834135066328065e+02
1.1440429700000000e+02 2.5648397699999998e+02 3.0774565875807269e+02
1.1445312500000000e+02 2.5634486700000002e+02 3.0646028219510060e+02
1.1450195300000000e+02 2.5627905700000002e+02 3.0647729196147930e+02
1.1455078100000000e+02 2.5628769799999998e+02 3.0781742183479423e+02
1.1459960900000000e+02 2.5621465200000000e+02 3.0768293615686719e+02
1.1464843800000000e+02 2.5615621199999998e+02 3.0779908248732482e+02
1.1469726600000000e+02 2.5612124000000000e+02 3.0832455771621289e+02
1.1474609400000000e+02 2.5600734100000000e+02 3.0742425777069667e+02
1.1479492200000000e+02 2.5591502199999999e+02 3.0689920845928719e+02
1.1484375000000000e+02 2.5587049900000000e+02 3.0721923020063809e+02
1.1489257800000000e+02 2.5583790400000001e+02 3.0774143217939110e+02
1.1494140600000000e+02 2.5585543799999999e+02 3.0915046541498464e+02
1.1499023400000000e+02 2.5574699500000000e+02 3.0828959722802557e+02
1.1503906200000000e+02 2.5558755600000001e+02 3.0650257815098519e+02
1.1508789100000000e+02 2.5556115000000000e+02 3.0708820211859336e+02
1.1513671900000000e+02 2.5546591799999999e+02 3.0642785835505106e+02
1.1518554700000000e+02 2.5546502400000000e+02 3.0744645005431119e+02
1.1523437500000000e+02 2.5543173700000000e+02 3.0787200911624740e+02
1.1528320300000000e+02 2.5531788499999999e+02 3.0684075852110414e+02
1.1533203100000000e+02 2.5523102900000001e+02 3.0628091330119838e+02
1.1538085900000000e+02 2.5527846800000000e+02 3.0811614542048318e+02
1.1542968800000000e+02 2.5521307100000001e+02 3.0791567142773300e+02
1.1547851600000000e+02 2.5514934700000001e+02 3.0773232628541780e+02
1.1552734400000000e+02 2.5507762199999999e+02 3.0739258746941005e+02
1.1557617200000000e+02 2.5501234500000001e+02 3.0715542236656336e+02
1.1562500000000000e+02 2.5498084499999999e+02 3.0751074029533009e+02
1.1567382800000000e+02 2.5491784300000000e+02 3.0728802220872399e+02
1.1572265600000000e+02 2.5487678399999999e+02 3.0744542497887761e+02
1.1577148400000000e+02 2.5481904299999999e+02 3.0729032346717617e+02
1.1582031200000000e+02 2.5477429400000000e+02 3.0735467137222543e+02
1.1586914100000000e+02 2.5469866700000000e+02 3.0685182966824715e+02
1.1591796900000000e+02 2.5470347500000000e+02 3.0777744321370398e+02
1.1596679700000000e+02 2.5466797800000001e+02 3.0796664629815552e+02
1.1601562500000000e+02 2.5465511900000001e+02 3.0854786220876161e+02
1.1606445300000000e+02 2.5458164600000001e+02 3.0802841267361788e+02
1.1611328100000000e+02 2.5453444300000001e+02 3.0796592716430212e+02
1.1616210900000000e+02 2.5448731799999999e+02 3.0789073430988577e+02
1.1621093800000000e+02 2.5441788900000000e+02 3.0740152497498485e+02
1.1625976600000000e+02 2.5441303900000000e+02 3.0805572303103327e+02
1.1630859400000000e+02 2.5437502100000000e+02 3.0810095611085740e+02
1.1635742200000000e+02 2.5435545200000001e+02 3.0846244519916780e+02
1.1640625000000000e+02 2.5430864299999999e+02 3.0832112117811602e+02
1.1645507800000000e+02 2.5427068100000000e+02 3.0832377586699312e+02
1.1650390600000000e+02 2.5425670199999999e+02 3.0874159106605475e+02
1.1655273400000000e+02 2.5414629099999999e+02 3.0741635290874240e+02
1.1660156200000000e+02 2.5412825100000001e+02 3.0773179684513821e+02
1.1665039100000000e+02 2.5411521999999999e+02 3.0812206788711723e+02
1.1669921900000000e+02 2.5405790999999999e+02 3.0770385642380126e+02
1.1674804700000000e+02 2.5401295099999999e+02 3.0749193596174115e+02
1.1679687500000000e+02 2.5402707400000000e+02 3.0832346243377208e+02
1.1684570300000000e+02 2.5399614700000001e+02 3.0833257325828532e+02
1.1689453100000000e+02 2.5389702800000001e+02 3.0710479307011548e+02
1.1694335900000000e+02 2.5388705800000000e+02 3.0745875852374138e+02
1.1699218800000000e+02 2.5390266399999999e+02 3.0825536367314032e+02
1.1704101600000000e+02 2.5383542800000001e+02 3.0755263748720057e+02
1.1708984400000000e+02 2.5386079799999999e+02 3.0849290499550227e+02
1.1713867200000000e+02 2.5383906500000001e+02 3.0857391352273123e+02
1.1718750000000000e+02 2.5377452600000001e+02 3.0787276265053242e+02
1.1723632800000000e+02 2.5374092200000001e+02 3.0770983466313595e+02
1.1728515600000000e+02 2.5372307599999999e+02 3.0781321678718177e+02
1.1733398400000000e+02 2.5370508799999999e+02 3.0789815595209069e+02
1.1738281200000000e+02 2.5369536600000001e+02 3.0811508041654571e+02
1.1743164100000000e+02 2.5369193200000001e+02 3.0842849283540085e+02
1.1748046900000000e+02 2.5366211600000000e+02 3.0825368465926186e+02
1.1752929700000000e+02 2.5365797400000000e+02 3.0852215303102992e+02
1.1757812500000000e+02 2.5360833299999999e+02 3.0796041448248195e+02
1.1762695300000000e+02 2.5357687300000001e+02 3.0770779487044507e+02
1.1767578100000000e+02 2.5359457100000000e+02 3.0831815358745399e+02
1.1772460900000000e+02 2.5357847200000000e+02 3.0830762623851547e+02
1.1777343800000000e+02 2.5357255799999999e+02 3.0846282494490265e+02
1.1782226600000000e+02 2.5362432100000001e+02 3.0963267069323143e+02
1.1787109400000000e+02 2.5348559200000000e+02 3.0738058817439810e+02
1.1791992200000000e+02 2.5352229100000000e+02 3.0824798259744853e+02
1.1796875000000000e+02 2.5353238400000001e+02 3.0862307946757397e+02
1.1801757800000000e+02 2.5349542099999999e+02 3.0814066823217019e+02
1.1806640600000000e+02 2.5345688699999999e+02 3.0761366378056147e+02
1.1811523400000000e+02 2.5343843899999999e+02 3.0742886949269479e+02
1.1816406200000000e+02 2.5349498299999999e+02 3.0856660041941461e+02
1.1821289100000000e+02 2.5344587700000000e+02 3.0780073254385070e+02
1.1826171900000000e+02 2.5346515700000000e+02 3.0823911210314361e+02
1.1831054700000000e+02 2.5342842300000001e+02 3.0766066307811906e+02
1.1835937500000000e+02 2.5343622800000000e+02 3.0786032368059705e+02
1.1840820300000000e+02 2.5345210100000000e+02 3.0818689951227520e+02
1.1845703100000000e+02 2.5346091000000001e+02 3.0837034126030841e+02
1.1850585900000000e+02 2.5348301400000000e+02 3.0877379855360510e+02
1.1855468800000000e+02 2.5344405599999999e+02 3.0807119931108792e+02
1.1860351600000000e+02 2.5341367199999999e+02 3.0750465027683595e+02
1.1865234400000000e+02 2.5344875300000001e+02 3.0808807284390701e+02
1.1870117200000000e+02 2.5349063400000000e+02 3.0877527412753182e+02
1.1875000000000000e+02 2.5346553100000000e+02 3.0825158484082220e+02
1.1879882800000000e+02 2.5345241700000000e+02 3.0792447644411624e+02
1.1884765600000000e+02 2.5345585000000000e+02 3.0787496356656266e+02
1.1889648400000000e+02 2.5351352700000001e+02 3.0877399372695737e+02
1.1894531200000000e+02 2.5346884299999999e+02 3.0783330722064369e+02
1.1899414100000000e+02 2.5351074900000000e+02 3.0841670223259689e+02
1.1904296900000000e+02 2.5351522000000000e+02 3.0831648889299589e+02
1.1909179700000000e+02 2.5350931700000001e+02 3.0801447736652591e+02
1.1914062500000000e+02 2.5358804400000000e+02 3.0920018953636975e+02
1.1918945300000000e+02 2.5353092200000000e+02 3.0795285457928395e+02
1.1923828100000000e+02 2.5356410800000000e+02 3.0829384376746401e+02
1.1928710900000000e+02 2.5354753099999999e+02 3.0773307263984856e+02
1.1933593800000000e+02 2.5359968000000001e+02 3.0837601202773669e+02
1.1938476600000000e+02 2.5360806600000001e+02 3.0822404333581534e+02
1.1943359400000000e+02 2.5363993500000001e+02 3.0847165569436856e+02
1.1948242200000000e+02 2.5369947600000000e+02 3.0919284374286678e+02
1.1953125000000000e+02 2.5365817400000000e+02 3.0810693151476454e+02
1.1958007800000000e+02 2.5368252799999999e+02 3.0816883414163539e+02
1.1962890600000000e+02 2.5371639900000000e+02 3.0838204157329943e+02
1.1967773400000000e+02 2.5374768000000000e+02 3.0853178845391000e+02
1.1972656200000000e+02 2.5373657700000001e+02 3.0791291848939994e+02
1.1977539100000000e+02 2.5373997100000000e+02 3.0753384489766893e+02
1.1982421900000000e+02 2.5375754699999999e+02 3.0738878525981977e+02
1.1987304700000000e+02 2.5383672999999999e+02 3.0831714378620887e+02
1.1992187500000000e+02 2.5388808299999999e+02 3.0873495075592336e+02
1.1997070300000000e+02 2.5391130600000000e+02 3.0863740169085719e+02
1.2001953100000000e+02 2.5396842899999999e+02 3.0912212699937965e+02
1.2006835900000000e+02 2.5397129899999999e+02 3.0862993527320162e+02
1.2011718800000000e+02 2.5405972000000000e+02 3.0963279664529801e+02
1.2016601600000000e+02 2.5398210100000000e+02 3.0768400859531312e+02
1.2021484400000000e+02 2.5404950099999999e+02 3.0828060911392367e+02
1.2026367200000000e+02 2.5407746700000001e+02 3.0816326850329415e+02
1.2031250000000000e+02 2.5409465700000001e+02 3.0783856456820655e+02
1.2036132800000000e+02 2.5414232100000001e+02 3.0803449412836238e+02
1.2041015600000000e+02 2.5421523300000001e+02 3.0865832573831392e+02
1.2045898400000000e+02 2.5423776500000000e+02 3.0837634483214453e+02
1.2050781200000000e+02 2.5426437500000000e+02 3.0814928017511494e+02
1.2055664100000000e+02 2.5432411300000001e+02 3.0848880000456870e+02
1.2060546900000000e+02 2.5436598200000000e+02 3.0849632206296599e+02
1.2065429700000000e+02 2.5432764399999999e+02 3.0707503654371527e+02
1.2070312500000000e+02 2.5437550200000001e+02 3.0715439758992386e+02
1.2075195300000000e+02 2.5447110100000000e+02 3.0805630593778739e+02
1.2080078100000000e+02 2.5450792000000001e+02 3.0790719254190361e+02
1.2084960900000000e+02 2.5455433700000000e+02 3.0790993966106458e+02
1.2089843800000000e+02 2.5460523800000001e+02 3.0797454751926858e+02
1.2094726600000000e+02 2.5464402999999999e+02 3.0780968423405483e+02
1.2099609400000000e+02 2.5473351500000001e+02 3.0851779622319538e+02
1.2104492200000000e+02 2.5480680200000000e+02 3.0892440228666993e+02
1.2109375000000000e+02 2.5478687800000000e+02 3.0767961362434727e+02
1.2114257800000000e+02 2.5485385400000001e+02 3.0794228444533633e+02
1.2119140600000000e+02 2.5492162800000000e+02 3.0820210037306919e+02
1.2124023400000000e+02 2.5500045299999999e+02 3.0863863438650162e+02
1.2128906200000000e+02 2.5500717299999999e+02 3.0779631830461324e+02
1.2133789100000000e+02 2.5508111099999999e+02 3.0811420917573651e+02
1.2138671900000000e+02 2.5512226100000001e+02 3.0784214318556212e+02
1.2143554700000000e+02 2.5518277399999999e+02 3.0789242497159034e+02
1.2148437500000000e+02 2.5523986500000001e+02 3.0786662958662640e+02
1.2153320300000000e+02 2.5534990199999999e+02 3.0874909516008421e+02
1.2158203100000000e+02 2.5543037100000001e+02 3.0909857100755914e+02
1.2163085900000000e+02 2.5545708200000001e+02 3.0849396487303324e+02
1.2167968800000000e+02 2.5549944199999999e+02 3.0814676907122930e+02
1.2172851600000000e+02 2.5559104500000001e+02 3.0864207898734168e+02
1.2177734400000000e+02 2.5565065999999999e+02 3.0856393207555169e+02
1.2182617200000000e+02 2.5565778000000000e+02 3.0755630936514626e+02
1.2187500000000000e+02 2.5578797200000000e+02 3.0867523106724292e+02
1.2192382800000000e+02 2.5584599000000000e+02 3.0852234011337117e+02
1.2197265600000000e+02 2.5584988600000000e+02 3.0741344791173668e+02
1.2202148400000000e+02 2.5596454600000001e+02 3.0821427759461272e+02
1.2207031200000000e+02 2.5608078000000000e+02 3.0902619281300804e+02
1.2211914100000000e+02 2.5606867799999998e+02 3.0759508167288112e+02
1.2216796900000000e+02 2.5611166300000002e+02 3.0710566515751810e+02
1.2221679700000000e+02 2.5628203900000000e+02 3.0880966098261473e+02
1.2226562500000000e+02 2.5634844399999997e+02 3.0869566348298758e+02
1.2231445300000000e+02 2.5639823400000000e+02 3.0827918911648544e+02
1.2236328100000000e+02 2.5651283599999999e+02 3.0896978973624789e+02
1.2241210900000000e+02 2.5656539900000001e+02 3.0857197783456485e+02
1.2246093800000000e+02 2.5656394100000000e+02 3.0722625642768463e+02
1.2250976600000000e+02 2.5667974600000002e+02 3.0789309274906378e+02
1.2255859400000000e+02 2.5678542900000002e+02 3.0836994912858927e+02
1.2260742200000000e+02 2.5685494000000000e+02 3.0820779378740832e+02
1.2265625000000000e+02 2.5695968099999999e+02 3.0863904059420105e+02
1.2270507800000000e+02 2.5703123399999998e+02 3.0848368933304454e+02
1.2275390600000000e+02 2.5704534999999998e+02 3.0732525529518557e+02
1.2280273400000000e+02 2.5717182000000003e+02 3.0808812643304674e+02
1.2285156200000000e+02 2.5727391899999998e+02 3.0841701358877822e+02
1.2290039100000000e+02 2.5735799200000002e+02 3.0842185285799707e+02
1.2294921900000000e+02 2.5738763100000000e+02 3.0747788708291017e+02
1.2299804700000000e+02 2.5753307100000001e+02 3.0850989254438423e+02
1.2304687500000000e+02 2.5762940700000001e+02 3.0868463751900811e+02
1.2309570300000000e+02 2.5770085799999998e+02 3.0841915016220713e+02
1.2314453100000000e+02 2.5781212599999998e+02 3.0882321937564967e+02
1.2319335900000000e+02 2.5785703999999998e+02 3.0807730539334324e+02
1.2324218800000000e+02 2.5798218100000003e+02 3.0869256441545906e+02
1.2329101600000000e+02 2.5804164200000002e+02 3.0817082289875674e+02
1.2333984400000000e+02 2.5812054499999999e+02 3.0796943284845764e+02
1.2338867200000000e+02 2.5825292600000000e+02 3.0866932885445647e+02
1.2343750000000000e+02 2.5831333999999998e+02 3.0812730368487087e+02
1.2348632800000000e+02 2.5840302000000003e+02 3.0807300498240124e+02
1.2353515600000000e+02 2.5849457300000000e+02 3.0803856573613825e+02
1.2358398400000000e+02 2.5861606699999999e+02 3.0850229483007155e+02
1.2363281200000000e+02 2.5863119799999998e+02 3.0714251922635702e+02
1.2368164100000000e+02 2.5878785599999998e+02 3.0818090742575350e+02
1.2373046900000000e+02 2.5885237300000000e+02 3.0763957850168634e+02
1.2377929700000000e+02 2.5894347699999997e+02 3.0753928872282700e+02
1.2382812500000000e+02 2.5906606499999998e+02 3.0796243307912209e+02
1.2387695300000000e+02 2.5915386100000001e+02 3.0778342199303438e+02
1.2392578100000000e+02 2.5922830699999997e+02 3.0736722872166462e+02
1.2397460900000000e+02 2.5941562099999999e+02 3.0885336538185908e+02
1.2402343800000000e+02 2.5949278600000002e+02 3.0846137217847570e+02
1.2407226600000000e+02 2.5959978500000000e+02 3.0856421379251009e+02
1.2412109400000000e+02 2.5965015000000000e+02 3.0769873169280220e+02
1.2416992200000000e+02 2.5979532300000000e+02 3.0842629838058735e+02
1.2421875000000000e+02 2.5987781699999999e+02 3.0808422620027022e+02
1.2426757800000000e+02 2.6001972999999998e+02 3.0873533144818026e+02
1.2431640600000000e+02 2.6007296400000001e+02 3.0788025575168234e+02
1.2436523400000000e+02 2.6011825399999998e+02 3.0688283033899955e+02
1.2441406200000000e+02 2.6027777800000001e+02 3.0780089282980111e+02
1.2446289100000000e+02 2.6037312100000003e+02 3.0762824478106938e+02
1.2451171900000000e+02 2.6048162800000000e+02 3.0766801111622715e+02
1.2456054700000000e+02 2.6063085100000001e+02 3.0838280628539007e+02
1.2460937500000000e+02 2.6075391700000000e+02 3.0864847045745699e+02
1.2465820300000000e+02 2.6083587599999998e+02 3.0821528938903555e+02
1.2470703100000000e+02 2.6088019000000003e+02 3.0714298740499629e+02
1.2475585900000000e+02 2.6104273699999999e+02 3.0804473869181044e+02
1.2480468800000000e+02 2.6115585800000002e+02 3.0810940226846333e+02
1.2485351600000000e+02 2.6118238800000000e+02 3.0671728854651468e+02
1.2490234400000000e+02 2.6129762399999998e+02 3.0680224521868524e+02
1.2495117200000000e+02 2.6145075500000002e+02 3.0751237860174933e+02
1.2500000000000000e+02 2.6153993700000001e+02 3.0714641102940493e+02
1.2504882800000000e+02 2.6171992999999998e+02 3.0828835065880770e+02
1.2509765600000000e+02 2.6176375200000001e+02 3.0715167169681121e+02
1.2514648400000000e+02 2.6192811499999999e+02 3.0801731446759590e+02
1.2519531200000000e+02 2.6200959799999998e+02 3.0749540248566501e+02
1.2524414100000000e+02 2.6210392899999999e+02 3.0718120107736723e+02
1.2529296900000000e+02 2.6223246799999998e+02 3.0742946287747412e+02
1.2534179700000000e+02 2.6232519300000001e+02 3.0707628325325965e+02
1.2539062500000000e+02 2.6243061899999998e+02 3.0692821766099257e+02
1.2543945300000000e+02 2.6252676900000000e+02 3.0662058121067798e+02
1.2548828100000000e+02 2.6266734400000001e+02 3.0704365092103120e+02
1.2553710900000000e+02 2.6280445900000001e+02 3.0740317116995141e+02
1.2558593800000000e+02 2.6287283300000001e+02 3.0661945339726429e+02
1.2563476600000000e+02 2.6304395899999997e+02 3.0753027618965382e+02
1.2568359400000000e+02 2.6307925999999998e+02 3.0619103551851271e+02
1.2573242200000000e+02 2.6325602700000002e+02 3.0718394040242345e+02
1.2578125000000000e+02 2.6343341500000002e+02 3.0818086926324014e+02
1.2583007800000000e+02 2.6345556199999999e+02 3.0661327135436147e+02
1.2587890600000000e+02 2.6361353600000001e+02 3.0728054320112676e+02
1.2592773400000000e+02 2.6372896100000003e+02 3.0724247560479523e+02
1.2597656200000000e+02 2.6386808600000001e+02 3.0759020280699582e+02
1.2602539100000000e+02 2.6393264699999997e+02 3.0670845473208414e+02
1.2607421900000000e+02 2.6404032300000000e+02 3.0653236748588637e+02
1.2612304700000000e+02 2.6418120199999998e+02 3.0689786328308639e+02
1.2617187500000000e+02 2.6434505500000000e+02 3.0763620556429265e+02
1.2622070300000000e+02 2.6446119299999998e+02 3.0758881023742987e+02
1.2626953100000000e+02 2.6449678299999999e+02 3.0622025784935909e+02
1.2631835900000000e+02 2.6460840700000000e+02 3.0609473028039605e+02
1.2636718800000000e+02 2.6473750500000000e+02 3.0625248923108671e+02
1.2641601600000000e+02 2.6489487900000000e+02 3.0686955715375967e+02
1.2646484400000000e+02 2.6501580799999999e+02 3.0688891875905614e+02
1.2651367200000000e+02 2.6514223700000002e+02 3.0699606813600957e+02
1.2656250000000000e+02 2.6522494599999999e+02 3.0638905413489113e+02
1.2661132800000000e+02 2.6534877999999998e+02 3.0645103102756281e+02
1.2666015600000000e+02 2.6550054200000000e+02 3.0696597009525152e+02
1.2670898400000000e+02 2.6558956599999999e+02 3.0645918532212875e+02
1.2675781200000000e+02 2.6576715000000002e+02 3.0739079397242568e+02
1.2680664100000000e+02 2.6585712899999999e+02 3.0689833334811857e+02
1.2685546900000000e+02 2.6599049100000002e+02 3.0710977536124869e+02
1.2690429700000000e+02 2.6614348600000000e+02 3.0763877006843296e+02
1.2695312500000000e+02 2.6621588000000003e+02 3.0686160232263023e+02
1.2700195300000000e+02 2.6631578400000001e+02 3.0653086081075662e+02
1.2705078100000000e+02 2.6646923299999997e+02 3.0706669680671462e+02
1.2709960900000000e+02 2.6655913199999998e+02 3.0657541329822482e+02
1.2714843800000000e+02 2.6667430100000001e+02 3.0649349337861281e+02
1.2719726600000000e+02 2.6673712000000000e+02 3.0556805978880300e+02
1.2724609400000000e+02 2.6689431900000000e+02 3.0616655439826110e+02
1.2729492200000000e+02 2.6708771200000001e+02 3.0734844364998742e+02
1.2734375000000000e+02 2.6713460099999998e+02 3.0617183697508329e+02
1.2739257800000000e+02 2.6725736300000000e+02 3.0621901873688739e+02
1.2744140600000000e+02 2.6736173100000002e+02 3.0597235205917843e+02
1.2749023400000000e+02 2.6753147300000001e+02 3.0677802696999152e+02
1.2753906200000000e+02 2.6766619500000002e+02 3.0702273725219612e+02
1.2758789100000000e+02 2.6779054200000002e+02 3.0710311116869451e+02
1.2763671900000000e+02 2.6782356299999998e+02 3.0572260095587251e+02
1.2768554700000000e+02 2.6800639999999999e+02 3.0674590367158265e+02
1.2773437500000000e+02 2.6812836499999997e+02 3.0679672904717381e+02
1.2778320300000000e+02 2.6823070000000001e+02 3.0653684321412959e+02
1.2783203100000000e+02 2.6835579600000000e+02 3.0664441507611269e+02
1.2788085900000000e+02 2.6846996799999999e+02 3.0658103750400750e+02
1.2792968800000000e+02 2.6859602699999999e+02 3.0671116448686331e+02
1.2797851600000000e+02 2.6870957399999998e+02 3.0664567528982565e+02
1.2802734400000000e+02 2.6879303199999998e+02 3.0610514573736981e+02
1.2807617200000001e+02 2.6892734400000001e+02 3.0637932894683678e+02
1.2812500000000000e+02 2.6901878900000003e+02 3.0597579406490610e+02
1.2817382799999999e+02 2.6918512399999997e+02 3.0676805872253163e+02
1.2822265600000000e+02 2.6929845999999998e+02 3.0672228630989662e+02
1.2827148399999999e+02 2.6937819900000000e+02 3.0614844707569574e+02
1.2832031200000000e+02 2.6950783500000000e+02 3.0637222856628591e+02
1.2836914100000001e+02 2.6962737900000002e+02 3.0644122665739252e+02
1.2841796900000000e+02 2.6977548999999999e+02 3.0696836914655756e+02
1.2846679700000001e+02 2.6988425400000000e+02 3.0687789468904413e+02
1.2851562500000000e+02 2.6998025100000001e+02 3.0659171653132370e+02
1.2856445299999999e+02 2.7005841700000002e+02 3.0603039685848546e+02
1.2861328100000000e+02 2.7020611400000001e+02 3.0657456482292696e+02
1.2866210899999999e+02 2.7032957900000002e+02 3.0674216447037588e+02
1.2871093800000000e+02 2.7047982000000002e+02 3.0733867774960760e+02
1.2875976600000001e+02 2.7060337099999998e+02 3.0752075038790764e+02
1.2880859400000000e+02 2.7066984000000002e+02 3.0681068451307226e+02
1.2885742200000001e+02 2.7073597599999999e+02 3.0610375036865685e+02
1.2890625000000000e+02 2.7088965999999999e+02 3.0678246065427317e+02
1.2895507799999999e+02 2.7101016099999998e+02 3.0694640926752396e+02
1.2900390600000000e+02 2.7109919600000001e+02 3.0662380060124826e+02
1.2905273399999999e+02 2.7122820800000000e+02 3.0693730119378773e+02
1.2910156200000000e+02 2.7136270999999999e+02 3.0734480766700761e+02
1.2915039100000001e+02 2.7140102500000000e+02 3.0625230317341800e+02
1.2919921900000000e+02 2.7148741500000000e+02 3.0592310561815071e+02
1.2924804700000001e+02 2.7163262300000002e+02 3.0652403895735404e+02
1.2929687500000000e+02 2.7178287899999998e+02 3.0721216970075312e+02
1.2934570299999999e+02 2.7189449200000001e+02 3.0730437020314343e+02
1.2939453100000000e+02 2.7194035900000000e+02 3.0637848261896386e+02
1.2944335899999999e+02 2.7209459099999998e+02 3.0715549386225655e+02
1.2949218800000000e+02 2.7213585599999999e+02 3.0617825739594809e+02
1.2954101600000001e+02 2.7221103499999998e+02 3.0574107382284859e+02
1.2958984400000000e+02 2.7233308499999998e+02 3.0604499188077352e+02
1.2963867200000001e+02 2.7240074600000003e+02 3.0551156481643920e+02
1.2968750000000000e+02 2.7253742499999998e+02 3.0606351103906718e+02
1.2973632799999999e+02 2.7263742500000001e+02 3.0605469944693016e+02
1.2978515600000000e+02 2.7280502899999999e+02 3.0710761484375678e+02
1.2983398399999999e+02 2.7288074300000000e+02 3.0674236812687843e+02
1.2988281200000000e+02 2.7296833400000003e+02 3.0657300648222480e+02
1.2993164100000001e+02 2.7305028900000002e+02 3.0632753182950495e+02
1.2998046900000000e+02 2.7319724300000001e+02 3.0710178274951568e+02
1.3002929700000001e+02 2.7325423799999999e+02 3.0649225760375452e+02
1.3007812500000000e+02 2.7337956800000001e+02 3.0695364252583266e+02
1.3012695299999999e+02 2.7347128300000003e+02 3.0690587519660090e+02
1.3017578100000000e+02 2.7351898199999999e+02 3.0618909099653030e+02
1.3022460899999999e+02 2.7357615900000002e+02 3.0563180465541126e+02
1.3027343800000000e+02 2.7369596799999999e+02 3.0605531188045069e+02
1.3032226600000001e+02 2.7381290500000000e+02 3.0644639762767525e+02
1.3037109400000000e+02 2.7389407899999998e+02 3.0629752437664871e+02
1.3041992200000001e+02 2.7406009799999998e+02 3.0747047926172195e+02
1.3046875000000000e+02 2.7410744699999998e+02 3.0682516449650745e+02
1.3051757799999999e+02 2.7416923300000002e+02 3.0641603155148823e+02
1.3056640600000000e+02 2.7420822900000002e+02 3.0566945959596501e+02
1.3061523399999999e+02 2.7432817899999998e+02 3.0618312929365595e+02
1.3066406200000000e+02 2.7444685900000002e+02 3.0669009063775127e+02
1.3071289100000001e+02 2.7450303800000000e+02 3.0624894126010128e+02
1.3076171900000000e+02 2.7462873800000000e+02 3.0689039355486562e+02
1.3081054700000001e+02 2.7464899200000002e+02 3.0592527038105038e+02
1.3085937500000000e+02 2.7478753000000000e+02 3.0679102267721180e+02
1.3090820299999999e+02 2.7485508900000002e+02 3.0658080634686286e+02
1.3095703100000000e+02 2.7487590200000000e+02 3.0566808531063037e+02
1.3100585899999999e+02 2.7496921700000001e+02 3.0588195410505688e+02
1.3105468800000000e+02 2.7504441800000001e+02 3.0583249620729208e+02
1.3110351600000001e+02 2.7513657699999999e+02 3.0605734464155933e+02
1.3115234400000000e+02 2.7520769500000000e+02 3.0597460889972899e+02
1.3120117200000001e+02 2.7533220799999998e+02 3.0672356745488963e+02
1.3125000000000000e+02 2.7537325499999997e+02 3.0621050339638776e+02
1.3129882799999999e+02 2.7542006600000002e+02 3.0580106158753574e+02
1.3134765600000000e+02 2.7551206400000001e+02 3.0609740320031653e+02
1.3139648399999999e+02 2.7557826100000000e+02 3.0601478885336564e+02
1.3144531200000000e+02 2.7573802300000000e+02 3.0737549152254729e+02
1.3149414100000001e+02 2.7575002599999999e+02 3.0649651796175311e+02
1.3154296900000000e+02 2.7581662000000000e+02 3.0646629292317431e+02
1.3159179700000001e+02 2.7582361300000002e+02 3.0554349454349989e+02
1.3164062500000000e+02 2.7597202900000002e+02 3.0679156715920334e+02
1.3168945299999999e+02 2.7609533800000003e+02 3.0767213424717198e+02
1.3173828100000000e+02 2.7606821700000000e+02 3.0627852243809764e+02
1.3178710899999999e+02 2.7610969599999999e+02 3.0594579605636443e+02
1.3183593800000000e+02 2.7611844000000002e+02 3.0513176932735894e+02
1.3188476600000001e+02 2.7614629800000000e+02 3.0462525718401696e+02
1.3193359400000000e+02 2.7631901499999998e+02 3.0633632993544308e+02
1.3198242200000001e+02 2.7639737700000001e+02 3.0662951931620728e+02
1.3203125000000000e+02 2.7639854500000001e+02 3.0576721827701925e+02
1.3208007799999999e+02 2.7650144499999999e+02 3.0646590853212359e+02
1.3212890600000000e+02 2.7654696300000001e+02 3.0631040873730979e+02
1.3217773399999999e+02 2.7653566400000000e+02 3.0531041526340010e+02
1.3222656200000000e+02 2.7661130200000002e+02 3.0564565727816728e+02
1.3227539100000001e+02 2.7664867099999998e+02 3.0541782562362761e+02
1.3232421900000000e+02 2.7674356000000000e+02 3.0607827417939177e+02
1.3237304700000001e+02 2.7679027800000000e+02 3.0602612782801168e+02
1.3242187500000000e+02 2.7689243199999999e+02 3.0683005785191398e+02
1.3247070299999999e+02 2.7691746300000000e+02 3.0648405752309276e+02
1.3251953100000000e+02 2.7692500500000000e+02 3.0589119359152772e+02
1.3256835899999999e+02 2.7700263600000000e+02 3.0637555972307109e+02
1.3261718800000000e+02 2.7703325999999998e+02 3.0616675424942770e+02
1.3266601600000001e+02 2.7704021799999998e+02 3.0561816960447328e+02
1.3271484400000000e+02 2.7716841199999999e+02 3.0691809647142657e+02
1.3276367200000001e+02 2.7712498900000003e+02 3.0564439976474608e+02
1.3281250000000000e+02 2.7721506599999998e+02 3.0640360818340241e+02
1.3286132799999999e+02 2.7725227599999999e+02 3.0638262618321608e+02
1.3291015600000000e+02 2.7725698499999999e+02 3.0588939010279250e+02
1.3295898399999999e+02 2.7735114199999998e+02 3.0676263910698952e+02
1.3300781200000000e+02 2.7735227800000001e+02 3.0625150768146432e+02
1.3305664100000001e+02 2.7737422700000002e+02 3.0607216798683339e+02
1.3310546900000000e+02 2.7740626900000001e+02 3.0606293685036951e+02
1.3315429700000001e+02 2.7741417500000000e+02 3.0570838580975055e+02
1.3320312500000000e+02 2.7741546399999999e+02 3.0527253825291785e+02
1.3325195299999999e+02 2.7751206000000002e+02 3.0628901387422542e+02
1.3330078100000000e+02 2.7749176199999999e+02 3.0556481524743384e+02
1.3334960899999999e+02 2.7752996999999999e+02 3.0573896575341229e+02
1.3339843800000000e+02 2.7754269599999998e+02 3.0554816599271635e+02
1.3344726600000001e+02 2.7763007499999998e+02 3.0649763587454811e+02
1.3349609400000000e+02 2.7764664199999999e+02 3.0640096617182695e+02
1.3354492200000001e+02 2.7763870900000001e+02 3.0595466306848357e+02
1.3359375000000000e+02 2.7761449299999998e+02 3.0528242193387899e+02
1.3364257799999999e+02 2.7765592900000001e+02 3.0561446038955387e+02
1.3369140600000000e+02 2.7770061800000002e+02 3.0601351824365923e+02
1.3374023399999999e+02 2.7773933299999999e+02 3.0634112645719034e+02
1.3378906200000000e+02 2.7777587699999998e+02 3.0665441284060114e+02
1.3383789100000001e+02 2.7773138499999999e+02 3.0577066554471929e+02
1.3388671900000000e+02 2.7772370400000000e+02 3.0545770921006908e+02
1.3393554700000001e+02 2.7775822099999999e+02 3.0579589020373209e+02
1.3398437500000000e+02 2.7775963800000000e+02 3.0565631666069237e+02
1.3403320299999999e+02 2.7777694300000002e+02 3.0577331887198943e+02
1.3408203100000000e+02 2.7777089200000000e+02 3.0555886903822937e+02
1.3413085899999999e+02 2.7784461099999999e+02 3.0655765433928298e+02
1.3417968800000000e+02 2.7781653499999999e+02 3.0605027926825755e+02
1.3422851600000001e+02 2.7780215800000002e+02 3.0576666815170353e+02
1.3427734400000000e+02 2.7785360800000001e+02 3.0648687850652686e+02
1.3432617200000001e+02 2.7783785000000000e+02 3.0621955954577942e+02
1.3437500000000000e+02 2.7781724900000000e+02 3.0589834903391585e+02
1.3442382799999999e+02 2.7775781100000000e+02 3.0501477976469243e+02
1.3447265600000000e+02 2.7780797500000000e+02 3.0578912564358080e+02
1.3452148399999999e+02 2.7777897600000000e+02 3.0539791185999400e+02
1.3457031200000000e+02 2.7783894600000002e+02 3.0635533646573094e+02
1.3461914100000001e+02 2.7784566300000000e+02 3.0653483009662386e+02
1.3466796900000000e+02 2.7777060799999998e+02 3.0551057566016863e+02
1.3471679700000001e+02 2.7775450100000000e+02 3.0538584520025131e+02
1.3476562500000000e+02 2.7781145299999997e+02 3.0637098425075243e+02
1.3481445299999999e+02 2.7771722100000000e+02 3.0511581326687008e+02
1.3486328100000000e+02 2.7776867700000003e+02 3.0605519976988904e+02
1.3491210899999999e+02 2.7784753200000000e+02 3.0742171020367545e+02
1.3496093800000000e+02 2.7772192699999999e+02 3.0575332173423368e+02
1.3500976600000001e+02 2.7773772100000002e+02 3.0621450511926980e+02
1.3505859400000000e+02 2.7773798699999998e+02 3.0646195279677909e+02
1.3510742200000001e+02 2.7772961700000002e+02 3.0659858493089382e+02
1.3515625000000000e+02 2.7770958400000001e+02 3.0657924407777682e+02
1.3520507799999999e+02 2.7765651400000002e+02 3.0608504225933137e+02
1.3525390600000000e+02 2.7760796199999999e+02 3.0567639381518569e+02
1.3530273399999999e+02 2.7760991700000000e+02 3.0603924240709097e+02
1.3535156200000000e+02 2.7757759800000002e+02 3.0590874128571267e+02
1.3540039100000001e+02 2.7751739099999998e+02 3.0538026415611222e+02
1.3544921900000000e+02 2.7753830900000003e+02 3.0607948207172666e+02
1.3549804700000001e+02 2.7754893499999997e+02 3.0664289717498139e+02
1.3554687500000000e+02 2.7747453899999999e+02 3.0595636548101288e+02
1.3559570299999999e+02 2.7745279499999998e+02 3.0607258245862727e+02
1.3564453100000000e+02 2.7743405500000000e+02 3.0625120626475217e+02
1.3569335899999999e+02 2.7738116900000000e+02 3.0593845688405787e+02
1.3574218800000000e+02 2.7729258399999998e+02 3.0511127433349310e+02
1.3579101600000001e+02 2.7730440499999997e+02 3.0579797524728309e+02
1.3583984400000000e+02 2.7729923700000001e+02 3.0624883393061697e+02
1.3588867200000001e+02 2.7720649800000001e+02 3.0541218555175209e+02
1.3593750000000000e+02 2.7719733100000002e+02 3.0583808601717726e+02
1.3598632799999999e+02 2.7717284699999999e+02 3.0605297282470053e+02
1.3603515600000000e+02 2.7712351500000000e+02 3.0591484573721095e+02
1.3608398399999999e+02 2.7709087000000000e+02 3.0604240880762956e+02
1.3613281200000000e+02 2.7703449699999999e+02 3.0583356326330113e+02
1.3618164100000001e+02 2.7695751899999999e+02 3.0533482539821784e+02
1.3623046900000000e+02 2.7696429100000000e+02 3.0610034672003593e+02
1.3627929700000001e+02 2.7688617599999998e+02 3.0561841525115017e+02
1.3632812500000000e+02 2.7683345000000003e+02 3.0553136986113543e+02
1.3637695299999999e+02 2.7684831700000001e+02 3.0646755781216928e+02
1.3642578100000000e+02 2.7673679399999997e+02 3.0553821448690081e+02
1.3647460899999999e+02 2.7676436500000000e+02 3.0669660620013349e+02
1.3652343800000000e+02 2.7668451299999998e+02 3.0627186557180391e+02
1.3657226600000001e+02 2.7658930700000002e+02 3.0563488093199197e+02
1.3662109400000000e+02 2.7655392200000000e+02 3.0590487647248904e+02
1.3666992200000001e+02 2.7652652699999999e+02 3.0631000689480106e+02
1.3671875000000000e+02 2.7643852299999998e+02 3.0582885832339565e+02
1.3676757799999999e+02 2.7637229600000001e+02 3.0568796132481430e+02
1.3681640600000000e+02 2.7632316400000002e+02 3.0581750422369538e+02
1.3686523399999999e+02 2.7630973999999998e+02 3.0649449126473212e+02
1.3691406200000000e+02 2.7617395599999998e+02 3.0536557747813464e+02
1.3696289100000001e+02 2.7613049000000001e+02 3.0562673315776556e+02
1.3701171900000000e+02 2.7609590700000001e+02 3.0603567628937361e+02
1.3706054700000001e+02 2.7605606999999998e+02 3.0638187026284362e+02
1.3710937500000000e+02 2.7594739399999997e+02 3.0571860541023619e+02
1.3715820299999999e+02 2.7592412600000000e+02 3.0634212543083368e+02
1.3720703100000000e+02 2.7584996599999999e+02 3.0622317431053926e+02
1.3725585899999999e+02 2.7580365499999999e+02 3.0653391359654279e+02
1.3730468800000000e+02 2.7572577600000000e+02 3.0638968062762621e+02
1.3735351600000001e+02 2.7559755600000000e+02 3.0551081610188930e+02
1.3740234400000000e+02 2.7552414299999998e+02 3.0546269292017791e+02
1.3745117200000001e+02 2.7549278800000002e+02 3.0605543615619052e+02
1.3750000000000000e+02 2.7545999100000000e+02 3.0664130712512446e+02
1.3754882799999999e+02 2.7538573800000000e+02 3.0662441232578658e+02
1.3759765600000000e+02 2.7522764300000000e+02 3.0537346884886261e+02
1.3764648399999999e+02 2.7521613500000001e+02 3.0631945060414773e+02
1.3769531200000000e+02 2.7516207500000002e+02 3.0664599685580635e+02
1.3774414100000001e+02 2.7502966600000002e+02 3.0581988863029181e+02
1.3779296900000000e+02 2.7493415399999998e+02 3.0555709168887751e+02
1.3784179700000001e+02 2.7482707399999998e+02 3.0513580550685600e+02
1.3789062500000000e+02 2.7477303300000000e+02 3.0551811006322487e+02
1.3793945299999999e+02 2.7469520100000000e+02 3.0555968949723871e+02
1.3798828100000000e+02 2.7470177400000000e+02 3.0687193583564277e+02
1.3803710899999999e+02 2.7458587299999999e+02 3.0637335753565151e+02
1.3808593800000000e+02 2.7450490200000002e+02 3.0640832262241167e+02
1.3813476600000001e+02 2.7439039800000000e+02 3.0595684643620348e+02
1.3818359400000000e+02 2.7435225100000002e+02 3.0665588917210397e+02
1.3823242200000001e+02 2.7420667300000002e+02 3.0576730562888974e+02
1.3828125000000000e+02 2.7413534399999998e+02 3.0599767450059534e+02
1.3833007799999999e+02 2.7405183000000000e+02 3.0605915561088858e+02
1.3837890600000000e+02 2.7398030699999998e+02 3.0631185816236683e+02
1.3842773399999999e+02 2.7388261799999998e+02 3.0618705764983230e+02
1.3847656200000000e+02 2.7377682399999998e+02 3.0595372947550140e+02
1.3852539100000001e+02 2.7369139500000000e+02 3.0603609219462265e+02
1.3857421900000000e+02 2.7357601399999999e+02 3.0568401553920700e+02
1.3862304700000001e+02 2.7347320500000001e+02 3.0553120851339736e+02
1.3867187500000000e+02 2.7339272199999999e+02 3.0572300303993939e+02
1.3872070299999999e+02 2.7332630499999999e+02 3.0613620229299835e+02
1.3876953100000000e+02 2.7317051900000001e+02 3.0522846408734051e+02
1.3881835899999999e+02 2.7313380899999999e+02 3.0610761491773496e+02
1.3886718800000000e+02 2.7306222400000001e+02 3.0647813058952295e+02
1.3891601600000001e+02 2.7289038199999999e+02 3.0536456867034673e+02
1.3896484400000000e+02 2.7283549900000003e+02 3.0600634892501824e+02
1.3901367200000001e+02 2.7271733399999999e+02 3.0571516071131606e+02
1.3906250000000000e+02 2.7260615700000000e+02 3.0553893051468276e+02
1.3911132799999999e+02 2.7246915500000000e+02 3.0498799666575519e+02
1.3916015600000000e+02 2.7243099000000001e+02 3.0592221758393373e+02
1.3920898399999999e+02 2.7236832600000002e+02 3.0650139750708570e+02
1.3925781200000000e+02 2.7215239200000002e+02 3.0480351975199983e+02
1.3930664100000001e+02 2.7209128199999998e+02 3.0542626872567490e+02
1.3935546900000000e+02 2.7200492800000001e+02 3.0568226261186572e+02
1.3940429700000001e+02 2.7190662800000001e+02 3.0576980792987894e+02
1.3945312500000000e+02 2.7175945999999999e+02 3.0513746760674792e+02
1.3950195299999999e+02 2.7169038899999998e+02 3.0568068270842940e+02
1.3955078100000000e+02 2.7158070400000003e+02 3.0562694419297605e+02
1.3959960899999999e+02 2.7140733100000000e+02 3.0463131447945506e+02
1.3964843800000000e+02 2.7133172100000002e+02 3.0510490453720899e+02
1.3969726600000001e+02 2.7125079199999999e+02 3.0550813441912129e+02
1.3974609400000000e+02 2.7111818299999999e+02 3.0514824705554395e+02
1.3979492200000001e+02 2.7103446700000001e+02 3.0552757051313205e+02
1.3984375000000000e+02 2.7093355500000001e+02 3.0565862907945279e+02
1.3989257799999999e+02 2.7082206400000001e+02 3.0564009048539140e+02
1.3994140600000000e+02 2.7076029999999997e+02 3.0637315008408416e+02
1.3999023399999999e+02 2.7068104899999997e+02 3.0685317817761546e+02
1.4003906200000000e+02 2.7050572399999999e+02 3.0590503379986495e+02
1.4008789100000001e+02 2.7038033000000001e+02 3.0571120093191615e+02
1.4013671900000000e+02 2.7029754300000002e+02 3.0616222178383765e+02
1.4018554700000001e+02 2.7013642199999998e+02 3.0544943782947001e+02
1.4023437500000000e+02 2.7003815500000002e+02 3.0568414351451293e+02
1.4028320299999999e+02 2.6996770700000002e+02 3.0634244028929237e+02
1.4033203100000000e+02 2.6986637400000001e+02 3.0654604073251880e+02
1.4038085899999999e+02 2.6968085200000002e+02 3.0549701143760234e+02
1.4042968800000000e+02 2.6963204800000000e+02 3.0650075008291003e+02
1.4047851600000001e+02 2.6950200200000000e+02 3.0629553318722418e+02
1.4052734400000000e+02 2.6934181200000000e+02 3.0564568928639039e+02
1.4057617200000001e+02 2.6927808700000003e+02 3.0644641845796576e+02
1.4062500000000000e+02 2.6914647100000002e+02 3.0623718360526453e+02
1.4067382799999999e+02 2.6897768000000002e+02 3.0547742347710948e+02
1.4072265600000000e+02 2.6893083700000000e+02 3.0655003455225443e+02
1.4077148399999999e+02 2.6878309999999999e+02 3.0611755404423377e+02
1.4082031200000000e+02 2.6867231099999998e+02 3.0624431472719561e+02
1.4086914100000001e+02 2.6855567000000002e+02 3.0628914134986121e+02
1.4091796900000000e+02 2.6842146500000001e+02 3.0607627141031207e+02
1.4096679700000001e+02 2.6829843399999999e+02 3.0603621175769177e+02
1.4101562500000000e+02 2.6815081700000002e+02 3.0563285211623116e+02
1.4106445299999999e+02 2.6802038599999997e+02 3.0549214443804897e+02
1.4111328100000000e+02 2.6786933499999998e+02 3.0504718701359150e+02
1.4116210899999999e+02 2.6779286800000000e+02 3.0572541802163136e+02
1.4121093800000000e+02 2.6768309799999997e+02 3.0590907353749009e+02
1.4125976600000001e+02 2.6757882200000000e+02 3.0617970396719340e+02
1.4130859400000000e+02 2.6745007900000002e+02 3.0608774293944424e+02
1.4135742200000001e+02 2.6728983799999997e+02 3.0552739011340554e+02
1.4140625000000000e+02 2.6721681300000000e+02 3.0627986320294951e+02
1.4145507799999999e+02 2.6700534299999998e+02 3.0495855885235676e+02
1.4150390600000000e+02 2.6695795600000002e+02 3.0610385547555506e+02
1.4155273399999999e+02 2.6684636999999998e+02 3.0628931351147747e+02
1.4160156200000000e+02 2.6673930799999999e+02 3.0654631490484809e+02
1.4165039100000001e+02 2.6656690500000002e+02 3.0582553392088340e+02
1.4169921900000000e+02 2.6640830299999999e+02 3.0531507111919734e+02
1.4174804700000001e+02 2.6631222700000001e+02 3.0574690350372617e+02
1.4179687500000000e+02 2.6620961899999998e+02 3.0608371277818321e+02
1.4184570299999999e+02 2.6605777399999999e+02 3.0568357235888851e+02
1.4189453100000000e+02 2.6598474700000003e+02 3.0647062480337155e+02
1.4194335899999999e+02 2.6584758399999998e+02 3.0629639873599552e+02
1.4199218800000000e+02 2.6565115200000002e+02 3.0523352531226533e+02
1.4204101600000001e+02 2.6555006900000001e+02 3.0560629063824388e+02
1.4208984400000000e+02 2.6539260100000001e+02 3.0513335556114203e+02
1.4213867200000001e+02 2.6530158200000000e+02 3.0566174841299221e+02
1.4218750000000000e+02 2.6519752699999998e+02 3.0599606534329320e+02
1.4223632799999999e+02 2.6500724600000001e+02 3.0503488142507325e+02
1.4228515600000000e+02 2.6496942400000000e+02 3.0636919781752852e+02
1.4233398399999999e+02 2.6479048100000000e+02 3.0558145393992510e+02
1.4238281200000000e+02 2.6461637200000001e+02 3.0486754133534748e+02
1.4243164100000001e+02 2.6450626599999998e+02 3.0511818385385737e+02
1.4248046900000000e+02 2.6450415199999998e+02 3.0699597016856404e+02
1.4252929700000001e+02 2.6435396800000001e+02 3.0664534579646431e+02
1.4257812500000000e+02 2.6417877299999998e+02 3.0591865204147064e+02
1.4262695299999999e+02 2.6405363999999997e+02 3.0594650211568074e+02
1.4267578100000000e+02 2.6392583700000000e+02 3.0593461246128112e+02
1.4272460899999999e+02 2.6378411699999998e+02 3.0571334525402176e+02
1.4277343800000000e+02 2.6371449999999999e+02 3.0657894603708985e+02
1.4282226600000001e+02 2.6359935700000000e+02 3.0675859762882368e+02
1.4287109400000000e+02 2.6343197199999997e+02 3.0615063085152104e+02
1.4291992200000001e+02 2.6330370499999998e+02 3.0613210733148821e+02
1.4296875000000000e+02 2.6316497800000002e+02 3.0595549094602433e+02
1.4301757799999999e+02 2.6303163100000000e+02 3.0585948874855501e+02
1.4306640600000000e+02 2.6289207499999998e+02 3.0566917706843077e+02
1.4311523399999999e+02 2.6280205400000000e+02 3.0622543261271079e+02
1.4316406200000000e+02 2.6271908999999999e+02 3.0688746807818632e+02
1.4321289100000001e+02 2.6256623999999999e+02 3.0649397308414439e+02
1.4326171900000000e+02 2.6234147800000000e+02 3.0501366078022613e+02
1.4331054700000001e+02 2.6224274100000002e+02 3.0543422633825912e+02
1.4335937500000000e+02 2.6215843500000000e+02 3.0607140170482802e+02
1.4340820299999999e+02 2.6203541400000000e+02 3.0612254926558222e+02
1.4345703100000000e+02 2.6189072099999998e+02 3.0584468500306042e+02
1.4350585899999999e+02 2.6182476000000003e+02 3.0675428097443029e+02
1.4355468800000000e+02 2.6166366499999998e+02 3.0622487437958711e+02
1.4360351600000001e+02 2.6151272799999998e+02 3.0584667810393273e+02
1.4365234400000000e+02 2.6137520699999999e+02 3.0566890937106297e+02
1.4370117200000001e+02 2.6129834499999998e+02 3.0640564578786831e+02
1.4375000000000000e+02 2.6116827699999999e+02 3.0633575020293006e+02
1.4379882799999999e+02 2.6094093400000003e+02 3.0479238057457076e+02
1.4384765600000000e+02 2.6081074999999998e+02 3.0471510690385259e+02
1.4389648399999999e+02 2.6081200400000000e+02 3.0662293794219460e+02
1.4394531200000000e+02 2.6063964800000002e+02 3.0590209178052305e+02
1.4399414100000001e+02 2.6049675800000000e+02 3.0562374148199223e+02
1.4404296900000000e+02 2.6039624700000002e+02 3.0598327905587911e+02
1.4409179700000001e+02 2.6025987900000001e+02 3.0579686929017936e+02
1.4414062500000000e+02 2.6019391400000001e+02 3.0667252979676169e+02
1.4418945299999999e+02 2.6000215300000002e+02 3.0564042573399706e+02
1.4423828100000000e+02 2.5987953299999998e+02 3.0565109424222436e+02
1.4428710899999999e+02 2.5977587299999999e+02 3.0594497634489102e+02
1.4433593800000000e+02 2.5962978900000002e+02 3.0559242902891316e+02
1.4438476600000001e+02 2.5953310699999997e+02 3.0598390230961030e+02
1.4443359400000000e+02 2.5941695099999998e+02 3.0607618203037453e+02
1.4448242200000001e+02 2.5928549099999998e+02 3.0593219589738584e+02
1.4453125000000000e+02 2.5922458699999999e+02 3.0685284754084472e+02
1.4458007799999999e+02 2.5905891000000003e+02 3.0618113780729158e+02
1.4462890600000000e+02 2.5887279699999999e+02 3.0519467608875760e+02
1.4467773399999999e+02 2.5878170000000000e+02 3.0564352535023392e+02
1.4472656200000000e+02 2.5866214500000001e+02 3.0565597142336452e+02
1.4477539100000001e+02 2.5853797200000002e+02 3.0559327414786571e+02
1.4482421900000000e+02 2.5846368899999999e+02 3.0628192536530980e+02
1.4487304700000001e+02 2.5835533900000001e+02 3.0644860536162821e+02
1.4492187500000000e+02 2.5825350100000003e+02 3.0670860507234352e+02
1.4497070299999999e+02 2.5809591599999999e+02 3.0611717315130170e+02
1.4501953100000000e+02 2.5796914600000002e+02 3.0598744292197460e+02
1.4506835899999999e+02 2.5782727000000000e+02 3.0562252585985124e+02
1.4511718800000000e+02 2.5772055100000000e+02 3.0578520373583058e+02
1.4516601600000001e+02 2.5758721200000002e+02 3.0553763779775886e+02
1.4521484400000000e+02 2.5754235199999999e+02 3.0662717081809711e+02
1.4526367200000001e+02 2.5739394600000003e+02 3.0613824786137690e+02
1.4531250000000000e+02 2.5726507800000002e+02 3.0593944676966544e+02
1.4536132799999999e+02 2.5713944800000002e+02 3.0578317918443167e+02
1.4541015600000000e+02 2.5702825000000001e+02 3.0583939518891128e+02
1.4545898399999999e+02 2.5692608899999999e+02 3.0602609273305728e+02
1.4550781200000000e+02 2.5692147999999997e+02 3.0768818742141787e+02
1.4555664100000001e+02 2.5666052300000001e+02 3.0544798119986427e+02
1.4560546900000000e+02 2.5657840900000002e+02 3.0591819036439745e+02
1.4565429700000001e+02 2.5648852499999998e+02 3.0626310934066925e+02
1.4570312500000000e+02 2.5640092299999998e+02 3.0663539153650078e+02
1.4575195299999999e+02 2.5626868800000000e+02 3.0632162868507311e+02
1.4580078100000000e+02 2.5618368900000002e+02 3.0671841989006049e+02
1.4584960899999999e+02 2.5605915299999998e+02 3.0650628297055050e+02
1.4589843800000000e+02 2.5599853200000001e+02 3.0725837599917583e+02
1.4594726600000001e+02 2.5584019400000000e+02 3.0651623784650423e+02
1.4599609400000000e+02 2.5575960599999999e+02 3.0694864092092052e+02
1.4604492200000001e+02 2.5566528900000000e+02 3.0716405671306728e+02
1.4609375000000000e+02 2.5551574900000000e+02 3.0653092348871269e+02
1.4614257799999999e+02 2.5536508599999999e+02 3.0587214084610309e+02
1.4619140600000000e+02 2.5528963200000001e+02 3.0634932025057685e+02
1.4624023399999999e+02 2.5522951599999999e+02 3.0705141526504605e+02
1.4628906200000000e+02 2.5506952699999999e+02 3.0622458394399939e+02
1.4633789100000001e+02 2.5495387299999999e+02 3.0606371527978712e+02
1.4638671900000000e+02 2.5483471499999999e+02 3.0584046338555447e+02
1.4643554700000001e+02 2.5472914100000000e+02 3.0581493627947685e+02
1.4648437500000000e+02 2.5460845699999999e+02 3.0555012004290035e+02
1.4653320299999999e+02 2.5452725799999999e+02 3.0587731736369830e+02
1.4658203100000000e+02 2.5450694500000000e+02 3.0712255162410770e+02
1.4663085899999999e+02 2.5438229200000001e+02 3.0676913529206524e+02
1.4667968800000000e+02 2.5421891700000000e+02 3.0581619032305878e+02
1.4672851600000001e+02 2.5417805400000000e+02 3.0671984411355646e+02
1.4677734400000000e+02 2.5413474099999999e+02 3.0757650658190255e+02
1.4682617200000001e+02 2.5398074299999999e+02 3.0673679241240541e+02
1.4687500000000000e+02 2.5386207099999999e+02 3.0642525446431415e+02
1.4692382799999999e+02 2.5372550600000000e+02 3.0583084982667242e+02
1.4697265600000000e+02 2.5366480300000001e+02 3.0638237196648782e+02
1.4702148399999999e+02 2.5355740299999999e+02 3.0621186969747538e+02
1.4707031200000000e+02 2.5351561899999999e+02 3.0703114095888111e+02
1.4711914100000001e+02 2.5339646300000001e+02 3.0666051611889606e+02
1.4716796900000000e+02 2.5331702600000000e+02 3.0688472710779234e+02
1.4721679700000001e+02 2.5322702899999999e+02 3.0693723435247364e+02
1.4726562500000000e+02 2.5313163000000000e+02 3.0689655327424418e+02
1.4731445299999999e+02 2.5306322000000000e+02 3.0725648732199119e+02
1.4736328100000000e+02 2.5299801400000001e+02 3.0765430059320880e+02
1.4741210899999999e+02 2.5286230300000000e+02 3.0696580912718292e+02
1.4746093800000000e+02 2.5275236899999999e+02 3.0665918342391069e+02
1.4750976600000001e+02 2.5268185000000000e+02 3.0694234350892128e+02
1.4755859400000000e+02 2.5263606999999999e+02 3.0759146305216689e+02
1.4760742200000001e+02 2.5252052300000000e+02 3.0716495030681591e+02
1.4765625000000000e+02 2.5241122300000001e+02 3.0682209356060338e+02
1.4770507799999999e+02 2.5229009900000000e+02 3.0628714326034128e+02
1.4775390600000000e+02 2.5227243200000001e+02 3.0731864888557641e+02
1.4780273399999999e+02 2.5215989900000000e+02 3.0689107989128775e+02
1.4785156200000000e+02 2.5209914599999999e+02 3.0724149550322255e+02
1.4790039100000001e+02 2.5199330100000000e+02 3.0689192928708837e+02
1.4794921900000000e+02 2.5189418800000001e+02 3.0663287805540932e+02
1.4799804700000001e+02 2.5182810599999999e+02 3.0686555568684480e+02
1.4804687500000000e+02 2.5173948500000000e+02 3.0674200832669078e+02
1.4809570299999999e+02 2.5170343900000000e+02 3.0740825736343771e+02
1.4814453100000000e+02 2.5160959199999999e+02 3.0718004407991924e+02
1.4819335899999999e+02 2.5149168800000001e+02 3.0657213633231288e+02
1.4824218800000000e+02 2.5139068900000001e+02 3.0620951125224303e+02
1.4829101600000001e+02 2.5134452800000000e+02 3.0667088639633442e+02
1.4833984400000000e+02 2.5131240900000000e+02 3.0733369030904691e+02
1.4838867200000001e+02 2.5127823300000000e+02 3.0795217046858090e+02
1.4843750000000000e+02 2.5123772299999999e+02 3.0846097005294433e+02
1.4848632799999999e+02 2.5112680399999999e+02 3.0788223182469244e+02
1.4853515600000000e+02 2.5102713600000001e+02 3.0746198537966274e+02
1.4858398399999999e+02 2.5091761900000000e+02 3.0687817240743874e+02
1.4863281200000000e+02 2.5093695399999999e+02 3.0824721752779953e+02
1.4868164100000001e+02 2.5083690700000000e+02 3.0778112928069822e+02
1.4873046900000000e+02 2.5077681000000001e+02 3.0791110390229568e+02
1.4877929700000001e+02 2.5072539699999999e+02 3.0815997424328509e+02
1.4882812500000000e+02 2.5062405600000000e+02 3.0763332721155030e+02
1.4887695299999999e+02 2.5060252500000001e+02 3.0831068074795581e+02
1.4892578100000000e+02 2.5050305599999999e+02 3.0778500907211043e+02
1.4897460899999999e+02 2.5038980500000000e+02 3.0703517423249309e+02
1.4902343800000000e+02 2.5028375100000000e+02 3.0638121372260542e+02
1.4907226600000001e+02 2.5027777200000000e+02 3.0723995158536729e+02
1.4912109400000000e+02 2.5021493400000000e+02 3.0721706854530612e+02
1.4916992200000001e+02 2.5009949900000001e+02 3.0637761343554371e+02
1.4921875000000000e+02 2.5004029900000000e+02 3.0638174471337010e+02
1.4926757799999999e+02 2.5008959200000001e+02 3.0802636596316449e+02
1.4931640600000000e+02 2.5003578099999999e+02 3.0808378931861813e+02
1.4936523399999999e+02 2.4995650599999999e+02 3.0773832235562662e+02
1.4941406200000000e+02 2.4986394999999999e+02 3.0717576291910223e+02
1.4946289100000001e+02 2.4987366000000000e+02 3.0815813681970701e+02
1.4951171900000000e+02 2.4976659000000001e+02 3.0734491197237770e+02
1.4956054700000001e+02 2.4971236800000000e+02 3.0732279272755818e+02
1.4960937500000000e+02 2.4968437000000000e+02 3.0768562331998606e+02
1.4965820299999999e+02 2.4958491900000001e+02 3.0694415605846240e+02
1.4970703100000000e+02 2.4952264900000000e+02 3.0675458217498357e+02
1.4975585899999999e+02 2.4952879100000001e+02 3.0759273573087557e+02
1.4980468800000000e+02 2.4946049300000001e+02 3.0728107151606162e+02
1.4985351600000001e+02 2.4946940000000001e+02 3.0813082279495882e+02
1.4990234400000000e+02 2.4938329300000001e+02 3.0751730159981679e+02
1.4995117200000001e+02 2.4931849399999999e+02 3.0721323136931198e+02
1.5000000000000000e+02 2.4931421599999999e+02 3.0781586880965898e+02
1.5004882799999999e+02 2.4927216500000000e+02 3.0782750831793857e+02
1.5009765600000000e+02 2.4922769199999999e+02 3.0778673376230938e+02
1.5014648399999999e+02 2.4919199900000001e+02 3.0786410627772545e+02
1.5019531200000000e+02 2.4909558300000000e+02 3.0700112432729901e+02
1.5024414100000001e+02 2.4905115699999999e+02 3.0691427800411662e+02
1.5029296900000000e+02 2.4904430500000001e+02 3.0738372316429684e+02
1.5034179700000001e+02 2.4910758799999999e+02 3.0890484660087441e+02
1.5039062500000000e+02 2.4895578499999999e+02 3.0713603432465453e+02
1.5043945299999999e+02 2.4890724700000001e+02 3.0692327800675145e+02
1.5048828100000000e+02 2.4889783700000001e+02 3.0728997035614975e+02
1.5053710899999999e+02 2.4885987000000000e+02 3.0720606414603316e+02
1.5058593800000000e+02 2.4883852300000001e+02 3.0735891737708465e+02
1.5063476600000001e+02 2.4883165099999999e+02 3.0771572301958497e+02
1.5068359400000000e+02 2.4882965500000000e+02 3.0813036944838689e+02
1.5073242200000001e+02 2.4879916200000000e+02 3.0809536348535653e+02
1.5078125000000000e+02 2.4870583800000000e+02 3.0708894190743052e+02
1.5083007799999999e+02 2.4865222700000001e+02 3.0667011587614235e+02
1.5087890600000000e+02 2.4860822899999999e+02 3.0638112874199828e+02
1.5092773399999999e+02 2.4863040599999999e+02 3.0708124492208572e+02
1.5097656200000000e+02 2.4868051600000001e+02 3.0818894752174083e+02
1.5102539100000001e+02 2.4862501499999999e+02 3.0767569766988868e+02
1.5107421900000000e+02 2.4852138400000001e+02 3.0641520367927154e+02
1.5112304700000001e+02 2.4859451999999999e+02 3.0782226904303542e+02
1.5117187500000000e+02 2.4852589699999999e+02 3.0706035155159509e+02
1.5122070299999999e+02 2.4856666600000000e+02 3.0794216259075421e+02
1.5126953100000000e+02 2.4854991200000001e+02 3.0793408035468042e+02
1.5131835899999999e+02 2.4847057799999999e+02 3.0695990596128610e+02
1.5136718800000000e+02 2.4848367300000001e+02 3.0737113041703140e+02
1.5141601600000001e+02 2.4852309800000000e+02 3.0816454563932575e+02
1.5146484400000000e+02 2.4846173200000001e+02 3.0741276798165990e+02
1.5151367200000001e+02 2.4850137100000001e+02 3.0817522356263129e+02
1.5156250000000000e+02 2.4844559400000000e+02 3.0747456856801699e+02
1.5161132799999999e+02 2.4849159900000001e+02 3.0829911257571206e+02
1.5166015600000000e+02 2.4847618600000001e+02 3.0817603398636891e+02
1.5170898399999999e+02 2.4846290300000001e+02 3.0806819160863000e+02
1.5175781200000000e+02 2.4843754000000001e+02 3.0776043510604291e+02
1.5180664100000001e+02 2.4844126499999999e+02 3.0787590922348124e+02
1.5185546900000000e+02 2.4849754500000000e+02 3.0876930125804370e+02
1.5190429700000001e+02 2.4848034799999999e+02 3.0853363245008489e+02
1.5195312500000000e+02 2.4843694700000000e+02 3.0788461692135667e+02
1.5200195299999999e+02 2.4844938800000000e+02 3.0806290003459651e+02
1.5205078100000000e+02 2.4847067400000000e+02 3.0835748907708671e+02
1.5209960899999999e+02 2.4843512200000001e+02 3.0777584377953013e+02
1.5214843800000000e+02 2.4839463400000000e+02 3.0710265083528634e+02
1.5219726600000001e+02 2.4844936500000000e+02 3.0785035075387867e+02
1.5224609400000000e+02 2.4848191900000000e+02 3.0824546725844721e+02
1.5229492200000001e+02 2.4850063200000000e+02 3.0841408378199947e+02
1.5234375000000000e+02 2.4850511399999999e+02 3.0835049348890936e+02
1.5239257799999999e+02 2.4850667600000000e+02 3.0822547990381634e+02
1.5244140600000000e+02 2.4852132599999999e+02 3.0828043881497524e+02
1.5249023399999999e+02 2.4850475900000001e+02 3.0784738582866231e+02
1.5253906200000000e+02 2.4852338200000000e+02 3.0792737824226475e+02
1.5258789100000001e+02 2.4852293100000000e+02 3.0770252388578518e+02
1.5263671900000000e+02 2.4853872100000001e+02 3.0770488475050314e+02
1.5268554700000001e+02 2.4852578000000000e+02 3.0725725688803254e+02
1.5273437500000000e+02 2.4857451399999999e+02 3.0772048982541924e+02
1.5278320299999999e+02 2.4861518300000000e+02 3.0804456566517541e+02
1.5283203100000000e+02 2.4862554600000001e+02 3.0789516398198668e+02
1.5288085899999999e+02 2.4865494899999999e+02 3.0801453972794400e+02
1.5292968800000000e+02 2.4862857700000001e+02 3.0727816723122913e+02
1.5297851600000001e+02 2.4869147300000000e+02 3.0786570312194357e+02
1.5302734400000000e+02 2.4870166599999999e+02 3.0764388657813942e+02
1.5307617200000001e+02 2.4872514000000001e+02 3.0760403293664677e+02
1.5312500000000000e+02 2.4879982799999999e+02 3.0831510217422215e+02
1.5317382799999999e+02 2.4885897199999999e+02 3.0877493914801920e+02
1.5322265600000000e+02 2.4882410999999999e+02 3.0780742611212202e+02
1.5327148399999999e+02 2.4884158700000000e+02 3.0760753394813304e+02
1.5332031200000000e+02 2.4888472600000000e+02 3.0777471007741906e+02
1.5336914100000001e+02 2.4889886700000000e+02 3.0748994703840168e+02
1.5341796900000000e+02 2.4899591300000000e+02 3.0842893988694573e+02
1.5346679700000001e+02 2.4897278800000001e+02 3.0755147764946406e+02
1.5351562500000000e+02 2.4899791900000000e+02 3.0737899870356102e+02
1.5356445299999999e+02 2.4903862300000000e+02 3.0742199501213867e+02
1.5361328100000000e+02 2.4909834799999999e+02 3.0773173316244402e+02
1.5366210899999999e+02 2.4915496400000001e+02 3.0797728944564830e+02
1.5371093800000000e+02 2.4917180900000000e+02 3.0761129101392663e+02
1.5375976600000001e+02 2.4923280000000000e+02 3.0788708514794848e+02
1.5380859400000000e+02 2.4928635600000001e+02 3.0803428414541389e+02
1.5385742200000001e+02 2.4927887600000000e+02 3.0725372671169595e+02
1.5390625000000000e+02 2.4933181200000001e+02 3.0735703553904773e+02
1.5395507799999999e+02 2.4937901900000000e+02 3.0735752278482028e+02
1.5400390600000000e+02 2.4943085300000001e+02 3.0740956978527555e+02
1.5405273399999999e+02 2.4953521499999999e+02 3.0822617247803328e+02
1.5410156200000000e+02 2.4955162999999999e+02 3.0771615295261387e+02
1.5415039100000001e+02 2.4959338900000000e+02 3.0756623367670863e+02
1.5419921900000000e+02 2.4966827900000001e+02 3.0789172164809787e+02
1.5424804700000001e+02 2.4975263500000000e+02 3.0834033122362916e+02
1.5429687500000000e+02 2.4984772699999999e+02 3.0893076513699384e+02
1.5434570299999999e+02 2.4987204700000001e+02 3.0845293474631023e+02
1.5439453100000000e+02 2.4986280199999999e+02 3.0746044207572470e+02
1.5444335899999999e+02 2.4991244399999999e+02 3.0732509245790197e+02
1.5449218800000000e+02 2.5002342800000000e+02 3.0808202921917018e+02
1.5454101600000001e+02 2.5004031200000000e+02 3.0742713950684157e+02
1.5458984400000000e+02 2.5006195600000001e+02 3.0682640916110012e+02
1.5463867200000001e+02 2.5016469599999999e+02 3.0740956606951295e+02
1.5468750000000000e+02 2.5026693700000001e+02 3.0796785558723332e+02
1.5473632799999999e+02 2.5030230800000001e+02 3.0752005661223473e+02
1.5478515600000000e+02 2.5038203500000000e+02 3.0771136817715927e+02
1.5483398399999999e+02 2.5049147900000000e+02 3.0832462439746104e+02
1.5488281200000000e+02 2.5054445400000000e+02 3.0808693647448359e+02
1.5493164100000001e+02 2.5057268800000000e+02 3.0746777775981155e+02
1.5498046900000000e+02 2.5067285999999999e+02 3.0789348964293544e+02
1.5502929700000001e+02 2.5075081200000000e+02 3.0797469515179040e+02
1.5507812500000000e+02 2.5085860099999999e+02 3.0847880845646807e+02
1.5512695299999999e+02 2.5085613900000001e+02 3.0734275773414487e+02
1.5517578100000000e+02 2.5094729899999999e+02 3.0756912656357429e+02
1.5522460899999999e+02 2.5096628600000000e+02 3.0671750719732552e+02
1.5527343800000000e+02 2.5114104900000001e+02 3.0814013357277366e+02
1.5532226600000001e+02 2.5119380100000001e+02 3.0775264184274840e+02
1.5537109400000000e+02 2.5130453100000000e+02 3.0820063324270410e+02
1.5541992200000001e+02 2.5134047300000000e+02 3.0753462008386981e+02
1.5546875000000000e+02 2.5139243999999999e+02 3.0708833119750096e+02
1.5551757799999999e+02 2.5150960100000000e+02 3.0758211303840477e+02
1.5556640600000000e+02 2.5160101599999999e+02 3.0768229054771246e+02
1.5561523399999999e+02 2.5168215300000000e+02 3.0761604957664366e+02
1.5566406200000000e+02 2.5180970600000001e+02 3.0821325257865072e+02
1.5571289100000001e+02 2.5186927900000001e+02 3.0779997909270105e+02
1.5576171900000000e+02 2.5194760500000001e+02 3.0764565861268716e+02
1.5581054700000001e+02 2.5206308500000000e+02 3.0801863562154267e+02
1.5585937500000000e+02 2.5210617199999999e+02 3.0731898492748815e+02
1.5590820299999999e+02 2.5216823099999999e+02 3.0688154888994757e+02
1.5595703100000000e+02 2.5232477100000000e+02 3.0780682003156232e+02
1.5600585899999999e+02 2.5239095900000001e+02 3.0739925598727626e+02
1.5605468800000000e+02 2.5246807899999999e+02 3.0713620403046673e+02
1.5610351600000001e+02 2.5257687000000001e+02 3.0731935253789499e+02
1.5615234400000000e+02 2.5273575299999999e+02 3.0821585255751665e+02
1.5620117200000001e+02 2.5283865200000000e+02 3.0828262569644443e+02
1.5625000000000000e+02 2.5289693700000001e+02 3.0768644271642131e+02
1.5629882799999999e+02 2.5296879500000000e+02 3.0727333349951112e+02
1.5634765600000000e+02 2.5301621100000000e+02 3.0649151419307714e+02
1.5639648399999999e+02 2.5316845100000000e+02 3.0721601315785011e+02
1.5644531200000000e+02 2.5329531000000000e+02 3.0755740817808305e+02
1.5649414100000001e+02 2.5334302099999999e+02 3.0673787839072656e+02
1.5654296900000000e+02 2.5348644200000001e+02 3.0729027783852865e+02
1.5659179700000001e+02 2.5363287900000000e+02 3.0787146573218831e+02
1.5664062500000000e+02 2.5373968400000001e+02 3.0786506925960572e+02
1.5668945299999999e+02 2.5380117600000000e+02 3.0719024990143032e+02
1.5673828100000000e+02 2.5384620300000000e+02 3.0626480687492517e+02
1.5678710899999999e+02 2.5407081400000001e+02 3.0791742337106410e+02
1.5683593800000000e+02 2.5418638899999999e+02 3.0798238575685161e+02
1.5688476600000001e+02 2.5428416200000001e+02 3.0777732654391599e+02
1.5693359400000000e+02 2.5437435199999999e+02 3.0744996906401587e+02
1.5698242200000001e+02 2.5449721099999999e+02 3.0757980066166357e+02
1.5703125000000000e+02 2.5462108799999999e+02 3.0771093519144665e+02
1.5708007799999999e+02 2.5472162499999999e+02 3.0749347542547736e+02
1.5712890600000000e+02 2.5482330899999999e+02 3.0727984047793655e+02
1.5717773399999999e+02 2.5494145599999999e+02 3.0728991826041187e+02
1.5722656200000000e+02 2.5508972499999999e+02 3.0771925150542199e+02
1.5727539100000001e+02 2.5521577099999999e+02 3.0781692883134173e+02
1.5732421900000000e+02 2.5531795299999999e+02 3.0756029522609782e+02
1.5737304700000001e+02 2.5542293300000000e+02 3.0733172230381234e+02
1.5742187500000000e+02 2.5560925300000000e+02 3.0825458781718118e+02
1.5747070299999999e+02 2.5563071600000001e+02 3.0680792399584021e+02
1.5751953100000000e+02 2.5574814900000001e+02 3.0672198839858993e+02
1.5756835899999999e+02 2.5585618700000001e+02 3.0649025921822772e+02
1.5761718800000000e+02 2.5599270899999999e+02 3.0665340615677258e+02
1.5766601600000001e+02 2.5614151800000002e+02 3.0697995509960600e+02
1.5771484400000000e+02 2.5626378599999998e+02 3.0691659355113052e+02
1.5776367200000001e+02 2.5644062500000001e+02 3.0761882080560247e+02
1.5781250000000000e+02 2.5643864200000002e+02 3.0576527783047231e+02
1.5786132799999999e+02 2.5663620400000002e+02 3.0673977096003409e+02
1.5791015600000000e+02 2.5677059000000003e+02 3.0680464636206045e+02
1.5795898399999999e+02 2.5689866200000000e+02 3.0676908372825750e+02
1.5800781200000000e+02 2.5699637799999999e+02 3.0629237806086002e+02
1.5805664100000001e+02 2.5722721000000001e+02 3.0769287636951532e+02
1.5810546900000000e+02 2.5735852299999999e+02 3.0767141297122515e+02
1.5815429700000001e+02 2.5739859600000000e+02 3.0634823517457590e+02
1.5820312500000000e+02 2.5753649700000000e+02 3.0640080680628893e+02
1.5825195299999999e+02 2.5765427599999998e+02 3.0615901289114760e+02
1.5830078100000000e+02 2.5775430799999998e+02 3.0565716257177223e+02
1.5834960899999999e+02 2.5791567099999997e+02 3.0601227793054034e+02
1.5839843800000000e+02 2.5805482400000000e+02 3.0604416448972063e+02
1.5844726600000001e+02 2.5823443300000002e+02 3.0663713948114378e+02
1.5849609400000000e+02 2.5839399500000002e+02 3.0693781291737025e+02
1.5854492200000001e+02 2.5852082300000001e+02 3.0676834592956243e+02
1.5859375000000000e+02 2.5863807600000001e+02 3.0645567017932967e+02
1.5864257799999999e+02 2.5875886500000001e+02 3.0618455410392124e+02
1.5869140600000000e+02 2.5887707499999999e+02 3.0586916431469643e+02
1.5874023399999999e+02 2.5909213199999999e+02 3.0690551261203984e+02
1.5878906200000000e+02 2.5922525000000002e+02 3.0678284687531942e+02
1.5883789100000001e+02 2.5933204499999999e+02 3.0628337433499064e+02
1.5888671900000000e+02 2.5948352000000000e+02 3.0640279117514717e+02
1.5893554700000001e+02 2.5960007500000000e+02 3.0602560862251812e+02
1.5898437500000000e+02 2.5979628900000000e+02 3.0675588991740267e+02
1.5903320299999999e+02 2.5996238499999998e+02 3.0705687075874528e+02
1.5908203100000000e+02 2.6016262200000000e+02 3.0782728482408538e+02
1.5913085899999999e+02 2.6026977199999999e+02 3.0729025083252048e+02
1.5917968800000000e+02 2.6038260500000001e+02 3.0682647671338634e+02
1.5922851600000001e+02 2.6049587100000002e+02 3.0636287832097941e+02
1.5927734400000000e+02 2.6065434599999998e+02 3.0652333329137582e+02
1.5932617200000001e+02 2.6078505799999999e+02 3.0629088993878156e+02
1.5937500000000000e+02 2.6096621099999999e+02 3.0675443494725778e+02
1.5942382799999999e+02 2.6114890900000000e+02 3.0723297407440180e+02
1.5947265600000000e+02 2.6124291899999997e+02 3.0647318686862172e+02
1.5952148399999999e+02 2.6142565300000001e+02 3.0694063460846650e+02
1.5957031200000000e+02 2.6152398199999999e+02 3.0623127274718337e+02
1.5961914100000001e+02 2.6170066900000000e+02 3.0660398562020538e+02
1.5966796900000000e+02 2.6185525300000000e+02 3.0666511993686305e+02
1.5971679700000001e+02 2.6197242999999997e+02 3.0620361274152418e+02
1.5976562500000000e+02 2.6208052199999997e+02 3.0561253037708576e+02
1.5981445299999999e+02 2.6221514000000002e+02 3.0538461032559889e+02
1.5986328100000000e+02 2.6245895400000001e+02 3.0666131149245876e+02
1.5991210899999999e+02 2.6259420000000000e+02 3.0643352315229038e+02
1.5996093800000000e+02 2.6278084200000001e+02 3.0691124712909061e+02
1.6000976600000001e+02 2.6295633800000002e+02 3.0723111505850324e+02
1.6005859400000000e+02 2.6311352499999998e+02 3.0729492398725330e+02
1.6010742200000001e+02 2.6322472399999998e+02 3.0672234740210820e+02
1.6015625000000000e+02 2.6339555100000001e+02 3.0696787353209123e+02
1.6020507799999999e+02 2.6352526899999998e+02 3.0664510092418982e+02
1.6025390600000000e+02 2.6362421699999999e+02 3.0589743338314310e+02
1.6030273399999999e+02 2.6375081100000000e+02 3.0552793024402280e+02
1.6035156200000000e+02 2.6396868300000000e+02 3.0640902140614827e+02
1.6040039100000001e+02 2.6407631600000002e+02 3.0577544783936935e+02
1.6044921900000000e+02 2.6424107400000003e+02 3.0592363635239047e+02
1.6049804700000001e+02 2.6440690300000000e+02 3.0608467714793039e+02
1.6054687500000000e+02 2.6460784100000001e+02 3.0672446911518284e+02
1.6059570299999999e+02 2.6478481799999997e+02 3.0703456695299349e+02
1.6064453100000000e+02 2.6486851500000000e+02 3.0606866102866826e+02
1.6069335899999999e+02 2.6495303000000001e+02 3.0511442073698879e+02
1.6074218800000000e+02 2.6518541699999997e+02 3.0617864327900810e+02
1.6079101600000001e+02 2.6534860300000003e+02 3.0629742503926315e+02
1.6083984400000000e+02 2.6552629300000001e+02 3.0661351632701422e+02
1.6088867200000001e+02 2.6563166699999999e+02 3.0594436762682858e+02
1.6093750000000000e+02 2.6569431500000002e+02 3.0469484740329705e+02
1.6098632799999999e+02 2.6588068700000002e+02 3.0513012326370631e+02
1.6103515600000000e+02 2.6610434400000003e+02 3.0607222704870384e+02
1.6108398399999999e+02 2.6624793599999998e+02 3.0592643830103225e+02
1.6113281200000000e+02 2.6638665900000001e+02 3.0571580171162185e+02
1.6118164100000001e+02 2.6660083800000001e+02 3.0653022088863798e+02
1.6123046900000000e+02 2.6675959100000000e+02 3.0659372724273015e+02
1.6127929700000001e+02 2.6688213100000002e+02 3.0616823559354032e+02
1.6132812500000000e+02 2.6704498999999998e+02 3.0629104954071266e+02
1.6137695299999999e+02 2.6722090700000001e+02 3.0659247855119060e+02
1.6142578100000000e+02 2.6734170300000000e+02 3.0615051386962705e+02
1.6147460899999999e+02 2.6738708600000001e+02 3.0469258565029060e+02
1.6152343800000000e+02 2.6759949399999999e+02 3.0549473916111901e+02
1.6157226600000001e+02 2.6776614400000000e+02 3.0568131690298100e+02
1.6162109400000000e+02 2.6798379899999998e+02 3.0655872188513632e+02
1.6166992200000001e+02 2.6803058399999998e+02 3.0513525979565782e+02
1.6171875000000000e+02 2.6820629100000002e+02 3.0545377144313881e+02
1.6176757799999999e+02 2.6832522499999999e+02 3.0501138179555659e+02
1.6181640600000000e+02 2.6855058200000002e+02 3.0600531001361099e+02
1.6186523399999999e+02 2.6872866599999998e+02 3.0636660367149631e+02
1.6191406200000000e+02 2.6886080800000002e+02 3.0611452992752123e+02
1.6196289100000001e+02 2.6900888099999997e+02 3.0608127843178812e+02
1.6201171900000000e+02 2.6920759199999998e+02 3.0673254324713338e+02
1.6206054700000001e+02 2.6927882399999999e+02 3.0567821190528235e+02
1.6210937500000000e+02 2.6937567799999999e+02 3.0497385199985263e+02
1.6215820299999999e+02 2.6956362100000001e+02 3.0549608341588623e+02
1.6220703100000000e+02 2.6972559500000000e+02 3.0567566484075218e+02
1.6225585899999999e+02 2.6987686300000001e+02 3.0571765248201149e+02
1.6230468800000000e+02 2.7001366100000001e+02 3.0557212653985948e+02
1.6235351600000001e+02 2.7021641099999999e+02 3.0631456124644092e+02
1.6240234400000000e+02 2.7028846700000003e+02 3.0531690269718638e+02
1.6245117200000001e+02 2.7042693200000002e+02 3.0521364419314204e+02
1.6250000000000000e+02 2.7060346600000003e+02 3.0562533344399327e+02
1.6254882799999999e+02 2.7072552300000001e+02 3.0531725674916015e+02
1.6259765600000000e+02 2.7085947700000003e+02 3.0517540628712032e+02
1.6264648399999999e+02 2.7099235499999998e+02 3.0502691698657458e+02
1.6269531200000000e+02 2.7116156799999999e+02 3.0537001441599375e+02
1.6274414100000001e+02 2.7128419600000001e+02 3.0510084934516681e+02
1.6279296900000000e+02 2.7149907300000001e+02 3.0606679901793353e+02
1.6284179700000001e+02 2.7164818200000002e+02 3.0616600143700998e+02
1.6289062500000000e+02 2.7171938699999998e+02 3.0523890228346716e+02
1.6293945299999999e+02 2.7194855300000000e+02 3.0641852169989806e+02
1.6298828100000000e+02 2.7205863299999999e+02 3.0602579495439892e+02
1.6303710899999999e+02 2.7219552499999998e+02 3.0599819999558883e+02
1.6308593800000000e+02 2.7232225099999999e+02 3.0584521852759491e+02
1.6313476600000001e+02 2.7247054300000002e+02 3.0598767452833209e+02
1.6318359400000000e+02 2.7256727699999999e+02 3.0545711930978848e+02
1.6323242200000001e+02 2.7268545300000000e+02 3.0522081119716461e+02
1.6328125000000000e+02 2.7284457800000001e+02 3.0553648952054141e+02
1.6333007799999999e+02 2.7301131900000001e+02 3.0596286429286079e+02
1.6337890600000000e+02 2.7318370399999998e+02 3.0647391426836487e+02
1.6342773399999999e+02 2.7328129799999999e+02 3.0600750470652889e+02
1.6347656200000000e+02 2.7344510300000002e+02 3.0642642292794437e+02
1.6352539100000001e+02 2.7356346500000001e+02 3.0625649481623077e+02
1.6357421900000000e+02 2.7365916099999998e+02 3.0579920450089804e+02
1.6362304700000001e+02 2.7381854800000002e+02 3.0619328404039084e+02
1.6367187500000000e+02 2.7393549600000000e+02 3.0603960752070662e+02
1.6372070299999999e+02 2.7405462799999998e+02 3.0592670892950719e+02
1.6376953100000000e+02 2.7416661699999997e+02 3.0573197088674749e+02
1.6381835899999999e+02 2.7428181499999999e+02 3.0559187209653618e+02
1.6386718800000000e+02 2.7439232199999998e+02 3.0540261844488839e+02
1.6391601600000001e+02 2.7457015500000000e+02 3.0611097923666978e+02
1.6396484400000000e+02 2.7466463399999998e+02 3.0573653929082303e+02
1.6401367200000001e+02 2.7478832899999998e+02 3.0575901355509001e+02
1.6406250000000000e+02 2.7487992300000002e+02 3.0537331920090611e+02
1.6411132799999999e+02 2.7507629500000002e+02 3.0637577659393776e+02
1.6416015600000000e+02 2.7511509200000000e+02 3.0532467638183954e+02
1.6420898399999999e+02 2.7529415200000000e+02 3.0612652363731303e+02
1.6425781200000000e+02 2.7542248200000000e+02 3.0627690997713177e+02
1.6430664100000001e+02 2.7550463800000000e+02 3.0583649672164256e+02
1.6435546900000000e+02 2.7561281400000001e+02 3.0575126131239750e+02
1.6440429700000001e+02 2.7573026199999998e+02 3.0580175958319495e+02
1.6445312500000000e+02 2.7582276000000002e+02 3.0554042165217572e+02
1.6450195299999999e+02 2.7591451699999999e+02 3.0528429048201394e+02
1.6455078100000000e+02 2.7606755900000002e+02 3.0584405692967448e+02
1.6459960899999999e+02 2.7616126800000001e+02 3.0564333997610368e+02
1.6464843800000000e+02 2.7632061199999998e+02 3.0631491457623900e+02
1.6469726600000001e+02 2.7642145699999998e+02 3.0623777804061802e+02
1.6474609400000000e+02 2.7650687199999999e+02 3.0597486433702494e+02
1.6479492200000001e+02 2.7659593300000000e+02 3.0577533148749848e+02
1.6484375000000000e+02 2.7670357700000000e+02 3.0583398919544322e+02
1.6489257799999999e+02 2.7685308199999997e+02 3.0645404829221610e+02
1.6494140600000000e+02 2.7694007599999998e+02 3.0627539762234738e+02
1.6499023399999999e+02 2.7699479800000000e+02 3.0569285765831273e+02
1.6503906200000000e+02 2.7711576400000001e+02 3.0598942245922899e+02
1.6508789100000001e+02 2.7722219999999999e+02 3.0611318169864194e+02
1.6513671900000000e+02 2.7728060900000003e+02 3.0562879918264343e+02
1.6518554700000001e+02 2.7740436399999999e+02 3.0601125480646505e+02
1.6523437500000000e+02 2.7745547800000003e+02 3.0546612571335697e+02
1.6528320299999999e+02 2.7759918299999998e+02 3.0614157714406451e+02
1.6533203100000000e+02 2.7771508200000000e+02 3.0647256132713193e+02
1.6538085899999999e+02 2.7775090499999999e+02 3.0578081905278185e+02
1.6542968800000000e+02 2.7783003500000001e+02 3.0566913543164202e+02
1.6547851600000001e+02 2.7792489499999999e+02 3.0577924705848574e+02
1.6552734400000000e+02 2.7805621200000002e+02 3.0637993098052095e+02
1.6557617200000001e+02 2.7816337199999998e+02 3.0668476723052305e+02
1.6562500000000000e+02 2.7820841899999999e+02 3.0620208149017054e+02
1.6567382799999999e+02 2.7821070300000002e+02 3.0518351575464811e+02
1.6572265600000000e+02 2.7833872300000002e+02 3.0581285969882549e+02
1.6577148399999999e+02 2.7849864500000001e+02 3.0687332674351774e+02
1.6582031200000000e+02 2.7852231599999999e+02 3.0618724733663106e+02
1.6586914100000001e+02 2.7855677200000002e+02 3.0565966497315856e+02
1.6591796900000000e+02 2.7864676600000001e+02 3.0586975957221563e+02
1.6596679700000001e+02 2.7873953399999999e+02 3.0613433508210619e+02
1.6601562500000000e+02 2.7881261799999999e+02 3.0616297590660474e+02
1.6606445299999999e+02 2.7892520100000002e+02 3.0672126814269660e+02
1.6611328100000000e+02 2.7898151300000001e+02 3.0657083312889569e+02
1.6616210899999999e+02 2.7904547700000001e+02 3.0653847657025466e+02
1.6621093800000000e+02 2.7911197099999998e+02 3.0655800530682552e+02
1.6625976600000001e+02 2.7914690800000000e+02 3.0618919284941722e+02
1.6630859400000000e+02 2.7918156399999998e+02 3.0583630791937446e+02
1.6635742200000001e+02 2.7926260500000001e+02 3.0610192974298178e+02
1.6640625000000000e+02 2.7929854799999998e+02 3.0580483875987488e+02
1.6645507799999999e+02 2.7933226300000001e+02 3.0549875325543439e+02
1.6650390600000000e+02 2.7945028800000000e+02 3.0630026482372426e+02
1.6655273399999999e+02 2.7946113300000002e+02 3.0573866530511901e+02
1.6660156200000000e+02 2.7952942000000002e+02 3.0593793958224745e+02
1.6665039100000001e+02 2.7963190200000003e+02 3.0659791393414804e+02
1.6669921900000000e+02 2.7965512600000000e+02 3.0625591677342032e+02
1.6674804700000001e+02 2.7976879600000001e+02 3.0709977245971567e+02
1.6679687500000000e+02 2.7981202800000000e+02 3.0705577798758947e+02
1.6684570299999999e+02 2.7980802499999999e+02 3.0642345733764978e+02
1.6689453100000000e+02 2.7985809100000000e+02 3.0650803526021241e+02
1.6694335899999999e+02 2.7990523000000002e+02 3.0657517060521428e+02
1.6699218800000000e+02 2.7993685799999997e+02 3.0646289604521525e+02
1.6704101600000001e+02 2.7997122700000000e+02 3.0640634441048479e+02
1.6708984400000000e+02 2.7999752599999999e+02 3.0626637880306174e+02
1.6713867200000001e+02 2.8000177800000000e+02 3.0586322598794624e+02
1.6718750000000000e+02 2.8005455599999999e+02 3.0610508470357649e+02
1.6723632799999999e+02 2.8005847799999998e+02 3.0573892352025644e+02
1.6728515600000000e+02 2.8016463599999997e+02 3.0670846321981537e+02
1.6733398399999999e+02 2.8014530100000002e+02 3.0608445754726483e+02
1.6738281200000000e+02 2.8013283100000001e+02 3.0556957892312954e+02
1.6743164100000001e+02 2.8018306899999999e+02 3.0588174195822268e+02
1.6748046900000000e+02 2.8025434500000000e+02 3.0648497915600763e+02
1.6752929700000001e+02 2.8021847100000002e+02 3.0573160865832489e+02
1.6757812500000000e+02 2.8024197900000001e+02 3.0576233774031357e+02
1.6762695299999999e+02 2.8031130400000001e+02 3.0640257278895507e+02
1.6767578100000000e+02 2.8033155799999997e+02 3.0643299174976192e+02
1.6772460899999999e+02 2.8033882100000000e+02 3.0631733746400664e+02
1.6777343800000000e+02 2.8037299600000000e+02 3.0656822240679890e+02
1.6782226600000001e+02 2.8040044599999999e+02 3.0675352617293964e+02
1.6787109400000000e+02 2.8040524099999999e+02 3.0666870366618173e+02
1.6791992200000001e+02 2.8044635299999999e+02 3.0707109393283071e+02
1.6796875000000000e+02 2.8040158000000002e+02 3.0639154169219745e+02
1.6801757799999999e+02 2.8041224899999997e+02 3.0644475868281563e+02
1.6806640600000000e+02 2.8044030800000002e+02 3.0674205800438227e+02
1.6811523399999999e+02 2.8037673000000001e+02 3.0588389957996588e+02
1.6816406200000000e+02 2.8045629200000002e+02 3.0688392332648243e+02
1.6821289100000001e+02 2.8040614399999998e+02 3.0623992459321420e+02
1.6826171900000000e+02 2.8036866700000002e+02 3.0577944846617089e+02
1.6831054700000001e+02 2.8038540399999999e+02 3.0603552023375147e+02
1.6835937500000000e+02 2.8037373200000002e+02 3.0594781677703048e+02
1.6840820299999999e+02 2.8032618500000001e+02 3.0542059336030360e+02
1.6845703100000000e+02 2.8036110600000001e+02 3.0597221681937583e+02
1.6850585899999999e+02 2.8036446899999999e+02 3.0613963494425053e+02
1.6855468800000000e+02 2.8037840899999998e+02 3.0646341499008872e+02
1.6860351600000001e+02 2.8039555799999999e+02 3.0684898726024284e+02
1.6865234400000000e+02 2.8039307500000001e+02 3.0700333039135921e+02
1.6870117200000001e+02 2.8029019799999998e+02 3.0589051928232408e+02
1.6875000000000000e+02 2.8037513300000001e+02 3.0720729845734377e+02
1.6879882799999999e+02 2.8031312300000002e+02 3.0665979380831089e+02
1.6884765600000000e+02 2.8024037099999998e+02 3.0599502400815408e+02
1.6889648399999999e+02 2.8028592200000003e+02 3.0686800403534966e+02
1.6894531200000000e+02 2.8029462599999999e+02 3.0728876842513603e+02
1.6899414100000001e+02 2.8019418400000001e+02 3.0633007028039970e+02
1.6904296900000000e+02 2.8015548000000001e+02 3.0618345973025248e+02
1.6909179700000001e+02 2.8014117499999998e+02 3.0636999864108975e+02
1.6914062500000000e+02 2.8014952599999998e+02 3.0686727389215480e+02
1.6918945299999999e+02 2.8008355100000000e+02 3.0643146019815788e+02
1.6923828100000000e+02 2.8012032099999999e+02 3.0733339421607747e+02
1.6928710899999999e+02 2.8002324800000002e+02 3.0653881943293590e+02
1.6933593800000000e+02 2.8000899299999998e+02 3.0682632470216168e+02
1.6938476600000001e+02 2.7989830799999999e+02 3.0589696150782811e+02
1.6943359400000000e+02 2.7994906900000001e+02 3.0705799764956760e+02
1.6948242200000001e+02 2.7989719900000000e+02 3.0692249343808555e+02
1.6953125000000000e+02 2.7980726700000002e+02 3.0631845775967173e+02
1.6958007799999999e+02 2.7974588000000000e+02 3.0610010902778174e+02
1.6962890600000000e+02 2.7970706400000000e+02 3.0619077419015872e+02
1.6967773399999999e+02 2.7968385699999999e+02 3.0650110144731923e+02
1.6972656200000000e+02 2.7970939499999997e+02 3.0745610418862765e+02
1.6977539100000001e+02 2.7964127900000000e+02 3.0722903296991836e+02
1.6982421900000000e+02 2.7957242200000002e+02 3.0701161026642933e+02
1.6987304700000001e+02 2.7956747200000001e+02 3.0763318005302176e+02
1.6992187500000000e+02 2.7945411500000000e+02 3.0688291798400058e+02
1.6997070299999999e+02 2.7940566400000000e+02 3.0698431695274496e+02
1.7001953100000000e+02 2.7933451300000002e+02 3.0681327278015709e+02
1.7006835899999999e+02 2.7929485899999997e+02 3.0706513854374629e+02
1.7011718800000000e+02 2.7919491199999999e+02 3.0656191446720692e+02
1.7016601600000001e+02 2.7913569799999999e+02 3.0659993821623641e+02
1.7021484400000000e+02 2.7904146500000002e+02 3.0620692307181804e+02
1.7026367200000001e+02 2.7899681800000002e+02 3.0646870059655140e+02
1.7031250000000000e+02 2.7902294499999999e+02 3.0765732234111442e+02
1.7036132799999999e+02 2.7890768600000001e+02 3.0704907530134210e+02
1.7041015600000000e+02 2.7888554699999997e+02 3.0765438978300045e+02
1.7045898399999999e+02 2.7877585699999997e+02 3.0715350197592841e+02
1.7050781200000000e+02 2.7871936599999998e+02 3.0735352005096928e+02
1.7055664100000001e+02 2.7861350599999997e+02 3.0693723534220658e+02
1.7060546900000000e+02 2.7853287399999999e+02 3.0686248020967020e+02
1.7065429700000001e+02 2.7847096499999998e+02 3.0704569561756472e+02
1.7070312500000000e+02 2.7834199599999999e+02 3.0638477025210335e+02
1.7075195299999999e+02 2.7829964600000000e+02 3.0685387537095357e+02
1.7080078100000000e+02 2.7823964200000000e+02 3.0711334761501018e+02
1.7084960899999999e+02 2.7815746799999999e+02 3.0710495966061342e+02
1.7089843800000000e+02 2.7808987600000000e+02 3.0730089120543732e+02
1.7094726600000001e+02 2.7800448000000000e+02 3.0728473942858017e+02
1.7099609400000000e+02 2.7795527099999998e+02 3.0775043635512594e+02
1.7104492200000001e+02 2.7782956999999999e+02 3.0724924098210369e+02
1.7109375000000000e+02 2.7778651300000001e+02 3.0782704139133051e+02
1.7114257799999999e+02 2.7767856799999998e+02 3.0758671236253196e+02
1.7119140600000000e+02 2.7757916499999999e+02 3.0747230968248937e+02
1.7124023399999999e+02 2.7748412300000001e+02 3.0742996242912869e+02
1.7128906200000000e+02 2.7738908700000002e+02 3.0740353186305521e+02
1.7133789100000001e+02 2.7730555399999997e+02 3.0754085714165905e+02
1.7138671900000000e+02 2.7716540500000002e+02 3.0696513509322847e+02
1.7143554700000001e+02 2.7712191600000000e+02 3.0764887820071357e+02
1.7148437500000000e+02 2.7697452900000002e+02 3.0701057703995627e+02
1.7153320299999999e+02 2.7687850200000003e+02 3.0704854544027620e+02
1.7158203100000000e+02 2.7684264000000002e+02 3.0787633575871001e+02
1.7163085899999999e+02 2.7676476700000001e+02 3.0817818327738161e+02
1.7167968800000000e+02 2.7662648600000000e+02 3.0771674176044706e+02
1.7172851600000001e+02 2.7653274800000003e+02 3.0784360949421546e+02
1.7177734400000000e+02 2.7644616900000000e+02 3.0807722616425622e+02
1.7182617200000001e+02 2.7626626599999997e+02 3.0712247220827027e+02
1.7187500000000000e+02 2.7609491200000002e+02 3.0629176231225148e+02
1.7192382799999999e+02 2.7604820100000001e+02 3.0708173030627063e+02
1.7197265600000000e+02 2.7599468999999999e+02 3.0779815493227079e+02
1.7202148399999999e+02 2.7586295999999999e+02 3.0751977159735617e+02
1.7207031200000000e+02 2.7573601700000000e+02 3.0731660951625491e+02
1.7211914100000001e+02 2.7560327599999999e+02 3.0705202217120097e+02
1.7216796900000000e+02 2.7555059899999998e+02 3.0783370542770547e+02
1.7221679700000001e+02 2.7539663300000001e+02 3.0732154046564114e+02
1.7226562500000000e+02 2.7534195899999997e+02 3.0810386330115796e+02
1.7231445299999999e+02 2.7514148000000000e+02 3.0701680660926792e+02
1.7236328100000000e+02 2.7504312199999998e+02 3.0726072272086475e+02
1.7241210899999999e+02 2.7496112199999999e+02 3.0772850802714396e+02
1.7246093800000000e+02 2.7482842199999999e+02 3.0755388700807714e+02
1.7250976600000001e+02 2.7470038299999999e+02 3.0745157717158838e+02
1.7255859400000000e+02 2.7457981000000001e+02 3.0745774221232779e+02
1.7260742200000001e+02 2.7450798700000001e+02 3.0810592355276185e+02
1.7265625000000000e+02 2.7434047399999997e+02 3.0752893859866782e+02
1.7270507799999999e+02 2.7421790399999998e+02 3.0754444214861621e+02
1.7275390600000000e+02 2.7410222700000003e+02 3.0766049860939160e+02
1.7280273399999999e+02 2.7398214100000001e+02 3.0773079886595548e+02
1.7285156200000000e+02 2.7383875499999999e+02 3.0751071673859559e+02
1.7290039100000001e+02 2.7379866600000003e+02 3.0863835242957515e+02
1.7294921900000000e+02 2.7358389199999999e+02 3.0751593799882369e+02
1.7299804700000001e+02 2.7345124600000003e+02 3.0746698230940791e+02
1.7304687500000000e+02 2.7328116499999999e+02 3.0694363885506965e+02
1.7309570299999999e+02 2.7313466299999999e+02 3.0673575034783931e+02
1.7314453100000000e+02 2.7307066800000001e+02 3.0760681698616298e+02
1.7319335899999999e+02 2.7293818700000003e+02 3.0760071102804352e+02
1.7324218800000000e+02 2.7283597200000003e+02 3.0799670309641033e+02
1.7329101600000001e+02 2.7270362699999998e+02 3.0801182479730471e+02
1.7333984400000000e+02 2.7258035500000000e+02 3.0815404874212607e+02
1.7338867200000001e+02 2.7249255499999998e+02 3.0876569528978609e+02
1.7343750000000000e+02 2.7226055800000000e+02 3.0751603838926309e+02
1.7348632799999999e+02 2.7207427899999999e+02 3.0686800389398985e+02
1.7353515600000000e+02 2.7198147499999999e+02 3.0744167608478546e+02
1.7358398399999999e+02 2.7189148200000000e+02 3.0806072027853673e+02
1.7363281200000000e+02 2.7174004400000001e+02 3.0789063148611586e+02
1.7368164100000001e+02 2.7158041400000002e+02 3.0762238644808178e+02
1.7373046900000000e+02 2.7145723600000002e+02 3.0783565114420998e+02
1.7377929700000001e+02 2.7135854300000000e+02 3.0837513124219316e+02
1.7382812500000000e+02 2.7120290499999999e+02 3.0818252121153046e+02
1.7387695299999999e+02 2.7107558000000000e+02 3.0836551897336318e+02
1.7392578100000000e+02 2.7089450499999998e+02 3.0785712028041706e+02
1.7397460899999999e+02 2.7076952799999998e+02 3.0808540816496406e+02
1.7402343800000000e+02 2.7062297400000000e+02 3.0804025293366925e+02
1.7407226600000001e+02 2.7046243900000002e+02 3.0782005824622570e+02
1.7412109400000000e+02 2.7038846500000000e+02 3.0873322209799790e+02
1.7416992200000001e+02 2.7023637900000000e+02 3.0863649622034342e+02
1.7421875000000000e+02 2.7003530100000000e+02 3.0790818596159897e+02
1.7426757799999999e+02 2.6995499400000000e+02 3.0875891447520291e+02
1.7431640600000000e+02 2.6977338500000002e+02 3.0829634366539921e+02
1.7436523399999999e+02 2.6956928199999999e+02 3.0754635868726547e+02
1.7441406200000000e+02 2.6939615400000002e+02 3.0720555593287776e+02
1.7446289100000001e+02 2.6927221600000001e+02 3.0751160526700357e+02
1.7451171900000000e+02 2.6914653099999998e+02 3.0780043962891779e+02
1.7456054700000001e+02 2.6902991900000001e+02 3.0821306496647327e+02
1.7460937500000000e+02 2.6887479500000001e+02 3.0812851006408624e+02
1.7465820299999999e+02 2.6880168200000003e+02 3.0911923531261044e+02
1.7470703100000000e+02 2.6860726399999999e+02 3.0853164855247644e+02
1.7475585899999999e+02 2.6842817500000001e+02 3.0814856224577375e+02
1.7480468800000000e+02 2.6827107400000000e+02 3.0805698001121243e+02
1.7485351600000001e+02 2.6814048500000001e+02 3.0831598090646600e+02
1.7490234400000000e+02 2.6795219800000001e+02 3.0782525553135423e+02
1.7495117200000001e+02 2.6779869900000000e+02 3.0779297579864675e+02
1.7500000000000000e+02 2.6762038000000001e+02 3.0743997708034237e+02
1.7504882799999999e+02 2.6750595700000002e+02 3.0792606889769866e+02
1.7509765600000000e+02 2.6735323399999999e+02 3.0791487898723943e+02
1.7514648399999999e+02 2.6722172300000000e+02 3.0818455225461912e+02
1.7519531200000000e+02 2.6706773099999998e+02 3.0816329050314863e+02
1.7524414100000001e+02 2.6691865400000000e+02 3.0820939684172174e+02
1.7529296900000000e+02 2.6677118000000002e+02 3.0827930925620331e+02
1.7534179700000001e+02 2.6655423000000002e+02 3.0744193486969976e+02
1.7539062500000000e+02 2.6640570500000001e+02 3.0750309928985160e+02
1.7543945299999999e+02 2.6629519800000003e+02 3.0806485821756496e+02
1.7548828100000000e+02 2.6612569800000000e+02 3.0785581231843554e+02
1.7553710899999999e+02 2.6598272400000002e+02 3.0799648169527831e+02
1.7558593800000000e+02 2.6580565500000000e+02 3.0769198702368715e+02
1.7563476600000001e+02 2.6568462399999999e+02 3.0812411945486201e+02
1.7568359400000000e+02 2.6552618400000000e+02 3.0806716448440704e+02
1.7573242200000001e+02 2.6531962299999998e+02 3.0737999388399209e+02
1.7578125000000000e+02 2.6519572899999997e+02 3.0777897816544368e+02
1.7583007799999999e+02 2.6505318399999999e+02 3.0793432967800288e+02
1.7587890600000000e+02 2.6487135100000000e+02 3.0757463837735634e+02
1.7592773399999999e+02 2.6468614600000001e+02 3.0717122763430569e+02
1.7597656200000000e+02 2.6456501700000001e+02 3.0761028675606030e+02
1.7602539100000001e+02 2.6436179099999998e+02 3.0697090194289132e+02
1.7607421900000000e+02 2.6432070499999998e+02 3.0846332639201768e+02
1.7612304700000001e+02 2.6411039499999998e+02 3.0773107327462662e+02
1.7617187500000000e+02 2.6398304800000000e+02 3.0808982387972679e+02
1.7622070299999999e+02 2.6384872799999999e+02 3.0835684363010671e+02
1.7626953100000000e+02 2.6373880700000001e+02 3.0894481959963184e+02
1.7631835899999999e+02 2.6350225000000000e+02 3.0786545769922827e+02
1.7636718800000000e+02 2.6336145699999997e+02 3.0804603354567303e+02
1.7641601600000001e+02 2.6318076800000000e+02 3.0770039367726531e+02
1.7646484400000000e+02 2.6301380699999999e+02 3.0753452961391116e+02
1.7651367200000001e+02 2.6288474200000002e+02 3.0786692169351716e+02
1.7656250000000000e+02 2.6277471500000001e+02 3.0844921644727413e+02
1.7661132799999999e+02 2.6259554300000002e+02 3.0811876633227280e+02
1.7666015600000000e+02 2.6236718800000000e+02 3.0713800336511150e+02
1.7670898399999999e+02 2.6231147800000002e+02 3.0843253621721590e+02
1.7675781200000000e+02 2.6211178699999999e+02 3.0782611151469411e+02
1.7680664100000001e+02 2.6200340199999999e+02 3.0842253260337446e+02
1.7685546900000000e+02 2.6175232399999999e+02 3.0713338134960969e+02
1.7690429700000001e+02 2.6160606100000001e+02 3.0722538257598734e+02
1.7695312500000000e+02 2.6153331100000003e+02 3.0828598076150820e+02
1.7700195299999999e+02 2.6133653500000003e+02 3.0770606594773813e+02
1.7705078100000000e+02 2.6117878500000000e+02 3.0763889011052680e+02
1.7709960899999999e+02 2.6106669900000003e+02 3.0817242155551747e+02
1.7714843800000000e+02 2.6088015899999999e+02 3.0771897315050722e+02
1.7719726600000001e+02 2.6075158299999998e+02 3.0802866374592332e+02
1.7724609400000000e+02 2.6062449600000002e+02 3.0835495727232836e+02
1.7729492200000001e+02 2.6044476100000003e+02 3.0798149447691503e+02
1.7734375000000000e+02 2.6023743999999999e+02 3.0723928766985864e+02
1.7739257799999999e+02 2.6010407400000003e+02 3.0747195863881308e+02
1.7744140600000000e+02 2.5995875599999999e+02 3.0754270827160235e+02
1.7749023399999999e+02 2.5974020600000000e+02 3.0663979256936835e+02
1.7753906200000000e+02 2.5964142099999998e+02 3.0731873329854807e+02
1.7758789100000001e+02 2.5952374500000002e+02 3.0774354739436313e+02
1.7763671900000000e+02 2.5937189899999998e+02 3.0771137183556704e+02
1.7768554700000001e+02 2.5917069600000002e+02 3.0702050304403980e+02
1.7773437500000000e+02 2.5910805599999998e+02 3.0816172219434867e+02
1.7778320299999999e+02 2.5894678299999998e+02 3.0799078881573791e+02
1.7783203100000000e+02 2.5874099600000000e+02 3.0722449465899604e+02
1.7788085899999999e+02 2.5858670400000000e+02 3.0713601214041415e+02
1.7792968800000000e+02 2.5841012100000000e+02 3.0674660922776047e+02
1.7797851600000001e+02 2.5827447899999999e+02 3.0689511250517535e+02
1.7802734400000000e+02 2.5817349999999999e+02 3.0749844499490246e+02
1.7807617200000001e+02 2.5808770800000002e+02 3.0829816995125736e+02
1.7812500000000000e+02 2.5790138100000001e+02 3.0775739417165158e+02
1.7817382799999999e+02 2.5770928099999998e+02 3.0713392261820673e+02
1.7822265600000000e+02 2.5757240000000002e+02 3.0723795058541714e+02
1.7827148399999999e+02 2.5743292500000001e+02 3.0730152009755182e+02
1.7832031200000000e+02 2.5730091099999999e+02 3.0745813292884213e+02
1.7836914100000001e+02 2.5715692600000000e+02 3.0744941800099519e+02
1.7841796900000000e+02 2.5704376400000001e+02 3.0784412505773281e+02
1.7846679700000001e+02 2.5691160200000002e+02 3.0797976201005707e+02
1.7851562500000000e+02 2.5674355100000002e+02 3.0763137878958827e+02
1.7856445299999999e+02 2.5657102099999997e+02 3.0721649107844075e+02
1.7861328100000000e+02 2.5641449499999999e+02 3.0700753144930849e+02
1.7866210899999999e+02 2.5629083300000002e+02 3.0722892122539508e+02
1.7871093800000000e+02 2.5621017499999999e+02 3.0801582581339585e+02
1.7875976600000001e+02 2.5600527399999999e+02 3.0714135501982577e+02
1.7880859400000000e+02 2.5592142000000001e+02 3.0787132082028705e+02
1.7885742200000001e+02 2.5576448500000001e+02 3.0762058274794003e+02
1.7890625000000000e+02 2.5560632600000000e+02 3.0734584331750955e+02
1.7895507799999999e+02 2.5546964900000000e+02 3.0734954769310843e+02
1.7900390600000000e+02 2.5532081700000001e+02 3.0718342061011310e+02
1.7905273399999999e+02 2.5514405600000001e+02 3.0663698597347775e+02
1.7910156200000000e+02 2.5511270300000001e+02 3.0802098006328885e+02
1.7915039100000001e+02 2.5504088999999999e+02 3.0885778547879187e+02
1.7919921900000000e+02 2.5480114900000001e+02 3.0744685528855274e+02
1.7924804700000001e+02 2.5470338000000001e+02 3.0792088745420841e+02
1.7929687500000000e+02 2.5452374699999999e+02 3.0729436546005388e+02
1.7934570299999999e+02 2.5435806099999999e+02 3.0684512937707825e+02
1.7939453100000000e+02 2.5425326699999999e+02 3.0719969104809343e+02
1.7944335899999999e+02 2.5415237400000001e+02 3.0759760462750239e+02
1.7949218800000000e+02 2.5400919999999999e+02 3.0742227695348487e+02
1.7954101600000001e+02 2.5388691100000000e+02 3.0751667419832171e+02
1.7958984400000000e+02 2.5378154499999999e+02 3.0782794089401642e+02
1.7963867200000001e+02 2.5361956900000001e+02 3.0737394285470077e+02
1.7968750000000000e+02 2.5345113100000000e+02 3.0682412743651588e+02
1.7973632799999999e+02 2.5336353700000001e+02 3.0734477234029151e+02
1.7978515600000000e+02 2.5319574000000000e+02 3.0678432320957194e+02
1.7983398399999999e+02 2.5306404599999999e+02 3.0669652114102792e+02
1.7988281200000000e+02 2.5303033199999999e+02 3.0790848552565728e+02
1.7993164100000001e+02 2.5283650399999999e+02 3.0697062524990611e+02
1.7998046900000000e+02 2.5270194100000001e+02 3.0681483161896733e+02
1.8002929700000001e+02 2.5258601400000001e+02 3.0689810266489985e+02
1.8007812500000000e+02 2.5244549699999999e+02 3.0664239365610371e+02
1.8012695299999999e+02 2.5231402100000000e+02 3.0649726731382333e+02
1.8017578100000000e+02 2.5223338500000000e+02 3.0702175642605715e+02
1.8022460899999999e+02 2.5213730500000000e+02 3.0732930586659904e+02
1.8027343800000000e+02 2.5202516199999999e+02 3.0741149465949621e+02
1.8032226600000001e+02 2.5191172499999999e+02 3.0746569858727901e+02
1.8037109400000000e+02 2.5175133299999999e+02 3.0688083435215015e+02
1.8041992200000001e+02 2.5162544000000000e+02 3.0674670166467536e+02
1.8046875000000000e+02 2.5152756299999999e+02 3.0697657870533300e+02
1.8051757799999999e+02 2.5137110600000000e+02 3.0641135046417287e+02
1.8056640600000000e+02 2.5132127299999999e+02 3.0726224551708049e+02
1.8061523399999999e+02 2.5121324300000001e+02 3.0732294732461736e+02
1.8066406200000000e+02 2.5108127099999999e+02 3.0705179716984907e+02
1.8071289100000001e+02 2.5089360300000001e+02 3.0602346064484931e+02
1.8076171900000000e+02 2.5086102700000001e+02 3.0706033332004108e+02
1.8081054700000001e+02 2.5072878000000000e+02 3.0675097789724072e+02
1.8085937500000000e+02 2.5063861600000001e+02 3.0699355535155252e+02
1.8090820299999999e+02 2.5050388599999999e+02 3.0662750204256054e+02
1.8095703100000000e+02 2.5037999700000000e+02 3.0639479322864264e+02
1.8100585899999999e+02 2.5027067700000001e+02 3.0634531427441721e+02
1.8105468800000000e+02 2.5016573099999999e+02 3.0634246568346617e+02
1.8110351600000001e+02 2.5004514699999999e+02 3.0611800433400720e+02
1.8115234400000000e+02 2.4994375900000000e+02 3.0613855670123331e+02
1.8120117200000001e+02 2.4987942699999999e+02 3.0664338489694984e+02
1.8125000000000000e+02 2.4973542399999999e+02 3.0606838865777479e+02
1.8129882799999999e+02 2.4961942700000000e+02 3.0585622747334588e+02
1.8134765600000000e+02 2.4948030199999999e+02 3.0532164387468197e+02
1.8139648399999999e+02 2.4944756699999999e+02 3.0620020903305777e+02
1.8144531200000000e+02 2.4939362399999999e+02 3.0678197971681436e+02
1.8149414100000001e+02 2.4934557899999999e+02 3.0743014216608270e+02
1.8154296900000000e+02 2.4919135000000000e+02 3.0664242050855114e+02
1.8159179700000001e+02 2.4901951399999999e+02 3.0560582138329744e+02
1.8164062500000000e+02 2.4898075700000001e+02 3.0633986467999921e+02
1.8168945299999999e+02 2.4885671099999999e+02 3.0591779921648180e+02
1.8173828100000000e+02 2.4882635400000001e+02 3.0673835180417569e+02
1.8178710899999999e+02 2.4869862400000000e+02 3.0624065879215686e+02
1.8183593800000000e+02 2.4863341100000000e+02 3.0656767579761117e+02
1.8188476600000001e+02 2.4850728500000000e+02 3.0606494385503800e+02
1.8193359400000000e+02 2.4844952100000000e+02 3.0646509704317015e+02
1.8198242200000001e+02 2.4835096700000000e+02 3.0630509818475412e+02
1.8203125000000000e+02 2.4831987599999999e+02 3.0703577297871294e+02
1.8208007799999999e+02 2.4817333900000000e+02 3.0620558707934828e+02
1.8212890600000000e+02 2.4808672600000000e+02 3.0616489393548869e+02
1.8217773399999999e+02 2.4796165199999999e+02 3.0559504280582917e+02
1.8222656200000000e+02 2.4795280700000001e+02 3.0656907114518623e+02
1.8227539100000001e+02 2.4788281499999999e+02 3.0670978619729465e+02
1.8232421900000000e+02 2.4772374900000000e+02 3.0564292893962636e+02
1.8237304700000001e+02 2.4766898399999999e+02 3.0595979997034988e+02
1.8242187500000000e+02 2.4761890600000001e+02 3.0632540794150026e+02
1.8247070299999999e+02 2.4753849099999999e+02 3.0627040804075449e+02
1.8251953100000000e+02 2.4745845700000001e+02 3.0620635589594372e+02
1.8256835899999999e+02 2.4734159900000000e+02 3.0563475553823031e+02
1.8261718800000000e+02 2.4729178300000001e+02 3.0594707080495886e+02
1.8266601600000001e+02 2.4720936599999999e+02 3.0580828372686329e+02
1.8271484400000000e+02 2.4715930000000000e+02 3.0608843660466596e+02
1.8276367200000001e+02 2.4705119300000001e+02 3.0557672687528890e+02
1.8281250000000000e+02 2.4696339200000000e+02 3.0532252607828610e+02
1.8286132799999999e+02 2.4693530699999999e+02 3.0585346420488315e+02
1.8291015600000000e+02 2.4681999300000001e+02 3.0520168953964782e+02
1.8295898399999999e+02 2.4679643300000001e+02 3.0576382470216629e+02
1.8300781200000000e+02 2.4677108999999999e+02 3.0628724871216826e+02
1.8305664100000001e+02 2.4671170599999999e+02 3.0634011911317543e+02
1.8310546900000000e+02 2.4661313600000000e+02 3.0585362405772503e+02
1.8315429700000001e+02 2.4651064800000000e+02 3.0529990409460692e+02
1.8320312500000000e+02 2.4643189200000000e+02 3.0504894053427165e+02
1.8325195299999999e+02 2.4641688300000001e+02 3.0563598828862786e+02
1.8330078100000000e+02 2.4637292199999999e+02 3.0582051691102782e+02
1.8334960899999999e+02 2.4632765599999999e+02 3.0597244995655780e+02
1.8339843800000000e+02 2.4624692899999999e+02 3.0563492396387267e+02
1.8344726600000001e+02 2.4618477300000001e+02 3.0553064006978673e+02
1.8349609400000000e+02 2.4615335200000001e+02 3.0582212140557982e+02
1.8354492200000001e+02 2.4607158100000001e+02 3.0542508725582178e+02
1.8359375000000000e+02 2.4610919300000000e+02 3.0660869593931261e+02
1.8364257799999999e+02 2.4598883400000000e+02 3.0566522395708773e+02
1.8369140600000000e+02 2.4587340100000000e+02 3.0477246076924354e+02
1.8374023399999999e+02 2.4592322100000001e+02 3.0607250578547126e+02
1.8378906200000000e+02 2.4593293100000000e+02 3.0682079912930749e+02
1.8383789100000001e+02 2.4584035299999999e+02 3.0618708342778291e+02
1.8388671900000000e+02 2.4575334500000000e+02 3.0561237851363023e+02
1.8393554700000001e+02 2.4572840500000001e+02 3.0585098895050555e+02
1.8398437500000000e+02 2.4570594399999999e+02 3.0610695008478172e+02
1.8403320299999999e+02 2.4564900200000000e+02 3.0588690451325112e+02
1.8408203100000000e+02 2.4559437000000000e+02 3.0568203753802788e+02
1.8413085899999999e+02 2.4557668200000001e+02 3.0595438199951241e+02
1.8417968800000000e+02 2.4549184399999999e+02 3.0531510725825501e+02
1.8422851600000001e+02 2.4544200000000001e+02 3.0512693936157092e+02
1.8427734400000000e+02 2.4543638400000000e+02 3.0551269620250673e+02
1.8432617200000001e+02 2.4542820499999999e+02 3.0584822013489770e+02
1.8437500000000000e+02 2.4533877400000000e+02 3.0508476074477551e+02
1.8442382799999999e+02 2.4537233900000001e+02 3.0594456155769774e+02
1.8447265600000000e+02 2.4533668700000001e+02 3.0586588982453003e+02
1.8452148399999999e+02 2.4530564000000001e+02 3.0583255875449424e+02
1.8457031200000000e+02 2.4527656999999999e+02 3.0580951153530475e+02
1.8461914100000001e+02 2.4519997499999999e+02 3.0513773777536505e+02
1.8466796900000000e+02 2.4522879399999999e+02 3.0585311798735921e+02
1.8471679700000001e+02 2.4515575200000001e+02 3.0519668922330663e+02
1.8476562500000000e+02 2.4514189200000001e+02 3.0531167877959797e+02
1.8481445299999999e+02 2.4507388300000000e+02 3.0469031304618397e+02
1.8486328100000000e+02 2.4502559099999999e+02 3.0431520635528790e+02
1.8491210899999999e+02 2.4507548199999999e+02 3.0522907809531171e+02
1.8496093800000000e+02 2.4511670400000000e+02 3.0601101057301247e+02
1.8500976600000001e+02 2.4505104299999999e+02 3.0535636594107962e+02
1.8505859400000000e+02 2.4508709099999999e+02 3.0603653712154528e+02
1.8510742200000001e+02 2.4506084999999999e+02 3.0587300844534764e+02
1.8515625000000000e+02 2.4504416599999999e+02 3.0582008394972911e+02
1.8520507799999999e+02 2.4500149999999999e+02 3.0540608092443472e+02
1.8525390600000000e+02 2.4507363400000000e+02 3.0649876735775490e+02
1.8530273399999999e+02 2.4499947399999999e+02 3.0563441014475671e+02
1.8535156200000000e+02 2.4499769599999999e+02 3.0571373236573152e+02
1.8540039100000001e+02 2.4497046000000000e+02 3.0543920090337019e+02
1.8544921900000000e+02 2.4499626200000000e+02 3.0585108021505334e+02
1.8549804700000001e+02 2.4496629100000001e+02 3.0550758077988854e+02
1.8554687500000000e+02 2.4498574600000001e+02 3.0580224103359308e+02
1.8559570299999999e+02 2.4497745900000001e+02 3.0571305866849616e+02
1.8564453100000000e+02 2.4499850400000000e+02 3.0599555038662896e+02
1.8569335899999999e+02 2.4502178000000001e+02 3.0629087049588162e+02
1.8574218800000000e+02 2.4503561300000001e+02 3.0644463275154544e+02
1.8579101600000001e+02 2.4497590500000001e+02 3.0560975437044038e+02
1.8583984400000000e+02 2.4497461400000000e+02 3.0553080246413168e+02
1.8588867200000001e+02 2.4498100500000001e+02 3.0553685485271552e+02
1.8593750000000000e+02 2.4499527200000000e+02 3.0563037148381648e+02
1.8598632799999999e+02 2.4497612500000000e+02 3.0526627719174667e+02
1.8603515600000000e+02 2.4503958900000001e+02 3.0597586934725223e+02
1.8608398399999999e+02 2.4505375599999999e+02 3.0601823482522701e+02
1.8613281200000000e+02 2.4497987000000001e+02 3.0488315658160616e+02
1.8618164100000001e+02 2.4508685100000000e+02 3.0611602200813337e+02
1.8623046900000000e+02 2.4509602799999999e+02 3.0604296624975933e+02
1.8627929700000001e+02 2.4507177400000000e+02 3.0551319338675455e+02
1.8632812500000000e+02 2.4518631199999999e+02 3.0679429505970336e+02
1.8637695299999999e+02 2.4508114200000000e+02 3.0516687778127101e+02
1.8642578100000000e+02 2.4508820600000001e+02 3.0500045402983756e+02
1.8647460899999999e+02 2.4520448600000000e+02 3.0625359119336792e+02
1.8652343800000000e+02 2.4517724699999999e+02 3.0560301899257342e+02
1.8657226600000001e+02 2.4522100800000001e+02 3.0586920623794822e+02
1.8662109400000000e+02 2.4522638000000001e+02 3.0561457562707233e+02
1.8666992200000001e+02 2.4519054000000000e+02 3.0480272715168246e+02
1.8671875000000000e+02 2.4529682900000000e+02 3.0583988052476428e+02
1.8676757799999999e+02 2.4533875300000000e+02 3.0601555496578777e+02
1.8681640600000000e+02 2.4536858000000001e+02 3.0601604509550458e+02
1.8686523399999999e+02 2.4535778400000001e+02 3.0546779422185955e+02
1.8691406200000000e+02 2.4538163399999999e+02 3.0535738131224252e+02
1.8696289100000001e+02 2.4546164999999999e+02 3.0596596890283320e+02
1.8701171900000000e+02 2.4548775800000001e+02 3.0585218644352722e+02
1.8706054700000001e+02 2.4551105600000000e+02 3.0568537323300859e+02
1.8710937500000000e+02 2.4553582499999999e+02 3.0552158404966502e+02
1.8715820299999999e+02 2.4565059800000000e+02 3.0651780659662609e+02
1.8720703100000000e+02 2.4573492300000001e+02 3.0709907285778604e+02
1.8725585899999999e+02 2.4568655799999999e+02 3.0593106099803515e+02
1.8730468800000000e+02 2.4583161899999999e+02 3.0727209171665066e+02
1.8735351600000001e+02 2.4579665199999999e+02 3.0624732169022258e+02
1.8740234400000000e+02 2.4579095400000000e+02 3.0558889122073111e+02
1.8745117200000001e+02 2.4583388099999999e+02 3.0554854651882749e+02
1.8750000000000000e+02 2.4595629500000001e+02 3.0652741516337699e+02
1.8754882799999999e+02 2.4601962800000001e+02 3.0672000214621062e+02
1.8759765600000000e+02 2.4604667300000000e+02 3.0642406494741414e+02
1.8764648399999999e+02 2.4610678899999999e+02 3.0654245551098700e+02
1.8769531200000000e+02 2.4616559799999999e+02 3.0662767083050193e+02
1.8774414100000001e+02 2.4619307900000001e+02 3.0628968551015663e+02
1.8779296900000000e+02 2.4623276700000000e+02 3.0609458031375721e+02
1.8784179700000001e+02 2.4628834000000001e+02 3.0608989792580223e+02
1.8789062500000000e+02 2.4628326700000000e+02 3.0528245511126710e+02
1.8793945299999999e+02 2.4638605500000000e+02 3.0585862438783687e+02
1.8798828100000000e+02 2.4645882599999999e+02 3.0602929617490133e+02
1.8803710899999999e+02 2.4657322300000001e+02 3.0672320393616934e+02
1.8808593800000000e+02 2.4661486800000000e+02 3.0645862541124490e+02
1.8813476600000001e+02 2.4668663100000001e+02 3.0656834244084780e+02
1.8818359400000000e+02 2.4673314400000001e+02 3.0633564777455928e+02
1.8823242200000001e+02 2.4677964700000001e+02 3.0608740005430445e+02
1.8828125000000000e+02 2.4687911900000000e+02 3.0650818422122791e+02
1.8833007799999999e+02 2.4705763099999999e+02 3.0793365541438584e+02
1.8837890600000000e+02 2.4700188100000000e+02 3.0631846153356906e+02
1.8842773399999999e+02 2.4709219899999999e+02 3.0657379042911214e+02
1.8847656200000000e+02 2.4720501800000000e+02 3.0710351536318137e+02
1.8852539100000001e+02 2.4729452599999999e+02 3.0731686605661190e+02
1.8857421900000000e+02 2.4735037100000000e+02 3.0708110347959996e+02
1.8862304700000001e+02 2.4740194600000001e+02 3.0677533646006452e+02
1.8867187500000000e+02 2.4747631799999999e+02 3.0674795089123626e+02
1.8872070299999999e+02 2.4758574899999999e+02 3.0715620618788211e+02
1.8876953100000000e+02 2.4762823000000000e+02 3.0668848600893284e+02
1.8881835899999999e+02 2.4773428600000000e+02 3.0702276996262680e+02
1.8886718800000000e+02 2.4781013899999999e+02 3.0695392046453719e+02
1.8891601600000001e+02 2.4797027900000000e+02 3.0795160349026889e+02
1.8896484400000000e+02 2.4809283700000000e+02 3.0845136001104987e+02
1.8901367200000001e+02 2.4815217799999999e+02 3.0812553759674063e+02
1.8906250000000000e+02 2.4815357599999999e+02 3.0704312395706478e+02
1.8911132799999999e+02 2.4822556800000001e+02 3.0685089567387291e+02
1.8916015600000000e+02 2.4830560700000001e+02 3.0674717544232914e+02
1.8920898399999999e+02 2.4853621000000001e+02 3.0855422311792637e+02
1.8925781200000000e+02 2.4865268800000001e+02 3.0888621142252975e+02
1.8930664100000001e+02 2.4868278799999999e+02 3.0810007332086536e+02
1.8935546900000000e+02 2.4873491300000001e+02 3.0758160423877820e+02
1.8940429700000001e+02 2.4887351799999999e+02 3.0815269501663153e+02
1.8945312500000000e+02 2.4894339299999999e+02 3.0783252533907307e+02
1.8950195299999999e+02 2.4898985300000001e+02 3.0720014907690921e+02
1.8955078100000000e+02 2.4914669200000000e+02 3.0796016126165347e+02
1.8959960899999999e+02 2.4918856600000001e+02 3.0724191227122998e+02
1.8964843800000000e+02 2.4929696799999999e+02 3.0735681620070261e+02
1.8969726600000001e+02 2.4946975300000000e+02 3.0827627930308898e+02
1.8974609400000000e+02 2.4955630800000000e+02 3.0808517791902068e+02
1.8979492200000001e+02 2.4964213400000000e+02 3.0787130243025837e+02
1.8984375000000000e+02 2.4977879700000000e+02 3.0828922873668779e+02
1.8989257799999999e+02 2.4990450999999999e+02 3.0855419693274564e+02
1.8994140600000000e+02 2.5002076299999999e+02 3.0868543576238153e+02
1.8999023399999999e+02 2.5009639700000000e+02 3.0828848236861995e+02
