# freq, amb_real amb_imag hot_real hot_imag open_real open_imag short_real short_imag lna_real lna_imag
5.000000000000e+01 -1.804097580573e-03 1.665966659545e-04 3.442196530205e-03 2.815725757807e-03 3.701262061193e-01 8.574867903405e-01 -3.807529412974e-01 -8.701196740744e-01 5.250276412229e-03 7.894332525437e-03
5.004882800000e+01 -1.803797266305e-03 1.661056983480e-04 3.444717020886e-03 2.815417876097e-03 3.769052884106e-01 8.545133614551e-01 -3.878283398782e-01 -8.669379500550e-01 5.279193929247e-03 7.861059115003e-03
5.009765600000e+01 -1.803503165037e-03 1.656483927601e-04 3.447214320804e-03 2.815169993431e-03 3.836611885541e-01 8.514870500137e-01 -3.948761660074e-01 -8.636980481946e-01 5.307772795156e-03 7.827722261386e-03
5.014648400000e+01 -1.803215040267e-03 1.652235229705e-04 3.449689365062e-03 2.814979781440e-03 3.903935014970e-01 8.484080062840e-01 -4.018959467786e-01 -8.604002426681e-01 5.336015754675e-03 7.794323490453e-03
5.019531200000e+01 -1.802932660600e-03 1.648298949580e-04 3.452143062849e-03 2.814844973333e-03 3.971018226915e-01 8.452763840920e-01 -4.088872120432e-01 -8.570448108397e-01 5.363925521974e-03 7.760864316144e-03
5.024414100000e+01 -1.802655794091e-03 1.644663391835e-04 3.454576347512e-03 2.814763361673e-03 4.037858847718e-01 8.420922750749e-01 -4.158496367116e-01 -8.536319627673e-01 5.391505342585e-03 7.727345553500e-03
5.029296900000e+01 -1.802384230771e-03 1.641317391840e-04 3.456989978075e-03 2.814732802904e-03 4.104450105457e-01 8.388559705893e-01 -4.227824710073e-01 -8.501621219368e-01 5.418756741317e-03 7.693770065746e-03
5.034179700000e+01 -1.802117748582e-03 1.638249863735e-04 3.459384838644e-03 2.814751206329e-03 4.170789343724e-01 8.355675704472e-01 -4.296853960229e-01 -8.466355058736e-01 5.445682911558e-03 7.660138645608e-03
5.039062500000e+01 -1.801856136126e-03 1.635450098562e-04 3.461761739106e-03 2.814816540782e-03 4.236872541461e-01 8.322272426785e-01 -4.365579527776e-01 -8.430524045340e-01 5.472286449706e-03 7.626452760013e-03
5.043945300000e+01 -1.801599186889e-03 1.632907681252e-04 3.464121465593e-03 2.814926831380e-03 4.302695684760e-01 8.288351588543e-01 -4.433996851179e-01 -8.394131109805e-01 5.498569923779e-03 7.592713864301e-03
5.048828100000e+01 -1.801346699196e-03 1.630612485170e-04 3.466464780908e-03 2.815080158497e-03 4.368254767276e-01 8.253914940809e-01 -4.502101397321e-01 -8.357179213654e-01 5.524535873840e-03 7.558923402296e-03
5.053710900000e+01 -1.801098476165e-03 1.628554666697e-04 3.468792424942e-03 2.815274656738e-03 4.433545790636e-01 8.218964269940e-01 -4.569888661646e-01 -8.319671349135e-01 5.550186812400e-03 7.525082806365e-03
5.058593800000e+01 -1.800854320697e-03 1.626724624674e-04 3.471105162309e-03 2.815508519108e-03 4.498566093628e-01 8.183500666015e-01 -4.637355546682e-01 -8.281609753924e-01 5.575525740570e-03 7.491192802945e-03
5.063476600000e+01 -1.800614055350e-03 1.625113140321e-04 3.473403593612e-03 2.815779976046e-03 4.563309031791e-01 8.147527438383e-01 -4.704494841973e-01 -8.242999040240e-01 5.600554079137e-03 7.457256189825e-03
5.068359400000e+01 -1.800377492290e-03 1.623711147400e-04 3.475688440017e-03 2.816087323218e-03 4.627771967495e-01 8.111045757845e-01 -4.771303514547e-01 -8.203841517651e-01 5.625274782470e-03 7.423273671836e-03
5.073242200000e+01 -1.800144453325e-03 1.622509881384e-04 3.477960353916e-03 2.816428902143e-03 4.691950938304e-01 8.074057551257e-01 -4.837777175587e-01 -8.164140299603e-01 5.649690256837e-03 7.389246636173e-03
5.078125000000e+01 -1.799914764814e-03 1.621500834535e-04 3.480219966847e-03 2.816803103612e-03 4.755841991760e-01 8.036564780398e-01 -4.903911465587e-01 -8.123898529403e-01 5.673802882900e-03 7.355176458897e-03
5.083007800000e+01 -1.799688257616e-03 1.620675750830e-04 3.482467889894e-03 2.817208366727e-03 4.819441185780e-01 7.998569441888e-01 -4.969702054507e-01 -8.083119380048e-01 5.697615016095e-03 7.321064504990e-03
5.087890600000e+01 -1.799464767043e-03 1.620026620930e-04 3.484704714090e-03 2.817643177943e-03 4.882744589046e-01 7.960073567087e-01 -5.035144641925e-01 -8.041806054046e-01 5.721128986991e-03 7.286912128427e-03
5.092773400000e+01 -1.799244132806e-03 1.619545677208e-04 3.486931010807e-03 2.818106070131e-03 4.945748281386e-01 7.921079222003e-01 -5.100234957196e-01 -7.999961783237e-01 5.744347101656e-03 7.252720672227e-03
5.097656200000e+01 -1.799026198970e-03 1.619225388839e-04 3.489147332150e-03 2.818595621641e-03 5.008448354162e-01 7.881588507185e-01 -5.164968759608e-01 -7.957589828608e-01 5.767271642006e-03 7.218491468517e-03
5.102539100000e+01 -1.798810809508e-03 1.619058455040e-04 3.491354256452e-03 2.819110466172e-03 5.070842185277e-01 7.841602733675e-01 -5.229343153180e-01 -7.914692596251e-01 5.789905326720e-03 7.184225136469e-03
5.107421900000e+01 -1.798597825852e-03 1.619037810780e-04 3.493552208061e-03 2.819649249167e-03 5.132923334625e-01 7.801125708605e-01 -5.293351320739e-01 -7.871275162002e-01 5.812249463438e-03 7.149924390152e-03
5.112304700000e+01 -1.798387100372e-03 1.619156601738e-04 3.495741728891e-03 2.820210690206e-03 5.194689211401e-01 7.760158821652e-01 -5.356990434391e-01 -7.827340000040e-01 5.834306730208e-03 7.115589827981e-03
5.117187500000e+01 -1.798178494019e-03 1.619408196254e-04 3.497923297833e-03 2.820793540430e-03 5.256135956868e-01 7.718704310415e-01 -5.420256374739e-01 -7.782890486114e-01 5.856079315787e-03 7.081222739109e-03
5.122070300000e+01 -1.797971871838e-03 1.619786175733e-04 3.500097376416e-03 2.821396591945e-03 5.317259725693e-01 7.676764446461e-01 -5.483145053113e-01 -7.737930024196e-01 5.877569386476e-03 7.046824402092e-03
5.126953100000e+01 -1.797767102914e-03 1.620284330057e-04 3.502264409185e-03 2.822018676949e-03 5.378056686307e-01 7.634341535189e-01 -5.545652411736e-01 -7.692462046287e-01 5.898779086440e-03 7.012396084944e-03
5.131835900000e+01 -1.797564060319e-03 1.620896653073e-04 3.504424824060e-03 2.822658666870e-03 5.438523021266e-01 7.591437915701e-01 -5.607774423880e-01 -7.646490012222e-01 5.919710538029e-03 6.977939045196e-03
5.136718800000e+01 -1.797362616949e-03 1.621617353950e-04 3.506579076765e-03 2.823315485130e-03 5.498656155665e-01 7.548055067322e-01 -5.669508354308e-01 -7.600016452617e-01 5.940366262296e-03 6.943453823434e-03
5.141601600000e+01 -1.797162661945e-03 1.622440791494e-04 3.508727474839e-03 2.823988052152e-03 5.558449838307e-01 7.504197173119e-01 -5.730847710241e-01 -7.553046785978e-01 5.960747492881e-03 6.908943068901e-03
5.146484400000e+01 -1.796964075881e-03 1.623361558529e-04 3.510870442691e-03 2.824675365266e-03 5.617901531198e-01 7.459865788904e-01 -5.791789827376e-01 -7.505583607825e-01 5.980856714380e-03 6.874407302045e-03
5.151367200000e+01 -1.796766747251e-03 1.624374420639e-04 3.513008345362e-03 2.825376444404e-03 5.677007476939e-01 7.415063387198e-01 -5.852330804824e-01 -7.457630487369e-01 6.000695964954e-03 6.839847739022e-03
5.156250000000e+01 -1.796570568271e-03 1.625474325595e-04 3.515141533051e-03 2.826090344566e-03 5.735763934005e-01 7.369792473514e-01 -5.912466773566e-01 -7.409191020662e-01 6.020267262458e-03 6.805265585785e-03
5.161132800000e+01 -1.796375434824e-03 1.626656399176e-04 3.517270341467e-03 2.826816155027e-03 5.794167177090e-01 7.324055586201e-01 -5.972193896615e-01 -7.360268830392e-01 6.039572604737e-03 6.770662038132e-03
5.166015600000e+01 -1.796181246407e-03 1.627915941030e-04 3.519395092164e-03 2.827552998540e-03 5.852213497445e-01 7.277855296288e-01 -6.031508369180e-01 -7.310867565672e-01 6.058613969905e-03 6.736038281766e-03
5.170898400000e+01 -1.795987906081e-03 1.629248420612e-04 3.521516092881e-03 2.828300030559e-03 5.909899203207e-01 7.231194207325e-01 -6.090406418832e-01 -7.260990901835e-01 6.077393316627e-03 6.701395492348e-03
5.175781200000e+01 -1.795795320408e-03 1.630649473157e-04 3.523633637874e-03 2.829056438466e-03 5.967220619731e-01 7.184074955220e-01 -6.148884305668e-01 -7.210642540218e-01 6.095912584395e-03 6.666734835547e-03
5.180664100000e+01 -1.795603395484e-03 1.632114926367e-04 3.525748051518e-03 2.829821456565e-03 6.024175252533e-01 7.136499229099e-01 -6.206939507056e-01 -7.159825162462e-01 6.114174065157e-03 6.632056756738e-03
5.185546900000e+01 -1.795412052585e-03 1.633640675127e-04 3.527859515491e-03 2.830594302483e-03 6.080757129500e-01 7.088471677803e-01 -6.264565970675e-01 -7.108544602778e-01 6.132178912919e-03 6.597363822179e-03
5.190429700000e+01 -1.795221204535e-03 1.635222857850e-04 3.529968328897e-03 2.831374270457e-03 6.136963799777e-01 7.039994063641e-01 -6.321761248483e-01 -7.056803603283e-01 6.149929387887e-03 6.562656457858e-03
5.195312500000e+01 -1.795030771384e-03 1.636857733855e-04 3.532074735320e-03 2.832160668096e-03 6.192791660820e-01 6.991069150278e-01 -6.378521732317e-01 -7.004605967174e-01 6.167427355524e-03 6.527935790014e-03
5.200195300000e+01 -1.794840676422e-03 1.638541708996e-04 3.534178966470e-03 2.832952831239e-03 6.248237128905e-01 6.941699732891e-01 -6.434843847360e-01 -6.951955522557e-01 6.184674663432e-03 6.493202935155e-03
5.205078100000e+01 -1.794650846118e-03 1.640271331977e-04 3.536281242493e-03 2.833750123254e-03 6.303296639431e-01 6.891888637982e-01 -6.490724052298e-01 -6.898856122225e-01 6.201673141603e-03 6.458459000111e-03
5.209960900000e+01 -1.794461210069e-03 1.642043290722e-04 3.538381772276e-03 2.834551934332e-03 6.357966647230e-01 6.841638723200e-01 -6.546158839489e-01 -6.845311643430e-01 6.218424602664e-03 6.423705082090e-03
5.214843800000e+01 -1.794271697068e-03 1.643854446276e-04 3.540480796725e-03 2.835357697342e-03 6.412244734415e-01 6.790951834669e-01 -6.601145856611e-01 -6.791324877532e-01 6.234931177669e-03 6.388941556694e-03
5.219726600000e+01 -1.794082250566e-03 1.645701680105e-04 3.542578417140e-03 2.836166821060e-03 6.466125172336e-01 6.739832967929e-01 -6.655679411558e-01 -6.736901961330e-01 6.251193969173e-03 6.354170925936e-03
5.224609400000e+01 -1.793892805340e-03 1.647582113279e-04 3.544674853433e-03 2.836978788535e-03 6.519605591556e-01 6.688284039374e-01 -6.709757229382e-01 -6.682045742936e-01 6.267215079701e-03 6.319393546590e-03
5.229492200000e+01 -1.793703302957e-03 1.649492955419e-04 3.546770272436e-03 2.837793090481e-03 6.572682527629e-01 6.636308029394e-01 -6.763375938726e-01 -6.626760195106e-01 6.282996254807e-03 6.284610477863e-03
5.234375000000e+01 -1.793513687847e-03 1.651431538041e-04 3.548864831193e-03 2.838609241104e-03 6.625352537021e-01 6.583907948588e-01 -6.816532202700e-01 -6.571049313883e-01 6.298539223853e-03 6.249822769587e-03
5.239257800000e+01 -1.793323907240e-03 1.653395311258e-04 3.550958677242e-03 2.839426777453e-03 6.677612197397e-01 6.531086837575e-01 -6.869222719046e-01 -6.514917118349e-01 6.313845700235e-03 6.215031462266e-03
5.244140600000e+01 -1.793133911119e-03 1.655381840525e-04 3.553051948889e-03 2.840245258802e-03 6.729458107905e-01 6.477847766798e-01 -6.921444220287e-01 -6.458367650384e-01 6.328917381602e-03 6.180237587131e-03
5.249023400000e+01 -1.792943652164e-03 1.657388803450e-04 3.555144775485e-03 2.841064266026e-03 6.780886889453e-01 6.424193836320e-01 -6.973193473891e-01 -6.401404974417e-01 6.343755950071e-03 6.145442166183e-03
5.253906200000e+01 -1.792753085698e-03 1.659413986642e-04 3.557237277694e-03 2.841883400994e-03 6.831895184988e-01 6.370128175635e-01 -7.024467282417e-01 -6.344033177179e-01 6.358363072443e-03 6.110646212242e-03
5.258789100000e+01 -1.792562165723e-03 1.661455324588e-04 3.559329610606e-03 2.842702302741e-03 6.882480691381e-01 6.315652823664e-01 -7.075263519042e-01 -6.286255180059e-01 6.372740692517e-03 6.075850016398e-03
5.263671900000e+01 -1.792370860510e-03 1.663510729049e-04 3.561421792607e-03 2.843520579792e-03 6.932638024471e-01 6.260773199474e-01 -7.125576976349e-01 -6.228077480247e-01 6.386889858216e-03 6.041055998501e-03
5.268554700000e+01 -1.792179129090e-03 1.665578336974e-04 3.563513962729e-03 2.844337910230e-03 6.982364935276e-01 6.205491408165e-01 -7.175405608303e-01 -6.169503050722e-01 6.400812488428e-03 6.006264431503e-03
5.273437500000e+01 -1.791986936833e-03 1.667656340623e-04 3.565606209505e-03 2.845153974021e-03 7.031658157602e-01 6.149810694913e-01 -7.224746359373e-01 -6.110536064880e-01 6.414510190746e-03 5.971476291988e-03
5.278320300000e+01 -1.791794251488e-03 1.669743026332e-04 3.567698614066e-03 2.845968469236e-03 7.080514448631e-01 6.093734333304e-01 -7.273596209878e-01 -6.051180717140e-01 6.427984558464e-03 5.936692547598e-03
5.283203100000e+01 -1.791601043132e-03 1.671836771686e-04 3.569791250390e-03 2.846781111498e-03 7.128930589179e-01 6.037265625123e-01 -7.321952176136e-01 -5.991441222679e-01 6.441237170764e-03 5.901914157085e-03
5.288085900000e+01 -1.791407284118e-03 1.673936042732e-04 3.571884185543e-03 2.847591633443e-03 7.176903383952e-01 5.980407900145e-01 -7.369811310609e-01 -5.931321817166e-01 6.454269592911e-03 5.867142070353e-03
5.292968800000e+01 -1.791212945037e-03 1.676039434365e-04 3.573977522789e-03 2.848399800714e-03 7.224430630543e-01 5.923163339650e-01 -7.417171666829e-01 -5.870825513734e-01 6.467083636638e-03 5.832376516602e-03
5.297851600000e+01 -1.791018010598e-03 1.678145495248e-04 3.576071230334e-03 2.849205345289e-03 7.271507235457e-01 5.865537673515e-01 -7.464028430083e-01 -5.809959066192e-01 6.479680315104e-03 5.797619852169e-03
5.302734400000e+01 -1.790822455696e-03 1.680252983691e-04 3.578165398778e-03 2.850008064276e-03 7.318131054493e-01 5.807533145809e-01 -7.510379737168e-01 -5.748725534963e-01 6.492061417591e-03 5.762872288636e-03
5.307617200000e+01 -1.790626261273e-03 1.682360692811e-04 3.580260069868e-03 2.850807753156e-03 7.364298990411e-01 5.749153196149e-01 -7.556222786544e-01 -5.687129234992e-01 6.504228455534e-03 5.728134740985e-03
5.312500000000e+01 -1.790429410289e-03 1.684467491040e-04 3.582355279581e-03 2.851604221868e-03 7.410007971093e-01 5.690401291078e-01 -7.601554813513e-01 -5.625174500355e-01 6.516182927354e-03 5.693408115586e-03
5.317382800000e+01 -1.790231887674e-03 1.686572319642e-04 3.584451058348e-03 2.852397294321e-03 7.455254949780e-01 5.631280923849e-01 -7.646373090363e-01 -5.562865683984e-01 6.527926318635e-03 5.658693310236e-03
5.322265600000e+01 -1.790033680276e-03 1.688674190283e-04 3.586547431261e-03 2.853186807927e-03 7.500036905315e-01 5.571795614205e-01 -7.690674926492e-01 -5.500207157388e-01 6.539460102291e-03 5.623991214210e-03
5.327148400000e+01 -1.789834776814e-03 1.690772182639e-04 3.588644418288e-03 2.853972613126e-03 7.544350842367e-01 5.511948908161e-01 -7.734457668545e-01 -5.437203310365e-01 6.550785738735e-03 5.589302708304e-03
5.332031200000e+01 -1.789635167825e-03 1.692865442063e-04 3.590742034474e-03 2.854754572940e-03 7.588193791667e-01 5.451744377787e-01 -7.777718700542e-01 -5.373858550722e-01 6.561904676040e-03 5.554628664881e-03
5.336914100000e+01 -1.789434841509e-03 1.694953219985e-04 3.592840333123e-03 2.855532578409e-03 7.631563693563e-01 5.391184377135e-01 -7.820456313870e-01 -5.310175996377e-01 6.572818571525e-03 5.519969238265e-03
5.341796900000e+01 -1.789233800103e-03 1.697034700753e-04 3.594939234096e-03 2.856306484507e-03 7.674455855137e-01 5.330275010274e-01 -7.862666217132e-01 -5.246162698757e-01 6.583528402072e-03 5.485326703724e-03
5.346679700000e+01 -1.789032035216e-03 1.699109255996e-04 3.597038781832e-03 2.857076205314e-03 7.716868279725e-01 5.269018689477e-01 -7.904346787856e-01 -5.181821817201e-01 6.594035805310e-03 5.450701198616e-03
5.351562500000e+01 -1.788829544181e-03 1.701176271318e-04 3.599138973670e-03 2.857841649776e-03 7.758798104552e-01 5.207419088815e-01 -7.945495560811e-01 -5.117157828661e-01 6.604342181556e-03 5.416093562018e-03
5.356445300000e+01 -1.788626325906e-03 1.703235187001e-04 3.601239802994e-03 2.858602737269e-03 7.800242494023e-01 5.145479907303e-01 -7.986110108753e-01 -5.052175226644e-01 6.614448919569e-03 5.381504624792e-03
5.361328100000e+01 -1.788422380833e-03 1.705285495946e-04 3.603341259420e-03 2.859359397196e-03 7.841198639930e-01 5.083204868674e-01 -8.026188042546e-01 -4.986878520917e-01 6.624357396704e-03 5.346935209638e-03
5.366210900000e+01 -1.788217710886e-03 1.707326741654e-04 3.605443328971e-03 2.860111568593e-03 7.881663761669e-01 5.020597721156e-01 -8.065727011270e-01 -4.921272237208e-01 6.634068979056e-03 5.312386131129e-03
5.371093800000e+01 -1.788012315214e-03 1.709358557766e-04 3.607546037324e-03 2.860859215006e-03 7.921635919993e-01 4.957660944986e-01 -8.104725495450e-01 -4.855359563946e-01 6.643585214504e-03 5.277857488850e-03
5.375976600000e+01 -1.787806206986e-03 1.711380499883e-04 3.609649277713e-03 2.861602262958e-03 7.961110752860e-01 4.894400914611e-01 -8.143179623547e-01 -4.789147757691e-01 6.652907057299e-03 5.243351495542e-03
5.380859400000e+01 -1.787599388101e-03 1.713392293354e-04 3.611753069478e-03 2.862340693455e-03 8.000086387415e-01 4.830820164810e-01 -8.181087964179e-01 -4.722640043489e-01 6.662036037503e-03 5.208868234319e-03
5.385742200000e+01 -1.787391865963e-03 1.715393664789e-04 3.613857385987e-03 2.863074480281e-03 8.038560155558e-01 4.766922539522e-01 -8.218448320387e-01 -4.655841007895e-01 6.670973477597e-03 5.174408487701e-03
5.390625000000e+01 -1.787183649230e-03 1.717384381964e-04 3.615962197853e-03 2.863803605002e-03 8.076529417824e-01 4.702711906045e-01 -8.255258533962e-01 -4.588755251911e-01 6.679720689497e-03 5.139973030301e-03
5.395507800000e+01 -1.786974747771e-03 1.719364252063e-04 3.618067473089e-03 2.864528056625e-03 8.113991563584e-01 4.638192154803e-01 -8.291516485543e-01 -4.521387390674e-01 6.688278974694e-03 5.105562628869e-03
5.400390600000e+01 -1.786765172625e-03 1.721333119963e-04 3.620173177262e-03 2.865247831256e-03 8.150944011244e-01 4.573367199122e-01 -8.327220094713e-01 -4.453742053148e-01 6.696649624382e-03 5.071178042336e-03
5.405273400000e+01 -1.786554935955e-03 1.723290866551e-04 3.622279273642e-03 2.865962931775e-03 8.187384208439e-01 4.508240974996e-01 -8.362367320090e-01 -4.385823881813e-01 6.704833919586e-03 5.036820021854e-03
5.410156200000e+01 -1.786344051006e-03 1.725237407094e-04 3.624385723347e-03 2.866673367512e-03 8.223309632229e-01 4.442817440858e-01 -8.396956159422e-01 -4.317637532352e-01 6.712833131289e-03 5.002489310842e-03
5.415039100000e+01 -1.786132527725e-03 1.727172729158e-04 3.626492528634e-03 2.867379168341e-03 8.258718509137e-01 4.377099228484e-01 -8.430985340825e-01 -4.249186268814e-01 6.720648678741e-03 4.968185942798e-03
5.419921900000e+01 -1.785920390057e-03 1.729096732746e-04 3.628599560444e-03 2.868080326652e-03 8.293606925281e-01 4.311093032328e-01 -8.464451546719e-01 -4.180477576139e-01 6.728281493115e-03 4.933912050851e-03
5.424804700000e+01 -1.785707649914e-03 1.731009466586e-04 3.630706817421e-03 2.868776883778e-03 8.327973177603e-01 4.244801533848e-01 -8.497353595401e-01 -4.111514748553e-01 6.735732977945e-03 4.899667652658e-03
5.429687500000e+01 -1.785494324451e-03 1.732910967884e-04 3.632814253457e-03 2.869468871792e-03 8.361814862762e-01 4.178228778910e-01 -8.529689641978e-01 -4.042302491398e-01 6.743004365268e-03 4.865453461120e-03
5.434570300000e+01 -1.785280431695e-03 1.734801300633e-04 3.634921820967e-03 2.870156327726e-03 8.395129607778e-01 4.111378834653e-01 -8.561457881096e-01 -3.972845521635e-01 6.750096877684e-03 4.831270181615e-03
5.439453100000e+01 -1.785065990508e-03 1.736680554208e-04 3.637029471014e-03 2.870839293293e-03 8.427915070223e-01 4.044255789255e-01 -8.592656547012e-01 -3.903148567524e-01 6.757011728468e-03 4.797118512039e-03
5.444335900000e+01 -1.784851020548e-03 1.738548842003e-04 3.639137153428e-03 2.871517814619e-03 8.460168938395e-01 3.976863751703e-01 -8.623283913666e-01 -3.833216368300e-01 6.763750121679e-03 4.762999142844e-03
5.449218800000e+01 -1.784635537809e-03 1.740406338028e-04 3.641244860091e-03 2.872191955743e-03 8.491889575648e-01 3.909205463250e-01 -8.653338904386e-01 -3.763052234592e-01 6.770313384905e-03 4.728912059338e-03
5.454101600000e+01 -1.784419572250e-03 1.742253123679e-04 3.643352452389e-03 2.872861743229e-03 8.523073432981e-01 3.841287845091e-01 -8.682818641615e-01 -3.692663800574e-01 6.776702435307e-03 4.694859333410e-03
5.458984400000e+01 -1.784203141274e-03 1.744089414715e-04 3.645459920316e-03 2.873527248750e-03 8.553718947054e-01 3.773113684295e-01 -8.711722140126e-01 -3.622054401884e-01 6.782918586169e-03 4.660840935009e-03
5.463867200000e+01 -1.783986267335e-03 1.745915407661e-04 3.647567209923e-03 2.874188533537e-03 8.583823930858e-01 3.704687170708e-01 -8.740047833232e-01 -3.551228818431e-01 6.788963005794e-03 4.626857525239e-03
5.468750000000e+01 -1.783768973491e-03 1.747731316766e-04 3.649674266583e-03 2.874845661992e-03 8.613386228996e-01 3.636012513801e-01 -8.767794194240e-01 -3.480191839476e-01 6.794836853808e-03 4.592909757968e-03
5.473632800000e+01 -1.783551283370e-03 1.749537372849e-04 3.651781035097e-03 2.875498701467e-03 8.642403717849e-01 3.567093942428e-01 -8.794959736500e-01 -3.408948263309e-01 6.800541281261e-03 4.558998279873e-03
5.478515600000e+01 -1.783333221136e-03 1.751333822182e-04 3.653887459792e-03 2.876147722034e-03 8.670874305749e-01 3.497935704587e-01 -8.821543013453e-01 -3.337502896918e-01 6.806077430732e-03 4.525123730475e-03
5.483398400000e+01 -1.783114811447e-03 1.753120925401e-04 3.655993484616e-03 2.876792796281e-03 8.698795933148e-01 3.428542067185e-01 -8.847542618678e-01 -3.265860555657e-01 6.811446436425e-03 4.491286742185e-03
5.488281200000e+01 -1.782896079427e-03 1.754898956452e-04 3.658099053230e-03 2.877433999093e-03 8.726166572781e-01 3.358917315790e-01 -8.872957185937e-01 -3.194026062923e-01 6.816649424264e-03 4.457487940338e-03
5.493164100000e+01 -1.782677046141e-03 1.756668237717e-04 3.660204152203e-03 2.878071420475e-03 8.752984773384e-01 3.289064321541e-01 -8.897785891682e-01 -3.122002772925e-01 6.821687613492e-03 4.423727252237e-03
5.498046900000e+01 -1.782457746508e-03 1.758428994263e-04 3.662308638664e-03 2.878705113215e-03 8.779247474272e-01 3.218990267816e-01 -8.922026433168e-01 -3.049798474249e-01 6.826561907423e-03 4.390006672019e-03
5.502929700000e+01 -1.782238202359e-03 1.760181570286e-04 3.664412499057e-03 2.879335171015e-03 8.804953300918e-01 3.148698066478e-01 -8.945678079422e-01 -2.977416539316e-01 6.831273512580e-03 4.356326112242e-03
5.507812500000e+01 -1.782018440335e-03 1.761926283066e-04 3.666515676761e-03 2.879961676019e-03 8.830100356838e-01 3.078192075344e-01 -8.968739625302e-01 -2.904861820368e-01 6.835823522718e-03 4.322686170357e-03
5.512695300000e+01 -1.781798487377e-03 1.763663458398e-04 3.668618115288e-03 2.880584711724e-03 8.854686778645e-01 3.007476669685e-01 -8.991209906015e-01 -2.832139176032e-01 6.840213023775e-03 4.289087436945e-03
5.517578100000e+01 -1.781578370691e-03 1.765393429719e-04 3.670719758355e-03 2.881204362814e-03 8.878710736208e-01 2.936556241982e-01 -9.013087797144e-01 -2.759253470984e-01 6.844443093961e-03 4.255530495755e-03
5.522460900000e+01 -1.781358117722e-03 1.767116537269e-04 3.672820549958e-03 2.881820714990e-03 8.902170432810e-01 2.865435201682e-01 -9.034372214668e-01 -2.686209575613e-01 6.848514803846e-03 4.222015923746e-03
5.527343800000e+01 -1.781137751606e-03 1.768833162375e-04 3.674920477438e-03 2.882433867336e-03 8.925064568356e-01 2.794116512391e-01 -9.055062532613e-01 -2.613010865074e-01 6.852429295008e-03 4.188543606065e-03
5.532226600000e+01 -1.780917309197e-03 1.770543586178e-04 3.677019399540e-03 2.883043882003e-03 8.947390475665e-01 2.722607537987e-01 -9.075156900322e-01 -2.539665218438e-01 6.856187462672e-03 4.155115477216e-03
5.537109400000e+01 -1.780696813955e-03 1.772248199803e-04 3.679117304516e-03 2.883650859401e-03 8.969146933853e-01 2.650911278748e-01 -9.094654784876e-01 -2.466176023712e-01 6.859790436761e-03 4.121731408077e-03
5.541992200000e+01 -1.780476293974e-03 1.773947362882e-04 3.681214138145e-03 2.884254887761e-03 8.990332281399e-01 2.579032209517e-01 -9.113555263982e-01 -2.392548170812e-01 6.863239258118e-03 4.088391948833e-03
5.546875000000e+01 -1.780255777439e-03 1.775641438079e-04 3.683309846802e-03 2.884856055587e-03 9.010944890961e-01 2.506974820866e-01 -9.131857455798e-01 -2.318786553703e-01 6.866534960354e-03 4.055097643076e-03
5.551757800000e+01 -1.780035292598e-03 1.777330790409e-04 3.685404377517e-03 2.885454451524e-03 9.030983169526e-01 2.434743618847e-01 -9.149560518938e-01 -2.244896070058e-01 6.869678569931e-03 4.021849027841e-03
5.556640600000e+01 -1.779814867734e-03 1.779015786597e-04 3.687497678032e-03 2.886050164231e-03 9.050445558557e-01 2.362343124740e-01 -9.166663652468e-01 -2.170881620932e-01 6.872671106234e-03 3.988646633647e-03
5.561523400000e+01 -1.779594531145e-03 1.780696794450e-04 3.689589696846e-03 2.886643282255e-03 9.069330534141e-01 2.289777874803e-01 -9.183166095901e-01 -2.096748110420e-01 6.875513581650e-03 3.955490984535e-03
5.566406200000e+01 -1.779374311110e-03 1.782374182259e-04 3.691680383267e-03 2.887233893918e-03 9.087636607132e-01 2.217052420017e-01 -9.199067129190e-01 -2.022500445328e-01 6.878207001643e-03 3.922382598106e-03
5.571289100000e+01 -1.779154231367e-03 1.784048352484e-04 3.693769730234e-03 2.887822099222e-03 9.105362680373e-01 2.144169831666e-01 -9.214366379870e-01 -1.948142010916e-01 6.880752415445e-03 3.889321308972e-03
5.576171900000e+01 -1.778934329107e-03 1.785719604123e-04 3.695857603231e-03 2.888407961606e-03 9.122506608618e-01 2.071137674716e-01 -9.229062582082e-01 -1.873680764158e-01 6.883150710649e-03 3.856308976148e-03
5.581054700000e+01 -1.778714627909e-03 1.787388337895e-04 3.697943997066e-03 2.888991580120e-03 9.139067376866e-01 1.997959051772e-01 -9.243155456508e-01 -1.799120096250e-01 6.885402926021e-03 3.823345420575e-03
5.585937500000e+01 -1.778495155752e-03 1.789054918530e-04 3.700028864723e-03 2.889573041091e-03 9.155043636484e-01 1.924638570172e-01 -9.256644444717e-01 -1.724464921496e-01 6.887510040048e-03 3.790431134485e-03
5.590820300000e+01 -1.778275940480e-03 1.790719708610e-04 3.702112160205e-03 2.890152430101e-03 9.170434074319e-01 1.851180850705e-01 -9.269529028632e-01 -1.649720155240e-01 6.889473024648e-03 3.757566603864e-03
5.595703100000e+01 -1.778057009779e-03 1.792383068106e-04 3.704193838566e-03 2.890729831895e-03 9.185237412838e-01 1.777590527351e-01 -9.281808730497e-01 -1.574890713536e-01 6.891292845237e-03 3.724752308486e-03
5.600585900000e+01 -1.777838391160e-03 1.794045353945e-04 3.706273855948e-03 2.891305330299e-03 9.199452410261e-01 1.703872247020e-01 -9.293483112852e-01 -1.499981512813e-01 6.892970460792e-03 3.691988721957e-03
5.605468800000e+01 -1.777620107466e-03 1.795706953613e-04 3.708352212153e-03 2.891879019865e-03 9.213078133709e-01 1.630029155782e-01 -9.304551998978e-01 -1.424995933136e-01 6.894506853948e-03 3.659275642327e-03
5.610351600000e+01 -1.777402194730e-03 1.797368148661e-04 3.710428780455e-03 2.892450958838e-03 9.226112855202e-01 1.556068950267e-01 -9.315014578521e-01 -1.349941962128e-01 6.895902908092e-03 3.626614870883e-03
5.615234400000e+01 -1.777184675332e-03 1.799029318494e-04 3.712503563008e-03 2.893021239573e-03 9.238555726135e-01 1.481994803579e-01 -9.324870767580e-01 -1.274822980434e-01 6.897159596190e-03 3.594006192471e-03
5.620117200000e+01 -1.776967575865e-03 1.800690803891e-04 3.714576520584e-03 2.893589941435e-03 9.250405649105e-01 1.407811411738e-01 -9.334120289504e-01 -1.199643902676e-01 6.898277852119e-03 3.561450056393e-03
5.625000000000e+01 -1.776750922647e-03 1.802352940704e-04 3.716647615171e-03 2.894157142501e-03 9.261661563133e-01 1.333523482381e-01 -9.342762907738e-01 -1.124409642200e-01 6.899258603636e-03 3.528946905967e-03
5.629882800000e+01 -1.776534741700e-03 1.804016059539e-04 3.718716809999e-03 2.894722919500e-03 9.272322443796e-01 1.259135734496e-01 -9.350798425772e-01 -1.049125110746e-01 6.900102772435e-03 3.496497178571e-03
5.634765600000e+01 -1.776319058735e-03 1.805680485460e-04 3.720784069554e-03 2.895287347752e-03 9.282387303353e-01 1.184652898158e-01 -9.358226687090e-01 -9.737952181207e-02 6.900811274213e-03 3.464101305673e-03
5.639648400000e+01 -1.776103899130e-03 1.807346537702e-04 3.722849359600e-03 2.895850501113e-03 9.291855190878e-01 1.110079714254e-01 -9.365047575111e-01 -8.984248718701e-02 6.901385018720e-03 3.431759712873e-03
5.644531200000e+01 -1.775889287920e-03 1.809014529415e-04 3.724912647193e-03 2.896412451931e-03 9.300725192380e-01 1.035420934217e-01 -9.371261013136e-01 -8.230189769529e-02 6.901824909821e-03 3.399472819937e-03
5.649414100000e+01 -1.775675245398e-03 1.810684801639e-04 3.726973942886e-03 2.896973282465e-03 9.308996594191e-01 9.606797882880e-02 -9.376867072872e-01 -7.475808901905e-02 6.902131850484e-03 3.367240381295e-03
5.654296900000e+01 -1.775461804627e-03 1.812357586213e-04 3.729033131924e-03 2.897533038928e-03 9.316668217765e-01 8.858641096001e-02 -9.381865527570e-01 -6.721186003635e-02 6.902306720412e-03 3.335064125385e-03
5.659179700000e+01 -1.775248985119e-03 1.814033210781e-04 3.731090227547e-03 2.898091800355e-03 9.323739436204e-01 8.109771497295e-02 -9.386256540816e-01 -5.966354580722e-02 6.902350413790e-03 3.302943794022e-03
5.664062500000e+01 -1.775036810370e-03 1.815711961829e-04 3.733145202093e-03 2.898649632603e-03 9.330209484507e-01 7.360236995642e-02 -9.390040194784e-01 -5.211363546799e-02 6.902263811493e-03 3.270879784014e-03
5.668945300000e+01 -1.774825303454e-03 1.817394118682e-04 3.735198029242e-03 2.899206599812e-03 9.336077635226e-01 6.610085591677e-02 -9.393216611184e-01 -4.456261773448e-02 6.902047788782e-03 3.238872486519e-03
5.673828100000e+01 -1.774614487015e-03 1.819079953334e-04 3.737248684023e-03 2.899762764376e-03 9.341343198582e-01 5.859365375003e-02 -9.395785951194e-01 -3.701098086984e-02 6.901703215354e-03 3.206922287083e-03
5.678710900000e+01 -1.774404383247e-03 1.820769730299e-04 3.739297142815e-03 2.900318186916e-03 9.346005522582e-01 5.108124521402e-02 -9.397748415375e-01 -2.945921265271e-02 6.901230955396e-03 3.175029565677e-03
5.683593800000e+01 -1.774195009609e-03 1.822463741207e-04 3.741343425236e-03 2.900872937602e-03 9.350064070063e-01 4.356395890382e-02 -9.399104265150e-01 -2.190764569890e-02 6.900631854072e-03 3.143194045349e-03
5.688476600000e+01 -1.773986395945e-03 1.824162165823e-04 3.743387426561e-03 2.901427050711e-03 9.353518098707e-01 3.604258612706e-02 -9.399853724071e-01 -1.435707603742e-02 6.899906789248e-03 3.111417398996e-03
5.693359400000e+01 -1.773778558748e-03 1.825865280084e-04 3.745429169163e-03 2.901980592763e-03 9.356367159872e-01 2.851745715307e-02 -9.399997144326e-01 -6.807835143952e-03 6.899056597902e-03 3.079699337508e-03
5.698242200000e+01 -1.773571518313e-03 1.827573317324e-04 3.747468634837e-03 2.902533617052e-03 9.358610753852e-01 2.098905690414e-02 -9.399534883166e-01 7.395914584181e-04 6.898082122668e-03 3.048040218917e-03
5.703125000000e+01 -1.773365294436e-03 1.829286502833e-04 3.749505806730e-03 2.903086174998e-03 9.360248419293e-01 1.345787102232e-02 -9.398467336783e-01 8.284718889165e-03 6.896984200912e-03 3.016440395864e-03
5.708007800000e+01 -1.773159906401e-03 1.831005053786e-04 3.751540669332e-03 2.903638316132e-03 9.361279733302e-01 5.924385840548e-03 -9.396794940217e-01 1.582706294155e-02 6.895763664777e-03 2.984900215630e-03
5.712890600000e+01 -1.772955372973e-03 1.832729179180e-04 3.753573208475e-03 2.904190088094e-03 9.361704311547e-01 -1.610911646378e-03 -9.394518167258e-01 2.336614011369e-02 6.894421341230e-03 2.953420020173e-03
5.717773400000e+01 -1.772751712390e-03 1.834459079783e-04 3.755603411322e-03 2.904741536619e-03 9.361521808372e-01 -9.147533810943e-03 -9.391637530339e-01 3.090146763952e-02 6.892958052103e-03 2.922000146163e-03
5.722656200000e+01 -1.772548942351e-03 1.836194948096e-04 3.757631266361e-03 2.905292705532e-03 9.360731916891e-01 -1.668499242226e-02 -9.388153580434e-01 3.843256351959e-02 6.891374614144e-03 2.890640925023e-03
5.727539100000e+01 -1.772347075888e-03 1.837937004067e-04 3.759656804855e-03 2.905843648033e-03 9.359334334254e-01 -2.422295305043e-02 -9.384066817088e-01 4.595910064088e-02 6.889671802961e-03 2.859342042592e-03
5.732421900000e+01 -1.772146137877e-03 1.839685352235e-04 3.761679934949e-03 2.906394381561e-03 9.357328888670e-01 -3.176061758878e-02 -9.379378035431e-01 5.348029033936e-02 6.887850495013e-03 2.828105101880e-03
5.737304700000e+01 -1.771946140222e-03 1.841440195784e-04 3.763700690554e-03 2.906944955499e-03 9.354715367789e-01 -3.929765054663e-02 -9.374087823878e-01 6.099580728940e-02 6.885911458382e-03 2.796929777151e-03
5.742187500000e+01 -1.771747098411e-03 1.843201693962e-04 3.765719065356e-03 2.907495406038e-03 9.351493620830e-01 -4.683356157611e-02 -9.368196886464e-01 6.850517286309e-02 6.883855489885e-03 2.765816379172e-03
5.747070300000e+01 -1.771549027359e-03 1.844969997709e-04 3.767735054309e-03 2.908045767467e-03 9.347663536283e-01 -5.436785987504e-02 -9.361705965197e-01 7.600790935090e-02 6.881683381461e-03 2.734765213638e-03
5.751953100000e+01 -1.771351941411e-03 1.846745249676e-04 3.769748653624e-03 2.908596072185e-03 9.343225041997e-01 -6.190005421728e-02 -9.354615839942e-01 8.350353999159e-02 6.879395920209e-03 2.703776581203e-03
5.756835900000e+01 -1.771155854332e-03 1.848527584254e-04 3.771759860748e-03 2.909146350705e-03 9.338178105275e-01 -6.942965298313e-02 -9.346927328294e-01 9.099158900192e-02 6.876993888428e-03 2.672850777516e-03
5.761718800000e+01 -1.770960775318e-03 1.850317164336e-04 3.773768715471e-03 2.909696642939e-03 9.332522610911e-01 -7.695631829844e-02 -9.338641109643e-01 9.847173471110e-02 6.874478010973e-03 2.641987461835e-03
5.766601600000e+01 -1.770766724957e-03 1.852114034614e-04 3.775775135388e-03 2.910246953128e-03 9.326258837027e-01 -8.447924955351e-02 -9.329758416080e-01 1.059431969911e-01 6.871849163721e-03 2.611188184047e-03
5.771484400000e+01 -1.770573711249e-03 1.853918341530e-04 3.777779162733e-03 2.910797317478e-03 9.319386760227e-01 -9.199810830933e-02 -9.320280014047e-01 1.134056564440e-01 6.869108064439e-03 2.580452592278e-03
5.776367200000e+01 -1.770381745607e-03 1.855730186885e-04 3.779780799743e-03 2.911347759091e-03 9.311906506505e-01 -9.951240168030e-02 -9.310206870784e-01 1.208586414926e-01 6.866255476610e-03 2.549780962503e-03
5.781250000000e+01 -1.770190838852e-03 1.857549664484e-04 3.781780049807e-03 2.911898299260e-03 9.303818241739e-01 -1.070216365423e-01 -9.299539990605e-01 1.283016816836e-01 6.863292159101e-03 2.519173565867e-03
5.786132800000e+01 -1.770001001205e-03 1.859376860210e-04 3.783776917445e-03 2.912448957482e-03 9.295122171767e-01 -1.145253195639e-01 -9.288280414766e-01 1.357343077166e-01 6.860218866204e-03 2.488630668716e-03
5.791015600000e+01 -1.769812242290e-03 1.861211852105e-04 3.785771408286e-03 2.912999751479e-03 9.285818542471e-01 -1.220229572385e-01 -9.276429221322e-01 1.431560514725e-01 6.857036347671e-03 2.458152532633e-03
5.795898400000e+01 -1.769624571131e-03 1.863054710454e-04 3.787763529051e-03 2.913550697220e-03 9.275907639846e-01 -1.295140559157e-01 -9.263987524984e-01 1.505664460416e-01 6.853745348744e-03 2.427739414470e-03
5.800781200000e+01 -1.769437996152e-03 1.864905497885e-04 3.789753287526e-03 2.914101808943e-03 9.265389790076e-01 -1.369981218337e-01 -9.250956476973e-01 1.579650257522e-01 6.850346610193e-03 2.397391566387e-03
5.805664100000e+01 -1.769252521389e-03 1.866764307611e-04 3.791740733223e-03 2.914653110473e-03 9.254265125570e-01 -1.444748141904e-01 -9.237336979939e-01 1.653514773412e-01 6.846840795462e-03 2.367108616367e-03
5.810546900000e+01 -1.769068161662e-03 1.868631111100e-04 3.793725794590e-03 2.915204590078e-03 9.242534508768e-01 -1.519433328493e-01 -9.223130815550e-01 1.727250351445e-01 6.843228780082e-03 2.336892047650e-03
5.815429700000e+01 -1.768884919784e-03 1.870505986593e-04 3.795708523208e-03 2.915756268240e-03 9.230198165223e-01 -1.594033371059e-01 -9.208338970767e-01 1.800853887697e-01 6.839511220900e-03 2.306741477656e-03
5.820312500000e+01 -1.768702801779e-03 1.872388967111e-04 3.797688930904e-03 2.916308152524e-03 9.217256582567e-01 -1.668543330754e-01 -9.192962741365e-01 1.874320777739e-01 6.835688841125e-03 2.276657140097e-03
5.825195300000e+01 -1.768521813073e-03 1.874280078555e-04 3.799667030454e-03 2.916860248890e-03 9.203710288956e-01 -1.742958269239e-01 -9.177003458873e-01 1.947646430896e-01 6.831762359654e-03 2.246639264161e-03
5.830078100000e+01 -1.768341958494e-03 1.876179339833e-04 3.801642835562e-03 2.917412561730e-03 9.189559853128e-01 -1.817273249015e-01 -9.160462490416e-01 2.020826270521e-01 6.827732491108e-03 2.216688074540e-03
5.834960900000e+01 -1.768163242277e-03 1.878086762986e-04 3.803616360830e-03 2.917965093890e-03 9.174805884459e-01 -1.891483333753e-01 -9.143341238552e-01 2.093855734261e-01 6.823599945856e-03 2.186803791466e-03
5.839843800000e+01 -1.767985664440e-03 1.880002392632e-04 3.805587662083e-03 2.918517858026e-03 9.159448712343e-01 -1.965585105052e-01 -9.125640772699e-01 2.166731765178e-01 6.819365342287e-03 2.156986020775e-03
5.844726600000e+01 -1.767809235310e-03 1.881926149010e-04 3.807556674903e-03 2.919070831352e-03 9.143489656627e-01 -2.039570594691e-01 -9.107363290823e-01 2.239446845278e-01 6.815029555821e-03 2.127236195198e-03
5.849609400000e+01 -1.767633953704e-03 1.883858063504e-04 3.809523456833e-03 2.919624023588e-03 9.126929140586e-01 -2.113436390585e-01 -9.088509944236e-01 2.311997950754e-01 6.810593198579e-03 2.097553910436e-03
5.854492200000e+01 -1.767459821507e-03 1.885798122024e-04 3.811488025813e-03 2.920177431722e-03 9.109767936677e-01 -2.187177564447e-01 -9.069082275599e-01 2.384380579068e-01 6.806056964233e-03 2.067939369212e-03
5.859375000000e+01 -1.767286840022e-03 1.887746304301e-04 3.813450400555e-03 2.920731051355e-03 9.092006858241e-01 -2.260789190845e-01 -9.049081862182e-01 2.456590243285e-01 6.801421542351e-03 2.038392769950e-03
5.864257800000e+01 -1.767115009977e-03 1.889702584032e-04 3.815410600511e-03 2.921284876741e-03 9.073646759550e-01 -2.334266347545e-01 -9.028510315686e-01 2.528622472329e-01 6.796687618426e-03 2.008914306812e-03
5.869140600000e+01 -1.766944331531e-03 1.891666929025e-04 3.817368645845e-03 2.921838900817e-03 9.054688535842e-01 -2.407604115855e-01 -9.007369282075e-01 2.600472811239e-01 6.791855873903e-03 1.979504169730e-03
5.874023400000e+01 -1.766774804273e-03 1.893639301354e-04 3.819324557411e-03 2.922393115238e-03 9.035133123355e-01 -2.480797580968e-01 -8.985660441396e-01 2.672136821414e-01 6.786926986207e-03 1.950162544438e-03
5.878906200000e+01 -1.766606427233e-03 1.895619657510e-04 3.821278356719e-03 2.922947510414e-03 9.014981499367e-01 -2.553841832310e-01 -8.963385507605e-01 2.743610080869e-01 6.781901628770e-03 1.920889612503e-03
5.883789100000e+01 -1.766439195471e-03 1.897607989355e-04 3.823230105862e-03 2.923502086904e-03 8.994234251235e-01 -2.626733455070e-01 -8.940545754869e-01 2.814889642229e-01 6.776780365198e-03 1.891684953964e-03
5.888671900000e+01 -1.766273113758e-03 1.899604161239e-04 3.825179747642e-03 2.924056810017e-03 8.972893288204e-01 -2.699464562512e-01 -8.917143899953e-01 2.885968197842e-01 6.771564070787e-03 1.862549938358e-03
5.893554700000e+01 -1.766108176032e-03 1.901608154475e-04 3.827127345373e-03 2.924611677995e-03 8.950959292024e-01 -2.772031753244e-01 -8.893181295478e-01 2.956842838828e-01 6.766253303240e-03 1.833484136142e-03
5.898437500000e+01 -1.765944379133e-03 1.903619904782e-04 3.829072922921e-03 2.925166676623e-03 8.928433404385e-01 -2.844430137115e-01 -8.868659789226e-01 3.027509212106e-01 6.760848720271e-03 1.804487712542e-03
5.903320300000e+01 -1.765781719364e-03 1.905639343082e-04 3.831016504674e-03 2.925721790619e-03 8.905316808136e-01 -2.916654829963e-01 -8.843581261976e-01 3.097962982421e-01 6.755350975730e-03 1.775560828776e-03
5.908203100000e+01 -1.765620192502e-03 1.907666395663e-04 3.832958115507e-03 2.926277003674e-03 8.881610727298e-01 -2.988700953968e-01 -8.817947627315e-01 3.168199832583e-01 6.749760719623e-03 1.746703642091e-03
5.913085900000e+01 -1.765459793808e-03 1.909700984335e-04 3.834897780762e-03 2.926832298487e-03 8.857316427074e-01 -3.060563638010e-01 -8.791760831452e-01 3.238215463699e-01 6.744078598139e-03 1.717916305788e-03
5.917968800000e+01 -1.765300514775e-03 1.911743068495e-04 3.836835565878e-03 2.927387668175e-03 8.832434698290e-01 -3.132239483959e-01 -8.765022299798e-01 3.308007022375e-01 6.738305134504e-03 1.689198381846e-03
5.922851600000e+01 -1.765142356169e-03 1.913792477847e-04 3.838771417667e-03 2.927943070818e-03 8.806967907703e-01 -3.203720699296e-01 -8.737735138456e-01 3.377567388325e-01 6.732441203830e-03 1.660551192043e-03
5.927734400000e+01 -1.764985308460e-03 1.915849163496e-04 3.840705402393e-03 2.928498497735e-03 8.780916940543e-01 -3.275003904990e-01 -8.709900848393e-01 3.446893750565e-01 6.726487323686e-03 1.631974289194e-03
5.932617200000e+01 -1.764829364901e-03 1.917913030976e-04 3.842637546967e-03 2.929053928030e-03 8.754283226804e-01 -3.346084260311e-01 -8.681521504382e-01 3.515981885693e-01 6.720444125226e-03 1.603467811144e-03
5.937500000000e+01 -1.764674518263e-03 1.919983982155e-04 3.844567878623e-03 2.929609340000e-03 8.727068237674e-01 -3.416956933033e-01 -8.652599212853e-01 3.584827589745e-01 6.714312235897e-03 1.575031891954e-03
5.942382800000e+01 -1.764520760844e-03 1.922061915402e-04 3.846496424890e-03 2.930164711174e-03 8.699273485529e-01 -3.487617099793e-01 -8.623136111691e-01 3.653426678411e-01 6.708092279467e-03 1.546666661927e-03
5.947265600000e+01 -1.764368084476e-03 1.924146725743e-04 3.848423213565e-03 2.930720018350e-03 8.670900523919e-01 -3.558059946463e-01 -8.593134370044e-01 3.721774987260e-01 6.701784876048e-03 1.518372247644e-03
5.952148400000e+01 -1.764216480534e-03 1.926238305023e-04 3.850348272686e-03 2.931275237629e-03 8.641950947554e-01 -3.628280668514e-01 -8.562596188113e-01 3.789868371951e-01 6.695390642112e-03 1.490148771990e-03
5.957031200000e+01 -1.764065939944e-03 1.928336542071e-04 3.852271630503e-03 2.931830344455e-03 8.612426392286e-01 -3.698274471383e-01 -8.531523796962e-01 3.857702708450e-01 6.688910190515e-03 1.461996354188e-03
5.961914100000e+01 -1.763916450145e-03 1.930441366024e-04 3.854193354795e-03 2.932385325017e-03 8.582327912825e-01 -3.768037997168e-01 -8.499918805616e-01 3.925275274381e-01 6.682343995175e-03 1.433914535452e-03
5.966796900000e+01 -1.763768007315e-03 1.932552573934e-04 3.856113395446e-03 2.932940130819e-03 8.551658460078e-01 -3.837563614806e-01 -8.467784800799e-01 3.992579219161e-01 6.675692930735e-03 1.405904577981e-03
5.971679700000e+01 -1.763620598020e-03 1.934670089561e-04 3.858031820560e-03 2.933494746917e-03 8.520419182641e-01 -3.906847992971e-01 -8.435123463105e-01 4.059611867511e-01 6.668957465732e-03 1.377966014356e-03
5.976562500000e+01 -1.763474211484e-03 1.936793791235e-04 3.859948658975e-03 2.934049146488e-03 8.488611880681e-01 -3.975886380667e-01 -8.401937144989e-01 4.126369178717e-01 6.662138198763e-03 1.350098949451e-03
5.981445300000e+01 -1.763328836529e-03 1.938923555057e-04 3.861863939610e-03 2.934603302229e-03 8.456238395361e-01 -4.044674038720e-01 -8.368228228738e-01 4.192847133412e-01 6.655235724917e-03 1.322303484625e-03
5.986328100000e+01 -1.763184461587e-03 1.941059255045e-04 3.863777691439e-03 2.935157186396e-03 8.423300608803e-01 -4.113206240149e-01 -8.333999126261e-01 4.259041733772e-01 6.648250635783e-03 1.294579717757e-03
5.991210900000e+01 -1.763041074706e-03 1.943200763289e-04 3.865689943466e-03 2.935710770838e-03 8.389800444040e-01 -4.181478270542e-01 -8.299252278885e-01 4.324949003716e-01 6.641183519477e-03 1.266927743274e-03
5.996093800000e+01 -1.762898660654e-03 1.945347994135e-04 3.867600763818e-03 2.936264038358e-03 8.355739161682e-01 -4.249486818478e-01 -8.263989429710e-01 4.390566329912e-01 6.634034813428e-03 1.239347088074e-03
6.000976600000e+01 -1.762757212576e-03 1.947500728316e-04 3.869510103219e-03 2.936816937434e-03 8.321120161601e-01 -4.317224410150e-01 -8.228214522642e-01 4.455887092644e-01 6.626805391673e-03 1.211838969453e-03
6.005859400000e+01 -1.762616714508e-03 1.949658876952e-04 3.871418029761e-03 2.937369450231e-03 8.285944797436e-01 -4.384687766626e-01 -8.191929369083e-01 4.520908729046e-01 6.619495686445e-03 1.184402906080e-03
6.010742200000e+01 -1.762477153066e-03 1.951822305909e-04 3.873324572320e-03 2.937921547314e-03 8.250215155356e-01 -4.451872227530e-01 -8.155136525904e-01 4.585627351945e-01 6.612106272149e-03 1.157038978867e-03
6.015625000000e+01 -1.762338514539e-03 1.953990879859e-04 3.875229759679e-03 2.938473199007e-03 8.213933362164e-01 -4.518773146938e-01 -8.117838578327e-01 4.650039096873e-01 6.604637719804e-03 1.129747265422e-03
6.020507800000e+01 -1.762200784891e-03 1.956164462420e-04 3.877133620508e-03 2.939024375429e-03 8.177101585233e-01 -4.585385893753e-01 -8.080038139714e-01 4.714140122248e-01 6.597090597069e-03 1.102527840078e-03
6.025390600000e+01 -1.762063949778e-03 1.958342916300e-04 3.879036183335e-03 2.939575046526e-03 8.139722032430e-01 -4.651705852091e-01 -8.041737851346e-01 4.777926609555e-01 6.589465468254e-03 1.075380773919e-03
6.030273400000e+01 -1.761927994554e-03 1.960526103425e-04 3.880937476529e-03 2.940125182104e-03 8.101796952047e-01 -4.717728421653e-01 -8.002940382209e-01 4.841394763531e-01 6.581762894339e-03 1.048306134812e-03
6.035156200000e+01 -1.761792904285e-03 1.962713885083e-04 3.882837528274e-03 2.940674751856e-03 8.063328632715e-01 -4.783449018108e-01 -7.963648428775e-01 4.904540812338e-01 6.573983432994e-03 1.021303987436e-03
6.040039100000e+01 -1.761658661017e-03 1.964906166991e-04 3.884736405426e-03 2.941223736633e-03 8.024318598893e-01 -4.848864409987e-01 -7.923863894995e-01 4.967362290942e-01 6.566127476928e-03 9.943738425315e-04
6.044921900000e+01 -1.761525254768e-03 1.967102719746e-04 3.886634057963e-03 2.941772083514e-03 7.984770817507e-01 -4.913967366590e-01 -7.883591161249e-01 5.029852901701e-01 6.558195899020e-03 9.675168615247e-04
6.049804700000e+01 -1.761392667043e-03 1.969303448342e-04 3.888530552290e-03 2.942319773291e-03 7.944686904320e-01 -4.978754696607e-01 -7.842832195407e-01 5.092010234021e-01 6.550189086998e-03 9.407325474348e-04
6.054687500000e+01 -1.761260881858e-03 1.971508212793e-04 3.890425915645e-03 2.942866775519e-03 7.904069308462e-01 -5.043221883381e-01 -7.801589801695e-01 5.153830611511e-01 6.542107585450e-03 9.140209524687e-04
6.059570300000e+01 -1.761129882995e-03 1.973716873104e-04 3.892320174978e-03 2.943413059788e-03 7.862920518946e-01 -5.107364428122e-01 -7.759866810722e-01 5.215310382070e-01 6.533951935738e-03 8.873821257865e-04
6.064453100000e+01 -1.760999654012e-03 1.975929289397e-04 3.894213356930e-03 2.943958595754e-03 7.821243064566e-01 -5.171177850292e-01 -7.717666079261e-01 5.276445918045e-01 6.525722676008e-03 8.608161135293e-04
6.069335900000e+01 -1.760870178254e-03 1.978145322022e-04 3.896105487817e-03 2.944503353165e-03 7.779039513788e-01 -5.234657687981e-01 -7.674990490028e-01 5.337233616395e-01 6.517420341213e-03 8.343229588474e-04
6.074218800000e+01 -1.760741436235e-03 1.980364877166e-04 3.897996632328e-03 2.945047313019e-03 7.736311594242e-01 -5.297800787950e-01 -7.631842062976e-01 5.397671132970e-01 6.509045290865e-03 8.079021615867e-04
6.079101600000e+01 -1.760613416180e-03 1.982587725068e-04 3.899886738609e-03 2.945590423049e-03 7.693063703550e-01 -5.360600140324e-01 -7.588225499410e-01 5.457752438898e-01 6.500598396612e-03 7.815548411763e-04
6.083984400000e+01 -1.760486098219e-03 1.984813772866e-04 3.901775870627e-03 2.946132664585e-03 7.649297658802e-01 -5.423052637994e-01 -7.544142879682e-01 5.517475247282e-01 6.492080013131e-03 7.552804901258e-04
6.088867200000e+01 -1.760359464954e-03 1.987042882950e-04 3.903664053207e-03 2.946674008007e-03 7.605016185988e-01 -5.485153897382e-01 -7.499597188029e-01 5.576836055115e-01 6.483490662741e-03 7.290791398996e-04
6.093750000000e+01 -1.760233498834e-03 1.989274918487e-04 3.905551310760e-03 2.947214423913e-03 7.560222050166e-01 -5.546899555442e-01 -7.454591433508e-01 5.635831384786e-01 6.474830864642e-03 7.029508191094e-04
6.098632800000e+01 -1.760108182158e-03 1.991509743517e-04 3.907437667267e-03 2.947753883143e-03 7.514918055327e-01 -5.608285270038e-01 -7.409128649765e-01 5.694457784227e-01 6.466101134925e-03 6.768955535413e-04
6.103515600000e+01 -1.759983497091e-03 1.993747223054e-04 3.909323146261e-03 2.948292356806e-03 7.469107044258e-01 -5.669306720328e-01 -7.363211894812e-01 5.752711827060e-01 6.457301986594e-03 6.509133661835e-04
6.108398400000e+01 -1.759859425674e-03 1.995987223181e-04 3.911207770811e-03 2.948829816297e-03 7.422791898399e-01 -5.729959607137e-01 -7.316844250800e-01 5.810590112741e-01 6.448433929576e-03 6.250042772528e-04
6.113281200000e+01 -1.759735949832e-03 1.998229611141e-04 3.913091563510e-03 2.949366233322e-03 7.375975537697e-01 -5.790239653340e-01 -7.270028823789e-01 5.868089266705e-01 6.439497470736e-03 5.991683042217e-04
6.118164100000e+01 -1.759613048881e-03 2.000474301417e-04 3.914974585018e-03 2.949901590871e-03 7.328659946367e-01 -5.850143827160e-01 -7.222767771102e-01 5.925207106323e-01 6.430492928791e-03 5.734049349701e-04
6.123046900000e+01 -1.759490709585e-03 2.002721071893e-04 3.916856779803e-03 2.950435839403e-03 7.280850058974e-01 -5.909665442996e-01 -7.175066181767e-01 5.981937969846e-01 6.421421173353e-03 5.477152368112e-04
6.127929700000e+01 -1.759368911075e-03 2.004969839762e-04 3.918738207518e-03 2.950968962652e-03 7.232547946148e-01 -5.968801522820e-01 -7.126926268862e-01 6.038279735164e-01 6.412282518473e-03 5.220986907721e-04
6.132812500000e+01 -1.759247634934e-03 2.007220477768e-04 3.920618888711e-03 2.951500933768e-03 7.183756680308e-01 -6.027547881463e-01 -7.078351231807e-01 6.094229133017e-01 6.403077458910e-03 4.965553036151e-04
6.137695300000e+01 -1.759126862685e-03 2.009472860229e-04 3.922498843388e-03 2.952031726306e-03 7.134479371581e-01 -6.085900357689e-01 -7.029344292789e-01 6.149782920806e-01 6.393806486434e-03 4.710850794916e-04
6.142578100000e+01 -1.759006575802e-03 2.011726863115e-04 3.924378091001e-03 2.952561314250e-03 7.084719167628e-01 -6.143854814558e-01 -6.979908696533e-01 6.204937882726e-01 6.384470089834e-03 4.456880199675e-04
6.147460900000e+01 -1.758886755724e-03 2.013982364117e-04 3.926256650436e-03 2.953089672025e-03 7.034479253469e-01 -6.201407139807e-01 -6.930047710073e-01 6.259690829892e-01 6.375068754936e-03 4.203641240500e-04
6.152343800000e+01 -1.758767381421e-03 2.016239288949e-04 3.928134578457e-03 2.953616785297e-03 6.983761807764e-01 -6.258554412387e-01 -6.879763588418e-01 6.314039709342e-01 6.365602770099e-03 3.951128718257e-04
6.157226600000e+01 -1.758648439175e-03 2.018497426504e-04 3.930011815869e-03 2.954142607834e-03 6.932572167105e-01 -6.315290229716e-01 -6.829061702186e-01 6.367979160265e-01 6.356073002987e-03 3.699352915343e-04
6.162109400000e+01 -1.758529907925e-03 2.020756706244e-04 3.931888418269e-03 2.954667126293e-03 6.880912593666e-01 -6.371611730306e-01 -6.777944358460e-01 6.421507192496e-01 6.346479737410e-03 3.448308567756e-04
6.166992200000e+01 -1.758411769063e-03 2.023017013400e-04 3.933764402182e-03 2.955190317025e-03 6.828786420038e-01 -6.427514904294e-01 -6.726414911204e-01 6.474620726076e-01 6.336823447466e-03 3.197995565792e-04
6.171875000000e+01 -1.758294003995e-03 2.025278235241e-04 3.935639783521e-03 2.955712156900e-03 6.776197015212e-01 -6.482995768337e-01 -6.674476735535e-01 6.527316708578e-01 6.327104604357e-03 2.948413775447e-04
6.176757800000e+01 -1.758176594152e-03 2.027540261121e-04 3.937514577577e-03 2.956232623316e-03 6.723147784384e-01 -6.538050365977e-01 -6.622133227491e-01 6.579592115223e-01 6.317323676394e-03 2.699563038666e-04
6.181640600000e+01 -1.758059521000e-03 2.029802982535e-04 3.939388799015e-03 2.956751694217e-03 6.669642168743e-01 -6.592674768005e-01 -6.569387803809e-01 6.631443948995e-01 6.307481129019e-03 2.451443173600e-04
6.186523400000e+01 -1.757942766049e-03 2.032066293167e-04 3.941262461865e-03 2.957269348096e-03 6.615683645258e-01 -6.646865072825e-01 -6.516243901682e-01 6.682869240751e-01 6.297577424808e-03 2.204053974854e-04
6.191406200000e+01 -1.757826310863e-03 2.034330088933e-04 3.943135579515e-03 2.957785564016e-03 6.561275726464e-01 -6.700617406812e-01 -6.462704978536e-01 6.733865049330e-01 6.287613023491e-03 1.957395213741e-04
6.196289100000e+01 -1.757710134695e-03 2.036594314399e-04 3.945008203053e-03 2.958300332138e-03 6.506420832293e-01 -6.753929011925e-01 -6.408773403312e-01 6.784429492759e-01 6.277588176041e-03 1.711461609374e-04
6.201171900000e+01 -1.757594224006e-03 2.038858777329e-04 3.946880267866e-03 2.958813611600e-03 6.451124792621e-01 -6.806793887892e-01 -6.354454882257e-01 6.834557615036e-01 6.267503747145e-03 1.466262960481e-04
6.206054700000e+01 -1.757478558199e-03 2.041123426951e-04 3.948751823745e-03 2.959325393772e-03 6.395390106480e-01 -6.859209343497e-01 -6.299751831597e-01 6.884247599574e-01 6.257359983368e-03 1.221793925875e-04
6.210937500000e+01 -1.757363119154e-03 2.043388168513e-04 3.950622881462e-03 2.959835660072e-03 6.339220426416e-01 -6.911171620581e-01 -6.244667787363e-01 6.933496618209e-01 6.247157333165e-03 9.780541861769e-05
6.215820300000e+01 -1.757247888852e-03 2.045652909679e-04 3.952493451122e-03 2.960344392524e-03 6.282619439390e-01 -6.962676990738e-01 -6.189206304659e-01 6.982301871282e-01 6.236896242203e-03 7.350433999425e-05
6.220703100000e+01 -1.757132849383e-03 2.047917560564e-04 3.954363542166e-03 2.960851573773e-03 6.225590866539e-01 -7.013721755665e-01 -6.133370957427e-01 7.030660587737e-01 6.226577153373e-03 4.927612039146e-05
6.225585900000e+01 -1.757017982961e-03 2.050182033752e-04 3.956233163361e-03 2.961357187085e-03 6.168138462929e-01 -7.064302247508e-01 -6.077165338221e-01 7.078570025219e-01 6.216200506799e-03 2.512072132607e-05
6.230468800000e+01 -1.756903269579e-03 2.052446290698e-04 3.958102361080e-03 2.961861226660e-03 6.110264827798e-01 -7.114415850700e-01 -6.020591895637e-01 7.126028437447e-01 6.205766525587e-03 1.037609713236e-06
6.235351600000e+01 -1.756788696414e-03 2.054710156259e-04 3.959971066181e-03 2.962363656384e-03 6.051976153839e-01 -7.164056906649e-01 -5.963656576019e-01 7.173031195839e-01 6.195276071744e-03 -2.297227074714e-05
6.240234400000e+01 -1.756674243739e-03 2.056973596948e-04 3.961839323694e-03 2.962864471763e-03 5.993275115439e-01 -7.213222872030e-01 -5.906361871498e-01 7.219576621263e-01 6.184729364070e-03 -4.690945882496e-05
6.245117200000e+01 -1.756559894335e-03 2.059236535457e-04 3.963707139688e-03 2.963363658608e-03 5.934165600831e-01 -7.261910204233e-01 -5.848711446746e-01 7.265662087087e-01 6.174126831746e-03 -7.077400139349e-05
6.250000000000e+01 -1.756445631145e-03 2.061498897046e-04 3.965574519553e-03 2.963861203377e-03 5.874651530878e-01 -7.310115392803e-01 -5.790708983890e-01 7.311284995831e-01 6.163468901246e-03 -9.456594736418e-05
6.254882800000e+01 -1.756331437281e-03 2.063760609549e-04 3.967441468003e-03 2.964357093175e-03 5.814736858805e-01 -7.357834959782e-01 -5.732358182274e-01 7.356442779253e-01 6.152755996349e-03 -1.182853476632e-04
6.259765600000e+01 -1.756217296038e-03 2.066021603390e-04 3.969307989075e-03 2.964851315760e-03 5.754425569921e-01 -7.405065460037e-01 -5.673662758235e-01 7.401132898435e-01 6.141988538147e-03 -1.419322552080e-04
6.264648400000e+01 -1.756103190895e-03 2.068281811583e-04 3.971174086134e-03 2.965343859542e-03 5.693721681343e-01 -7.451803481594e-01 -5.614626444868e-01 7.445352843859e-01 6.131166945061e-03 -1.655067248841e-04
6.269531200000e+01 -1.755989105526e-03 2.070541169739e-04 3.973039761867e-03 2.965834713585e-03 5.632629241709e-01 -7.498045645960e-01 -5.555252991794e-01 7.489100135492e-01 6.120291632846e-03 -1.890088135220e-04
6.274414100000e+01 -1.755875021472e-03 2.072799662311e-04 3.974905056488e-03 2.966323877608e-03 5.571151067929e-01 -7.543789540138e-01 -5.495544938748e-01 7.532373204198e-01 6.109362790246e-03 -2.124390589769e-04
6.279296900000e+01 -1.755760927490e-03 2.075057137601e-04 3.976769894945e-03 2.966811321949e-03 5.509293788991e-01 -7.589029979883e-01 -5.435508513378e-01 7.575167856667e-01 6.098381275368e-03 -2.357965622155e-04
6.284179700000e+01 -1.755646805546e-03 2.077313585274e-04 3.978634316126e-03 2.967297047669e-03 5.447060291226e-01 -7.633764631037e-01 -5.375146294112e-01 7.617482592869e-01 6.087347272773e-03 -2.590818663489e-04
6.289062500000e+01 -1.755532640166e-03 2.079568951323e-04 3.980498320049e-03 2.967781046449e-03 5.384454746442e-01 -7.677990252268e-01 -5.314462094382e-01 7.659315051466e-01 6.076261187674e-03 -2.822950357586e-04
6.293945300000e+01 -1.755418416106e-03 2.081823184327e-04 3.982361906076e-03 2.968263310620e-03 5.321481356490e-01 -7.721703637324e-01 -5.253459742996e-01 7.700662900977e-01 6.065123422678e-03 -3.054361366570e-04
6.298828100000e+01 -1.755304118359e-03 2.084076235438e-04 3.984225072912e-03 2.968743833163e-03 5.258144352955e-01 -7.764901615346e-01 -5.192143083911e-01 7.741523839846e-01 6.053934377792e-03 -3.285052370653e-04
6.303710900000e+01 -1.755189732161e-03 2.086328058372e-04 3.986087818613e-03 2.969222607705e-03 5.194447996848e-01 -7.807581051174e-01 -5.130515976005e-01 7.781895596511e-01 6.042694450436e-03 -3.515024067911e-04
6.308593800000e+01 -1.755075240652e-03 2.088578655476e-04 3.987950178724e-03 2.969699638268e-03 5.130395262906e-01 -7.849739703686e-01 -5.068581021324e-01 7.821776741170e-01 6.031403803712e-03 -3.744281861825e-04
6.313476600000e+01 -1.754960634263e-03 2.090827893370e-04 3.989812073736e-03 2.970174900226e-03 5.065993093666e-01 -7.891372783193e-01 -5.006344644772e-01 7.861163428904e-01 6.020063292360e-03 -3.972817095316e-04
6.318359400000e+01 -1.754845896653e-03 2.093075779483e-04 3.991673537929e-03 2.970648398913e-03 5.001244528351e-01 -7.932478132201e-01 -4.943809483329e-01 7.900054300309e-01 6.008673075388e-03 -4.200635221198e-04
6.323242200000e+01 -1.754731014094e-03 2.095322277639e-04 3.993534566811e-03 2.971120130508e-03 4.936153942483e-01 -7.973052761367e-01 -4.880979453261e-01 7.938447204436e-01 5.997233539972e-03 -4.427737006797e-04
6.328125000000e+01 -1.754615973128e-03 2.097567354148e-04 3.995395155269e-03 2.971590091818e-03 4.870725739395e-01 -8.013093718545e-01 -4.817858484607e-01 7.976340020644e-01 5.985745070752e-03 -4.654123236207e-04
6.333007800000e+01 -1.754500760579e-03 2.099810977775e-04 3.997255297575e-03 2.972058280270e-03 4.804964349897e-01 -8.052598089069e-01 -4.754450520959e-01 8.013730658656e-01 5.974208049844e-03 -4.879794710075e-04
6.337890600000e+01 -1.754385363550e-03 2.102053119723e-04 3.999114987394e-03 2.972524693909e-03 4.738874231944e-01 -8.091562996042e-01 -4.690759519228e-01 8.050617058614e-01 5.962622856849e-03 -5.104752245381e-04
6.342773400000e+01 -1.754269769437e-03 2.104293753607e-04 4.000974217791e-03 2.972989331388e-03 4.672459870291e-01 -8.129985600615e-01 -4.626789449423e-01 8.086997191135e-01 5.950989868861e-03 -5.328996675232e-04
6.347656200000e+01 -1.754153965925e-03 2.106532855424e-04 4.002832981241e-03 2.973452191963e-03 4.605725776148e-01 -8.167863102270e-01 -4.562544294420e-01 8.122869057363e-01 5.939309460482e-03 -5.552528848645e-04
6.352539100000e+01 -1.754037938623e-03 2.108770449338e-04 4.004691307684e-03 2.973913284914e-03 4.538675110470e-01 -8.205193497977e-01 -4.498026725694e-01 8.158231407993e-01 5.927581763170e-03 -5.775354186440e-04
6.357421900000e+01 -1.753921680568e-03 2.111006424380e-04 4.006549112321e-03 2.974372591795e-03 4.471315182762e-01 -8.241972535625e-01 -4.433243393842e-01 8.193080856928e-01 5.915807626934e-03 -5.997464442078e-04
6.362304700000e+01 -1.753805177981e-03 2.113240809369e-04 4.008406423964e-03 2.974830123092e-03 4.403649211550e-01 -8.278198301452e-01 -4.368197000457e-01 8.227416226639e-01 5.903987179250e-03 -6.218865081713e-04
6.367187500000e+01 -1.753688419765e-03 2.115473589546e-04 4.010263232805e-03 2.975285880402e-03 4.335681810370e-01 -8.313868150975e-01 -4.302891577635e-01 8.261235640880e-01 5.892120784844e-03 -6.439557015910e-04
6.372070300000e+01 -1.753571395141e-03 2.117704752381e-04 4.012119528488e-03 2.975739865888e-03 4.267417617445e-01 -8.348979479377e-01 -4.237331169211e-01 8.294537254177e-01 5.880208805994e-03 -6.659541170101e-04
6.376953100000e+01 -1.753454093643e-03 2.119934287540e-04 4.013975300122e-03 2.976192082268e-03 4.198861295321e-01 -8.383529721769e-01 -4.171519830541e-01 8.327319251868e-01 5.868251602543e-03 -6.878818484384e-04
6.381835900000e+01 -1.753336505131e-03 2.122162186848e-04 4.015830536287e-03 2.976642532808e-03 4.130017530501e-01 -8.417516353443e-01 -4.105461628272e-01 8.359579850147e-01 5.856249531911e-03 -7.097389913314e-04
6.386718800000e+01 -1.753218617369e-03 2.124388489829e-04 4.017685263023e-03 2.977091230485e-03 4.060889614500e-01 -8.450937568759e-01 -4.039159279817e-01 8.391317940720e-01 5.844202701933e-03 -7.315260880410e-04
6.391601600000e+01 -1.753100425697e-03 2.126613101326e-04 4.019539391921e-03 2.977538161252e-03 3.991485112130e-01 -8.483789555162e-01 -3.972619589508e-01 8.422530501618e-01 5.832111958643e-03 -7.532423444722e-04
6.396484400000e+01 -1.752981918544e-03 2.128836065024e-04 4.021392948029e-03 2.977983339168e-03 3.921807366698e-01 -8.516070600226e-01 -3.905845301159e-01 8.453216497190e-01 5.819977405984e-03 -7.748883072105e-04
6.401367200000e+01 -1.752863087085e-03 2.131057381004e-04 4.023245917926e-03 2.978426769595e-03 3.851861156805e-01 -8.547778342416e-01 -3.838840524366e-01 8.483374267450e-01 5.807799391771e-03 -7.964640772938e-04
6.406250000000e+01 -1.752743922830e-03 2.133277051305e-04 4.025098287714e-03 2.978868458391e-03 3.781651283130e-01 -8.578910461590e-01 -3.771609378904e-01 8.513002183458e-01 5.795578261446e-03 -8.179697571059e-04
6.411132800000e+01 -1.752624417628e-03 2.135495079892e-04 4.026950043036e-03 2.979308411902e-03 3.711182568044e-01 -8.609464679221e-01 -3.704155994508e-01 8.542098647355e-01 5.783314358082e-03 -8.394054503564e-04
6.416015600000e+01 -1.752504563667e-03 2.137711472606e-04 4.028801169084e-03 2.979746636951e-03 3.640459855220e-01 -8.639438758625e-01 -3.636484510653e-01 8.570662092395e-01 5.771008022394e-03 -8.607712620617e-04
6.420898400000e+01 -1.752384353477e-03 2.139926237121e-04 4.030651650613e-03 2.980183140827e-03 3.569488009250e-01 -8.668830505186e-01 -3.568599076333e-01 8.598690982975e-01 5.758659592752e-03 -8.820672985252e-04
6.425781200000e+01 -1.752263779934e-03 2.142139382903e-04 4.032501471952e-03 2.980617931275e-03 3.498271915245e-01 -8.697637766568e-01 -3.500503849838e-01 8.626183814667e-01 5.746269405184e-03 -9.032936673180e-04
6.430664100000e+01 -1.752142833775e-03 2.144350966437e-04 4.034350654879e-03 2.981051025331e-03 3.426815012615e-01 -8.725859004872e-01 -3.432201597660e-01 8.653139660776e-01 5.733837538371e-03 -9.244509098410e-04
6.435546900000e+01 -1.752021513521e-03 2.146560910047e-04 4.036199107168e-03 2.981482413874e-03 3.355125153233e-01 -8.753490997008e-01 -3.363699293713e-01 8.679555975190e-01 5.721364832900e-03 -9.455382695601e-04
6.440429700000e+01 -1.751899810613e-03 2.148769273603e-04 4.038046849825e-03 2.981912114828e-03 3.283205820417e-01 -8.780532302726e-01 -3.294999726158e-01 8.705431904725e-01 5.708851363667e-03 -9.665562917396e-04
6.445312500000e+01 -1.751777719315e-03 2.150976073273e-04 4.039893865600e-03 2.982340137637e-03 3.211061977386e-01 -8.806980940912e-01 -3.226107088294e-01 8.730766069919e-01 5.696297457444e-03 -9.875050888308e-04
6.450195300000e+01 -1.751655234237e-03 2.153181326781e-04 4.041740136885e-03 2.982766492141e-03 3.138698605881e-01 -8.832834973759e-01 -3.157025581629e-01 8.755557122618e-01 5.683703438711e-03 -1.008384774458e-03
6.455078100000e+01 -1.751532350342e-03 2.155385053363e-04 4.043585645720e-03 2.983191188562e-03 3.066120705750e-01 -8.858092506957e-01 -3.087759415657e-01 8.779803745989e-01 5.671069629667e-03 -1.029195463400e-03
6.459960900000e+01 -1.751409062944e-03 2.157587273719e-04 4.045430373810e-03 2.983614237492e-03 2.993333294549e-01 -8.882751689882e-01 -3.018312807649e-01 8.803504654550e-01 5.658396350240e-03 -1.049937271571e-03
6.464843800000e+01 -1.751285365168e-03 2.159788055017e-04 4.047274340294e-03 2.984035658495e-03 2.920339910180e-01 -8.906811202349e-01 -2.948688554776e-01 8.826659062766e-01 5.645683657341e-03 -1.070610738684e-03
6.469726600000e+01 -1.751161258094e-03 2.161987330590e-04 4.049117450720e-03 2.984455445606e-03 2.847148594205e-01 -8.930268296160e-01 -2.878893741039e-01 8.849264799496e-01 5.632932387089e-03 -1.091215136102e-03
6.474609400000e+01 -1.751036735559e-03 2.164185170320e-04 4.050959723639e-03 2.984873619101e-03 2.773762921998e-01 -8.953121751710e-01 -2.808931181643e-01 8.871321153208e-01 5.620142592697e-03 -1.111751007126e-03
6.479492200000e+01 -1.750911794277e-03 2.166381600265e-04 4.052801139550e-03 2.985290190927e-03 2.700187977775e-01 -8.975369894900e-01 -2.738805122797e-01 8.892826963989e-01 5.607314585095e-03 -1.132218472031e-03
6.484375000000e+01 -1.750786431312e-03 2.168576647702e-04 4.054641678684e-03 2.985705173338e-03 2.626428861375e-01 -8.997011096191e-01 -2.668519817409e-01 8.913781103359e-01 5.594448672986e-03 -1.152617652135e-03
6.489257800000e+01 -1.750660644077e-03 2.170770341075e-04 4.056481321018e-03 2.986118578881e-03 2.552490687830e-01 -9.018043770758e-01 -2.598079524868e-01 8.934182474284e-01 5.581545162855e-03 -1.172948669786e-03
6.494140600000e+01 -1.750534430334e-03 2.172962709945e-04 4.058320046291e-03 2.986530420385e-03 2.478378586948e-01 -9.038466378646e-01 -2.527488510840e-01 8.954030011192e-01 5.568604358982e-03 -1.193211648341e-03
6.499023400000e+01 -1.750407788191e-03 2.175153784941e-04 4.060157834015e-03 2.986940710946e-03 2.404097702883e-01 -9.058277424927e-01 -2.456751047046e-01 8.973322679976e-01 5.555626563447e-03 -1.213406712147e-03
6.503906200000e+01 -1.750280716103e-03 2.177343597711e-04 4.061994663492e-03 2.987349463912e-03 2.329653193709e-01 -9.077475459841e-01 -2.385871411059e-01 8.992059478016e-01 5.542612076138e-03 -1.233533986526e-03
6.508789100000e+01 -1.750153210251e-03 2.179532225680e-04 4.063830551413e-03 2.987756701200e-03 2.255048701528e-01 -9.096059453233e-01 -2.314852430260e-01 9.010239800797e-01 5.529560927112e-03 -1.253594007889e-03
6.513671900000e+01 -1.750025275000e-03 2.181719612739e-04 4.065665401502e-03 2.988162419949e-03 2.180292466796e-01 -9.114027284898e-01 -2.243701302239e-01 9.027861964015e-01 5.516473946479e-03 -1.273586081813e-03
6.518554700000e+01 -1.749896907226e-03 2.183905838126e-04 4.067499230121e-03 2.988566642547e-03 2.105388160494e-01 -9.131378028310e-01 -2.172420867798e-01 9.044925437576e-01 5.503351160701e-03 -1.293510747955e-03
6.523437500000e+01 -1.749768106749e-03 2.186090937063e-04 4.069332015864e-03 2.988969383230e-03 2.030340992062e-01 -9.148110415768e-01 -2.101015425791e-01 9.061429344863e-01 5.490192861002e-03 -1.313368135362e-03
6.528320300000e+01 -1.749638873729e-03 2.188274945544e-04 4.071163737190e-03 2.989370656421e-03 1.955156182697e-01 -9.164223225401e-01 -2.029489279865e-01 9.077372840777e-01 5.476999336459e-03 -1.333158373971e-03
6.533203100000e+01 -1.749509208658e-03 2.190457900284e-04 4.072994372427e-03 2.989770476719e-03 1.879838964913e-01 -9.179715281295e-01 -1.957846738254e-01 9.092755111740e-01 5.463770874016e-03 -1.352881594591e-03
6.538085900000e+01 -1.749379112364e-03 2.192639838670e-04 4.074823899795e-03 2.990168858885e-03 1.804394582108e-01 -9.194585453599e-01 -1.886092113573e-01 9.107575375695e-01 5.450507758488e-03 -1.372537928885e-03
6.542968800000e+01 -1.749248583325e-03 2.194820843371e-04 4.076652334845e-03 2.990565825944e-03 1.728826739306e-01 -9.208832944037e-01 -1.814228249786e-01 9.121833168341e-01 5.437209999892e-03 -1.392127909869e-03
6.547851600000e+01 -1.749117628370e-03 2.197000863643e-04 4.078479580723e-03 2.990961376683e-03 1.653143795639e-01 -9.222456131632e-01 -1.742262411203e-01 9.135527186674e-01 5.423878423489e-03 -1.411650868479e-03
6.552734400000e+01 -1.748986246640e-03 2.199179983278e-04 4.080305652852e-03 2.991355534415e-03 1.577349478135e-01 -9.235454323539e-01 -1.670197451674e-01 9.148657040976e-01 5.410513035788e-03 -1.431107340725e-03
6.557617200000e+01 -1.748854440262e-03 2.201358241875e-04 4.082130529142e-03 2.991748314418e-03 1.501449069309e-01 -9.247826575219e-01 -1.598037699252e-01 9.161222075299e-01 5.397114113189e-03 -1.450497461527e-03
6.562500000000e+01 -1.748722211685e-03 2.203535679464e-04 4.083954187462e-03 2.992139732071e-03 1.425447860348e-01 -9.259571988702e-01 -1.525787485335e-01 9.173221665215e-01 5.383681930013e-03 -1.469821366579e-03
6.567382800000e+01 -1.748589563673e-03 2.205712336465e-04 4.085776605652e-03 2.992529802833e-03 1.349351150666e-01 -9.270689712664e-01 -1.453451144462e-01 9.184655217818e-01 5.370216758505e-03 -1.489079192335e-03
6.572265600000e+01 -1.748456499299e-03 2.207888253638e-04 4.087597761539e-03 2.992918542239e-03 1.273164247462e-01 -9.281178942516e-01 -1.381033014104e-01 9.195522171718e-01 5.356718868849e-03 -1.508271075986e-03
6.577148400000e+01 -1.748323021947e-03 2.210063472042e-04 4.089417632950e-03 2.993305965881e-03 1.196892465266e-01 -9.291038920473e-01 -1.308537434463e-01 9.205821997040e-01 5.343188529171e-03 -1.527397155454e-03
6.582031200000e+01 -1.748189135303e-03 2.212238032985e-04 4.091236197726e-03 2.993692089398e-03 1.120541125498e-01 -9.300268935628e-01 -1.235968748269e-01 9.215554195413e-01 5.329626005554e-03 -1.546457569368e-03
6.586914100000e+01 -1.748054840602e-03 2.214412022498e-04 4.093053470937e-03 2.994076936334e-03 1.044113990098e-01 -9.308868493671e-01 -1.163329812279e-01 9.224718481827e-01 5.316031283302e-03 -1.565452845399e-03
6.591796900000e+01 -1.747920147627e-03 2.216585393217e-04 4.094869356057e-03 2.994460506624e-03 9.676195234063e-02 -9.316836625400e-01 -1.090627948978e-01 9.233314045534e-01 5.302405181266e-03 -1.584382345522e-03
6.596679700000e+01 -1.747785058212e-03 2.218758231468e-04 4.096683868280e-03 2.994842823869e-03 8.910615003613e-02 -9.324172943495e-01 -1.017866020525e-01 9.241340676144e-01 5.288747681353e-03 -1.603246600090e-03
6.601562500000e+01 -1.747649577220e-03 2.220930579128e-04 4.098496985635e-03 2.995223903775e-03 8.144452654510e-02 -9.330876925171e-01 -9.450483777255e-02 9.248798001238e-01 5.275059041549e-03 -1.622045750422e-03
6.606445300000e+01 -1.747513709801e-03 2.223102478109e-04 4.100308686235e-03 2.995603762037e-03 7.377761678065e-02 -9.336948094801e-01 -8.721793729010e-02 9.255685679864e-01 5.261339517839e-03 -1.640779938468e-03
6.611328100000e+01 -1.747377461386e-03 2.225273970320e-04 4.102118948283e-03 2.995982414321e-03 6.610595607515e-02 -9.342386023961e-01 -7.992633596854e-02 9.262003402524e-01 5.247589364213e-03 -1.659449306796e-03
6.616210900000e+01 -1.747240837678e-03 2.227445097619e-04 4.103927750092e-03 2.996359876260e-03 5.843008013514e-02 -9.347190331464e-01 -7.263046928264e-02 9.267750891165e-01 5.233808832677e-03 -1.678053998581e-03
6.621093800000e+01 -1.747103841842e-03 2.229615946239e-04 4.105735107092e-03 2.996736171133e-03 5.075036768454e-02 -9.351360762309e-01 -6.533062326412e-02 9.272927999343e-01 5.219997890114e-03 -1.696594536627e-03
6.625976600000e+01 -1.746966485731e-03 2.231786468916e-04 4.107540923818e-03 2.997111299054e-03 4.306766960748e-02 -9.354896859055e-01 -5.802753255425e-02 9.277534299798e-01 5.206157350276e-03 -1.715070305867e-03
6.630859400000e+01 -1.746828773044e-03 2.233956751601e-04 4.109345216007e-03 2.997485283196e-03 3.538236522053e-02 -9.357798474305e-01 -5.072148338162e-02 9.281569720594e-01 5.192287176736e-03 -1.733481831560e-03
6.635742200000e+01 -1.746690710537e-03 2.236126835582e-04 4.111147962526e-03 2.997858138935e-03 2.769499127578e-02 -9.360065416100e-01 -4.341291146686e-02 9.285034109315e-01 5.178387613650e-03 -1.751829259148e-03
6.640625000000e+01 -1.746552305220e-03 2.238296761913e-04 4.112949142409e-03 2.998229881557e-03 2.000608467389e-02 -9.361697539830e-01 -3.610225254245e-02 9.287927344920e-01 5.164458903234e-03 -1.770112734603e-03
6.645507800000e+01 -1.746413564344e-03 2.240466571376e-04 4.114748734873e-03 2.998600526244e-03 1.231618241890e-02 -9.362694748245e-01 -2.878994233289e-02 9.290249337722e-01 5.150501285772e-03 -1.788332404413e-03
6.650390600000e+01 -1.746274495403e-03 2.242636304446e-04 4.116546719329e-03 2.998970088069e-03 4.625821573137e-03 -9.363056991456e-01 -2.147641653504e-02 9.292000029374e-01 5.136514999626e-03 -1.806488415571e-03
6.655273400000e+01 -1.746135106126e-03 2.244806001255e-04 4.118343075390e-03 2.999338581982e-03 -3.064460787910e-03 -9.362784266936e-01 -1.416211079838e-02 9.293179392851e-01 5.122500281242e-03 -1.824580915557e-03
6.660156200000e+01 -1.745995404471e-03 2.246975701565e-04 4.120137782888e-03 2.999706022800e-03 -1.075412762067e-02 -9.361876619511e-01 -6.847460705376e-03 9.293787432428e-01 5.108457365161e-03 -1.842610052324e-03
6.665039100000e+01 -1.745855395749e-03 2.249145489165e-04 4.121930858587e-03 3.000072432697e-03 -1.844279940428e-02 -9.360334103261e-01 4.672480467356e-04 9.293824178571e-01 5.094386195570e-03 -1.860576341585e-03
6.669921900000e+01 -1.745715094094e-03 2.251315314102e-04 4.123722209340e-03 3.000437811192e-03 -2.612962436264e-02 -9.358156920865e-01 7.781280455715e-03 9.293289696598e-01 5.080287579573e-03 -1.878479196319e-03
6.674804700000e+01 -1.745574505256e-03 2.253485259258e-04 4.125511852435e-03 3.000802180167e-03 -3.381422329299e-02 -9.355345234040e-01 1.509435106251e-02 9.292184091178e-01 5.066161458160e-03 -1.896319134412e-03
6.679687500000e+01 -1.745433638052e-03 2.255655362585e-04 4.127299768680e-03 3.001165553823e-03 -4.149605972972e-02 -9.351899276870e-01 2.240602474827e-02 9.290507491601e-01 5.052008058333e-03 -1.914096305579e-03
6.684570300000e+01 -1.745292501505e-03 2.257825661508e-04 4.129085939154e-03 3.001527946182e-03 -4.917459746403e-02 -9.347819330694e-01 2.971586655876e-02 9.288260058353e-01 5.037827605237e-03 -1.931810859943e-03
6.689453100000e+01 -1.745151104829e-03 2.259996192900e-04 4.130870345218e-03 3.001889371081e-03 -5.684930058878e-02 -9.343105724065e-01 3.702344172373e-02 9.285441983096e-01 5.023620322159e-03 -1.949462948020e-03
6.694335900000e+01 -1.745009457429e-03 2.262166993050e-04 4.132652968524e-03 3.002249842165e-03 -6.451963354329e-02 -9.337758832715e-01 4.432831567635e-02 9.282053488647e-01 5.009386430541e-03 -1.967052720704e-03
6.699218800000e+01 -1.744867565985e-03 2.264338142113e-04 4.134433827477e-03 3.002609380228e-03 -7.218521809249e-02 -9.331778950565e-01 5.163020357740e-02 9.278094742038e-01 4.995125857672e-03 -1.984580687591e-03
6.704101600000e+01 -1.744725446073e-03 2.266509586215e-04 4.136212831400e-03 3.002967983778e-03 -7.984520551676e-02 -9.325166792501e-01 5.892837223739e-02 9.273566190471e-01 4.980839405436e-03 -2.002046282367e-03
6.708984400000e+01 -1.744583104725e-03 2.268681404217e-04 4.137989999366e-03 3.003325673201e-03 -8.749921860309e-02 -9.317922759518e-01 6.622253738906e-02 9.268468074835e-01 4.966526998009e-03 -2.019450016591e-03
6.713867200000e+01 -1.744440552042e-03 2.270853629840e-04 4.139765314289e-03 3.003682461290e-03 -9.514672362280e-02 -9.310047415566e-01 7.351226547207e-02 9.262800742308e-01 4.952188849542e-03 -2.036792042551e-03
6.718750000000e+01 -1.744297798283e-03 2.273026296109e-04 4.141538759420e-03 3.004038360603e-03 -1.027871874164e-01 -9.301541371506e-01 8.079712322580e-02 9.256564571093e-01 4.937825172380e-03 -2.054072512848e-03
6.723632800000e+01 -1.744154853858e-03 2.275199435326e-04 4.143310318360e-03 3.004393383464e-03 -1.104200774379e-01 -9.292405285042e-01 8.807667770846e-02 9.249759970390e-01 4.923436177076e-03 -2.071291580387e-03
6.728515600000e+01 -1.744011729325e-03 2.277373079053e-04 4.145079975062e-03 3.004747541949e-03 -1.180448617989e-01 -9.282639860648e-01 9.535049631629e-02 9.242387380371e-01 4.909022072398e-03 -2.088449398366e-03
6.733398400000e+01 -1.743868435380e-03 2.279547258093e-04 4.146847713844e-03 3.005100847885e-03 -1.256610093125e-01 -9.272245849489e-01 1.026181468026e-01 9.234447272145e-01 4.894583065338e-03 -2.105546120257e-03
6.738281200000e+01 -1.743724982852e-03 2.281722002473e-04 4.148613519396e-03 3.005453312841e-03 -1.332679895379e-01 -9.261224049346e-01 1.098791972969e-01 9.225940147735e-01 4.880119361119e-03 -2.122581899801e-03
6.743164100000e+01 -1.743581379756e-03 2.283897385982e-04 4.150377412891e-03 3.005804955317e-03 -1.408654283133e-01 -9.249575059545e-01 1.171333648116e-01 9.216866348419e-01 4.865630866237e-03 -2.139557238020e-03
6.748046900000e+01 -1.743437643049e-03 2.286073347940e-04 4.152139307535e-03 3.006155771951e-03 -1.484524856259e-01 -9.237300247977e-01 1.243799211529e-01 9.207226809618e-01 4.851118375847e-03 -2.156471593855e-03
6.752929700000e+01 -1.743293780983e-03 2.288249960488e-04 4.153899225322e-03 3.006505780716e-03 -1.560287892280e-01 -9.224400319580e-01 1.316185843291e-01 9.197021945878e-01 4.836581793450e-03 -2.173325470043e-03
6.757812500000e+01 -1.743149804856e-03 2.290427250384e-04 4.155657152502e-03 3.006854992101e-03 -1.635938120985e-01 -9.210876257684e-01 1.388489241647e-01 9.186252382561e-01 4.822021317286e-03 -2.190119021268e-03
6.762695300000e+01 -1.743005726065e-03 2.292605243532e-04 4.157413075733e-03 3.007203416309e-03 -1.711470281799e-01 -9.196729091756e-01 1.460705109550e-01 9.174918775786e-01 4.807437143866e-03 -2.206852402420e-03
6.767578100000e+01 -1.742861556104e-03 2.294783964972e-04 4.159166982084e-03 3.007551063258e-03 -1.786879124214e-01 -9.181959897299e-01 1.532829154856e-01 9.163021812393e-01 4.792829467985e-03 -2.223525768585e-03
6.772460900000e+01 -1.742717306553e-03 2.296963438869e-04 4.160918859048e-03 3.007897942572e-03 -1.862159408223e-01 -9.166569795733e-01 1.604857090509e-01 9.150562209913e-01 4.778198482732e-03 -2.240139275030e-03
6.777343800000e+01 -1.742572986118e-03 2.299143733161e-04 4.162668730357e-03 3.008244070662e-03 -1.937307442341e-01 -9.150559620060e-01 1.676786106754e-01 9.137540444099e-01 4.763544079141e-03 -2.256693415607e-03
6.782226600000e+01 -1.742428612447e-03 2.301324780928e-04 4.164416512684e-03 3.008589442381e-03 -2.012314930746e-01 -9.133931238974e-01 1.748608981047e-01 9.123957827132e-01 4.748867047147e-03 -2.273187667875e-03
6.787109400000e+01 -1.742284194389e-03 2.303506648294e-04 4.166162230673e-03 3.008934073551e-03 -2.087178207884e-01 -9.116685589395e-01 1.820322916856e-01 9.109814907472e-01 4.734167274882e-03 -2.289622527215e-03
6.791992200000e+01 -1.742139743810e-03 2.305689355826e-04 4.167905873549e-03 3.009277972595e-03 -2.161892080013e-01 -9.098823975214e-01 1.891923649366e-01 9.095112525055e-01 4.719444948686e-03 -2.305998149515e-03
6.796875000000e+01 -1.741995272632e-03 2.307872923177e-04 4.169647430985e-03 3.009621147624e-03 -2.236451366019e-01 -9.080347745614e-01 1.963406919797e-01 9.079851550333e-01 4.704700253233e-03 -2.322314690787e-03
6.801757800000e+01 -1.741850792825e-03 2.310057369074e-04 4.171386893105e-03 3.009963606440e-03 -2.310850897835e-01 -9.061258294934e-01 2.034768475583e-01 9.064032884231e-01 4.689933371539e-03 -2.338572307163e-03
6.806640600000e+01 -1.741706316401e-03 2.312242711318e-04 4.173124250488e-03 3.010305356530e-03 -2.385085520861e-01 -9.041557062524e-01 2.106004070569e-01 9.047657458109e-01 4.675144484973e-03 -2.354771154875e-03
6.811523400000e+01 -1.741561855407e-03 2.314428966778e-04 4.174859494170e-03 3.010646405063e-03 -2.459150094379e-01 -9.021245532604e-01 2.177109465190e-01 9.030726233729e-01 4.660333773260e-03 -2.370911390253e-03
6.816406200000e+01 -1.741417421921e-03 2.316616151390e-04 4.176592615654e-03 3.010986758893e-03 -2.533039491971e-01 -9.000325234106e-01 2.248080426664e-01 9.013240203212e-01 4.645501414498e-03 -2.386993169710e-03
6.821289100000e+01 -1.741273025084e-03 2.318804324975e-04 4.178323642334e-03 3.011326431503e-03 -2.606750109613e-01 -8.978797293436e-01 2.318914178378e-01 8.995200013878e-01 4.630647280731e-03 -2.403016977295e-03
6.826171900000e+01 -1.741128682928e-03 2.320993411969e-04 4.180052495745e-03 3.011665415192e-03 -2.680273831502e-01 -8.956664210287e-01 2.389603600302e-01 8.976607457382e-01 4.615772155233e-03 -2.418982313235e-03
6.831054700000e+01 -1.740984404619e-03 2.323183470299e-04 4.181779204268e-03 3.012003722813e-03 -2.753607088015e-01 -8.933927212126e-01 2.460145933203e-01 8.957463252894e-01 4.600875907267e-03 -2.434889662889e-03
6.835937500000e+01 -1.740840202286e-03 2.325374512154e-04 4.183503761284e-03 3.012341359935e-03 -2.826744814038e-01 -8.910588005165e-01 2.530536973295e-01 8.937768513577e-01 4.585958708484e-03 -2.450739182898e-03
6.840820300000e+01 -1.740696088057e-03 2.327566548785e-04 4.185226160655e-03 3.012678331799e-03 -2.899681960802e-01 -8.886648339518e-01 2.600772524506e-01 8.917524382746e-01 4.571020728946e-03 -2.466531029934e-03
6.845703100000e+01 -1.740552074047e-03 2.329759590512e-04 4.186946396718e-03 3.013014643326e-03 -2.972413496283e-01 -8.862110009026e-01 2.670848398667e-01 8.896732033833e-01 4.556062137132e-03 -2.482265360692e-03
6.850585900000e+01 -1.740408172358e-03 2.331953646724e-04 4.188664464293e-03 3.013350299110e-03 -3.044934405605e-01 -8.836974851078e-01 2.740760415699e-01 8.875392670341e-01 4.541083099950e-03 -2.497942331877e-03
6.855468800000e+01 -1.740264392127e-03 2.334148770850e-04 4.190380393801e-03 3.013685310277e-03 -3.117241170014e-01 -8.811244213399e-01 2.810505830411e-01 8.853507072009e-01 4.526083475348e-03 -2.513562419506e-03
6.860351600000e+01 -1.740120751294e-03 2.336344880520e-04 4.192094110743e-03 3.014019667053e-03 -3.189325848406e-01 -8.784921073865e-01 2.880077622669e-01 8.831077398792e-01 4.511064041489e-03 -2.529125140492e-03
6.865234400000e+01 -1.739977258933e-03 2.338542027306e-04 4.193805646553e-03 3.014353379928e-03 -3.261184962770e-01 -8.758006878533e-01 2.949473067877e-01 8.808104501517e-01 4.496024653630e-03 -2.544630971996e-03
6.870117200000e+01 -1.739833927021e-03 2.340740216923e-04 4.195514997985e-03 3.014686452204e-03 -3.332813570784e-01 -8.730503637127e-01 3.018688020179e-01 8.784589703530e-01 4.480965472469e-03 -2.560080070671e-03
6.875000000000e+01 -1.739690767489e-03 2.342939454185e-04 4.197222162279e-03 3.015018886861e-03 -3.404206749241e-01 -8.702413401965e-01 3.087718342741e-01 8.760534358023e-01 4.465886657172e-03 -2.575472593133e-03
6.879882800000e+01 -1.739547792220e-03 2.345139743009e-04 4.198927137159e-03 3.015350686558e-03 -3.475359594441e-01 -8.673738267762e-01 3.156559907935e-01 8.735939847988e-01 4.450788365383e-03 -2.590808695950e-03
6.884765600000e+01 -1.739405013033e-03 2.347341086426e-04 4.200629920836e-03 3.015681853637e-03 -3.546267222567e-01 -8.644480371424e-01 3.225208597531e-01 8.710807586172e-01 4.435670753231e-03 -2.606088535636e-03
6.889648400000e+01 -1.739262441688e-03 2.349543486590e-04 4.202330512006e-03 3.016012390121e-03 -3.616924770077e-01 -8.614641891841e-01 3.293660302879e-01 8.685139015025e-01 4.420533975338e-03 -2.621312268639e-03
6.894531200000e+01 -1.739120089874e-03 2.351746944784e-04 4.204028909848e-03 3.016342297717e-03 -3.687327394075e-01 -8.584225049668e-01 3.361910925096e-01 8.658935606655e-01 4.405378184827e-03 -2.636480051331e-03
6.899414100000e+01 -1.738977966296e-03 2.353951506596e-04 4.205725148741e-03 3.016671584560e-03 -3.757471706531e-01 -8.553231466497e-01 3.429957766700e-01 8.632198309756e-01 4.390203222363e-03 -2.651592348927e-03
6.904296900000e+01 -1.738836088309e-03 2.356157081308e-04 4.207419159354e-03 3.017000238246e-03 -3.827350033834e-01 -8.521664715385e-01 3.497793961685e-01 8.604929750766e-01 4.375009859657e-03 -2.666648698637e-03
6.909179700000e+01 -1.738694464445e-03 2.358363712804e-04 4.209110977071e-03 3.017328266300e-03 -3.896959036495e-01 -8.489526512144e-01 3.565416837281e-01 8.577130948353e-01 4.359797934803e-03 -2.681649566621e-03
6.914062500000e+01 -1.738553106059e-03 2.360571399006e-04 4.210800603000e-03 3.017655669194e-03 -3.966293957959e-01 -8.456819242311e-01 3.632822335542e-01 8.548803492751e-01 4.344567595015e-03 -2.696595108866e-03
6.918945300000e+01 -1.738412024408e-03 2.362780137024e-04 4.212488038720e-03 3.017982447096e-03 -4.035350064179e-01 -8.423545332082e-01 3.700006409224e-01 8.519949003601e-01 4.329318986051e-03 -2.711485481235e-03
6.923828100000e+01 -1.738271230647e-03 2.364989923173e-04 4.214173286289e-03 3.018308599873e-03 -4.104122643979e-01 -8.389707248068e-01 3.766965021969e-01 8.490569129895e-01 4.314052252219e-03 -2.726320839468e-03
6.928710900000e+01 -1.738130735821e-03 2.367200752986e-04 4.215856348236e-03 3.018634127097e-03 -4.172607009412e-01 -8.355307497068e-01 3.833694148495e-01 8.460665549924e-01 4.298767536388e-03 -2.741101339167e-03
6.933593800000e+01 -1.737990547997e-03 2.369412666535e-04 4.217537261960e-03 3.018959034696e-03 -4.240799889658e-01 -8.320347904154e-01 3.900191134197e-01 8.430239342770e-01 4.283464666417e-03 -2.755827436813e-03
6.938476600000e+01 -1.737850683730e-03 2.371625567232e-04 4.219215962080e-03 3.019283308350e-03 -4.308693851098e-01 -8.284832487728e-01 3.966449252766e-01 8.399293491426e-01 4.268144409114e-03 -2.770498684543e-03
6.943359400000e+01 -1.737711150839e-03 2.373839493635e-04 4.220892486969e-03 3.019606953426e-03 -4.376285677197e-01 -8.248763163442e-01 4.032465877504e-01 8.367829143972e-01 4.252806589861e-03 -2.785115539644e-03
6.948242200000e+01 -1.737571959887e-03 2.376054438295e-04 4.222566841017e-03 3.019929968346e-03 -4.443570776491e-01 -8.212142596392e-01 4.098237029300e-01 8.335848095350e-01 4.237451345849e-03 -2.799678157088e-03
6.953125000000e+01 -1.737433121304e-03 2.378270393053e-04 4.224239029070e-03 3.020252351256e-03 -4.510544582506e-01 -8.174973490623e-01 4.163758741050e-01 8.303352169520e-01 4.222078812867e-03 -2.814186691670e-03
6.958007800000e+01 -1.737294645383e-03 2.380487349064e-04 4.225909056426e-03 3.020574100030e-03 -4.577202554107e-01 -8.137258588875e-01 4.229027057850e-01 8.270343219410e-01 4.206689125315e-03 -2.828641297997e-03
6.962890600000e+01 -1.737156542273e-03 2.382705296808e-04 4.227576928830e-03 3.020895212273e-03 -4.643540175835e-01 -8.099000672320e-01 4.294038037182e-01 8.236823126853e-01 4.191282416209e-03 -2.843042130485e-03
6.967773400000e+01 -1.737018821978e-03 2.384924226112e-04 4.229242652475e-03 3.021215685326e-03 -4.709552958248e-01 -8.060202560304e-01 4.358787749102e-01 8.202793802531e-01 4.175858817190e-03 -2.857389343347e-03
6.972656200000e+01 -1.736881494349e-03 2.387144126168e-04 4.230906233991e-03 3.021535516273e-03 -4.775236438254e-01 -8.020867110075e-01 4.423272276428e-01 8.168257185913e-01 4.160418458534e-03 -2.871683090586e-03
6.977539100000e+01 -1.736744566283e-03 2.389365031039e-04 4.232567714448e-03 3.021854708471e-03 -4.840587514361e-01 -7.980996394533e-01 4.487489027280e-01 8.133214522375e-01 4.144961152428e-03 -2.885923817088e-03
6.982421900000e+01 -1.736608052923e-03 2.391586837731e-04 4.234227033288e-03 3.022173245428e-03 -4.905599100362e-01 -7.940594979054e-01 4.551431480228e-01 8.097669244135e-01 4.129487659559e-03 -2.900111093127e-03
6.987304700000e+01 -1.736471960832e-03 2.393809579110e-04 4.235884232481e-03 3.022491130023e-03 -4.970268155993e-01 -7.899665021911e-01 4.615097075408e-01 8.061622664171e-01 4.113997789762e-03 -2.914245364222e-03
6.992187500000e+01 -1.736336299213e-03 2.396033242004e-04 4.237539320366e-03 3.022808358354e-03 -5.034590326850e-01 -7.858209529263e-01 4.678481948571e-01 8.025076836492e-01 4.098491667925e-03 -2.928326783462e-03
6.997070300000e+01 -1.736201077099e-03 2.398257812703e-04 4.239192305696e-03 3.023124926288e-03 -5.098561286507e-01 -7.816231543803e-01 4.741582249170e-01 7.988033843587e-01 4.082969417613e-03 -2.942355503688e-03
7.001953100000e+01 -1.736066303342e-03 2.400483276972e-04 4.240843197634e-03 3.023440829462e-03 -5.162176736831e-01 -7.773734144475e-01 4.804394140553e-01 7.950495796356e-01 4.067431161071e-03 -2.956331677488e-03
7.006835900000e+01 -1.735931986619e-03 2.402709620074e-04 4.242492005743e-03 3.023756063294e-03 -5.225432408298e-01 -7.730720446189e-01 4.866913800149e-01 7.912464834051e-01 4.051877019234e-03 -2.970255457187e-03
7.011718800000e+01 -1.735798132685e-03 2.404936872412e-04 4.244138773688e-03 3.024070629420e-03 -5.288325344568e-01 -7.687192702867e-01 4.929138690949e-01 7.873942330266e-01 4.036306792703e-03 -2.984127278397e-03
7.016601600000e+01 -1.735664755327e-03 2.407164927080e-04 4.245783444368e-03 3.024384509949e-03 -5.350848758136e-01 -7.643155883399e-01 4.991062470365e-01 7.834932058638e-01 4.020721237564e-03 -2.997946724722e-03
7.021484400000e+01 -1.735531859913e-03 2.409393813560e-04 4.247426062262e-03 3.024697706118e-03 -5.412999758912e-01 -7.598612322662e-01 5.052682636605e-01 7.795435459153e-01 4.005120152161e-03 -3.011714232282e-03
7.026367200000e+01 -1.735399454364e-03 2.411623515310e-04 4.249066638479e-03 3.025010212518e-03 -5.474774194865e-01 -7.553565276515e-01 5.113995425328e-01 7.755454783782e-01 3.989503652269e-03 -3.025429952287e-03
7.031250000000e+01 -1.735267546404e-03 2.413854015390e-04 4.250705184498e-03 3.025322023549e-03 -5.536167944090e-01 -7.508018035317e-01 5.174997087228e-01 7.714992312507e-01 3.973871852395e-03 -3.039094035647e-03
7.036132800000e+01 -1.735136143557e-03 2.416085296479e-04 4.252341712162e-03 3.025633133427e-03 -5.597176915098e-01 -7.461973923618e-01 5.235683888219e-01 7.674050353244e-01 3.958224865783e-03 -3.052706632969e-03
7.041015600000e+01 -1.735005253144e-03 2.418317340899e-04 4.253976233667e-03 3.025943536188e-03 -5.657797047106e-01 -7.415436299861e-01 5.296052109634e-01 7.632631241778e-01 3.942562804425e-03 -3.066267894552e-03
7.045898400000e+01 -1.734874882281e-03 2.420550130638e-04 4.255608761559e-03 3.026253225697e-03 -5.718024310327e-01 -7.368408556074e-01 5.356098048407e-01 7.590737341685e-01 3.926885779063e-03 -3.079777970376e-03
7.050781200000e+01 -1.734745037875e-03 2.422783647365e-04 4.257239308723e-03 3.026562195654e-03 -5.777854706251e-01 -7.320894117559e-01 5.415818017270e-01 7.548371044262e-01 3.911193899207e-03 -3.093237010100e-03
7.055664100000e+01 -1.734615723980e-03 2.425017918224e-04 4.258867921711e-03 3.026870445904e-03 -5.837285480914e-01 -7.272895454666e-01 5.475209557860e-01 7.505533886365e-01 3.895486951309e-03 -3.106645437131e-03
7.060546900000e+01 -1.734486952375e-03 2.427252832805e-04 4.260494547362e-03 3.027177957212e-03 -5.896310264891e-01 -7.224418024363e-01 5.534266582380e-01 7.462230069128e-01 3.879765685773e-03 -3.120002851266e-03
7.065429700000e+01 -1.734358726674e-03 2.429488417711e-04 4.262119232910e-03 3.027484729141e-03 -5.954926376409e-01 -7.175464371847e-01 5.592986671807e-01 7.418461194068e-01 3.864029886916e-03 -3.133309676275e-03
7.070312500000e+01 -1.734231052925e-03 2.431724653567e-04 4.263741992527e-03 3.027790754795e-03 -6.013129944836e-01 -7.126038052388e-01 5.651366203977e-01 7.374229762607e-01 3.848279659373e-03 -3.146566060461e-03
7.075195300000e+01 -1.734103936958e-03 2.433961520787e-04 4.265362840684e-03 3.028096027149e-03 -6.070917132182e-01 -7.076142652956e-01 5.709401573480e-01 7.329538303502e-01 3.832515106580e-03 -3.159772151771e-03
7.080078100000e+01 -1.733977384379e-03 2.436198999599e-04 4.266981792145e-03 3.028400539050e-03 -6.128284133365e-01 -7.025781791894e-01 5.767089191860e-01 7.284389372765e-01 3.816736330784e-03 -3.172928097793e-03
7.084960900000e+01 -1.733851400571e-03 2.438437070065e-04 4.268598861962e-03 3.028704283230e-03 -6.185227176468e-01 -6.974959118595e-01 5.824425487797e-01 7.238785553588e-01 3.800943433047e-03 -3.186034045748e-03
7.089843800000e+01 -1.733725988130e-03 2.440675757954e-04 4.270214098518e-03 3.029007258505e-03 -6.241743676028e-01 -6.923677258274e-01 5.881408070636e-01 7.192728508409e-01 3.785136189388e-03 -3.199090409365e-03
7.094726600000e+01 -1.733601157121e-03 2.442914951363e-04 4.271827451249e-03 3.029309444981e-03 -6.297827612286e-01 -6.871942021973e-01 5.938031069897e-01 7.146222761032e-01 3.769315345984e-03 -3.212096800338e-03
7.099609400000e+01 -1.733476909672e-03 2.445154675822e-04 4.273438969102e-03 3.029610841290e-03 -6.353476476176e-01 -6.819756104710e-01 5.994292137479e-01 7.099270037069e-01 3.753480676813e-03 -3.225053632654e-03
7.104492200000e+01 -1.733353250252e-03 2.447394910937e-04 4.275048668181e-03 3.029911439761e-03 -6.408686630968e-01 -6.767123276791e-01 6.050187772567e-01 7.051873027586e-01 3.737632278288e-03 -3.237961052009e-03
7.109375000000e+01 -1.733230183100e-03 2.449635636251e-04 4.276656564824e-03 3.030211232641e-03 -6.463454474344e-01 -6.714047337916e-01 6.105714492457e-01 7.004034450402e-01 3.721770245674e-03 -3.250819203706e-03
7.114257800000e+01 -1.733107712224e-03 2.451876831266e-04 4.278262675608e-03 3.030510212100e-03 -6.517776438634e-01 -6.660532116846e-01 6.160868832749e-01 6.955757050003e-01 3.705894673105e-03 -3.263628232646e-03
7.119140600000e+01 -1.732985841396e-03 2.454118475463e-04 4.279867017326e-03 3.030808370241e-03 -6.571648991050e-01 -6.606581471061e-01 6.215647347544e-01 6.907043597454e-01 3.690005653583e-03 -3.276388283326e-03
7.124023400000e+01 -1.732864574154e-03 2.456360548320e-04 4.281469606989e-03 3.031105699102e-03 -6.625068633919e-01 -6.552199286424e-01 6.270046609636e-01 6.857896890310e-01 3.674103278993e-03 -3.289099499829e-03
7.128906200000e+01 -1.732743913800e-03 2.458603029334e-04 4.283070461811e-03 3.031402190670e-03 -6.678031904910e-01 -6.497389476835e-01 6.324063210706e-01 6.808319752521e-01 3.658187640105e-03 -3.301762025823e-03
7.133789100000e+01 -1.732623860950e-03 2.460845943980e-04 4.284669631933e-03 3.031697842929e-03 -6.730536447798e-01 -6.442154848393e-01 6.377694855903e-01 6.758314005885e-01 3.642258500229e-03 -3.314376262393e-03
7.138671900000e+01 -1.732504423349e-03 2.463089179979e-04 4.286267069449e-03 3.031992635666e-03 -6.782576720996e-01 -6.386501632482e-01 6.430935978503e-01 6.707884575115e-01 3.626316600382e-03 -3.326941835688e-03
7.143554700000e+01 -1.732385601127e-03 2.465332762931e-04 4.287862824898e-03 3.032286566809e-03 -6.834150449521e-01 -6.330432698190e-01 6.483784330351e-01 6.657033343062e-01 3.610361701954e-03 -3.339459146928e-03
7.148437500000e+01 -1.732267396640e-03 2.467576672601e-04 4.289456916216e-03 3.032579628194e-03 -6.885254314609e-01 -6.273952068118e-01 6.536236580640e-01 6.605763238328e-01 3.594393891344e-03 -3.351928338062e-03
7.153320300000e+01 -1.732149812006e-03 2.469820888865e-04 4.291049361499e-03 3.032871811641e-03 -6.935885033921e-01 -6.217063791171e-01 6.588289418432e-01 6.554077215435e-01 3.578413253876e-03 -3.364349550595e-03
7.158203100000e+01 -1.732032849105e-03 2.472065391734e-04 4.292640178987e-03 3.033163108952e-03 -6.986039361748e-01 -6.159771942206e-01 6.639939552853e-01 6.501978254726e-01 3.562419873807e-03 -3.376722925589e-03
7.163085900000e+01 -1.731916509583e-03 2.474310161368e-04 4.294229387060e-03 3.033453511928e-03 -7.035714089212e-01 -6.102080621678e-01 6.691183713288e-01 6.449469362267e-01 3.546413834336e-03 -3.389048603650e-03
7.167968800000e+01 -1.731800792480e-03 2.476555224073e-04 4.295817036726e-03 3.033743018288e-03 -7.084907046955e-01 -6.043992761645e-01 6.742019686468e-01 6.396552481880e-01 3.530394889420e-03 -3.401326975902e-03
7.172851600000e+01 -1.731685703708e-03 2.478800468408e-04 4.297403081581e-03 3.034031607982e-03 -7.133613085391e-01 -5.985514892000e-01 6.792442160630e-01 6.343232838255e-01 3.514363776288e-03 -3.413557679124e-03
7.177734400000e+01 -1.731571241822e-03 2.481045921061e-04 4.298987572893e-03 3.034319278771e-03 -7.181830119724e-01 -5.926650002275e-01 6.842448972424e-01 6.289512434444e-01 3.498320247076e-03 -3.425741104483e-03
7.182617200000e+01 -1.731457407519e-03 2.483291562966e-04 4.300570529495e-03 3.034606022497e-03 -7.229555090348e-01 -5.867402291754e-01 6.892036934245e-01 6.235394378366e-01 3.482264380821e-03 -3.437877390734e-03
7.187500000000e+01 -1.731344201261e-03 2.485537375290e-04 4.302151970312e-03 3.034891831034e-03 -7.276784975446e-01 -5.807775983533e-01 6.941202879731e-01 6.180881803138e-01 3.466196255543e-03 -3.449966676155e-03
7.192382800000e+01 -1.731231623276e-03 2.487783339453e-04 4.303731914348e-03 3.035176696285e-03 -7.323516791163e-01 -5.747775324157e-01 6.989943663965e-01 6.125977866966e-01 3.450115948246e-03 -3.462009098546e-03
7.197265600000e+01 -1.731119673557e-03 2.490029437138e-04 4.305310380677e-03 3.035460610200e-03 -7.369747591791e-01 -5.687404583257e-01 7.038256163666e-01 6.070685753035e-01 3.434023534929e-03 -3.474004795225e-03
7.202148400000e+01 -1.731008351865e-03 2.492275650314e-04 4.306887388434e-03 3.035743564771e-03 -7.415474469932e-01 -5.626668053185e-01 7.086137277394e-01 6.015008669394e-01 3.417919090592e-03 -3.485953903019e-03
7.207031200000e+01 -1.730897657729e-03 2.494521961241e-04 4.308462956802e-03 3.036025552047e-03 -7.460694556671e-01 -5.565570048651e-01 7.133583925742e-01 5.958949848848e-01 3.401802689245e-03 -3.497856558264e-03
7.211914100000e+01 -1.730787588202e-03 2.496768398501e-04 4.310037137232e-03 3.036306569882e-03 -7.505405932177e-01 -5.504113644124e-01 7.180594009785e-01 5.902511389144e-01 3.385674073485e-03 -3.509713139148e-03
7.216796900000e+01 -1.730678146861e-03 2.499014852977e-04 4.311609884503e-03 3.036586598939e-03 -7.549603973599e-01 -5.442305715213e-01 7.227162569230e-01 5.845698883977e-01 3.369533975979e-03 -3.521523295374e-03
7.221679700000e+01 -1.730569330289e-03 2.501261353910e-04 4.313181250147e-03 3.036865637231e-03 -7.593286849346e-01 -5.380149386535e-01 7.273287559205e-01 5.788514487737e-01 3.353382137621e-03 -3.533287405070e-03
7.226562500000e+01 -1.730461137102e-03 2.503507884885e-04 4.314751253454e-03 3.037143677082e-03 -7.636451846044e-01 -5.317649058558e-01 7.318965990422e-01 5.730961531071e-01 3.337218628531e-03 -3.545005602566e-03
7.231445300000e+01 -1.730353565693e-03 2.505754429853e-04 4.316319913715e-03 3.037420710904e-03 -7.679096289591e-01 -5.254809152265e-01 7.364194896621e-01 5.673043368787e-01 3.321043517875e-03 -3.556678021675e-03
7.236328100000e+01 -1.730246614233e-03 2.508000973137e-04 4.317887250216e-03 3.037696731196e-03 -7.721217545298e-01 -5.191634108784e-01 7.408971334763e-01 5.614763379730e-01 3.304856873873e-03 -3.568304795698e-03
7.241210900000e+01 -1.730140280670e-03 2.510247499449e-04 4.319453282225e-03 3.037971730554e-03 -7.762813018034e-01 -5.128128389017e-01 7.453292385232e-01 5.556124966659e-01 3.288658763805e-03 -3.579886057414e-03
7.246093800000e+01 -1.730034560576e-03 2.512494039908e-04 4.321018061016e-03 3.038245707277e-03 -7.803880987993e-01 -5.064295162675e-01 7.497156045628e-01 5.497130344320e-01 3.272448921931e-03 -3.591422174871e-03
7.250976600000e+01 -1.729929455796e-03 2.514740488017e-04 4.322581541702e-03 3.038518642948e-03 -7.844417257416e-01 -5.000141543726e-01 7.540557647101e-01 5.437785379353e-01 3.256228077619e-03 -3.602912807292e-03
7.255859400000e+01 -1.729824961458e-03 2.516986875724e-04 4.324143775503e-03 3.038790536107e-03 -7.884420197135e-01 -4.935670746196e-01 7.583495244499e-01 5.378092340925e-01 3.239995963522e-03 -3.614358322593e-03
7.260742200000e+01 -1.729721074649e-03 2.519233189395e-04 4.325704781525e-03 3.039061379789e-03 -7.923887371599e-01 -4.870887306344e-01 7.625966013873e-01 5.318054726167e-01 3.223752643235e-03 -3.625758851441e-03
7.265625000000e+01 -1.729617792247e-03 2.521479415839e-04 4.327264578809e-03 3.039331167155e-03 -7.962816385467e-01 -4.805795778333e-01 7.667967155684e-01 5.257676055474e-01 3.207498179452e-03 -3.637114523962e-03
7.270507800000e+01 -1.729515110923e-03 2.523725542310e-04 4.328823186324e-03 3.039599891493e-03 -8.001204883730e-01 -4.740400733849e-01 7.709495895003e-01 5.196959872368e-01 3.191232633973e-03 -3.648425469743e-03
7.275390600000e+01 -1.729413027142e-03 2.525971556518e-04 4.330380622956e-03 3.039867546224e-03 -8.039050551829e-01 -4.674706761728e-01 7.750549481708e-01 5.135909743364e-01 3.174956067706e-03 -3.659691817827e-03
7.280273400000e+01 -1.729311537167e-03 2.528217446637e-04 4.331936907500e-03 3.040134124908e-03 -8.076351115762e-01 -4.608718467577e-01 7.791125190683e-01 5.074529257831e-01 3.158668540681e-03 -3.670913696708e-03
7.285156200000e+01 -1.729210637064e-03 2.530463201311e-04 4.333492058651e-03 3.040399621250e-03 -8.113104342200e-01 -4.542440473398e-01 7.831220322013e-01 5.012822027848e-01 3.142370112053e-03 -3.682091234331e-03
7.290039100000e+01 -1.729110320651e-03 2.532708855652e-04 4.335046126810e-03 3.040664034503e-03 -8.149308774394e-01 -4.475876051105e-01 7.870833007471e-01 4.950790414400e-01 3.126060505985e-03 -3.693224785645e-03
7.294921900000e+01 -1.729010587711e-03 2.534954307287e-04 4.336599066792e-03 3.040927347842e-03 -8.184960777718e-01 -4.409032580857e-01 7.909958975590e-01 4.888440615398e-01 3.109740447937e-03 -3.704314021463e-03
7.299804700000e+01 -1.728911431668e-03 2.537199592304e-04 4.338150928774e-03 3.041189560853e-03 -8.220058988545e-01 -4.341913371254e-01 7.948596419458e-01 4.825775043110e-01 3.093409660579e-03 -3.715359296523e-03
7.304687500000e+01 -1.728812847817e-03 2.539444701296e-04 4.339701730964e-03 3.041450667858e-03 -8.254601337230e-01 -4.274523106081e-01 7.986742741947e-01 4.762797399031e-01 3.077068199644e-03 -3.726360736536e-03
7.309570300000e+01 -1.728714831270e-03 2.541689625356e-04 4.341251491421e-03 3.041710663343e-03 -8.288585795277e-01 -4.206866483623e-01 8.024395372115e-01 4.699511406636e-01 3.060716120024e-03 -3.737318466645e-03
7.314453100000e+01 -1.728617376958e-03 2.543934356082e-04 4.342800228056e-03 3.041969541965e-03 -8.322010375432e-01 -4.138948216279e-01 8.061551765403e-01 4.635920811231e-01 3.044353475780e-03 -3.748232611428e-03
7.319335900000e+01 -1.728520479633e-03 2.546178885580e-04 4.344347958618e-03 3.042227298553e-03 -8.354873131762e-01 -4.070773030188e-01 8.098209403836e-01 4.572029379802e-01 3.027980320149e-03 -3.759103294888e-03
7.324218800000e+01 -1.728424131908e-03 2.548423252430e-04 4.345894732352e-03 3.042483933358e-03 -8.387172815436e-01 -4.002344260897e-01 8.134366531548e-01 4.507839583258e-01 3.011596369907e-03 -3.769930861758e-03
7.329101600000e+01 -1.728328332135e-03 2.550667357836e-04 4.347440503309e-03 3.042739431054e-03 -8.418906240393e-01 -3.933669463749e-01 8.170019203301e-01 4.443357860704e-01 2.995202347740e-03 -3.780714991404e-03
7.333984400000e+01 -1.728233072576e-03 2.552911241416e-04 4.348985320392e-03 3.042993792281e-03 -8.450072252387e-01 -3.864752004975e-01 8.205165727660e-01 4.378586731667e-01 2.978797969022e-03 -3.791456028288e-03
7.338867200000e+01 -1.728138347309e-03 2.555154897338e-04 4.350529200628e-03 3.043247012595e-03 -8.480669071518e-01 -3.795596661854e-01 8.239803694929e-01 4.313530048271e-01 2.962383283764e-03 -3.802154094103e-03
7.343750000000e+01 -1.728044150249e-03 2.557398320292e-04 4.352072160840e-03 3.043499087745e-03 -8.510694959564e-01 -3.726208223492e-01 8.273930722965e-01 4.248191683522e-01 2.945958341188e-03 -3.812809309954e-03
7.348632800000e+01 -1.727950475159e-03 2.559641505487e-04 4.353614217645e-03 3.043750013675e-03 -8.540148220039e-01 -3.656591490449e-01 8.307544457379e-01 4.182575531145e-01 2.929523189731e-03 -3.823421796363e-03
7.353515600000e+01 -1.727857315645e-03 2.561884448657e-04 4.355155387445e-03 3.043999786521e-03 -8.569027198245e-01 -3.586751274354e-01 8.340642571725e-01 4.116685505412e-01 2.913077877057e-03 -3.833991673261e-03
7.358398400000e+01 -1.727764665168e-03 2.564127146054e-04 4.356695686416e-03 3.044248402624e-03 -8.597330281331e-01 -3.516692397525e-01 8.373222767697e-01 4.050525540976e-01 2.896622450059e-03 -3.844519059984e-03
7.363281200000e+01 -1.727672517043e-03 2.566369594453e-04 4.358235130506e-03 3.044495858521e-03 -8.625055898337e-01 -3.446419692587e-01 8.405282775316e-01 3.984099592697e-01 2.880156954871e-03 -3.855004075280e-03
7.368164100000e+01 -1.727580862573e-03 2.568611837065e-04 4.359773766929e-03 3.044742155990e-03 -8.652203070266e-01 -3.375936556518e-01 8.436820993656e-01 3.917410267045e-01 2.863681099347e-03 -3.865447050732e-03
7.373046900000e+01 -1.727489698549e-03 2.570853779862e-04 4.361311548128e-03 3.044987281894e-03 -8.678769198118e-01 -3.305250728438e-01 8.467833918157e-01 3.850464290390e-01 2.847195602958e-03 -3.875847676154e-03
7.377929700000e+01 -1.727399015997e-03 2.573095467095e-04 4.362848520839e-03 3.045231238448e-03 -8.704753398765e-01 -3.234365628265e-01 8.498320016235e-01 3.783264314070e-01 2.830700172273e-03 -3.886206282798e-03
7.382812500000e+01 -1.727308807692e-03 2.575336897604e-04 4.364384700018e-03 3.045474023022e-03 -8.730154269225e-01 -3.163286126053e-01 8.528277133153e-01 3.715814372028e-01 2.814194850447e-03 -3.896522987007e-03
7.387695300000e+01 -1.727219066290e-03 2.577578070742e-04 4.365920100360e-03 3.045715633201e-03 -8.754970448599e-01 -3.092017100257e-01 8.557703143462e-01 3.648118517530e-01 2.797679679905e-03 -3.906797904525e-03
7.392578100000e+01 -1.727129784324e-03 2.579818986368e-04 4.367454736286e-03 3.045956066782e-03 -8.779200618093e-01 -3.020563437362e-01 8.586595951189e-01 3.580180822979e-01 2.781154702352e-03 -3.917031150484e-03
7.397460900000e+01 -1.727040954213e-03 2.582059644843e-04 4.368988621943e-03 3.046195321779e-03 -8.802843501039e-01 -2.948930031499e-01 8.614953490024e-01 3.512005379732e-01 2.764619958777e-03 -3.927222839411e-03
7.402343800000e+01 -1.726952566459e-03 2.584300092909e-04 4.370521802586e-03 3.046433401288e-03 -8.825898329040e-01 -2.877120311673e-01 8.642774287756e-01 3.443594894522e-01 2.748075150532e-03 -3.937373292674e-03
7.407226600000e+01 -1.726864616883e-03 2.586540240155e-04 4.372054228991e-03 3.046670294008e-03 -8.848362965410e-01 -2.805142127532e-01 8.670055198415e-01 3.374956298160e-01 2.731520994862e-03 -3.947482207821e-03
7.412109400000e+01 -1.726777095769e-03 2.588780134308e-04 4.373585945845e-03 3.046906003498e-03 -8.870236738155e-01 -2.732998925015e-01 8.696794821083e-01 3.306092339080e-01 2.714957191921e-03 -3.957549905844e-03
7.416992200000e+01 -1.726689995118e-03 2.591019777697e-04 4.375116966129e-03 3.047140528648e-03 -8.891518539278e-01 -2.660695625059e-01 8.722991209984e-01 3.237007182550e-01 2.698383779910e-03 -3.967576498812e-03
7.421875000000e+01 -1.726603306838e-03 2.593259173123e-04 4.376647302518e-03 3.047373868572e-03 -8.912207302969e-01 -2.588237154358e-01 8.748642449942e-01 3.167705011827e-01 2.681800796345e-03 -3.977562098181e-03
7.426757800000e+01 -1.726517022748e-03 2.595498323861e-04 4.378176967377e-03 3.047606022606e-03 -8.932302005608e-01 -2.515628444990e-01 8.773746656562e-01 3.098190027964e-01 2.665208278069e-03 -3.987506814784e-03
7.431640600000e+01 -1.726431134583e-03 2.597737233646e-04 4.379705972753e-03 3.047836990310e-03 -8.951801665761e-01 -2.442874434038e-01 8.798301976415e-01 3.028466449607e-01 2.648606261258e-03 -3.997410758836e-03
7.436523400000e+01 -1.726345634000e-03 2.599975906673e-04 4.381234330376e-03 3.048066771466e-03 -8.970705344174e-01 -2.369980063215e-01 8.822306587220e-01 2.958538512790e-01 2.631994781425e-03 -4.007274039928e-03
7.441406200000e+01 -1.726260512577e-03 2.602214347582e-04 4.382762051648e-03 3.048295366081e-03 -8.989012143764e-01 -2.296950278493e-01 8.845758698029e-01 2.888410470735e-01 2.615373873428e-03 -4.017096767027e-03
7.446289100000e+01 -1.726175760093e-03 2.604452607293e-04 4.384289178913e-03 3.048522779030e-03 -9.006721566162e-01 -2.223788530100e-01 8.868657012662e-01 2.818085151428e-01 2.598743230792e-03 -4.026879248402e-03
7.451171900000e+01 -1.726091371465e-03 2.606690599639e-04 4.385815660358e-03 3.048749001453e-03 -9.023832073203e-01 -2.150502768135e-01 8.890998865444e-01 2.747569722383e-01 2.582103568263e-03 -4.036621191087e-03
7.456054700000e+01 -1.726007336337e-03 2.608928376399e-04 4.387341537667e-03 3.048974038698e-03 -9.040343263031e-01 -2.077096452096e-01 8.912783035127e-01 2.676867048880e-01 2.565454578280e-03 -4.046322902925e-03
7.460937500000e+01 -1.725923646035e-03 2.611165943923e-04 4.388866820898e-03 3.049197891665e-03 -9.056254407080e-01 -2.003574541254e-01 8.934007857879e-01 2.605981450789e-01 2.548796293146e-03 -4.055984490371e-03
7.465820300000e+01 -1.725840291837e-03 2.613403308964e-04 4.390391519762e-03 3.049420561480e-03 -9.071564818852e-01 -1.929941997278e-01 8.954671702092e-01 2.534917264107e-01 2.532128744540e-03 -4.065606059253e-03
7.470703100000e+01 -1.725757264970e-03 2.615640478671e-04 4.391915643622e-03 3.049642049490e-03 -9.086273853890e-01 -1.856203783863e-01 8.974772968559e-01 2.463678840741e-01 2.515451963525e-03 -4.075187714764e-03
7.475585900000e+01 -1.725674556623e-03 2.617877460576e-04 4.393439201488e-03 3.049862357262e-03 -9.100380909742e-01 -1.782364866365e-01 8.994310090646e-01 2.392270548289e-01 2.498765980554e-03 -4.084729561466e-03
7.480468800000e+01 -1.725592156259e-03 2.620114308393e-04 4.394962233196e-03 3.050081491063e-03 -9.113885696322e-01 -1.708428696299e-01 9.013281917200e-01 2.320695302318e-01 2.482070483466e-03 -4.094231897484e-03
7.485351600000e+01 -1.725510058371e-03 2.622350938769e-04 4.396484684656e-03 3.050299443925e-03 -9.126787141917e-01 -1.634403269693e-01 9.031686170156e-01 2.248960432879e-01 2.465366185346e-03 -4.103694436902e-03
7.490234400000e+01 -1.725428252358e-03 2.624587406135e-04 4.398006594995e-03 3.050516222576e-03 -9.139085052598e-01 -1.560292041456e-01 9.049521775974e-01 2.177068889143e-01 2.448652773031e-03 -4.113117477386e-03
7.495117200000e+01 -1.725346729285e-03 2.626823719452e-04 4.399527971777e-03 3.050731829461e-03 -9.150778993525e-01 -1.486099979917e-01 9.066787300037e-01 2.105025099223e-01 2.431930274596e-03 -4.122501120953e-03
7.500000000000e+01 -1.725265480200e-03 2.629059888006e-04 4.401048822197e-03 3.050946267242e-03 -9.161868571640e-01 -1.411832053234e-01 9.083481341160e-01 2.032833505786e-01 2.415198717538e-03 -4.131845468983e-03
7.504882800000e+01 -1.725184496136e-03 2.631295921400e-04 4.402569153079e-03 3.051159538793e-03 -9.172353435617e-01 -1.337493229039e-01 9.099602531754e-01 1.960498565826e-01 2.398458128780e-03 -4.141150622216e-03
7.509765600000e+01 -1.725103768118e-03 2.633531829542e-04 4.404088970877e-03 3.051371647203e-03 -9.182233275798e-01 -1.263088474069e-01 9.115149537990e-01 1.888024750422e-01 2.381708534678e-03 -4.150416680751e-03
7.514648400000e+01 -1.725023287168e-03 2.635767622630e-04 4.405608281666e-03 3.051582595771e-03 -9.191507824139e-01 -1.188622753813e-01 9.130121059968e-01 1.815416544503e-01 2.364949961031e-03 -4.159643744047e-03
7.519531200000e+01 -1.724943044305e-03 2.638003311140e-04 4.407127091149e-03 3.051792388006e-03 -9.200176854140e-01 -1.114101032150e-01 9.144515831874e-01 1.742678446611e-01 2.348182433079e-03 -4.168831910921e-03
7.524414100000e+01 -1.724863028920e-03 2.640238951600e-04 4.408645435736e-03 3.052001031882e-03 -9.208240339713e-01 -1.039526743251e-01 9.158332899190e-01 1.669813475153e-01 2.331405631844e-03 -4.177981466532e-03
7.529296900000e+01 -1.724783235326e-03 2.642474463435e-04 4.410163258181e-03 3.052208522776e-03 -9.215697806968e-01 -9.649079012979e-02 9.171570498810e-01 1.596829139735e-01 2.314620268644e-03 -4.187092133652e-03
7.534179700000e+01 -1.724703652933e-03 2.644709903663e-04 4.411680594143e-03 3.052414869093e-03 -9.222549324967e-01 -8.902479364571e-02 9.184227757046e-01 1.523728487288e-01 2.297826023604e-03 -4.196164196947e-03
7.539062500000e+01 -1.724624272810e-03 2.646945283744e-04 4.413197447802e-03 3.052620075157e-03 -9.228794832684e-01 -8.155518026122e-02 9.196303546048e-01 1.450516068355e-01 2.281022919811e-03 -4.205197752660e-03
7.543945300000e+01 -1.724545086050e-03 2.649180615348e-04 4.414713822953e-03 3.052824145487e-03 -9.234434310274e-01 -7.408244502651e-02 9.207796772845e-01 1.377196445853e-01 2.264210979828e-03 -4.214192896389e-03
7.548828100000e+01 -1.724466083775e-03 2.651415910343e-04 4.416229723008e-03 3.053027084798e-03 -9.239467778980e-01 -6.660708261857e-02 9.218706379509e-01 1.303774194829e-01 2.247390225698e-03 -4.223149723087e-03
7.553710900000e+01 -1.724387257140e-03 2.653651180780e-04 4.417745150992e-03 3.053228897998e-03 -9.243895301051e-01 -5.912958730629e-02 9.229031343295e-01 1.230253902200e-01 2.230560678957e-03 -4.232068327061e-03
7.558593800000e+01 -1.724308595728e-03 2.655886484657e-04 4.419260140570e-03 3.053429594283e-03 -9.247717051718e-01 -5.165029972920e-02 9.238770870260e-01 1.156638657959e-01 2.213722015689e-03 -4.240948983453e-03
7.563476600000e+01 -1.724230093993e-03 2.658121742794e-04 4.420774631944e-03 3.053629170714e-03 -9.250933018432e-01 -4.417001959047e-02 9.247923609551e-01 1.082936087297e-01 2.196874946124e-03 -4.249791421535e-03
7.568359400000e+01 -1.724151741605e-03 2.660357013484e-04 4.422288658017e-03 3.053827636880e-03 -9.253543470380e-01 -3.668908656886e-02 9.256488850356e-01 1.009149304523e-01 2.180019145532e-03 -4.258595915935e-03
7.573242200000e+01 -1.724073529893e-03 2.662592309369e-04 4.423802220274e-03 3.054024998427e-03 -9.255548632901e-01 -2.920799295497e-02 9.264465712178e-01 9.352829414473e-02 2.163154633458e-03 -4.267362558371e-03
7.578125000000e+01 -1.723995450245e-03 2.664827643199e-04 4.425315319818e-03 3.054221261179e-03 -9.256948771860e-01 -2.172723045915e-02 9.271853350451e-01 8.613416404463e-02 2.146281428964e-03 -4.276091439915e-03
7.583007800000e+01 -1.723917494106e-03 2.667063027822e-04 4.426827957363e-03 3.054416431131e-03 -9.257744193541e-01 -1.424729017757e-02 9.278650956674e-01 7.873300541931e-02 2.129399550635e-03 -4.284782650990e-03
7.587890600000e+01 -1.723839652986e-03 2.669298476168e-04 4.428340133244e-03 3.054610514451e-03 -9.257935244539e-01 -6.768662558420e-03 9.284857758553e-01 7.132528453887e-02 2.112509016585e-03 -4.293436281369e-03
7.592773400000e+01 -1.723761918463e-03 2.671534001231e-04 4.429851847411e-03 3.054803517472e-03 -9.257522311649e-01 7.081626316627e-04 9.290473020143e-01 6.391146864903e-02 2.095609844463e-03 -4.302052420179e-03
7.597656200000e+01 -1.723684282189e-03 2.673769616058e-04 4.431363099431e-03 3.054995446689e-03 -9.256505821751e-01 8.182696341064e-03 9.295496041980e-01 5.649202594370e-02 2.078702051459e-03 -4.310631155897e-03
7.602539100000e+01 -1.723606734302e-03 2.676005379519e-04 4.432873919428e-03 3.055186312656e-03 -9.254886202353e-01 1.565460325654e-02 9.299926245868e-01 4.906727343165e-02 2.061785307771e-03 -4.319172750899e-03
7.607421900000e+01 -1.723529269788e-03 2.678241213142e-04 4.434384244329e-03 3.055376114365e-03 -9.252664026501e-01 2.312308980394e-02 9.303762824241e-01 4.163798524076e-02 2.044860322586e-03 -4.327676942507e-03
7.612304700000e+01 -1.723451878949e-03 2.680477175823e-04 4.435894103511e-03 3.055564862698e-03 -9.249839813625e-01 3.058782232753e-02 9.307005284685e-01 3.420448023833e-02 2.027926765389e-03 -4.336143992565e-03
7.617187500000e+01 -1.723374553768e-03 2.682713280662e-04 4.437403495026e-03 3.055752564763e-03 -9.246414149750e-01 3.804831496649e-02 9.309653074987e-01 2.676723013337e-02 2.010984651587e-03 -4.344573986953e-03
7.622070300000e+01 -1.723297286320e-03 2.684949540734e-04 4.438912416557e-03 3.055939227811e-03 -9.242387660374e-01 4.550408273947e-02 9.311705680073e-01 1.932670744316e-02 1.994033996160e-03 -4.352967010904e-03
7.626953100000e+01 -1.723220068775e-03 2.687185969074e-04 4.440420865410e-03 3.056124859236e-03 -9.237761010334e-01 5.295464157691e-02 9.313162622123e-01 1.188338546467e-02 1.977074813660e-03 -4.361323149003e-03
7.631835900000e+01 -1.723142893406e-03 2.689422578666e-04 4.441928838525e-03 3.056309466561e-03 -9.232534903677e-01 6.039950835320e-02 9.314023460701e-01 4.437738245830e-03 1.960107118218e-03 -4.369642485186e-03
7.636718800000e+01 -1.723065751010e-03 2.691659428232e-04 4.443436363339e-03 3.056493061195e-03 -9.226709958098e-01 6.783835319693e-02 9.314287792169e-01 -3.009911984365e-03 1.943130575794e-03 -4.377925271992e-03
7.641601600000e+01 -1.722988637232e-03 2.693896438980e-04 4.444943374312e-03 3.056675643399e-03 -9.220287194243e-01 7.527039026817e-02 9.313955240376e-01 -1.045878470488e-02 1.926145895042e-03 -4.386171252804e-03
7.646484400000e+01 -1.722911543089e-03 2.696133669446e-04 4.446449898164e-03 3.056857224850e-03 -9.213267319784e-01 8.269529187372e-02 9.313025489257e-01 -1.790855629747e-02 1.909152741283e-03 -4.394380679618e-03
7.651367200000e+01 -1.722834461292e-03 2.698371132245e-04 4.447955930379e-03 3.057037813570e-03 -9.205651194200e-01 9.011257898122e-02 9.311498249073e-01 -2.535875000223e-02 1.892151127024e-03 -4.402553633776e-03
7.656250000000e+01 -1.722757384674e-03 2.700608839860e-04 4.449461466083e-03 3.057217417693e-03 -9.197439715468e-01 9.752177365996e-02 9.309373268038e-01 -3.280888845512e-02 1.875141064382e-03 -4.410690195973e-03
7.661132800000e+01 -1.722680306190e-03 2.702846804634e-04 4.450966500049e-03 3.057396045464e-03 -9.188633819911e-01 1.049223991118e-01 9.306650332434e-01 -4.025849371792e-02 1.858122565084e-03 -4.418790446258e-03
7.666015600000e+01 -1.722603218919e-03 2.705085038751e-04 4.452471026701e-03 3.057573705229e-03 -9.179234482047e-01 1.123139797021e-01 9.303329266716e-01 -4.770708730831e-02 1.841095640477e-03 -4.426854464029e-03
7.670898400000e+01 -1.722526116072e-03 2.707323554219e-04 4.453975040113e-03 3.057750405436e-03 -9.169242714435e-01 1.196960409897e-01 9.299409933609e-01 -5.515419023021e-02 1.824060301532e-03 -4.434882328043e-03
7.675781200000e+01 -1.722448990991e-03 2.709562362865e-04 4.455478534019e-03 3.057926154624e-03 -9.158659567514e-01 1.270681097578e-01 9.294892234221e-01 -6.259932300418e-02 1.807016558848e-03 -4.442874116406e-03
7.680664100000e+01 -1.722371835576e-03 2.711801522170e-04 4.456981532587e-03 3.058100964994e-03 -9.147485894576e-01 1.344298646995e-01 9.289775997222e-01 -7.004215809631e-02 1.789964073346e-03 -4.450830069149e-03
7.685546900000e+01 -1.722294646603e-03 2.714040951829e-04 4.458483967314e-03 3.058274838102e-03 -9.135723279030e-01 1.417805335961e-01 9.284061410323e-01 -7.748191029142e-02 1.772903553355e-03 -4.458749937219e-03
7.690429700000e+01 -1.722217416253e-03 2.716280708874e-04 4.459985861709e-03 3.058447786330e-03 -9.123372661201e-01 1.491197979573e-01 9.277748391691e-01 -8.491825129799e-02 1.755834659251e-03 -4.466633960091e-03
7.695312500000e+01 -1.722140138432e-03 2.718520804244e-04 4.461487208173e-03 3.058619818551e-03 -9.110435241436e-01 1.564471897616e-01 9.270836996901e-01 -9.235070001161e-02 1.738757400204e-03 -4.474482213295e-03
7.700195300000e+01 -1.722062807193e-03 2.720761248618e-04 4.462987998779e-03 3.058790943702e-03 -9.096912257140e-01 1.637622423593e-01 9.263327320373e-01 -9.977877499953e-02 1.721671785037e-03 -4.482294771713e-03
7.705078100000e+01 -1.721985416740e-03 2.723002052409e-04 4.464488225284e-03 3.058961170790e-03 -9.082804982606e-01 1.710644905023e-01 9.255219495461e-01 -1.072019945322e-01 1.704577822235e-03 -4.490071709587e-03
7.709960900000e+01 -1.721907961433e-03 2.725243225744e-04 4.465987879129e-03 3.059130508879e-03 -9.068114728839e-01 1.783534703722e-01 9.246513694530e-01 -1.146198766150e-01 1.687475519948e-03 -4.497813100516e-03
7.714843800000e+01 -1.721830434196e-03 2.727484824371e-04 4.467486982141e-03 3.059298970532e-03 -9.052842524665e-01 1.856288684630e-01 9.237209932389e-01 -1.220320907564e-01 1.670364535485e-03 -4.505519174912e-03
7.719726600000e+01 -1.721752832879e-03 2.729726766000e-04 4.468985463743e-03 3.059466558018e-03 -9.036990379548e-01 1.928899258989e-01 9.227308840756e-01 -1.294378509202e-01 1.653245577196e-03 -4.513189689456e-03
7.724609400000e+01 -1.721675150730e-03 2.731969105741e-04 4.470483345170e-03 3.059633284015e-03 -9.020559406749e-01 2.001363324613e-01 9.216810525102e-01 -1.368368263685e-01 1.636118301919e-03 -4.520824874003e-03
7.729492200000e+01 -1.721597382749e-03 2.734211852468e-04 4.471980616653e-03 3.059799157777e-03 -9.003551062343e-01 2.073676303345e-01 9.205715314639e-01 -1.442285343663e-01 1.618982716517e-03 -4.528424799591e-03
7.734375000000e+01 -1.721519524101e-03 2.736455014709e-04 4.473477268133e-03 3.059964188596e-03 -8.985966838213e-01 2.145833632730e-01 9.194023577971e-01 -1.516124920740e-01 1.601838827545e-03 -4.535989536615e-03
7.739257800000e+01 -1.721441570121e-03 2.738698600637e-04 4.474973289267e-03 3.060128385795e-03 -8.967808261868e-01 2.217830766288e-01 9.181735723162e-01 -1.589882165802e-01 1.584686641256e-03 -4.543519154834e-03
7.744140600000e+01 -1.721363516314e-03 2.740942618059e-04 4.476468669431e-03 3.060291758719e-03 -8.949076896250e-01 2.289663173784e-01 9.168852197799e-01 -1.663552249348e-01 1.567526163601e-03 -4.551013723369e-03
7.749023400000e+01 -1.721285358357e-03 2.743187074399e-04 4.477963397729e-03 3.060454316737e-03 -8.929774339545e-01 2.361326341495e-01 9.155373489057e-01 -1.737130341814e-01 1.550357400239e-03 -4.558473310705e-03
7.753906200000e+01 -1.721207092103e-03 2.745431976695e-04 4.479457462995e-03 3.060616069229e-03 -8.909902224987e-01 2.432815772478e-01 9.141300123753e-01 -1.810611613908e-01 1.533180356539e-03 -4.565897984692e-03
7.758789100000e+01 -1.721128711977e-03 2.747677377575e-04 4.480950884379e-03 3.060777028876e-03 -8.889461796253e-01 2.504128445437e-01 9.126632361935e-01 -1.883992738682e-01 1.515994685546e-03 -4.573287963531e-03
7.763671900000e+01 -1.721050217397e-03 2.749923191294e-04 4.482443589025e-03 3.060937198483e-03 -8.868455593347e-01 2.575256976784e-01 9.111371410666e-01 -1.957265882661e-01 1.498801095979e-03 -4.580643011117e-03
7.768554700000e+01 -1.720971603147e-03 2.752169469638e-04 4.483935595588e-03 3.061096590751e-03 -8.846884940676e-01 2.646198383784e-01 9.095517621710e-01 -2.030427723235e-01 1.481599240497e-03 -4.587963345098e-03
7.773437500000e+01 -1.720892865800e-03 2.754416217984e-04 4.485426891887e-03 3.061255215072e-03 -8.824751609711e-01 2.716948239222e-01 9.079071680992e-01 -2.103473435523e-01 1.464389123364e-03 -4.595249030791e-03
7.778320300000e+01 -1.720814002108e-03 2.756663441267e-04 4.486917465498e-03 3.061413080828e-03 -8.802057405980e-01 2.787502133953e-01 9.062034314328e-01 -2.176398196587e-01 1.447170748577e-03 -4.602500132881e-03
7.783203100000e+01 -1.720735009014e-03 2.758911143974e-04 4.488407303768e-03 3.061570197385e-03 -8.778804168863e-01 2.857855677157e-01 9.044406287471e-01 -2.249197185771e-01 1.429944119872e-03 -4.609716715425e-03
7.788085900000e+01 -1.720655883641e-03 2.761159330136e-04 4.489896393814e-03 3.061726574091e-03 -8.754993771388e-01 2.928004496583e-01 9.026188406144e-01 -2.321865585039e-01 1.412709240733e-03 -4.616898841849e-03
7.792968800000e+01 -1.720576621681e-03 2.763408049375e-04 4.491384753007e-03 3.061882223449e-03 -8.730627615341e-01 2.997945668995e-01 9.007381124886e-01 -2.394400063379e-01 1.395465761167e-03 -4.624046720988e-03
7.797851600000e+01 -1.720497223883e-03 2.765657212677e-04 4.492872307067e-03 3.062037148374e-03 -8.705708638473e-01 3.067671995207e-01 8.987986099814e-01 -2.466792837978e-01 1.378214390439e-03 -4.631160122244e-03
7.802734400000e+01 -1.720417686317e-03 2.767906868698e-04 4.494359072956e-03 3.062191361320e-03 -8.680238320174e-01 3.137180594670e-01 8.968003877629e-01 -2.539040587598e-01 1.360954778240e-03 -4.638239253902e-03
7.807617200000e+01 -1.720338006869e-03 2.770157019559e-04 4.495845036948e-03 3.062344871506e-03 -8.654218665971e-01 3.206467171850e-01 8.947435424259e-01 -2.611138508107e-01 1.343686927077e-03 -4.645284176887e-03
7.812500000000e+01 -1.720258183614e-03 2.772407666883e-04 4.497330185120e-03 3.062497688104e-03 -8.627651713984e-01 3.275527450985e-01 8.926281745751e-01 -2.683081799710e-01 1.326410839226e-03 -4.652294951500e-03
7.817382800000e+01 -1.720178214823e-03 2.774658811794e-04 4.498814503359e-03 3.062649820241e-03 -8.600539534713e-01 3.344357176321e-01 8.904543888283e-01 -2.754865667297e-01 1.309126516738e-03 -4.659271637419e-03
7.822265600000e+01 -1.720098098957e-03 2.776910454904e-04 4.500297977374e-03 3.062801276988e-03 -8.572884230817e-01 3.412952112341e-01 8.882222938184e-01 -2.826485320785e-01 1.291833961438e-03 -4.666214293703e-03
7.827148400000e+01 -1.720017834674e-03 2.779162596313e-04 4.501780592696e-03 3.062952067357e-03 -8.544687936901e-01 3.481308043992e-01 8.859320021945e-01 -2.897935975473e-01 1.274533174935e-03 -4.673122978793e-03
7.832031200000e+01 -1.719937420825e-03 2.781415235598e-04 4.503262334687e-03 3.063102200298e-03 -8.515952819290e-01 3.549420776912e-01 8.835836306230e-01 -2.969212852386e-01 1.257224158623e-03 -4.679997750508e-03
7.836914100000e+01 -1.719856854807e-03 2.783668417963e-04 4.504743218867e-03 3.063251687749e-03 -8.486680470846e-01 3.617287524974e-01 8.811772499136e-01 -3.040312632862e-01 1.239906558946e-03 -4.686838805810e-03
7.841796900000e+01 -1.719776139162e-03 2.785922049642e-04 4.506223169626e-03 3.063400532396e-03 -8.456874319691e-01 3.684901356019e-01 8.787130833343e-01 -3.111227638159e-01 1.222581086201e-03 -4.693645921085e-03
7.846679700000e+01 -1.719695271680e-03 2.788176174762e-04 4.507702202199e-03 3.063548746042e-03 -8.426536031989e-01 3.752259531509e-01 8.761912109168e-01 -3.181954566532e-01 1.205247386593e-03 -4.700419292757e-03
7.851562500000e+01 -1.719614251995e-03 2.790430790775e-04 4.509180301343e-03 3.063696337338e-03 -8.395667898735e-01 3.819357942040e-01 8.736117653991e-01 -3.252488665428e-01 1.187905460709e-03 -4.707158976190e-03
7.856445300000e+01 -1.719533079939e-03 2.792685894589e-04 4.510657451682e-03 3.063843314852e-03 -8.364272241530e-01 3.886192499981e-01 8.709748835365e-01 -3.322825189780e-01 1.170555308941e-03 -4.713865026134e-03
7.861328100000e+01 -1.719451755538e-03 2.794941482566e-04 4.512133637710e-03 3.063989687061e-03 -8.332351412351e-01 3.952759139688e-01 8.682807061000e-01 -3.392959402362e-01 1.153196931496e-03 -4.720537496732e-03
7.866210900000e+01 -1.719370279015e-03 2.797197550521e-04 4.513608843803e-03 3.064135462347e-03 -8.299907793322e-01 4.019053817705e-01 8.655293778751e-01 -3.462886574145e-01 1.135830328396e-03 -4.727176441517e-03
7.871093800000e+01 -1.719288649115e-03 2.799454139938e-04 4.515083084405e-03 3.064280651965e-03 -8.266943116070e-01 4.085073862187e-01 8.627209895630e-01 -3.532603410226e-01 1.118455143565e-03 -4.733782048354e-03
7.875976600000e+01 -1.719206869796e-03 2.801711153100e-04 4.516556283288e-03 3.064425258149e-03 -8.233461172578e-01 4.150812570470e-01 8.598558090051e-01 -3.602102343401e-01 1.101072088350e-03 -4.740354099004e-03
7.880859400000e+01 -1.719124940196e-03 2.803968630373e-04 4.518028454711e-03 3.064569291956e-03 -8.199463764249e-01 4.216267321792e-01 8.569339360876e-01 -3.671380101324e-01 1.083680806496e-03 -4.746892780809e-03
7.885742200000e+01 -1.719042861321e-03 2.806226565362e-04 4.519499582639e-03 3.064712761351e-03 -8.164953391495e-01 4.281434163476e-01 8.539555316341e-01 -3.740431991309e-01 1.066281297341e-03 -4.753398144882e-03
7.890625000000e+01 -1.718960634366e-03 2.808484951110e-04 4.520969650953e-03 3.064855674187e-03 -8.129932583713e-01 4.346309166029e-01 8.509207604704e-01 -3.809253330649e-01 1.048873560057e-03 -4.759870241738e-03
7.895507800000e+01 -1.718878260725e-03 2.810743780109e-04 4.522438643455e-03 3.064998038198e-03 -8.094403899058e-01 4.410888423333e-01 8.478297914218e-01 -3.877839446974e-01 1.031457593661e-03 -4.766309121293e-03
7.900390600000e+01 -1.718795741981e-03 2.813003044291e-04 4.523906543877e-03 3.065139860995e-03 -8.058369924201e-01 4.475168052831e-01 8.446827973090e-01 -3.946185678609e-01 1.014033397017e-03 -4.772714832862e-03
7.905273400000e+01 -1.718713079909e-03 2.815262735032e-04 4.525373335888e-03 3.065281150064e-03 -8.021833274095e-01 4.539144195714e-01 8.414799549436e-01 -4.014287374935e-01 9.966009688390e-04 -4.779087425168e-03
7.910156200000e+01 -1.718630276477e-03 2.817522843154e-04 4.526839003099e-03 3.065421912764e-03 -7.984796591738e-01 4.602813017105e-01 8.382214451244e-01 -4.082139896746e-01 9.791603076962e-04 -4.785426946337e-03
7.915039100000e+01 -1.718547332141e-03 2.819783405223e-04 4.528303559056e-03 3.065562159185e-03 -7.947261774159e-01 4.666172000592e-01 8.349073841943e-01 -4.149739998405e-01 9.617110545791e-04 -4.791733572722e-03
7.919921900000e+01 -1.718464252644e-03 2.822044318363e-04 4.529766927292e-03 3.065701890673e-03 -7.909233057173e-01 4.729214764494e-01 8.315380966553e-01 -4.217080295684e-01 9.442539224882e-04 -4.798007092952e-03
7.924804700000e+01 -1.718381038821e-03 2.824305618028e-04 4.531229121297e-03 3.065841117052e-03 -7.870712402860e-01 4.791938847559e-01 8.281137079328e-01 -4.284157572818e-01 9.267885523128e-04 -4.804247682876e-03
7.929687500000e+01 -1.718297693392e-03 2.826567292833e-04 4.532690124530e-03 3.065979845131e-03 -7.831702564006e-01 4.854340512406e-01 8.246344147208e-01 -4.350967239859e-01 9.093149420835e-04 -4.810455388259e-03
7.934570300000e+01 -1.718214219262e-03 2.828829330850e-04 4.534149920426e-03 3.066118081569e-03 -7.792206320239e-01 4.916416046453e-01 8.211004176725e-01 -4.417504720070e-01 8.918330897062e-04 -4.816630254279e-03
7.939453100000e+01 -1.718130619517e-03 2.831091719604e-04 4.535608492409e-03 3.066255832877e-03 -7.752226477790e-01 4.978161762092e-01 8.175119213934e-01 -4.483765450292e-01 8.743429929660e-04 -4.822772325533e-03
7.944335900000e+01 -1.718046897427e-03 2.833354446085e-04 4.537065823894e-03 3.066393105415e-03 -7.711765869253e-01 5.039573996848e-01 8.138691344346e-01 -4.549744881303e-01 8.568446495311e-04 -4.828881646032e-03
7.949218800000e+01 -1.717963054725e-03 2.835617543098e-04 4.538521928106e-03 3.066529908184e-03 -7.670826510041e-01 5.100650360886e-01 8.101721930213e-01 -4.615439820625e-01 8.393376983363e-04 -4.834958383322e-03
7.954101600000e+01 -1.717879098473e-03 2.837880903871e-04 4.539976728825e-03 3.066666241627e-03 -7.629412961636e-01 5.161384740778e-01 8.064214650011e-01 -4.680843057098e-01 8.218228538998e-04 -4.841002331357e-03
7.958984400000e+01 -1.717795030762e-03 2.840144560146e-04 4.541430239322e-03 3.066802114436e-03 -7.587527300714e-01 5.221774804698e-01 8.026170955576e-01 -4.745951433824e-01 8.042997551110e-04 -4.847013657198e-03
7.963867200000e+01 -1.717710855571e-03 2.842408496800e-04 4.542882443056e-03 3.066937532335e-03 -7.545172462877e-01 5.281816992298e-01 7.987593089474e-01 -4.810760460934e-01 7.867683992096e-04 -4.852992402542e-03
7.968750000000e+01 -1.717626577054e-03 2.844672698196e-04 4.544333323512e-03 3.067072500880e-03 -7.502351408868e-01 5.341507769147e-01 7.948483333325e-01 -4.875265664297e-01 7.692287833375e-04 -4.858938608517e-03
7.973632800000e+01 -1.717542199537e-03 2.846937148188e-04 4.545782864210e-03 3.067207025461e-03 -7.459067124326e-01 5.400843626877e-01 7.908844007713e-01 -4.939462585887e-01 7.516809045429e-04 -4.864852315677e-03
7.978515600000e+01 -1.717457727513e-03 2.849201830124e-04 4.547231048711e-03 3.067341111294e-03 -7.415322619538e-01 5.459821083334e-01 7.868677472087e-01 -5.003346784135e-01 7.341247597841e-04 -4.870733564004e-03
7.983398400000e+01 -1.717373165643e-03 2.851466726859e-04 4.548677860626e-03 3.067474763427e-03 -7.371120929196e-01 5.518436682712e-01 7.827986124666e-01 -5.066913834297e-01 7.165603459327e-04 -4.876582392917e-03
7.988281200000e+01 -1.717288518752e-03 2.853731820759e-04 4.550123283619e-03 3.067607986729e-03 -7.326465112149e-01 5.576686995705e-01 7.786772402337e-01 -5.130159328806e-01 6.989876597779e-04 -4.882398841265e-03
7.993164100000e+01 -1.717203790091e-03 2.855997140099e-04 4.551567330974e-03 3.067740788609e-03 -7.281357322770e-01 5.634569801258e-01 7.745037920534e-01 -5.193080162865e-01 6.814063378862e-04 -4.888183065461e-03
7.998046900000e+01 -1.717118988278e-03 2.858262573502e-04 4.553009927338e-03 3.067873168143e-03 -7.235802515116e-01 5.692079352570e-01 7.702786902614e-01 -5.255669387084e-01 6.638170970103e-04 -4.893934866312e-03
8.002929700000e+01 -1.717034116884e-03 2.860528148301e-04 4.554451086168e-03 3.068005132387e-03 -7.189802899846e-01 5.749213489842e-01 7.660021051423e-01 -5.317923939545e-01 6.462195737391e-04 -4.899654399771e-03
8.007812500000e+01 -1.716949181367e-03 2.862793844981e-04 4.555890791410e-03 3.068136685494e-03 -7.143361629970e-01 5.805968891104e-01 7.616742957423e-01 -5.379839484996e-01 6.286137645679e-04 -4.905341702443e-03
8.012695300000e+01 -1.716864187340e-03 2.865059643576e-04 4.557329027103e-03 3.068267831430e-03 -7.096481881421e-01 5.862342261545e-01 7.572955249178e-01 -5.441411707161e-01 6.109996659271e-04 -4.910996810376e-03
8.017578100000e+01 -1.716779140564e-03 2.867325523682e-04 4.558765777376e-03 3.068398573976e-03 -7.049166852805e-01 5.918330333643e-01 7.528660593227e-01 -5.502636309098e-01 5.933772741863e-04 -4.916619759064e-03
8.022460900000e+01 -1.716694046947e-03 2.869591464461e-04 4.560201026458e-03 3.068528916725e-03 -7.001419765156e-01 5.973929867283e-01 7.483861693960e-01 -5.563509013548e-01 5.757465856577e-04 -4.922210583448e-03
8.027343800000e+01 -1.716608910798e-03 2.871857491066e-04 4.561634788032e-03 3.068658865741e-03 -6.953242870672e-01 6.029138776510e-01 7.438560360617e-01 -5.624026799009e-01 5.581072352671e-04 -4.927769431434e-03
8.032226600000e+01 -1.716523741798e-03 2.874123489013e-04 4.563066987821e-03 3.068788418916e-03 -6.904641407843e-01 6.083951615019e-01 7.392761228447e-01 -5.684182949831e-01 5.404599417170e-04 -4.933296109178e-03
8.037109400000e+01 -1.716438544534e-03 2.876389482639e-04 4.564497639767e-03 3.068917581940e-03 -6.855617681232e-01 6.138366360324e-01 7.346466191960e-01 -5.743974493002e-01 5.228043400058e-04 -4.938790764149e-03
8.041992200000e+01 -1.716353325475e-03 2.878655449488e-04 4.565926728562e-03 3.069046357645e-03 -6.806174999101e-01 6.192379883138e-01 7.299678105597e-01 -5.803397233577e-01 5.051404262506e-04 -4.944253429097e-03
8.046875000000e+01 -1.716268091219e-03 2.880921366721e-04 4.567354239024e-03 3.069174748671e-03 -6.756316690901e-01 6.245989082163e-01 7.252399860956e-01 -5.862446998069e-01 4.874681965284e-04 -4.949684136233e-03
8.051757800000e+01 -1.716182848495e-03 2.883187211131e-04 4.568780156111e-03 3.069302757464e-03 -6.706046107025e-01 6.299190884201e-01 7.204634386642e-01 -5.921119634809e-01 4.697876468794e-04 -4.955082917226e-03
8.056640600000e+01 -1.716097604157e-03 2.885452959158e-04 4.570204464919e-03 3.069430386274e-03 -6.655366618555e-01 6.351982244258e-01 7.156384648113e-01 -5.979411014295e-01 4.520987733102e-04 -4.960449803206e-03
8.061523400000e+01 -1.716012365183e-03 2.887718586893e-04 4.571627150692e-03 3.069557637159e-03 -6.604281617021e-01 6.404360145652e-01 7.107653647525e-01 -6.037317029539e-01 4.344015717975e-04 -4.965784824769e-03
8.066406200000e+01 -1.715927138669e-03 2.889984070098e-04 4.573048198828e-03 3.069684511979e-03 -6.552794514151e-01 6.456321600109e-01 7.058444423567e-01 -6.094833596425e-01 4.166960382910e-04 -4.971088011976e-03
8.071289100000e+01 -1.715841930084e-03 2.892249430604e-04 4.574467623933e-03 3.069811014985e-03 -6.500907674939e-01 6.507864699140e-01 7.008759028921e-01 -6.151957819875e-01 3.989818058505e-04 -4.976359501989e-03
8.076171900000e+01 -1.715756750243e-03 2.894514550755e-04 4.575885353588e-03 3.069937142465e-03 -6.448626676075e-01 6.558984400373e-01 6.958602609983e-01 -6.208683322717e-01 3.812595959438e-04 -4.981599107892e-03
8.081054700000e+01 -1.715671604837e-03 2.896779451784e-04 4.577301402766e-03 3.070062898286e-03 -6.395953929845e-01 6.609678861248e-01 6.907977301369e-01 -6.265007265449e-01 3.635290417642e-04 -4.986806966441e-03
8.085937500000e+01 -1.715586501406e-03 2.899044108246e-04 4.578715757527e-03 3.070188283522e-03 -6.342892926299e-01 6.659945208113e-01 6.856886286237e-01 -6.320925658903e-01 3.457901391866e-04 -4.991983105583e-03
8.090820300000e+01 -1.715501447594e-03 2.901308494427e-04 4.580128404112e-03 3.070313299052e-03 -6.289447174454e-01 6.709780596200e-01 6.805332783420e-01 -6.376434538508e-01 3.280428840754e-04 -4.997127552742e-03
8.095703100000e+01 -1.715416451145e-03 2.903572584358e-04 4.581539328945e-03 3.070437945560e-03 -6.235620202043e-01 6.759182209718e-01 6.753320047249e-01 -6.431529964640e-01 3.102872722872e-04 -5.002240334820e-03
8.100585900000e+01 -1.715331519895e-03 2.905836351827e-04 4.582948518637e-03 3.070562223531e-03 -6.181415555274e-01 6.808147261935e-01 6.700851367366e-01 -6.486208022963e-01 2.925232996746e-04 -5.007321478202e-03
8.105468800000e+01 -1.715246660037e-03 2.908099816747e-04 4.584355988802e-03 3.070686135790e-03 -6.126835677000e-01 6.856673984556e-01 6.647928980085e-01 -6.540465931609e-01 2.747505980245e-04 -5.012371111846e-03
8.110351600000e+01 -1.715161883064e-03 2.910362859755e-04 4.585761668795e-03 3.070809677356e-03 -6.071886385254e-01 6.904757661556e-01 6.594558412815e-01 -6.594297605405e-01 2.569698911465e-04 -5.017389054276e-03
8.115234400000e+01 -1.715077195341e-03 2.912625500356e-04 4.587165574665e-03 3.070932850670e-03 -6.016570166236e-01 6.952396592198e-01 6.540741980764e-01 -6.647700323425e-01 2.391808110058e-04 -5.022375434072e-03
8.120117200000e+01 -1.714992605048e-03 2.914887711514e-04 4.588567693826e-03 3.071055655439e-03 -5.960890637598e-01 6.999588106811e-01 6.486483112880e-01 -6.700670275877e-01 2.213833534680e-04 -5.027330275565e-03
8.125000000000e+01 -1.714908120446e-03 2.917149466020e-04 4.589968013903e-03 3.071178091175e-03 -5.904851434246e-01 7.046329565183e-01 6.431785272433e-01 -6.753203679945e-01 2.035775144096e-04 -5.032253602577e-03
8.129882800000e+01 -1.714823749867e-03 2.919410736511e-04 4.591366522737e-03 3.071300157196e-03 -5.848456208091e-01 7.092618356634e-01 6.376651956812e-01 -6.805296780128e-01 1.857632897212e-04 -5.037145438427e-03
8.134765600000e+01 -1.714739501712e-03 2.921671495480e-04 4.592763208390e-03 3.071421852631e-03 -5.791708627811e-01 7.138451900087e-01 6.321086697314e-01 -6.856945848567e-01 1.679406753102e-04 -5.042005805930e-03
8.139648400000e+01 -1.714655384448e-03 2.923931715296e-04 4.594158059146e-03 3.071543176415e-03 -5.734612378606e-01 7.183827644140e-01 6.265093058924e-01 -6.908147185380e-01 1.501096671036e-04 -5.046834727399e-03
8.144531200000e+01 -1.714571406603e-03 2.926191368218e-04 4.595551063517e-03 3.071664127297e-03 -5.677171161957e-01 7.228743067126e-01 6.208674640104e-01 -6.958897118992e-01 1.322702610513e-04 -5.051632224649e-03
8.149414100000e+01 -1.714487575047e-03 2.928450472667e-04 4.596942238719e-03 3.071784706299e-03 -5.619387508531e-01 7.273196582823e-01 6.151833904199e-01 -7.009193031816e-01 1.144220875188e-04 -5.056398416289e-03
8.154296900000e+01 -1.714403901854e-03 2.930708908193e-04 4.598331516749e-03 3.071904906855e-03 -5.561267518488e-01 7.317183908416e-01 6.094576844165e-01 -7.059029249721e-01 9.656587355809e-05 -5.061133127924e-03
8.159179700000e+01 -1.714320393994e-03 2.932966693086e-04 4.599718915334e-03 3.072024729622e-03 -5.502813760802e-01 7.360703526983e-01 6.036905997760e-01 -7.108403222721e-01 7.870124976643e-05 -5.065836477818e-03
8.164062500000e+01 -1.714237060202e-03 2.935223799312e-04 4.601104423934e-03 3.072144172602e-03 -5.444029999676e-01 7.403753036454e-01 5.978825095084e-01 -7.157311395721e-01 6.082821221332e-05 -5.070508485815e-03
8.168945300000e+01 -1.714153909254e-03 2.937480198805e-04 4.602488032252e-03 3.072263233614e-03 -5.384920014391e-01 7.446330064804e-01 5.920337898568e-01 -7.205750243554e-01 4.294675700520e-05 -5.075149171272e-03
8.173828100000e+01 -1.714070949963e-03 2.939735863482e-04 4.603869730243e-03 3.072381910294e-03 -5.325487599071e-01 7.488432270111e-01 5.861448202729e-01 -7.253716271296e-01 2.505688028822e-05 -5.079758553060e-03
8.178710900000e+01 -1.713988191178e-03 2.941990765257e-04 4.605249508111e-03 3.072500200100e-03 -5.265736562445e-01 7.530057340611e-01 5.802159833933e-01 -7.301206014589e-01 7.158578251024e-06 -5.084336649571e-03
8.183593800000e+01 -1.713905640087e-03 2.944244922213e-04 4.606627384512e-03 3.072618102724e-03 -5.205669494262e-01 7.571203832486e-01 5.742475423818e-01 -7.348216997784e-01 -1.074851968966e-05 -5.088883571512e-03
8.188476600000e+01 -1.713823308974e-03 2.946498213976e-04 4.608003293728e-03 3.072735610442e-03 -5.145292692118e-01 7.611867809070e-01 5.682401306395e-01 -7.394743892997e-01 -2.866368379053e-05 -5.093399150076e-03
8.193359400000e+01 -1.713741205071e-03 2.948750658722e-04 4.609377254972e-03 3.072852722602e-03 -5.084608780197e-01 7.652047896953e-01 5.621940183798e-01 -7.440784297134e-01 -4.658728436368e-05 -5.097883495661e-03
8.198242200000e+01 -1.713659337319e-03 2.951002228514e-04 4.610749259482e-03 3.072969435966e-03 -5.023621623282e-01 7.691741905499e-01 5.561096007285e-01 -7.486334871221e-01 -6.451932502345e-05 -5.102336624749e-03
8.203125000000e+01 -1.713577714675e-03 2.953252895490e-04 4.612119298762e-03 3.073085747123e-03 -4.962335099584e-01 7.730947674468e-01 5.499872758695e-01 -7.531392308401e-01 -8.245980932832e-05 -5.106758553353e-03
8.208007800000e+01 -1.713496346101e-03 2.955502631885e-04 4.613487364582e-03 3.073201652498e-03 -4.900753100504e-01 7.769663074064e-01 5.438274450188e-01 -7.575953334244e-01 -1.004087407782e-04 -5.111149297019e-03
8.212890600000e+01 -1.713415240569e-03 2.957751410039e-04 4.614853448984e-03 3.073317148350e-03 -4.838879530405e-01 7.807886004973e-01 5.376305123976e-01 -7.620014707045e-01 -1.183661228120e-04 -5.115508870825e-03
8.217773400000e+01 -1.713334407049e-03 2.959999202419e-04 4.616217544277e-03 3.073432230776e-03 -4.776718306375e-01 7.845614398405e-01 5.313968852051e-01 -7.663573218127e-01 -1.363319588049e-04 -5.119837289386e-03
8.222656200000e+01 -1.713253854510e-03 2.962245981632e-04 4.617579643047e-03 3.073546895713e-03 -4.714273357996e-01 7.882846216131e-01 5.251269735917e-01 -7.706625692138e-01 -1.543062520657e-04 -5.124134566857e-03
8.227539100000e+01 -1.713173590273e-03 2.964491766421e-04 4.618939765989e-03 3.073661141275e-03 -4.651547339672e-01 7.919580197700e-01 5.188210611237e-01 -7.749169853405e-01 -1.722893742092e-04 -5.128400803986e-03
8.232421900000e+01 -1.713093626575e-03 2.966736437735e-04 4.620297850528e-03 3.073774958410e-03 -4.588546774564e-01 7.955812861484e-01 5.124798220626e-01 -7.791200851484e-01 -1.902805918289e-04 -5.132635839271e-03
8.237304700000e+01 -1.713013970706e-03 2.968980014702e-04 4.621653917956e-03 3.073888344934e-03 -4.525274346605e-01 7.991543018565e-01 5.061035464677e-01 -7.832716489285e-01 -2.082802762210e-04 -5.136839773188e-03
8.242187500000e+01 -1.712934631583e-03 2.971222470645e-04 4.623007961967e-03 3.074001296173e-03 -4.461734033057e-01 8.026768753311e-01 4.996926560133e-01 -7.873713727701e-01 -2.262884304048e-04 -5.141012618071e-03
8.247070300000e+01 -1.712855618099e-03 2.973463779109e-04 4.624359976537e-03 3.074113807305e-03 -4.397929822532e-01 8.061488180821e-01 4.932475751833e-01 -7.914189562408e-01 -2.443050573206e-04 -5.145154385806e-03
8.251953100000e+01 -1.712776939121e-03 2.975703913873e-04 4.625709955925e-03 3.074225873365e-03 -4.333865714761e-01 8.095699446951e-01 4.867687312417e-01 -7.954141024151e-01 -2.623301598280e-04 -5.149265087830e-03
8.256835900000e+01 -1.712698603485e-03 2.977942848964e-04 4.627057894673e-03 3.074337489248e-03 -4.269545720373e-01 8.129400728342e-01 4.802565542033e-01 -7.993565179024e-01 -2.803637407030e-04 -5.153344735141e-03
8.261718800000e+01 -1.712620618399e-03 2.980180604491e-04 4.628403815148e-03 3.074448651983e-03 -4.204972535676e-01 8.162590906919e-01 4.737113424260e-01 -8.032459919850e-01 -2.984061722251e-04 -5.157393420888e-03
8.266601600000e+01 -1.712542995819e-03 2.982417063369e-04 4.629747657334e-03 3.074559351642e-03 -4.140152837352e-01 8.195266861495e-01 4.671337994305e-01 -8.070820791109e-01 -3.164567179918e-04 -5.161410989355e-03
8.271484400000e+01 -1.712465742864e-03 2.984652246306e-04 4.631089444211e-03 3.074669584996e-03 -4.075089347494e-01 8.227427546191e-01 4.605242295948e-01 -8.108645768598e-01 -3.345157499304e-04 -5.165397533452e-03
8.276367200000e+01 -1.712388868206e-03 2.986886128479e-04 4.632429171464e-03 3.074779346412e-03 -4.009786118061e-01 8.259071261037e-01 4.538830736341e-01 -8.145932062577e-01 -3.525832704599e-04 -5.169353062424e-03
8.281250000000e+01 -1.712312380468e-03 2.989118685390e-04 4.633766835060e-03 3.074888630129e-03 -3.944247210790e-01 8.290196336966e-01 4.472107748620e-01 -8.182676920025e-01 -3.706592819044e-04 -5.173277585081e-03
8.286132800000e+01 -1.712236288217e-03 2.991349892878e-04 4.635102431257e-03 3.074997430268e-03 -3.878476696969e-01 8.320801135833e-01 4.405077791586e-01 -8.218877624905e-01 -3.887437864904e-04 -5.177171109805e-03
8.291015600000e+01 -1.712160599963e-03 2.993579727136e-04 4.636435956596e-03 3.075105740828e-03 -3.812478657221e-01 8.350884050430e-01 4.337745349389e-01 -8.254531498431e-01 -4.068367863454e-04 -5.181033644552e-03
8.295898400000e+01 -1.712085324152e-03 2.995808164725e-04 4.637767407910e-03 3.075213555697e-03 -3.746257181282e-01 8.380443504506e-01 4.270114931211e-01 -8.289635899324e-01 -4.249382834948e-04 -5.184865196853e-03
8.300781200000e+01 -1.712010469167e-03 2.998035182588e-04 4.639096782315e-03 3.075320868651e-03 -3.679816367783e-01 8.409477952778e-01 4.202191070935e-01 -8.324188224074e-01 -4.430482798603e-04 -5.188665773817e-03
8.305664100000e+01 -1.711936041800e-03 3.000260803627e-04 4.640424104376e-03 3.075427675540e-03 -3.613158956733e-01 8.437986459394e-01 4.133976926903e-01 -8.358186597768e-01 -4.611671484123e-04 -5.192435459018e-03
8.310546900000e+01 -1.711862053338e-03 3.002484914427e-04 4.641749317420e-03 3.075533965556e-03 -3.546291794208e-01 8.465966373342e-01 4.065479875509e-01 -8.391627100597e-01 -4.792941487226e-04 -5.196174104324e-03
8.315429700000e+01 -1.711788510415e-03 3.004707538752e-04 4.643072446627e-03 3.075639734355e-03 -3.479217641284e-01 8.493416831574e-01 3.996703128732e-01 -8.424507945831e-01 -4.974296533691e-04 -5.199881793115e-03
8.320312500000e+01 -1.711715421111e-03 3.006928655206e-04 4.644393490259e-03 3.075744975305e-03 -3.411940629993e-01 8.520336412820e-01 3.927651315994e-01 -8.456826683542e-01 -5.155736638362e-04 -5.203558530835e-03
8.325195300000e+01 -1.711642793425e-03 3.009148242842e-04 4.645712446865e-03 3.075849681682e-03 -3.344464900181e-01 8.546723726841e-01 3.858329089762e-01 -8.488580902815e-01 -5.337261814941e-04 -5.207204322522e-03
8.330078100000e+01 -1.711570635264e-03 3.011366281172e-04 4.647029315274e-03 3.075953846671e-03 -3.276794599288e-01 8.572577414435e-01 3.788741125208e-01 -8.519768231985e-01 -5.518872075962e-04 -5.210819172805e-03
8.334960900000e+01 -1.711498954449e-03 3.013582750184e-04 4.648344094601e-03 3.076057463373e-03 -3.208933882139e-01 8.597896147443e-01 3.718892119871e-01 -8.550386338874e-01 -5.700567432774e-04 -5.214403085911e-03
8.339843800000e+01 -1.711427757249e-03 3.015797675696e-04 4.649656811106e-03 3.076160526913e-03 -3.140885515245e-01 8.622679130805e-01 3.648785354951e-01 -8.580433540513e-01 -5.882351619264e-04 -5.217956138111e-03
8.344726600000e+01 -1.711357054207e-03 3.018010947957e-04 4.650967410699e-03 3.076263026010e-03 -3.072656454844e-01 8.646924083354e-01 3.578428443274e-01 -8.609906353646e-01 -6.064217198600e-04 -5.221478187299e-03
8.349609400000e+01 -1.711286851383e-03 3.020222593824e-04 4.652275920240e-03 3.076364955647e-03 -3.004249484926e-01 8.670630283142e-01 3.507824714228e-01 -8.638803187163e-01 -6.246167900456e-04 -5.224969309584e-03
8.354492200000e+01 -1.711217156196e-03 3.022432595300e-04 4.653582339967e-03 3.076466308622e-03 -2.935668787733e-01 8.693796526237e-01 3.436978951318e-01 -8.667121869139e-01 -6.428203731233e-04 -5.228429507599e-03
8.359375000000e+01 -1.711147975959e-03 3.024640934917e-04 4.654886670390e-03 3.076567077666e-03 -2.866918551837e-01 8.716421639776e-01 3.365895958656e-01 -8.694860268274e-01 -6.610324696052e-04 -5.231858783586e-03
8.364257800000e+01 -1.711079317872e-03 3.026847595753e-04 4.656188912298e-03 3.076667255447e-03 -2.798002971929e-01 8.738504481957e-01 3.294580560602e-01 -8.722016294108e-01 -6.792530798726e-04 -5.235257139396e-03
8.369140600000e+01 -1.711011189018e-03 3.029052561440e-04 4.657489066752e-03 3.076766834576e-03 -2.728926248612e-01 8.760043942046e-01 3.223037601400e-01 -8.748587897235e-01 -6.974822041747e-04 -5.238624576493e-03
8.374023400000e+01 -1.710943596368e-03 3.031255816170e-04 4.658787135084e-03 3.076865807607e-03 -2.659692588196e-01 8.781038940371e-01 3.151271944819e-01 -8.774573069516e-01 -7.157198426266e-04 -5.241961095958e-03
8.378906200000e+01 -1.710876546768e-03 3.033457344713e-04 4.660083118897e-03 3.076964167046e-03 -2.590306202490e-01 8.801488428324e-01 3.079288473784e-01 -8.799969844287e-01 -7.339659952070e-04 -5.245266698491e-03
8.383789100000e+01 -1.710810045585e-03 3.035657177454e-04 4.661377046539e-03 3.077061907347e-03 -2.520769883028e-01 8.821391790365e-01 3.007090609270e-01 -8.824776798536e-01 -7.522210357008e-04 -5.248541451158e-03
8.388671900000e+01 -1.710744102141e-03 3.037855210236e-04 4.662668867148e-03 3.077159016923e-03 -2.451090700230e-01 8.840747224758e-01 2.934686228660e-01 -8.848991033048e-01 -7.704842160962e-04 -5.251785219772e-03
8.393554700000e+01 -1.710678721536e-03 3.040051474674e-04 4.663958609642e-03 3.077255490159e-03 -2.381271458604e-01 8.859554189274e-01 2.862078793697e-01 -8.872611220876e-01 -7.887559097226e-04 -5.254998071283e-03
8.398437500000e+01 -1.710613910104e-03 3.042245957926e-04 4.665246276684e-03 3.077351319398e-03 -2.311316389909e-01 8.877811759517e-01 2.789273260211e-01 -8.895635563254e-01 -8.070361159966e-04 -5.258180004888e-03
8.403320300000e+01 -1.710549674046e-03 3.044438647770e-04 4.666531871191e-03 3.077446496952e-03 -2.241229730389e-01 8.895519042129e-01 2.716274601319e-01 -8.918062303874e-01 -8.253248341898e-04 -5.261331019414e-03
8.408203100000e+01 -1.710486019424e-03 3.046629532607e-04 4.667815396340e-03 3.077541015107e-03 -2.171015720561e-01 8.912675174788e-01 2.643087807045e-01 -8.939889729074e-01 -8.436220634272e-04 -5.264451113322e-03
8.413085900000e+01 -1.710422952159e-03 3.048818601478e-04 4.669096855558e-03 3.077634866126e-03 -2.100678605023e-01 8.929279326194e-01 2.569717883931e-01 -8.961116168018e-01 -8.619278026853e-04 -5.267540284710e-03
8.417968800000e+01 -1.710360476757e-03 3.051005888837e-04 4.670376278707e-03 3.077728044156e-03 -2.030221188120e-01 8.945331019129e-01 2.496168346601e-01 -8.981740409076e-01 -8.802424259544e-04 -5.270598593628e-03
8.422851600000e+01 -1.710298601410e-03 3.053191295425e-04 4.671653617309e-03 3.077820537608e-03 -1.959650607961e-01 8.960828826838e-01 2.422447246107e-01 -9.001760022821e-01 -8.985651817556e-04 -5.273625912186e-03
8.427734400000e+01 -1.710237330316e-03 3.055374857039e-04 4.672928901761e-03 3.077912340619e-03 -1.888969678439e-01 8.975772345438e-01 2.348558131778e-01 -9.021173896517e-01 -9.168964435995e-04 -5.276622300354e-03
8.432617200000e+01 -1.710176668810e-03 3.057556565327e-04 4.674202136478e-03 3.078003445400e-03 -1.818182658465e-01 8.990160867634e-01 2.274506072369e-01 -9.039980532400e-01 -9.352362098525e-04 -5.279587754797e-03
8.437500000000e+01 -1.710116622073e-03 3.059736412600e-04 4.675473326112e-03 3.078093844162e-03 -1.747293810037e-01 9.003993717106e-01 2.200296151213e-01 -9.058178476389e-01 -9.535844787237e-04 -5.282522271830e-03
8.442382800000e+01 -1.710057195132e-03 3.061914391848e-04 4.676742475554e-03 3.078183529117e-03 -1.676307398039e-01 9.017270248495e-01 2.125933465818e-01 -9.075766318254e-01 -9.719412482643e-04 -5.285425847417e-03
8.447265600000e+01 -1.709998392855e-03 3.064090496733e-04 4.678009589927e-03 3.078272492481e-03 -1.605227690045e-01 9.029989847390e-01 2.051423127474e-01 -9.092742691769e-01 -9.903065163657e-04 -5.288298477178e-03
8.452148400000e+01 -1.709940219952e-03 3.066264721605e-04 4.679274674581e-03 3.078360726480e-03 -1.534058956126e-01 9.042151930316e-01 1.976770260849e-01 -9.109106274866e-01 -1.008680280758e-03 -5.291140156387e-03
8.457031200000e+01 -1.709882680972e-03 3.068437061498e-04 4.680537735095e-03 3.078448223353e-03 -1.462805468654e-01 9.053755944720e-01 1.901980003590e-01 -9.124855789783e-01 -1.027062539007e-03 -5.293950879977e-03
8.461914100000e+01 -1.709825779139e-03 3.070607556570e-04 4.681798803074e-03 3.078534977126e-03 -1.391470040388e-01 9.064801589440e-01 1.827055970186e-01 -9.139990306852e-01 -1.045453665247e-03 -5.296730699157e-03
8.466796900000e+01 -1.709769521005e-03 3.072776114339e-04 4.683057832884e-03 3.078620976522e-03 -1.320059869639e-01 9.075287921288e-01 1.752006391949e-01 -9.154508017439e-01 -1.063852903427e-03 -5.299479494325e-03
8.471679700000e+01 -1.709713909448e-03 3.074942776394e-04 4.684314856607e-03 3.078706215626e-03 -1.248577774407e-01 9.085214712313e-01 1.676834909952e-01 -9.168408093815e-01 -1.082260627172e-03 -5.302197316653e-03
8.476562500000e+01 -1.709658948353e-03 3.077107540553e-04 4.685569880688e-03 3.078790686770e-03 -1.177028034332e-01 9.094581533486e-01 1.601546709703e-01 -9.181689436861e-01 -1.100676833383e-03 -5.304884159733e-03
8.481445300000e+01 -1.709604641432e-03 3.079270405339e-04 4.686822911780e-03 3.078874382317e-03 -1.105414930391e-01 9.103387986623e-01 1.526146987652e-01 -9.194350992452e-01 -1.119101518791e-03 -5.307540016832e-03
8.486328100000e+01 -1.709550992225e-03 3.081431369979e-04 4.688073956742e-03 3.078957294664e-03 -1.033742744708e-01 9.111633704355e-01 1.450640950777e-01 -9.206391751583e-01 -1.137534679952e-03 -5.310164880887e-03
8.491210900000e+01 -1.709498004099e-03 3.083590434404e-04 4.689323022631e-03 3.079039416251e-03 -9.620157603595e-02 9.119318350122e-01 1.375033816174e-01 -9.217810750489e-01 -1.155976313252e-03 -5.312758744514e-03
8.496093800000e+01 -1.709445679179e-03 3.085747643415e-04 4.690570142220e-03 3.079120741217e-03 -8.902367906947e-02 9.126441758278e-01 1.299329259290e-01 -9.228607285492e-01 -1.174426792847e-03 -5.315321652176e-03
8.500976600000e+01 -1.709394022625e-03 3.087902910002e-04 4.691815271875e-03 3.079201258761e-03 -8.184130602193e-02 9.133003362036e-01 1.223535617097e-01 -9.238780041423e-01 -1.192885359054e-03 -5.317853490873e-03
8.505859400000e+01 -1.709343036193e-03 3.090056280422e-04 4.693058444789e-03 3.079280963138e-03 -7.465473842349e-02 9.139003068758e-01 1.147656585099e-01 -9.248328418419e-01 -1.211352385503e-03 -5.320354305070e-03
8.510742200000e+01 -1.709292722541e-03 3.092207757439e-04 4.694299668780e-03 3.079359846981e-03 -6.746440477459e-02 9.144440664900e-01 1.071697416684e-01 -9.257251634812e-01 -1.229827867873e-03 -5.322824086112e-03
8.515625000000e+01 -1.709243084148e-03 3.094357344528e-04 4.695538951845e-03 3.079437902985e-03 -6.027073357672e-02 9.149315967614e-01 9.956633732602e-02 -9.265548954723e-01 -1.248311801662e-03 -5.325262825034e-03
8.520507800000e+01 -1.709194123307e-03 3.096505045870e-04 4.696776302157e-03 3.079515123904e-03 -5.307415331372e-02 9.153628824736e-01 9.195597238381e-02 -9.273219688154e-01 -1.266804182188e-03 -5.327670512561e-03
8.525390600000e+01 -1.709145842134e-03 3.098650866351e-04 4.698011728058e-03 3.079591502559e-03 -4.587509243306e-02 9.157379114757e-01 8.433917446018e-02 -9.280263191085e-01 -1.285305004588e-03 -5.330047139115e-03
8.530273400000e+01 -1.709098242558e-03 3.100794811561e-04 4.699245238059e-03 3.079667031836e-03 -3.867397932721e-02 9.160566746806e-01 7.671647184856e-02 -9.286678865560e-01 -1.303814263812e-03 -5.332392694811e-03
8.535156200000e+01 -1.709051326324e-03 3.102936887795e-04 4.700476840833e-03 3.079741704697e-03 -3.147124231506e-02 9.163191660619e-01 6.908839347469e-02 -9.292466159770e-01 -1.322331954628e-03 -5.334707169465e-03
8.540039100000e+01 -1.709005094055e-03 3.105077145855e-04 4.701706570375e-03 3.079815515680e-03 -2.426716207710e-02 9.165253862994e-01 6.145531248506e-02 -9.297624667337e-01 -1.340858451118e-03 -5.336990599039e-03
8.544921900000e+01 -1.708959549020e-03 3.107215505769e-04 4.702934385299e-03 3.079888454875e-03 -1.706246181053e-02 9.166753270352e-01 5.381807159593e-02 -9.302153717690e-01 -1.359392988844e-03 -5.339242879226e-03
8.549804700000e+01 -1.708914691454e-03 3.109352019769e-04 4.704160319943e-03 3.079960517000e-03 -9.857421976175e-03 9.167689962117e-01 4.617704509776e-02 -9.306053010014e-01 -1.377935941342e-03 -5.341464046038e-03
8.554687500000e+01 -1.708870522360e-03 3.111486696925e-04 4.705384383583e-03 3.080031695335e-03 -2.652470413415e-03 9.168064000230e-01 3.853276401630e-02 -9.309322177851e-01 -1.396487302625e-03 -5.343654088109e-03
8.559570300000e+01 -1.708827042555e-03 3.113619546996e-04 4.706606585635e-03 3.080101983248e-03 4.551965204302e-03 9.167875477118e-01 3.088575979451e-02 -9.311960901249e-01 -1.415047066519e-03 -5.345812993788e-03
8.564453100000e+01 -1.708784252665e-03 3.115750580418e-04 4.707826935652e-03 3.080171374202e-03 1.175545738783e-02 9.167124515670e-01 2.323656424915e-02 -9.313968906819e-01 -1.433615226655e-03 -5.347940751138e-03
8.569335900000e+01 -1.708742153133e-03 3.117879808305e-04 4.709045443316e-03 3.080239861749e-03 1.895757885065e-02 9.165811269209e-01 1.558570952743e-02 -9.315345967786e-01 -1.452191776475e-03 -5.350037347937e-03
8.574218800000e+01 -1.708700743369e-03 3.120007285992e-04 4.710262143332e-03 3.080307440917e-03 2.615804996880e-02 9.163935877303e-01 7.933571342584e-03 -9.316091912857e-01 -1.470777089928e-03 -5.352102813664e-03
8.579101600000e+01 -1.708660025136e-03 3.122132938788e-04 4.711476995795e-03 3.080374102690e-03 3.335614898249e-02 9.161498630879e-01 2.809958070764e-04 -9.316206578082e-01 -1.489370398824e-03 -5.354137050937e-03
8.583984400000e+01 -1.708619997453e-03 3.124256823389e-04 4.712690035687e-03 3.080439842315e-03 4.055159680551e-02 9.158499741749e-01 -7.371640905289e-03 -9.315689898560e-01 -1.507972076552e-03 -5.356140089319e-03
8.588867200000e+01 -1.708580660011e-03 3.126378953554e-04 4.713901273163e-03 3.080504653755e-03 4.774396714427e-02 9.154939484695e-01 -1.502380576154e-02 -9.314541834437e-01 -1.526582115768e-03 -5.358111915479e-03
8.593750000000e+01 -1.708542012310e-03 3.128499343687e-04 4.715110718488e-03 3.080568531079e-03 5.493283399893e-02 9.150818164796e-01 -2.267496561665e-02 -9.312762392682e-01 -1.545200508931e-03 -5.360052515817e-03
8.598632800000e+01 -1.708504053663e-03 3.130618008831e-04 4.716318382025e-03 3.080631468467e-03 6.211777168148e-02 9.146136117396e-01 -3.032458725735e-02 -9.310351627110e-01 -1.563827248298e-03 -5.361961876462e-03
8.603515600000e+01 -1.708466783196e-03 3.132734964659e-04 4.717524274238e-03 3.080693460215e-03 6.929835483384e-02 9.140893708071e-01 -3.797213744614e-02 -9.307309638408e-01 -1.582462325930e-03 -5.363839983278e-03
8.608398400000e+01 -1.708430199850e-03 3.134850227465e-04 4.718728405681e-03 3.080754500733e-03 7.647415844597e-02 9.135091332604e-01 -4.561708296521e-02 -9.303636574151e-01 -1.601105733681e-03 -5.365686821865e-03
8.613281200000e+01 -1.708394302375e-03 3.136963814158e-04 4.719930786997e-03 3.080814584552e-03 8.364475787392e-02 9.128729416949e-01 -5.325889066052e-02 -9.299332628820e-01 -1.619757463208e-03 -5.367502377563e-03
8.618164100000e+01 -1.708359088624e-03 3.139075785487e-04 4.721131453480e-03 3.080873707525e-03 9.080987553628e-02 9.121808269741e-01 -6.089718387406e-02 -9.294397936289e-01 -1.638417888207e-03 -5.369286671672e-03
8.623046900000e+01 -1.708324558421e-03 3.141186073058e-04 4.722330366756e-03 3.080931862004e-03 9.796879409013e-02 9.114328660683e-01 -6.853111684361e-02 -9.288832986997e-01 -1.657086235606e-03 -5.371039615934e-03
8.627929700000e+01 -1.708290709235e-03 3.143294738836e-04 4.723527562306e-03 3.080989044112e-03 1.051212368959e-01 9.106290970041e-01 -7.616031333986e-02 -9.282638021569e-01 -1.675762878522e-03 -5.372761231780e-03
8.632812500000e+01 -1.708257539077e-03 3.145401802093e-04 4.724723051073e-03 3.081045248879e-03 1.122667809542e-01 9.097695744152e-01 -8.378424090494e-02 -9.275813422148e-01 -1.694447807791e-03 -5.374451503530e-03
8.637695300000e+01 -1.708225045778e-03 3.147507282668e-04 4.725916844064e-03 3.081100471464e-03 1.194050037214e-01 9.088543559362e-01 -9.140236736547e-02 -9.268359617785e-01 -1.713141014043e-03 -5.376110415253e-03
8.642578100000e+01 -1.708193226984e-03 3.149611200955e-04 4.727108952344e-03 3.081154707159e-03 1.265354831281e-01 9.078835021997e-01 -9.901416087679e-02 -9.260277084421e-01 -1.731842487701e-03 -5.377737950774e-03
8.647460900000e+01 -1.708162080162e-03 3.151713577896e-04 4.728299387031e-03 3.081207951392e-03 1.336577975967e-01 9.068570768331e-01 -1.066190899672e-01 -9.251566344872e-01 -1.750552218977e-03 -5.379334093671e-03
8.652343800000e+01 -1.708131601981e-03 3.153814477972e-04 4.729488183620e-03 3.081260200785e-03 1.407716716583e-01 9.057751237288e-01 -1.142167791006e-01 -9.242227771136e-01 -1.769270581305e-03 -5.380898859007e-03
8.657226600000e+01 -1.708101790796e-03 3.155913837128e-04 4.730675304629e-03 3.081311448899e-03 1.478763933865e-01 9.046377568102e-01 -1.218063864791e-01 -9.232262362218e-01 -1.787996797788e-03 -5.382432165788e-03
8.662109400000e+01 -1.708072642905e-03 3.158011720911e-04 4.731860785672e-03 3.081361692657e-03 1.549716885659e-01 9.034450270776e-01 -1.293875376907e-01 -9.221670596583e-01 -1.806731241272e-03 -5.383934029245e-03
8.666992200000e+01 -1.708044155062e-03 3.160108152325e-04 4.733044638032e-03 3.081410928042e-03 1.620571377656e-01 9.021970101019e-01 -1.369597031978e-01 -9.210453184279e-01 -1.825473901125e-03 -5.385404432003e-03
8.671875000000e+01 -1.708016323845e-03 3.162203154860e-04 4.734226873021e-03 3.081459151180e-03 1.691323221360e-01 9.008937844308e-01 -1.445223540571e-01 -9.198610882072e-01 -1.844224766509e-03 -5.386843356460e-03
8.676757800000e+01 -1.707989145658e-03 3.164296752477e-04 4.735407501976e-03 3.081506358343e-03 1.761968234268e-01 8.995354315853e-01 -1.520749619634e-01 -9.186144493399e-01 -1.862983826367e-03 -5.388250784782e-03
8.681640600000e+01 -1.707962616733e-03 3.166388969599e-04 4.736586536255e-03 3.081552545949e-03 1.832502240048e-01 8.981220360559e-01 -1.596169992942e-01 -9.173054868320e-01 -1.881751069432e-03 -5.389626698907e-03
8.686523400000e+01 -1.707936733133e-03 3.168479831093e-04 4.737763987230e-03 3.081597710564e-03 1.902921068718e-01 8.966536852990e-01 -1.671479391534e-01 -9.159342903465e-01 -1.900526484220e-03 -5.390971080551e-03
8.691406200000e+01 -1.707911490750e-03 3.170569362261e-04 4.738939866282e-03 3.081641848903e-03 1.973220556821e-01 8.951304697327e-01 -1.746672554161e-01 -9.145009541972e-01 -1.919310059033e-03 -5.392283911205e-03
8.696289100000e+01 -1.707886884814e-03 3.172657631578e-04 4.740114208834e-03 3.081684958704e-03 2.043397983526e-01 8.935524498561e-01 -1.821745763909e-01 -9.130055460822e-01 -1.938102166895e-03 -5.393565198059e-03
8.701171900000e+01 -1.707862911891e-03 3.174744579632e-04 4.741286978174e-03 3.081727035219e-03 2.113446324479e-01 8.919197866357e-01 -1.896690701232e-01 -9.114482308503e-01 -1.956902025964e-03 -5.394814869686e-03
8.706054700000e+01 -1.707839566870e-03 3.176830275720e-04 4.742458209755e-03 3.081768076511e-03 2.183362875369e-01 8.902325475956e-01 -1.971503669377e-01 -9.098290867377e-01 -1.975710008663e-03 -5.396032933491e-03
8.710937500000e+01 -1.707816844986e-03 3.178914746732e-04 4.743627914951e-03 3.081808079904e-03 2.253143500635e-01 8.884908349628e-01 -2.046179442327e-01 -9.081482265936e-01 -1.994526102425e-03 -5.397219370099e-03
8.715820300000e+01 -1.707794741316e-03 3.180998019918e-04 4.744796105127e-03 3.081847042877e-03 2.322784072139e-01 8.866947539061e-01 -2.120712803968e-01 -9.064057678819e-01 -2.013350294464e-03 -5.398374159927e-03
8.720703100000e+01 -1.707773250777e-03 3.183080122874e-04 4.745962791629e-03 3.081884963064e-03 2.392280469340e-01 8.848444125325e-01 -2.195098548535e-01 -9.046018326724e-01 -2.032182571777e-03 -5.399497283185e-03
8.725585900000e+01 -1.707752368134e-03 3.185161083527e-04 4.747127985782e-03 3.081921838256e-03 2.461628579473e-01 8.829399218829e-01 -2.269331481040e-01 -9.027365476313e-01 -2.051022921137e-03 -5.400588719875e-03
8.730468800000e+01 -1.707732087588e-03 3.187240972699e-04 4.748291722700e-03 3.081957667124e-03 2.530825713274e-01 8.809813552640e-01 -2.343407933122e-01 -9.008100039315e-01 -2.069871715199e-03 -5.401648471175e-03
8.735351600000e+01 -1.707712404428e-03 3.189319733739e-04 4.749453965985e-03 3.081992446306e-03 2.599864939735e-01 8.789689097949e-01 -2.417319698460e-01 -8.988224163158e-01 -2.088728168264e-03 -5.402676473277e-03
8.740234400000e+01 -1.707693312546e-03 3.191397438075e-04 4.750614750717e-03 3.082026174811e-03 2.668743589201e-01 8.769026657341e-01 -2.491063135724e-01 -8.967738863532e-01 -2.107592652378e-03 -5.403672727609e-03
8.745117200000e+01 -1.707674806105e-03 3.193474114793e-04 4.751774088088e-03 3.082058851062e-03 2.737457581800e-01 8.747827458146e-01 -2.564633097410e-01 -8.946645589967e-01 -2.126465153431e-03 -5.404637213375e-03
8.750000000000e+01 -1.707656879127e-03 3.195549793231e-04 4.752931989245e-03 3.082090473641e-03 2.806002846334e-01 8.726092756811e-01 -2.638024448970e-01 -8.924945837437e-01 -2.145345657090e-03 -5.405569909585e-03
8.754882800000e+01 -1.707639525492e-03 3.197624502958e-04 4.754088465289e-03 3.082121041290e-03 2.874375320451e-01 8.703823838859e-01 -2.711232069242e-01 -8.902641146240e-01 -2.164234148801e-03 -5.406470795058e-03
8.759765600000e+01 -1.707622738941e-03 3.199698273758e-04 4.755243527266e-03 3.082150552912e-03 2.942570950828e-01 8.681022018841e-01 -2.784250850882e-01 -8.879733101874e-01 -2.183130613783e-03 -5.407339848422e-03
8.764648400000e+01 -1.707606513079e-03 3.201771135619e-04 4.756397186168e-03 3.082179007568e-03 3.010585693347e-01 8.657688640291e-01 -2.857075700795e-01 -8.856223334909e-01 -2.202035037033e-03 -5.408177048121e-03
8.769531200000e+01 -1.707590841379e-03 3.203843118707e-04 4.757549452924e-03 3.082206404480e-03 3.078415513278e-01 8.633825075676e-01 -2.929701540557e-01 -8.832113520859e-01 -2.220947403323e-03 -5.408982372411e-03
8.774414100000e+01 -1.707575716878e-03 3.205914295762e-04 4.758700361955e-03 3.082232743559e-03 3.146057768783e-01 8.609432221389e-01 -3.002124787929e-01 -8.807404867899e-01 -2.239868084770e-03 -5.409755814882e-03
8.779296900000e+01 -1.707561133409e-03 3.207984612433e-04 4.759849876919e-03 3.082258023269e-03 3.213505673795e-01 8.584512506763e-01 -3.074337428629e-01 -8.782100153086e-01 -2.258796290718e-03 -5.410497321748e-03
8.784179700000e+01 -1.707547083744e-03 3.210054141753e-04 4.760998032124e-03 3.082282243863e-03 3.280756610054e-01 8.559066896633e-01 -3.146335916129e-01 -8.756200686013e-01 -2.277732392669e-03 -5.411206886893e-03
8.789062500000e+01 -1.707533560851e-03 3.212122914447e-04 4.762144838216e-03 3.082305405202e-03 3.347806582169e-01 8.533096878721e-01 -3.218115234966e-01 -8.729708320542e-01 -2.296676374494e-03 -5.411884487861e-03
8.793945300000e+01 -1.707520557575e-03 3.214190961331e-04 4.763290305762e-03 3.082327507310e-03 3.414651605029e-01 8.506603969439e-01 -3.289670386474e-01 -8.702624954746e-01 -2.315628219834e-03 -5.412530102019e-03
8.798828100000e+01 -1.707508066648e-03 3.216258313300e-04 4.764434445246e-03 3.082348550368e-03 3.481287703990e-01 8.479589713836e-01 -3.360996389205e-01 -8.674952530749e-01 -2.334587912105e-03 -5.413143706566e-03
8.803710900000e+01 -1.707496080687e-03 3.218325001308e-04 4.765577267061e-03 3.082368534714e-03 3.547710915047e-01 8.452055685546e-01 -3.432088279346e-01 -8.646693034566e-01 -2.353555434495e-03 -5.413725278532e-03
8.808593800000e+01 -1.707484591969e-03 3.220391098655e-04 4.766718804875e-03 3.082387461226e-03 3.613918638684e-01 8.424002906931e-01 -3.502942559724e-01 -8.617847899216e-01 -2.372531158659e-03 -5.414274805706e-03
8.813476600000e+01 -1.707473593365e-03 3.222456551735e-04 4.767859022142e-03 3.082405329782e-03 3.679904220839e-01 8.395434157687e-01 -3.573551400819e-01 -8.588420379490e-01 -2.391514290098e-03 -5.414792242278e-03
8.818359400000e+01 -1.707463076931e-03 3.224521433890e-04 4.768997952360e-03 3.082422141596e-03 3.745665088665e-01 8.366350527677e-01 -3.643911347753e-01 -8.558412007289e-01 -2.410505199851e-03 -5.415277576368e-03
8.823242200000e+01 -1.707453034861e-03 3.226585776128e-04 4.770135605538e-03 3.082437897637e-03 3.811197322536e-01 8.336753704345e-01 -3.714017511403e-01 -8.527824942453e-01 -2.429503870193e-03 -5.415730784354e-03
8.828125000000e+01 -1.707443459254e-03 3.228649609429e-04 4.771271991576e-03 3.082452599030e-03 3.876497014370e-01 8.306645403449e-01 -3.783865022348e-01 -8.496661387826e-01 -2.448510283168e-03 -5.416151842456e-03
8.833007800000e+01 -1.707434342114e-03 3.230712964721e-04 4.772407120268e-03 3.082466247056e-03 3.941560267815e-01 8.276027369005e-01 -3.853449031275e-01 -8.464923589068e-01 -2.467524420593e-03 -5.416540726741e-03
8.837890600000e+01 -1.707425675352e-03 3.232775872865e-04 4.773541001295e-03 3.082478843148e-03 4.006383198424e-01 8.244901373231e-01 -3.922764709386e-01 -8.432613834453e-01 -2.486546264055e-03 -5.416897413120e-03
8.842773400000e+01 -1.707417450795e-03 3.234838364637e-04 4.774673644221e-03 3.082490388892e-03 4.070961933840e-01 8.213269216487e-01 -3.991807248801e-01 -8.399734454679e-01 -2.505575794909e-03 -5.417221877355e-03
8.847656200000e+01 -1.707409660182e-03 3.236900470706e-04 4.775805058494e-03 3.082500886029e-03 4.135292613976e-01 8.181132727217e-01 -4.060571862959e-01 -8.366287822659e-01 -2.524612994282e-03 -5.417514095060e-03
8.852539100000e+01 -1.707402295027e-03 3.238962263843e-04 4.776935276573e-03 3.082510336630e-03 4.199372700929e-01 8.148493088310e-01 -4.129055186607e-01 -8.332275650990e-01 -2.543658233187e-03 -5.417774046695e-03
8.857421900000e+01 -1.707395347214e-03 3.241023690006e-04 4.778064261366e-03 3.082518742346e-03 4.263195734959e-01 8.115353521127e-01 -4.197249671911e-01 -8.297701789549e-01 -2.562710712210e-03 -5.418001696935e-03
8.862304700000e+01 -1.707388808096e-03 3.243084821671e-04 4.779192045107e-03 3.082526105570e-03 4.326759208812e-01 8.081715274692e-01 -4.265152004085e-01 -8.262568045858e-01 -2.581770801746e-03 -5.418197026617e-03
8.867187500000e+01 -1.707382669111e-03 3.245145688912e-04 4.780318636739e-03 3.082532428635e-03 4.390059313301e-01 8.047580289180e-01 -4.332757485820e-01 -8.226876959581e-01 -2.600838481998e-03 -5.418360010781e-03
8.872070300000e+01 -1.707376921630e-03 3.247206321604e-04 4.781444045072e-03 3.082537714021e-03 4.453092252419e-01 8.012950532544e-01 -4.400061443103e-01 -8.190631111522e-01 -2.619913732938e-03 -5.418490624333e-03
8.876953100000e+01 -1.707371556961e-03 3.249266749411e-04 4.782568278782e-03 3.082541964352e-03 4.515854243524e-01 7.977828000445e-01 -4.467059225604e-01 -8.153833123393e-01 -2.638996534305e-03 -5.418588842040e-03
8.881835900000e+01 -1.707366566350e-03 3.251327001765e-04 4.783691346406e-03 3.082545182394e-03 4.578341517517e-01 7.942214716195e-01 -4.533746207061e-01 -8.116485657582e-01 -2.658086865610e-03 -5.418654638539e-03
8.886718800000e+01 -1.707361940900e-03 3.253387150040e-04 4.784813279307e-03 3.082547371089e-03 4.640551590192e-01 7.906111986326e-01 -4.600119141697e-01 -8.078590635264e-01 -2.677185097329e-03 -5.418687988684e-03
8.891601600000e+01 -1.707357671937e-03 3.255447138771e-04 4.785934039782e-03 3.082548533395e-03 4.702478171948e-01 7.869523368019e-01 -4.666170733868e-01 -8.040152351667e-01 -2.696290426258e-03 -5.418688865487e-03
8.896484400000e+01 -1.707353750452e-03 3.257507038782e-04 4.787053658931e-03 3.082548672550e-03 4.764118812325e-01 7.832450232756e-01 -4.731897794348e-01 -8.001172819290e-01 -2.715403222257e-03 -5.418657244210e-03
8.901367200000e+01 -1.707350167491e-03 3.259566878404e-04 4.788172144712e-03 3.082547791877e-03 4.825469798238e-01 7.794894713766e-01 -4.797295796955e-01 -7.961654860825e-01 -2.734523463908e-03 -5.418593098980e-03
8.906250000000e+01 -1.707346914055e-03 3.261626685649e-04 4.789289504937e-03 3.082545894829e-03 4.886527431063e-01 7.756858971587e-01 -4.862360241465e-01 -7.921601338419e-01 -2.753651129557e-03 -5.418496403798e-03
8.911132800000e+01 -1.707343981109e-03 3.263686488189e-04 4.790405747264e-03 3.082542984993e-03 4.947288026822e-01 7.718345193995e-01 -4.927086653984e-01 -7.881015153413e-01 -2.772786197322e-03 -5.418367132546e-03
8.916015600000e+01 -1.707341359583e-03 3.265746313346e-04 4.791520879198e-03 3.082539066089e-03 5.007747916365e-01 7.679355595930e-01 -4.991470587313e-01 -7.839899246089e-01 -2.791928645085e-03 -5.418205258989e-03
8.920898400000e+01 -1.707339040376e-03 3.267806188069e-04 4.792634908086e-03 3.082534141961e-03 5.067903445553e-01 7.639892419421e-01 -5.055507621312e-01 -7.798256595398e-01 -2.811078450497e-03 -5.418010756774e-03
8.925781200000e+01 -1.707337014360e-03 3.269866138917e-04 4.793747841120e-03 3.082528216582e-03 5.127750975449e-01 7.599957933520e-01 -5.119193363261e-01 -7.756090218697e-01 -2.830235590977e-03 -5.417783599434e-03
8.930664100000e+01 -1.707335272352e-03 3.271926234241e-04 4.794859708091e-03 3.082521293898e-03 5.187288098575e-01 7.559553601964e-01 -5.182524741555e-01 -7.713402291932e-01 -2.849400436274e-03 -5.417523754736e-03
8.935546900000e+01 -1.707333805252e-03 3.273986415393e-04 4.795970470327e-03 3.082513378411e-03 5.246508768281e-01 7.518683402584e-01 -5.245494825309e-01 -7.670197656967e-01 -2.868572178362e-03 -5.417231206635e-03
8.940429700000e+01 -1.707332603834e-03 3.276046749862e-04 4.797080157316e-03 3.082504474329e-03 5.305410614827e-01 7.477348862359e-01 -5.308100606866e-01 -7.626478575812e-01 -2.887751186375e-03 -5.416905923347e-03
8.945312500000e+01 -1.707331658902e-03 3.278107262491e-04 4.798188775601e-03 3.082494586110e-03 5.363990061905e-01 7.435552357647e-01 -5.370337806748e-01 -7.582248216683e-01 -2.906937436801e-03 -5.416547877972e-03
8.950195300000e+01 -1.707330961247e-03 3.280167977655e-04 4.799296331558e-03 3.082483718327e-03 5.422243549329e-01 7.393296291441e-01 -5.432202174660e-01 -7.537509784804e-01 -2.926130905895e-03 -5.416157043506e-03
8.955078100000e+01 -1.707330501657e-03 3.282228919240e-04 4.800402831397e-03 3.082471875666e-03 5.480167533216e-01 7.350583093283e-01 -5.493689489831e-01 -7.492266522113e-01 -2.945331569678e-03 -5.415733392841e-03
8.959960900000e+01 -1.707330270921e-03 3.284290110636e-04 4.801508281157e-03 3.082459062925e-03 5.537758486174e-01 7.307415219187e-01 -5.554795561359e-01 -7.446521706970e-01 -2.964539403940e-03 -5.415276898772e-03
8.964843800000e+01 -1.707330259830e-03 3.286351616933e-04 4.802612709317e-03 3.082445284719e-03 5.595014066589e-01 7.263794253596e-01 -5.615517468131e-01 -7.400277701721e-01 -2.983754777834e-03 -5.414787523637e-03
8.969726600000e+01 -1.707330459180e-03 3.288413376034e-04 4.803716076340e-03 3.082430546625e-03 5.651928435398e-01 7.219724491939e-01 -5.675848592788e-01 -7.353539750852e-01 -3.002976879635e-03 -5.414265260082e-03
8.974609400000e+01 -1.707330859777e-03 3.290475451948e-04 4.804818410382e-03 3.082414853486e-03 5.708499291823e-01 7.175207580417e-01 -5.735786083554e-01 -7.306310298218e-01 -3.022206077886e-03 -5.413710070929e-03
8.979492200000e+01 -1.707331452442e-03 3.292537865906e-04 4.805919716799e-03 3.082398210521e-03 5.764723176285e-01 7.130246080079e-01 -5.795325872326e-01 -7.258592764857e-01 -3.041442347445e-03 -5.413121928594e-03
8.984375000000e+01 -1.707332228011e-03 3.294600638564e-04 4.807020000772e-03 3.082380623047e-03 5.820596646621e-01 7.084842578023e-01 -5.854463922515e-01 -7.210390606702e-01 -3.060685662938e-03 -5.412500805406e-03
8.989257800000e+01 -1.707333177345e-03 3.296663789989e-04 4.808119267306e-03 3.082362096475e-03 5.876116278272e-01 7.038999687297e-01 -5.913196229366e-01 -7.161707314273e-01 -3.079935998759e-03 -5.411846673604e-03
8.994140600000e+01 -1.707334291329e-03 3.298727339646e-04 4.809217521233e-03 3.082342636314e-03 5.931278664466e-01 6.992720046817e-01 -5.971518820278e-01 -7.112546412352e-01 -3.099193329070e-03 -5.411159505343e-03
8.999023400000e+01 -1.707335560875e-03 3.300791306379e-04 4.810314767207e-03 3.082322248160e-03 5.986080416407e-01 6.946006321271e-01 -6.029427755113e-01 -7.062911459667e-01 -3.118457627799e-03 -5.410439272694e-03
9.003906200000e+01 -1.707336976928e-03 3.302855708406e-04 4.811411009708e-03 3.082300937700e-03 6.040518163456e-01 6.898861201028e-01 -6.086919126508e-01 -7.012806048565e-01 -3.137728868644e-03 -5.409685947648e-03
9.008789100000e+01 -1.707338530503e-03 3.304920605594e-04 4.812506275458e-03 3.082278710240e-03 6.094589656903e-01 6.851286423360e-01 -6.143990224629e-01 -6.962232764205e-01 -3.157007419958e-03 -5.408899485668e-03
9.013671900000e+01 -1.707340212557e-03 3.306985930284e-04 4.813600523720e-03 3.082255572546e-03 6.148289348201e-01 6.803286678392e-01 -6.200634870915e-01 -6.911197336693e-01 -3.176292465338e-03 -5.408079890802e-03
9.018554700000e+01 -1.707342014184e-03 3.309051741009e-04 4.814693780882e-03 3.082231530107e-03 6.201615033445e-01 6.754863763034e-01 -6.256850431265e-01 -6.859702426299e-01 -3.195584372534e-03 -5.407227119039e-03
9.023437500000e+01 -1.707343926494e-03 3.311118053339e-04 4.815786050712e-03 3.082206588936e-03 6.254563416499e-01 6.706020469431e-01 -6.312633132423e-01 -6.807751756539e-01 -3.214883114315e-03 -5.406341142063e-03
9.028320300000e+01 -1.707345940647e-03 3.313184882154e-04 4.816877336802e-03 3.082180755119e-03 6.307131220311e-01 6.656759614925e-01 -6.367979235399e-01 -6.755349082874e-01 -3.234188663219e-03 -5.405421931488e-03
9.033203100000e+01 -1.707348047858e-03 3.315252241628e-04 4.817967642564e-03 3.082154034815e-03 6.359315187109e-01 6.607084041958e-01 -6.422885035751e-01 -6.702498192373e-01 -3.253500991555e-03 -5.404469458855e-03
9.038085900000e+01 -1.707350239398e-03 3.317320145223e-04 4.819056971235e-03 3.082126434253e-03 6.411112078579e-01 6.556996617969e-01 -6.477346863869e-01 -6.649202903367e-01 -3.272820071397e-03 -5.403483695641e-03
9.042968800000e+01 -1.707352506645e-03 3.319388648043e-04 4.820145348150e-03 3.082097959134e-03 6.462519724848e-01 6.506499196955e-01 -6.531362186860e-01 -6.595465960096e-01 -3.292146270455e-03 -5.402464592041e-03
9.047851600000e+01 -1.707354840903e-03 3.321457677366e-04 4.821232731611e-03 3.082068616983e-03 6.513532821410e-01 6.455596764426e-01 -6.584925193123e-01 -6.541293443454e-01 -3.311478768754e-03 -5.401412161144e-03
9.052734400000e+01 -1.707357233682e-03 3.323527286806e-04 4.822319146619e-03 3.082038413644e-03 6.564149246269e-01 6.404291232199e-01 -6.638033430012e-01 -6.486688167431e-01 -3.330817933405e-03 -5.400326353702e-03
9.057617200000e+01 -1.707359676514e-03 3.325597486863e-04 4.823404595698e-03 3.082007355592e-03 6.614365840815e-01 6.352585566660e-01 -6.690683369996e-01 -6.431654071882e-01 -3.350163735561e-03 -5.399207140939e-03
9.062500000000e+01 -1.707362161009e-03 3.327668287278e-04 4.824489081198e-03 3.081975449357e-03 6.664179466831e-01 6.300482758661e-01 -6.742871521729e-01 -6.376195126149e-01 -3.369516146147e-03 -5.398054494020e-03
9.067382800000e+01 -1.707364678853e-03 3.329739697015e-04 4.825572605291e-03 3.081942701522e-03 6.713587006674e-01 6.247985823414e-01 -6.794594430312e-01 -6.320315328701e-01 -3.388875135856e-03 -5.396868384053e-03
9.072265600000e+01 -1.707367221812e-03 3.331811724259e-04 4.826655169973e-03 3.081909118717e-03 6.762585363463e-01 6.195097800379e-01 -6.845848677545e-01 -6.264018706770e-01 -3.408240675153e-03 -5.395648782094e-03
9.077148400000e+01 -1.707369781737e-03 3.333884376406e-04 4.827736777066e-03 3.081874707619e-03 6.811171461263e-01 6.141821753149e-01 -6.896630882179e-01 -6.207309315980e-01 -3.427612734274e-03 -5.394395659143e-03
9.082031200000e+01 -1.707372350567e-03 3.335957660055e-04 4.828817428218e-03 3.081839474948e-03 6.859342245271e-01 6.088160769338e-01 -6.946937700162e-01 -6.150191239981e-01 -3.446991283225e-03 -5.393108986151e-03
9.086914100000e+01 -1.707374920382e-03 3.338031623480e-04 4.829897147004e-03 3.081803426718e-03 6.907095655669e-01 6.034116849776e-01 -6.996766840440e-01 -6.092667407896e-01 -3.466376688856e-03 -5.391788706638e-03
9.091796900000e+01 -1.707377483198e-03 3.340106186717e-04 4.830975890502e-03 3.081766571200e-03 6.954426724477e-01 5.979695343422e-01 -7.046112993058e-01 -6.034744314508e-01 -3.485768126704e-03 -5.390434845534e-03
9.096679700000e+01 -1.707380031287e-03 3.342181396398e-04 4.832053681964e-03 3.081728914498e-03 7.001333443665e-01 5.924898306352e-01 -7.094973952387e-01 -5.976424951362e-01 -3.505165963028e-03 -5.389047346954e-03
9.101562500000e+01 -1.707382556967e-03 3.344257255866e-04 4.833130522348e-03 3.081690463471e-03 7.047812844808e-01 5.869728921089e-01 -7.143346525545e-01 -5.917713510465e-01 -3.524570166924e-03 -5.387626181665e-03
9.106445300000e+01 -1.707385052658e-03 3.346333767631e-04 4.834206412445e-03 3.081651225011e-03 7.093861981536e-01 5.814190393585e-01 -7.191227558014e-01 -5.858614209964e-01 -3.543980707255e-03 -5.386171320391e-03
9.111328100000e+01 -1.707387510887e-03 3.348410933373e-04 4.835281352875e-03 3.081611206034e-03 7.139477929718e-01 5.758285953095e-01 -7.238613933865e-01 -5.799131293764e-01 -3.563397552661e-03 -5.384682733816e-03
9.116210900000e+01 -1.707389924288e-03 3.350488753927e-04 4.836355344092e-03 3.081570413476e-03 7.184657787651e-01 5.702018852055e-01 -7.285502575971e-01 -5.739269031144e-01 -3.582820671553e-03 -5.383160392586e-03
9.121093800000e+01 -1.707392285655e-03 3.352567271863e-04 4.837428408351e-03 3.081528853435e-03 7.229399588016e-01 5.645391202582e-01 -7.331891391097e-01 -5.679030478895e-01 -3.602250430093e-03 -5.381604235096e-03
9.125976600000e+01 -1.707394587751e-03 3.354646401190e-04 4.838500501822e-03 3.081486534588e-03 7.273698641868e-01 5.588408622577e-01 -7.377775480254e-01 -5.618422423279e-01 -3.621686000411e-03 -5.380014295660e-03
9.130859400000e+01 -1.707396823603e-03 3.356726182763e-04 4.839571646452e-03 3.081443463079e-03 7.317553036675e-01 5.531073277205e-01 -7.423152839144e-01 -5.557447977529e-01 -3.641127748089e-03 -5.378390513298e-03
9.135742200000e+01 -1.707398986306e-03 3.358806614019e-04 4.840641842039e-03 3.081399645903e-03 7.360959962265e-01 5.473388510347e-01 -7.468020547934e-01 -5.496111508527e-01 -3.660575640636e-03 -5.376732858520e-03
9.140625000000e+01 -1.707401069080e-03 3.360887691541e-04 4.841711088220e-03 3.081355090068e-03 7.403916631802e-01 5.415357688415e-01 -7.512375726607e-01 -5.434417406572e-01 -3.680029645332e-03 -5.375041301810e-03
9.145507800000e+01 -1.707403065268e-03 3.362969411047e-04 4.842779384477e-03 3.081309802581e-03 7.446420281978e-01 5.356984200223e-01 -7.556215535161e-01 -5.372370084988e-01 -3.699489729234e-03 -5.373315813623e-03
9.150390600000e+01 -1.707404968341e-03 3.365051767397e-04 4.843846730131e-03 3.081263790455e-03 7.488468173185e-01 5.298271456849e-01 -7.599537173787e-01 -5.309973979723e-01 -3.718955859175e-03 -5.371556364389e-03
9.155273400000e+01 -1.707406771900e-03 3.367134754586e-04 4.844913124350e-03 3.081217060700e-03 7.530057589704e-01 5.239222891502e-01 -7.642337883052e-01 -5.247233548950e-01 -3.738428001764e-03 -5.369762924512e-03
9.160156200000e+01 -1.707408469678e-03 3.369218365744e-04 4.845978566148e-03 3.081169620323e-03 7.571185839884e-01 5.179841959376e-01 -7.684614944079e-01 -5.184153272666e-01 -3.757906123385e-03 -5.367935464375e-03
9.165039100000e+01 -1.707410055574e-03 3.371302635828e-04 4.847043076178e-03 3.081121475330e-03 7.611851084365e-01 5.120130911316e-01 -7.726366528366e-01 -5.120736350131e-01 -3.777390589294e-03 -5.366073915870e-03
9.169921900000e+01 -1.707411523528e-03 3.373387470868e-04 4.848106609551e-03 3.081072634684e-03 7.652049014508e-01 5.060095691856e-01 -7.767588288492e-01 -5.056989901369e-01 -3.796880567360e-03 -5.364178325585e-03
9.174804700000e+01 -1.707412867718e-03 3.375472904077e-04 4.849169186643e-03 3.081023104384e-03 7.691777849521e-01 4.999738601812e-01 -7.808278488713e-01 -4.992917174091e-01 -3.816376422274e-03 -5.362248626072e-03
9.179687500000e+01 -1.707414082429e-03 3.377558925127e-04 4.850230805872e-03 3.080972891391e-03 7.731034995830e-01 4.939063182926e-01 -7.848434574038e-01 -4.928522731555e-01 -3.835878119530e-03 -5.360284787643e-03
9.184570300000e+01 -1.707415162090e-03 3.379645522825e-04 4.851291465514e-03 3.080922002652e-03 7.769817884831e-01 4.878072998212e-01 -7.888054030847e-01 -4.863811156811e-01 -3.855385624400e-03 -5.358286780594e-03
9.189453100000e+01 -1.707416101277e-03 3.381732685117e-04 4.852351163703e-03 3.080870445089e-03 7.808123973070e-01 4.816771631811e-01 -7.927134387038e-01 -4.798787052304e-01 -3.874898901934e-03 -5.356254575210e-03
9.194335900000e+01 -1.707416894712e-03 3.383820399090e-04 4.853409898432e-03 3.080818225603e-03 7.845950742416e-01 4.755162688840e-01 -7.965673212167e-01 -4.733455039455e-01 -3.894417916965e-03 -5.354188141765e-03
9.199218800000e+01 -1.707417537279e-03 3.385908693745e-04 4.854467689211e-03 3.080765349980e-03 7.883296460121e-01 4.693248524173e-01 -8.003668890148e-01 -4.667818410967e-01 -3.913943034028e-03 -5.352087407151e-03
9.204101600000e+01 -1.707418023975e-03 3.387997468925e-04 4.855524490435e-03 3.080711827230e-03 7.920157129547e-01 4.631035320448e-01 -8.041117517963e-01 -4.601884513492e-01 -3.933473417778e-03 -5.349952427670e-03
9.208984400000e+01 -1.707418349993e-03 3.390086751914e-04 4.856580321367e-03 3.080657663093e-03 7.956531079381e-01 4.568525479917e-01 -8.078017574692e-01 -4.535656681798e-01 -3.953009432196e-03 -5.347783130904e-03
9.213867200000e+01 -1.707418510665e-03 3.392176526391e-04 4.857635179464e-03 3.080602864347e-03 7.992415894574e-01 4.505722690075e-01 -8.114366797896e-01 -4.469139609103e-01 -3.972551041233e-03 -5.345579487101e-03
9.218750000000e+01 -1.707418501480e-03 3.394266775190e-04 4.858689062057e-03 3.080547437736e-03 8.027809186291e-01 4.442630658619e-01 -8.150162967449e-01 -4.402338005542e-01 -3.992098208625e-03 -5.343341466507e-03
9.223632800000e+01 -1.707418318086e-03 3.396357480308e-04 4.859741966349e-03 3.080491389965e-03 8.062708592083e-01 4.379253113293e-01 -8.185403905658e-01 -4.335256597747e-01 -4.011650897887e-03 -5.341069039367e-03
9.228515600000e+01 -1.707417956292e-03 3.398448622910e-04 4.860793889422e-03 3.080434727697e-03 8.097111776062e-01 4.315593801723e-01 -8.220087477375e-01 -4.267900128436e-01 -4.031209072318e-03 -5.338762175928e-03
9.233398400000e+01 -1.707417412066e-03 3.400540183329e-04 4.861844828237e-03 3.080377457549e-03 8.131016429075e-01 4.251656491257e-01 -8.254211590101e-01 -4.200273355993e-01 -4.050772695000e-03 -5.336420846439e-03
9.238281200000e+01 -1.707416681542e-03 3.402632141082e-04 4.862894779635e-03 3.080319586095e-03 8.164420268882e-01 4.187444968797e-01 -8.287774194095e-01 -4.132381054050e-01 -4.070341728799e-03 -5.334045021152e-03
9.243164100000e+01 -1.707415760996e-03 3.404724517721e-04 4.863943761814e-03 3.080261118653e-03 8.197321708963e-01 4.122961717303e-01 -8.320773952506e-01 -4.064226612656e-01 -4.089916537304e-03 -5.331634620607e-03
9.248046900000e+01 -1.707414646928e-03 3.406817205435e-04 4.864991728424e-03 3.080202064089e-03 8.229717173757e-01 4.058213203543e-01 -8.353207549712e-01 -3.995817626329e-01 -4.109496281178e-03 -5.329189713797e-03
9.252929700000e+01 -1.707413335951e-03 3.408910224161e-04 4.866038697459e-03 3.080142427631e-03 8.261605141753e-01 3.993201954251e-01 -8.385073746405e-01 -3.927157518818e-01 -4.129081323472e-03 -5.326710221987e-03
9.257812500000e+01 -1.707411824863e-03 3.411003550193e-04 4.867084665314e-03 3.080082215638e-03 8.292983440068e-01 3.927931832881e-01 -8.416370664798e-01 -3.858251120572e-01 -4.148671626191e-03 -5.324196115460e-03
9.262695300000e+01 -1.707410110631e-03 3.413097159042e-04 4.868129628279e-03 3.080021434416e-03 8.323849923589e-01 3.862406721597e-01 -8.447096470302e-01 -3.789103275198e-01 -4.168267151126e-03 -5.321647364512e-03
9.267578100000e+01 -1.707408190392e-03 3.415191025441e-04 4.869173582541e-03 3.079960090205e-03 8.354202475137e-01 3.796630521097e-01 -8.477249371603e-01 -3.719718839041e-01 -4.187867859855e-03 -5.319063939453e-03
9.272460900000e+01 -1.707406061455e-03 3.417285123354e-04 4.870216524188e-03 3.079898189186e-03 8.384039005640e-01 3.730607150442e-01 -8.506827620731e-01 -3.650102680764e-01 -4.207473713745e-03 -5.316445810607e-03
9.277343800000e+01 -1.707403721249e-03 3.419379468878e-04 4.871258470538e-03 3.079835736190e-03 8.413358049423e-01 3.664339187264e-01 -8.535830101174e-01 -3.580258248250e-01 -4.227085075635e-03 -5.313792893627e-03
9.282226600000e+01 -1.707401167525e-03 3.421473948687e-04 4.872299374811e-03 3.079772739822e-03 8.442156373207e-01 3.597833301163e-01 -8.564253963897e-01 -3.510193294401e-01 -4.246701103198e-03 -5.311105267534e-03
9.287109400000e+01 -1.707398398062e-03 3.423568577386e-04 4.873339254162e-03 3.079709204787e-03 8.470432578997e-01 3.531092110538e-01 -8.592098191207e-01 -3.439911294235e-01 -4.266322158748e-03 -5.308382848730e-03
9.291992200000e+01 -1.707395410864e-03 3.425663325962e-04 4.874378104305e-03 3.079645136993e-03 8.498184691816e-01 3.464119606094e-01 -8.619361209126e-01 -3.369417161495e-01 -4.285948202806e-03 -5.305625607612e-03
9.296875000000e+01 -1.707392204104e-03 3.427758164684e-04 4.875415920874e-03 3.079580542275e-03 8.525410765624e-01 3.396919795991e-01 -8.646041487302e-01 -3.298715820142e-01 -4.305579195682e-03 -5.302833514604e-03
9.301757800000e+01 -1.707388776136e-03 3.429853063112e-04 4.876452699416e-03 3.079515426391e-03 8.552108883483e-01 3.329496705657e-01 -8.672137539053e-01 -3.227812203942e-01 -4.325215097478e-03 -5.300006540147e-03
9.306640600000e+01 -1.707385125487e-03 3.431947990115e-04 4.877488435399e-03 3.079449795025e-03 8.578277157719e-01 3.261854377603e-01 -8.697647921408e-01 -3.156711256043e-01 -4.344855868088e-03 -5.297144654714e-03
9.311523400000e+01 -1.707381250860e-03 3.434042913873e-04 4.878523124216e-03 3.079383653780e-03 8.603913730086e-01 3.193996871229e-01 -8.722571235133e-01 -3.085417928559e-01 -4.364501467197e-03 -5.294247828799e-03
9.316406200000e+01 -1.707377151135e-03 3.436137801900e-04 4.879556761182e-03 3.079317008180e-03 8.629016771925e-01 3.125928262637e-01 -8.746906124770e-01 -3.013937182149e-01 -4.384151854282e-03 -5.291316032927e-03
9.321289100000e+01 -1.707372825278e-03 3.438232663947e-04 4.880589362681e-03 3.079249862285e-03 8.653584981981e-01 3.057651244057e-01 -8.770651758907e-01 -2.942272516105e-01 -4.403807391202e-03 -5.288349176535e-03
9.326171900000e+01 -1.707368272701e-03 3.440327380417e-04 4.881620881597e-03 3.079182224202e-03 8.677615584927e-01 2.989172721058e-01 -8.793805897072e-01 -2.870431842346e-01 -4.423467231944e-03 -5.285347351726e-03
9.331054700000e+01 -1.707363492729e-03 3.442421959788e-04 4.882651334199e-03 3.079114097832e-03 8.701107350464e-01 2.920495422500e-01 -8.816367807593e-01 -2.798418678857e-01 -4.443131737858e-03 -5.282310468717e-03
9.335937500000e+01 -1.707358484948e-03 3.444516367016e-04 4.883680715540e-03 3.079045488360e-03 8.724058569881e-01 2.851623489344e-01 -8.838336310296e-01 -2.726238016319e-01 -4.462800867597e-03 -5.279238498158e-03
9.340820300000e+01 -1.707353249126e-03 3.446610566453e-04 4.884709020609e-03 3.078976400880e-03 8.746467564849e-01 2.782561078269e-01 -8.859710268856e-01 -2.653894851877e-01 -4.482474579612e-03 -5.276131410737e-03
9.345703100000e+01 -1.707347785203e-03 3.448704521859e-04 4.885736244341e-03 3.078906840398e-03 8.768332687575e-01 2.713312361476e-01 -8.880488590801e-01 -2.581394188727e-01 -4.502152832149e-03 -5.272989177176e-03
9.350585900000e+01 -1.707342093299e-03 3.450798196419e-04 4.886762381618e-03 3.078836811826e-03 8.789652320955e-01 2.643881526481e-01 -8.900670227507e-01 -2.508741035705e-01 -4.521835583253e-03 -5.269811768237e-03
9.355468800000e+01 -1.707336173585e-03 3.452891595629e-04 4.887787448252e-03 3.078766318535e-03 8.810425298542e-01 2.574271348529e-01 -8.920254569146e-01 -2.435938914431e-01 -4.541523194003e-03 -5.266599088564e-03
9.360351600000e+01 -1.707330026774e-03 3.454984595821e-04 4.888811397041e-03 3.078695368139e-03 8.830649214200e-01 2.504488896408e-01 -8.939239852591e-01 -2.362995825787e-01 -4.561214815650e-03 -5.263351240587e-03
9.365234400000e+01 -1.707323653397e-03 3.457077201422e-04 4.889834243728e-03 3.078623963828e-03 8.850322974848e-01 2.434536978567e-01 -8.957625567916e-01 -2.289915303577e-01 -4.580910808781e-03 -5.260068129756e-03
9.370117200000e+01 -1.707317054274e-03 3.459169373466e-04 4.890855983011e-03 3.078552110135e-03 8.869445087668e-01 2.364419841726e-01 -8.975410841785e-01 -2.216702375069e-01 -4.600611130634e-03 -5.256749726996e-03
9.375000000000e+01 -1.707310230403e-03 3.461261072494e-04 4.891876609547e-03 3.078479811493e-03 8.888014091293e-01 2.294141746885e-01 -8.992594844637e-01 -2.143362071115e-01 -4.620315738247e-03 -5.253396003280e-03
9.379882800000e+01 -1.707303182955e-03 3.463352258559e-04 4.892896117961e-03 3.078407072237e-03 8.906028555949e-01 2.223706969106e-01 -9.009176790654e-01 -2.069899425740e-01 -4.640024588459e-03 -5.250006929625e-03
9.384765600000e+01 -1.707295913275e-03 3.465442891256e-04 4.893914502842e-03 3.078333896602e-03 8.923487083605e-01 2.153119797304e-01 -9.025155937731e-01 -1.996319475740e-01 -4.659737637912e-03 -5.246582477094e-03
9.389648400000e+01 -1.707288422880e-03 3.467532929729e-04 4.894931758752e-03 3.078260288719e-03 8.940388308117e-01 2.082384534025e-01 -9.040531587439e-01 -1.922627260278e-01 -4.679454843048e-03 -5.243122616803e-03
9.394531200000e+01 -1.707280713459e-03 3.469622332692e-04 4.895947880226e-03 3.078186252620e-03 8.956730895371e-01 2.011505495235e-01 -9.055303084985e-01 -1.848827820474e-01 -4.699176160113e-03 -5.239627319915e-03
9.399414100000e+01 -1.707272786708e-03 3.471711101216e-04 4.896962882547e-03 3.078111790702e-03 8.972513860919e-01 1.940485554234e-01 -9.069470103102e-01 -1.774924684488e-01 -4.718901949176e-03 -5.236096484970e-03
9.404296900000e+01 -1.707264644983e-03 3.473799107650e-04 4.897976718632e-03 3.078036909836e-03 8.987735288660e-01 1.869331962158e-01 -9.083031493846e-01 -1.700925923260e-01 -4.738631358135e-03 -5.232530227856e-03
9.409179700000e+01 -1.707256290321e-03 3.475886352310e-04 4.898989403751e-03 3.077961612220e-03 9.002394270400e-01 1.798047620849e-01 -9.095987029373e-01 -1.626835068903e-01 -4.758364746587e-03 -5.228928447947e-03
9.414062500000e+01 -1.707247725090e-03 3.477972792363e-04 4.900000932360e-03 3.077885901465e-03 9.016489601574e-01 1.726636897728e-01 -9.108336228937e-01 -1.552657166371e-01 -4.778102069995e-03 -5.225291116621e-03
9.418945300000e+01 -1.707238951823e-03 3.480058384639e-04 4.901011298902e-03 3.077809781074e-03 9.030020110355e-01 1.655104172518e-01 -9.120078655162e-01 -1.478397260577e-01 -4.797843283630e-03 -5.221618205309e-03
9.423828100000e+01 -1.707229973221e-03 3.482143085642e-04 4.902020497812e-03 3.077733254446e-03 9.042984657786e-01 1.583453837018e-01 -9.131213913973e-01 -1.404060396004e-01 -4.817588342573e-03 -5.217909685503e-03
9.428710900000e+01 -1.707220792146e-03 3.484226851575e-04 4.903028523518e-03 3.077656324869e-03 9.055382137918e-01 1.511690294874e-01 -9.141741654530e-01 -1.329651616307e-01 -4.837337201708e-03 -5.214165528753e-03
9.433593800000e+01 -1.707211411431e-03 3.486309681003e-04 4.904035391052e-03 3.077578993937e-03 9.067211714385e-01 1.439816488313e-01 -9.151661766090e-01 -1.255174438006e-01 -4.857090220305e-03 -5.210385628890e-03
9.438476600000e+01 -1.707201834648e-03 3.488391444264e-04 4.905041053596e-03 3.077501267888e-03 9.078471863107e-01 1.367839787954e-01 -9.160973577730e-01 -1.180636952547e-01 -4.876846543797e-03 -5.206570112408e-03
9.443359400000e+01 -1.707192064954e-03 3.490472139431e-04 4.906045526208e-03 3.077423148105e-03 9.089161826047e-01 1.295763160740e-01 -9.169677077243e-01 -1.106042674162e-01 -4.896606530995e-03 -5.202718873995e-03
9.448242200000e+01 -1.707182105855e-03 3.492551721684e-04 4.907048803317e-03 3.077344637441e-03 9.099280630617e-01 1.223591055378e-01 -9.177772085953e-01 -1.031396639301e-01 -4.916370136025e-03 -5.198831885448e-03
9.453125000000e+01 -1.707171961016e-03 3.494630145993e-04 4.908050879360e-03 3.077265738638e-03 9.108827337894e-01 1.151327931252e-01 -9.185258468012e-01 -9.567038816414e-02 -4.936137312824e-03 -5.194909118629e-03
9.458007800000e+01 -1.707161634254e-03 3.496707367144e-04 4.909051748783e-03 3.077186454327e-03 9.117801042747e-01 1.078978258182e-01 -9.192136130306e-01 -8.819694317133e-02 -4.955908015140e-03 -5.190950545468e-03
9.462890600000e+01 -1.707151129540e-03 3.498783339753e-04 4.910051406046e-03 3.077106787029e-03 9.126200873963e-01 1.006546516185e-01 -9.198405022364e-01 -8.071983165133e-02 -4.975682196537e-03 -5.186956137960e-03
9.467773400000e+01 -1.707140450998e-03 3.500858018289e-04 4.911049845623e-03 3.077026739154e-03 9.134025994373e-01 9.340371952341e-02 -9.204065136250e-01 -7.323955591282e-02 -4.995459810389e-03 -5.182925868170e-03
9.472656200000e+01 -1.707129602901e-03 3.502931357092e-04 4.912047062006e-03 3.076946313001e-03 9.141275600972e-01 8.614547950126e-02 -9.209116506467e-01 -6.575661783566e-02 -5.015240809887e-03 -5.178859708232e-03
9.477539100000e+01 -1.707118589443e-03 3.505003352817e-04 4.913043070094e-03 3.076865509099e-03 9.147949055804e-01 7.888023361032e-02 -9.213559294600e-01 -5.827136551963e-02 -5.035025553256e-03 -5.174757545974e-03
9.482421900000e+01 -1.707107415643e-03 3.507073874742e-04 4.914037823627e-03 3.076784332834e-03 9.154045351205e-01 7.160873127432e-02 -9.217393437724e-01 -5.078460647390e-02 -5.054813182947e-03 -5.170619521692e-03
9.487304700000e+01 -1.707096085986e-03 3.509142919392e-04 4.915031337576e-03 3.076702784520e-03 9.159563929962e-01 6.433127650639e-02 -9.220619194211e-01 -4.329668779332e-02 -5.074604056749e-03 -5.166445524095e-03
9.492187500000e+01 -1.707084605325e-03 3.511210440803e-04 4.916023606532e-03 3.076620866012e-03 9.164504126928e-01 5.704832291263e-02 -9.223236767196e-01 -3.580810927015e-02 -5.094398127118e-03 -5.162235525608e-03
9.497070300000e+01 -1.707072978654e-03 3.513276392979e-04 4.917014625114e-03 3.076538579053e-03 9.168865311713e-01 4.976032494614e-02 -9.225246401680e-01 -2.831937008270e-02 -5.114195346329e-03 -5.157989498731e-03
9.501953100000e+01 -1.707061211102e-03 3.515340729924e-04 4.918004387975e-03 3.076455925274e-03 9.172646888796e-01 4.246773788167e-02 -9.226648384401e-01 -2.083096875889e-02 -5.133995666475e-03 -5.153707416041e-03
9.506835900000e+01 -1.707049307935e-03 3.517403405652e-04 4.918992889803e-03 3.076372906199e-03 9.175848297639e-01 3.517101779017e-02 -9.227443043708e-01 -1.334340314012e-02 -5.153799039469e-03 -5.149389250192e-03
9.511718800000e+01 -1.707037274303e-03 3.519464416407e-04 4.919980145531e-03 3.076289521526e-03 9.178469060515e-01 2.787047196621e-02 -9.227630747063e-01 -5.857017043969e-03 -5.173605822712e-03 -5.145034884372e-03
9.516601600000e+01 -1.707025116228e-03 3.521523631879e-04 4.920966109487e-03 3.076205775972e-03 9.180508579824e-01 2.056685702905e-02 -9.227211897957e-01 1.627386523401e-03 -5.193415156485e-03 -5.140644469746e-03
9.521484400000e+01 -1.707012839123e-03 3.523581048478e-04 4.921950796710e-03 3.076121669025e-03 9.181966460247e-01 1.326048180767e-02 -9.226186958828e-01 9.109465328525e-03 -5.213227397773e-03 -5.136217890401e-03
9.526367200000e+01 -1.707000448771e-03 3.525636620488e-04 4.922934202054e-03 3.076037201768e-03 9.182842282255e-01 5.951805300369e-03 -9.224556423121e-01 1.658872463294e-02 -5.233042497775e-03 -5.131755119315e-03
9.531250000000e+01 -1.706987951079e-03 3.527690302307e-04 4.923916320418e-03 3.075952375173e-03 9.183135661835e-01 -1.358712827883e-03 -9.222320825202e-01 2.406467056193e-02 -5.252860407515e-03 -5.127256129545e-03
9.536132800000e+01 -1.706975352074e-03 3.529742048475e-04 4.924897146749e-03 3.075867190107e-03 9.182846250592e-01 -8.670612271779e-03 -9.219480740209e-01 3.153681013920e-02 -5.272681077843e-03 -5.122720894236e-03
9.541015600000e+01 -1.706962657903e-03 3.531791813690e-04 4.925876676047e-03 3.075781647327e-03 9.181973735847e-01 -1.598343211220e-02 -9.216036783904e-01 3.900465132137e-02 -5.292504459432e-03 -5.118149386617e-03
9.545898400000e+01 -1.706949874826e-03 3.533839552830e-04 4.926854903365e-03 3.075695747482e-03 9.180517840737e-01 -2.329671084285e-02 -9.211989612515e-01 4.646770303216e-02 -5.312330502783e-03 -5.113541580003e-03
9.550781200000e+01 -1.706937009220e-03 3.535885220972e-04 4.927831823809e-03 3.075609491118e-03 9.178478324309e-01 -3.060998639708e-02 -9.207339922585e-01 5.392547519632e-02 -5.332159158223e-03 -5.108897447795e-03
9.555664100000e+01 -1.706924067303e-03 3.537928815245e-04 4.928807452511e-03 3.075522876895e-03 9.175854921912e-01 -3.792294593362e-02 -9.202088337100e-01 6.137763132834e-02 -5.351990782076e-03 -5.104216867256e-03
9.560546900000e+01 -1.706911056198e-03 3.539970207483e-04 4.929781744733e-03 3.075435908693e-03 9.172647572148e-01 -4.523482680468e-02 -9.196235847860e-01 6.882337821268e-02 -5.371824512038e-03 -5.099500003678e-03
9.565429700000e+01 -1.706897982338e-03 3.542009395359e-04 4.930754715754e-03 3.075348584971e-03 9.168856094614e-01 -5.254531519783e-02 -9.189783169984e-01 7.626238165642e-02 -5.391660704038e-03 -5.094746735248e-03
9.570312500000e+01 -1.706884852523e-03 3.544046334957e-04 4.931726360919e-03 3.075260905854e-03 9.164480392930e-01 -5.985394707585e-02 -9.182731159637e-01 8.369415592266e-02 -5.411499307720e-03 -5.089957035727e-03
9.575195300000e+01 -1.706871673653e-03 3.546080982659e-04 4.932696675640e-03 3.075172871365e-03 9.159520407085e-01 -6.716025797730e-02 -9.175080712473e-01 9.111821644127e-02 -5.431340272559e-03 -5.085130878969e-03
9.580078100000e+01 -1.706858452721e-03 3.548113295168e-04 4.933665655395e-03 3.075084481425e-03 9.153976113517e-01 -7.446378304422e-02 -9.166832763457e-01 9.853407984126e-02 -5.451183547859e-03 -5.080268238923e-03
9.584960900000e+01 -1.706845196817e-03 3.550143229531e-04 4.934633295730e-03 3.074995735853e-03 9.147847525198e-01 -8.176405704991e-02 -9.157988286688e-01 1.059412639828e-01 -5.471029082759e-03 -5.075369089628e-03
9.589843800000e+01 -1.706831912846e-03 3.552170784651e-04 4.935599612035e-03 3.074906632542e-03 9.141134548253e-01 -8.906076381950e-02 -9.148548095804e-01 1.133394394039e-01 -5.490877232736e-03 -5.070433303767e-03
9.594726600000e+01 -1.706818608620e-03 3.554195835269e-04 4.936564560417e-03 3.074817174762e-03 9.133837543926e-01 -9.635313859708e-02 -9.138513629318e-01 1.207278234901e-01 -5.510727133629e-03 -5.065461057736e-03
9.599609400000e+01 -1.706805291217e-03 3.556218381119e-04 4.937528156440e-03 3.074727360217e-03 9.125956503775e-01 -1.036408646915e-01 -9.127885790421e-01 1.281060895922e-01 -5.530579140541e-03 -5.060452225159e-03
9.604492200000e+01 -1.706791968069e-03 3.558238380806e-04 4.938490395937e-03 3.074637188333e-03 9.117491587703e-01 -1.109234756817e-01 -9.116665707944e-01 1.354737608101e-01 -5.550433201947e-03 -5.055406780463e-03
9.609375000000e+01 -1.706778646686e-03 3.560255793374e-04 4.939451274816e-03 3.074546658442e-03 9.108442992532e-01 -1.182005049194e-01 -9.104854548938e-01 1.428303616310e-01 -5.570289266162e-03 -5.050324698177e-03
9.614257800000e+01 -1.706765334654e-03 3.562270578326e-04 4.940410789066e-03 3.074455769781e-03 9.098810952078e-01 -1.254714855569e-01 -9.092453518476e-01 1.501754179599e-01 -5.590147281336e-03 -5.045205952929e-03
9.619140600000e+01 -1.706752039630e-03 3.564282695637e-04 4.941368934750e-03 3.074364521495e-03 9.088595737216e-01 -1.327359505763e-01 -9.079463859466e-01 1.575084571493e-01 -5.610007195460e-03 -5.040050519447e-03
9.624023400000e+01 -1.706738769340e-03 3.566292105778e-04 4.942325708014e-03 3.074272912636e-03 9.077797655951e-01 -1.399934328184e-01 -9.065886852451e-01 1.648290080295e-01 -5.629868956363e-03 -5.034858372562e-03
9.628906200000e+01 -1.706725531577e-03 3.568298769734e-04 4.943281105084e-03 3.074180942165e-03 9.066417053481e-01 -1.472434650115e-01 -9.051723815413e-01 1.721366009375e-01 -5.649732511713e-03 -5.029629487208e-03
9.633789100000e+01 -1.706712333924e-03 3.570302690030e-04 4.944235141792e-03 3.074088607059e-03 9.054454061303e-01 -1.544857280354e-01 -9.036975795561e-01 1.794309169909e-01 -5.669598215880e-03 -5.024363730204e-03
9.638671900000e+01 -1.706699184836e-03 3.572303746651e-04 4.945187775455e-03 3.073995909887e-03 9.041909589190e-01 -1.617194578354e-01 -9.021644789243e-01 1.867111908505e-01 -5.689465202530e-03 -5.019061292374e-03
9.643554700000e+01 -1.706686092012e-03 3.574301943295e-04 4.946139022100e-03 3.073902847457e-03 9.028783855251e-01 -1.689443353796e-01 -9.005731929496e-01 1.939771070723e-01 -5.709333825682e-03 -5.013722041499e-03
9.648437500000e+01 -1.706673063474e-03 3.576297243174e-04 4.947088878290e-03 3.073809418381e-03 9.015077354064e-01 -1.761598932396e-01 -8.989238682035e-01 2.012282023106e-01 -5.729204032373e-03 -5.008345952934e-03
9.653320300000e+01 -1.706660107294e-03 3.578289610106e-04 4.948037340675e-03 3.073715621190e-03 9.000790617694e-01 -1.833656640214e-01 -8.972166548990e-01 2.084640148697e-01 -5.749075769485e-03 -5.002933002139e-03
9.658203100000e+01 -1.706647231590e-03 3.580279008522e-04 4.948984405989e-03 3.073621454329e-03 8.985924215743e-01 -1.905611803956e-01 -8.954517068700e-01 2.156840847317e-01 -5.768948983745e-03 -4.997483164683e-03
9.663085900000e+01 -1.706634444524e-03 3.582265403491e-04 4.949930071060e-03 3.073526916164e-03 8.970478755399e-01 -1.977459751269e-01 -8.936291815496e-01 2.228879535837e-01 -5.788823621727e-03 -4.991996416243e-03
9.667968800000e+01 -1.706621754035e-03 3.584248801319e-04 4.950874352124e-03 3.073432003033e-03 8.954454547400e-01 -2.049197279025e-01 -8.917492008610e-01 2.300753118660e-01 -5.808700036924e-03 -4.986472619104e-03
9.672851600000e+01 -1.706609168882e-03 3.586229087153e-04 4.951817207509e-03 3.073336717031e-03 8.937852930603e-01 -2.120816779261e-01 -8.898120063774e-01 2.372454103607e-01 -5.828577361481e-03 -4.980911975413e-03
9.677734400000e+01 -1.706596697073e-03 3.588206268712e-04 4.952758653665e-03 3.073241054351e-03 8.920674302985e-01 -2.192315054579e-01 -8.878177282872e-01 2.443979433985e-01 -5.848455948560e-03 -4.975314348433e-03
9.682617200000e+01 -1.706584346906e-03 3.590180313764e-04 4.953698687776e-03 3.073145013050e-03 8.902919422541e-01 -2.263687439411e-01 -8.857665382059e-01 2.515324597556e-01 -5.868335744127e-03 -4.969679714286e-03
9.687500000000e+01 -1.706572126707e-03 3.592151190790e-04 4.954637307124e-03 3.073048591112e-03 8.884589085063e-01 -2.334929270644e-01 -8.836586112392e-01 2.586485100458e-01 -5.888216693998e-03 -4.964008049205e-03
9.692382800000e+01 -1.706560044824e-03 3.594118868998e-04 4.955574509080e-03 3.072951786450e-03 8.865684124184e-01 -2.406035887926e-01 -8.814941259615e-01 2.657456467463e-01 -5.908098743839e-03 -4.958299329540e-03
9.697265600000e+01 -1.706548109625e-03 3.596083318344e-04 4.956510291109e-03 3.072854596907e-03 8.846205411405e-01 -2.477002633972e-01 -8.792732643933e-01 2.728234242228e-01 -5.927981839169e-03 -4.952553531754e-03
9.702148400000e+01 -1.706536329492e-03 3.598044509535e-04 4.957444650770e-03 3.072757020256e-03 8.826153856132e-01 -2.547824854876e-01 -8.769962119783e-01 2.798813987550e-01 -5.947865925358e-03 -4.946770632425e-03
9.707031200000e+01 -1.706524712822e-03 3.600002414055e-04 4.958377585716e-03 3.072659054206e-03 8.805530405700e-01 -2.618497900416e-01 -8.746631575610e-01 2.869191285604e-01 -5.967750947632e-03 -4.940950608248e-03
9.711914100000e+01 -1.706513267788e-03 3.601957044167e-04 4.959309112759e-03 3.072560694383e-03 8.784335605499e-01 -2.689018566995e-01 -8.722742438698e-01 2.939363173144e-01 -5.987637258343e-03 -4.935093315699e-03
9.716796900000e+01 -1.706502003270e-03 3.603908292872e-04 4.960239191586e-03 3.072461942394e-03 8.762571346946e-01 -2.759379324142e-01 -8.698297643334e-01 3.009322397578e-01 -6.007523987896e-03 -4.929198971618e-03
9.721679700000e+01 -1.706490927446e-03 3.605856174113e-04 4.961167839227e-03 3.072362793748e-03 8.740238263095e-01 -2.829576980386e-01 -8.673298695080e-01 3.079066039914e-01 -6.027411488339e-03 -4.923267433478e-03
9.726562500000e+01 -1.706480048730e-03 3.607800662588e-04 4.962095053716e-03 3.072263245905e-03 8.717337453243e-01 -2.899606903361e-01 -8.647747616113e-01 3.148589762270e-01 -6.047299704318e-03 -4.917298678446e-03
9.731445300000e+01 -1.706469375530e-03 3.609741733834e-04 4.963020833182e-03 3.072163296266e-03 8.693870054722e-01 -2.969464465949e-01 -8.621646461462e-01 3.217889247340e-01 -6.067188580340e-03 -4.911292683810e-03
9.736328100000e+01 -1.706458916247e-03 3.611679364231e-04 4.963945175850e-03 3.072062942176e-03 8.669837242916e-01 -3.039145046594e-01 -8.594997318775e-01 3.286960198617e-01 -6.087078060771e-03 -4.905249426978e-03
9.741210900000e+01 -1.706448679274e-03 3.613613531023e-04 4.964868080039e-03 3.071962180926e-03 8.645240231270e-01 -3.108644029620e-01 -8.567802308078e-01 3.355798340621e-01 -6.106968089834e-03 -4.899168885479e-03
9.746093800000e+01 -1.706438672783e-03 3.615544251826e-04 4.965789563024e-03 3.071861007678e-03 8.620079750265e-01 -3.177958223140e-01 -8.540063007901e-01 3.424400821618e-01 -6.126859018979e-03 -4.893050911290e-03
9.750976600000e+01 -1.706428905544e-03 3.617471426549e-04 4.966709585573e-03 3.071759423764e-03 8.594358120069e-01 -3.247080185051e-01 -8.511782738538e-01 3.492760598869e-01 -6.146749977433e-03 -4.886895732771e-03
9.755859400000e+01 -1.706419385687e-03 3.619395074654e-04 4.967628165180e-03 3.071657424255e-03 8.568076158836e-01 -3.316006740676e-01 -8.482963153203e-01 3.560874868694e-01 -6.166641316361e-03 -4.880703202911e-03
9.760742200000e+01 -1.706410121527e-03 3.621315176921e-04 4.968545300548e-03 3.071555006242e-03 8.541235232317e-01 -3.384733301037e-01 -8.453606499067e-01 3.628739441917e-01 -6.186532979433e-03 -4.874473299732e-03
9.765625000000e+01 -1.706401121349e-03 3.623231715047e-04 4.969460990475e-03 3.071452166773e-03 8.513836744340e-01 -3.453255284635e-01 -8.423715054484e-01 3.696350151473e-01 -6.206424910186e-03 -4.868206001381e-03
9.770507800000e+01 -1.706392393411e-03 3.625144671643e-04 4.970375233856e-03 3.071348902850e-03 8.485882136809e-01 -3.521568117765e-01 -8.393291128754e-01 3.763702852614e-01 -6.226317052021e-03 -4.861901286131e-03
9.775390600000e+01 -1.706383945932e-03 3.627054030250e-04 4.971288029679e-03 3.071245211434e-03 8.457372889690e-01 -3.589667234842e-01 -8.362337061875e-01 3.830793423115e-01 -6.246209348206e-03 -4.855559132384e-03
9.780273400000e+01 -1.706375787100e-03 3.628959775342e-04 4.972199377027e-03 3.071141089449e-03 8.428310521007e-01 -3.657548078726e-01 -8.330855224302e-01 3.897617763474e-01 -6.266101741874e-03 -4.849179518665e-03
9.785156200000e+01 -1.706367925056e-03 3.630861892340e-04 4.973109275077e-03 3.071036533776e-03 8.398696586828e-01 -3.725206101041e-01 -8.298848016704e-01 3.964171797115e-01 -6.285994176026e-03 -4.842762423628e-03
9.790039100000e+01 -1.706360367751e-03 3.632760406458e-04 4.974017741690e-03 3.070931539111e-03 8.368532057867e-01 -3.792638141131e-01 -8.266317198157e-01 4.030452825152e-01 -6.305887000929e-03 -4.836307693484e-03
9.794921900000e+01 -1.706353123548e-03 3.634655227262e-04 4.974924739021e-03 3.070826106566e-03 8.337819801772e-01 -3.859836907086e-01 -8.233266561499e-01 4.096454102547e-01 -6.325779344526e-03 -4.829815571523e-03
9.799804700000e+01 -1.706346200293e-03 3.636546381962e-04 4.975830285145e-03 3.070720230777e-03 8.306560876503e-01 -3.926799262116e-01 -8.199697935690e-01 4.162172982889e-01 -6.345671556823e-03 -4.823285904982e-03
9.804687500000e+01 -1.706339605936e-03 3.638433859821e-04 4.976734379613e-03 3.070613908495e-03 8.274756990114e-01 -3.993520696171e-01 -8.165613839788e-01 4.227605483223e-01 -6.365563580301e-03 -4.816718673031e-03
9.809570300000e+01 -1.706333348372e-03 3.640317651077e-04 4.977637022064e-03 3.070507136443e-03 8.242409888599e-01 -4.059996709604e-01 -8.131016821835e-01 4.292747644465e-01 -6.385455357312e-03 -4.810113854975e-03
9.814453100000e+01 -1.706327435435e-03 3.642197746950e-04 4.978538212230e-03 3.070399911316e-03 8.209521355857e-01 -4.126222813496e-01 -8.095909458602e-01 4.357595531586e-01 -6.405346830081e-03 -4.803471430248e-03
9.819335900000e+01 -1.706321874900e-03 3.644074139642e-04 4.979437949934e-03 3.070292229784e-03 8.176093213661e-01 -4.192194529982e-01 -8.060294355346e-01 4.422145233791e-01 -6.425237940707e-03 -4.796791378416e-03
9.824218800000e+01 -1.706316674370e-03 3.645946860665e-04 4.980336253469e-03 3.070184086275e-03 8.142126620509e-01 -4.257908735711e-01 -8.024173400659e-01 4.486394177367e-01 -6.445129038520e-03 -4.790073541214e-03
9.829101600000e+01 -1.706311841697e-03 3.647815827501e-04 4.981233086041e-03 3.070075481845e-03 8.107624865094e-01 -4.323358284241e-01 -7.987550735550e-01 4.550335868854e-01 -6.465019250642e-03 -4.783318173631e-03
9.833984400000e+01 -1.706307384340e-03 3.649681073724e-04 4.982128466150e-03 3.069966410889e-03 8.072589192467e-01 -4.388540081333e-01 -7.950428314649e-01 4.613967790098e-01 -6.484908926167e-03 -4.776525118443e-03
9.838867200000e+01 -1.706303309791e-03 3.651542595520e-04 4.983022393972e-03 3.069856869998e-03 8.037021575518e-01 -4.453449696657e-01 -7.912808854654e-01 4.677286128962e-01 -6.504798006695e-03 -4.769694355749e-03
9.843750000000e+01 -1.706299625467e-03 3.653400390075e-04 4.983914869768e-03 3.069746855745e-03 8.000924024806e-01 -4.518082712597e-01 -7.874695099495e-01 4.740287098393e-01 -6.524686433707e-03 -4.762825865787e-03
9.848632800000e+01 -1.706296338704e-03 3.655254455580e-04 4.984805893885e-03 3.069636364688e-03 7.964298588505e-01 -4.582434724579e-01 -7.836089820086e-01 4.802966936583e-01 -6.544574148562e-03 -4.755919628928e-03
9.853515600000e+01 -1.706293456756e-03 3.657104791231e-04 4.985695466754e-03 3.069525393374e-03 7.927147352357e-01 -4.646501341409e-01 -7.796995814076e-01 4.865321907126e-01 -6.564461092499e-03 -4.748975625681e-03
9.858398400000e+01 -1.706290986790e-03 3.658951397231e-04 4.986583588890e-03 3.069413938340e-03 7.889472439609e-01 -4.710278185602e-01 -7.757415905593e-01 4.927348299175e-01 -6.584347206638e-03 -4.741993836690e-03
9.863281200000e+01 -1.706288935886e-03 3.660794274790e-04 4.987470260889e-03 3.069301996114e-03 7.851276010960e-01 -4.773760893719e-01 -7.717352944995e-01 4.989042427595e-01 -6.604232431978e-03 -4.734974242739e-03
9.868164100000e+01 -1.706287311004e-03 3.662633463751e-04 4.988355501544e-03 3.069189560908e-03 7.812559466291e-01 -4.836946407630e-01 -7.676808973398e-01 5.050401886273e-01 -6.624117116626e-03 -4.727916679824e-03
9.873046900000e+01 -1.706286119103e-03 3.664468892007e-04 4.989239275355e-03 3.069076633844e-03 7.773326626848e-01 -4.899827804882e-01 -7.635788553568e-01 5.111420528648e-01 -6.644000386884e-03 -4.720821418076e-03
9.877929700000e+01 -1.706285366946e-03 3.666300601492e-04 4.990121601303e-03 3.068963209137e-03 7.733578977699e-01 -4.962402063266e-01 -7.594293787625e-01 5.172096007691e-01 -6.663882590645e-03 -4.713688294544e-03
9.882812500000e+01 -1.706285061230e-03 3.668128597440e-04 4.991002480302e-03 3.068849283297e-03 7.693318828685e-01 -5.024664878866e-01 -7.552327628334e-01 5.232424742601e-01 -6.683763668445e-03 -4.706517290565e-03
9.887695300000e+01 -1.706285208553e-03 3.669952886087e-04 4.991881913345e-03 3.068734852834e-03 7.652548526753e-01 -5.086611963490e-01 -7.509893053430e-01 5.292403179017e-01 -6.703643560706e-03 -4.699308387618e-03
9.892578100000e+01 -1.706285815410e-03 3.671773474671e-04 4.992759901499e-03 3.068619914261e-03 7.611270455878e-01 -5.148239044996e-01 -7.466993065368e-01 5.352027789153e-01 -6.723522207738e-03 -4.692061567319e-03
9.897460900000e+01 -1.706286888186e-03 3.673590371428e-04 4.993636445903e-03 3.068504464093e-03 7.569487036983e-01 -5.209541867637e-01 -7.423630691071e-01 5.411295071941e-01 -6.743399549735e-03 -4.684776811429e-03
9.902343800000e+01 -1.706288433196e-03 3.675403622683e-04 4.994511565680e-03 3.068388496471e-03 7.527199856694e-01 -5.270517437756e-01 -7.379808079526e-01 5.470202755842e-01 -6.763275933831e-03 -4.677453951488e-03
9.907226600000e+01 -1.706290456544e-03 3.677213164390e-04 4.995385226270e-03 3.068272012672e-03 7.484413141669e-01 -5.331159035809e-01 -7.335530100832e-01 5.528744980732e-01 -6.783150485878e-03 -4.670093269478e-03
9.912109400000e+01 -1.706292964310e-03 3.679019044928e-04 4.996257446965e-03 3.068155006862e-03 7.441128562269e-01 -5.391463709374e-01 -7.290798961030e-01 5.586919536577e-01 -6.803023552814e-03 -4.662694598004e-03
9.916992200000e+01 -1.706295962430e-03 3.680821276487e-04 4.997128229190e-03 3.068037475586e-03 7.397348686333e-01 -5.451427271630e-01 -7.245617782400e-01 5.644723030456e-01 -6.822895074397e-03 -4.655257919394e-03
9.921875000000e+01 -1.706299456723e-03 3.682619872236e-04 4.997997574436e-03 3.067919415401e-03 7.353076118192e-01 -5.511045553829e-01 -7.199989710433e-01 5.702152096800e-01 -6.842764990275e-03 -4.647783216118e-03
9.926757800000e+01 -1.706303452889e-03 3.684414846313e-04 4.998865484260e-03 3.067800822877e-03 7.308313498573e-01 -5.570314405634e-01 -7.153917913582e-01 5.759203397508e-01 -6.862633239989e-03 -4.640270470793e-03
9.931640600000e+01 -1.706307956503e-03 3.686206213824e-04 4.999731960283e-03 3.067681694599e-03 7.263063504491e-01 -5.629229695452e-01 -7.107405583007e-01 5.815873622068e-01 -6.882499762973e-03 -4.632719666178e-03
9.936523400000e+01 -1.706312973016e-03 3.687993990834e-04 5.000597004190e-03 3.067562027167e-03 7.217328849144e-01 -5.687787310776e-01 -7.060455932327e-01 5.872159487671e-01 -6.902364498559e-03 -4.625130785178e-03
9.941406200000e+01 -1.706318507755e-03 3.689778194361e-04 5.001460617728e-03 3.067441817198e-03 7.171112281802e-01 -5.745983158516e-01 -7.013072197370e-01 5.928057739324e-01 -6.922227385971e-03 -4.617503810842e-03
9.946289100000e+01 -1.706324566045e-03 3.691558878800e-04 5.002322820345e-03 3.067321058853e-03 7.124415626479e-01 -5.803814345926e-01 -6.965256652289e-01 5.983566282733e-01 -6.942088771064e-03 -4.609838568995e-03
9.951171900000e+01 -1.706331152704e-03 3.693335990117e-04 5.003183578589e-03 3.067199753733e-03 7.077243616956e-01 -5.861274450975e-01 -6.917014535125e-01 6.038679645222e-01 -6.961947779349e-03 -4.602135356940e-03
9.956054700000e+01 -1.706338272785e-03 3.695109584646e-04 5.004042912055e-03 3.067077896052e-03 7.029598158593e-01 -5.918360628971e-01 -6.868348171989e-01 6.093395796712e-01 -6.981804756518e-03 -4.594394001575e-03
9.960937500000e+01 -1.706345931088e-03 3.696879683140e-04 5.004900822718e-03 3.066955482512e-03 6.981482143782e-01 -5.975068867868e-01 -6.819260885048e-01 6.147711594559e-01 -7.001659641385e-03 -4.586614486534e-03
9.965820300000e+01 -1.706354132275e-03 3.698646307262e-04 5.005757312609e-03 3.066832509841e-03 6.932898500388e-01 -6.031395176718e-01 -6.769756017430e-01 6.201623924465e-01 -7.021512372668e-03 -4.578796795602e-03
9.970703100000e+01 -1.706362880874e-03 3.700409479578e-04 5.006612383809e-03 3.066708974792e-03 6.883850191614e-01 -6.087335586010e-01 -6.719836932977e-01 6.255129700580e-01 -7.041362888983e-03 -4.570940912707e-03
9.975585900000e+01 -1.706372181272e-03 3.702169223549e-04 5.007466038451e-03 3.066584874146e-03 6.834340215872e-01 -6.142886148003e-01 -6.669507015998e-01 6.308225865595e-01 -7.061211128849e-03 -4.563046821930e-03
9.980468800000e+01 -1.706382037922e-03 3.703925599451e-04 5.008318296155e-03 3.066460202154e-03 6.784370578607e-01 -6.198044062616e-01 -6.618768627767e-01 6.360910465557e-01 -7.081057437107e-03 -4.555114344650e-03
9.985351600000e+01 -1.706392454525e-03 3.705678560557e-04 5.009169124241e-03 3.066334960762e-03 6.733946395002e-01 -6.252803167360e-01 -6.567627271049e-01 6.413178342553e-01 -7.100900939192e-03 -4.547143790153e-03
9.990234400000e+01 -1.706403435237e-03 3.707428168947e-04 5.010018542451e-03 3.066209144292e-03 6.683069749578e-01 -6.307160715473e-01 -6.516085355126e-01 6.465027608664e-01 -7.120741979800e-03 -4.539134980902e-03
9.995117200000e+01 -1.706414983872e-03 3.709174451545e-04 5.010866553103e-03 3.066082749649e-03 6.631743780168e-01 -6.361112849642e-01 -6.464146343701e-01 6.516455321685e-01 -7.140580497066e-03 -4.531087901572e-03
1.000000000000e+02 -1.706427104100e-03 3.710917436109e-04 5.011713158555e-03 3.065955773768e-03 6.579971659091e-01 -6.414655735994e-01 -6.411813719713e-01 6.567458568406e-01 -7.160416429030e-03 -4.523002536987e-03
1.000488280000e+02 -1.706439799441e-03 3.712657151227e-04 5.012558361207e-03 3.065828213622e-03 6.527756593000e-01 -6.467785564428e-01 -6.359090985089e-01 6.618034464702e-01 -7.180249713637e-03 -4.514878872126e-03
1.000976560000e+02 -1.706453073266e-03 3.714393626294e-04 5.013402163497e-03 3.065700066217e-03 6.475101822720e-01 -6.520498548950e-01 -6.305981660500e-01 6.668180155609e-01 -7.200080288743e-03 -4.506716892113e-03
1.001464840000e+02 -1.706466928796e-03 3.716126891508e-04 5.014244567900e-03 3.065571328597e-03 6.422010623088e-01 -6.572790928001e-01 -6.252489285116e-01 6.717892815409e-01 -7.219908092110e-03 -4.498516582228e-03
1.001953120000e+02 -1.706481369101e-03 3.717856977851e-04 5.015085576927e-03 3.065441997846e-03 6.368486302793e-01 -6.624658964790e-01 -6.198617416367e-01 6.767169647708e-01 -7.239733061411e-03 -4.490277927899e-03
1.002441410000e+02 -1.706496397412e-03 3.719583952413e-04 5.015925210301e-03 3.065312068416e-03 6.314531094837e-01 -6.676099996707e-01 -6.144368514873e-01 6.816008881213e-01 -7.259555540154e-03 -4.482000744801e-03
1.002929690000e+02 -1.706512015877e-03 3.721307776969e-04 5.016763436209e-03 3.065181542792e-03 6.260150585118e-01 -6.727108230434e-01 -6.089748395904e-01 6.864405777938e-01 -7.279374653919e-03 -4.473685357696e-03
1.003417970000e+02 -1.706528227407e-03 3.723028520176e-04 5.017600274463e-03 3.065050415522e-03 6.205347082249e-01 -6.777681063347e-01 -6.034759563046e-01 6.912358634624e-01 -7.299190746097e-03 -4.465331583347e-03
1.003906250000e+02 -1.706545034457e-03 3.724746216015e-04 5.018435727699e-03 3.064918683849e-03 6.150124028589e-01 -6.827814861018e-01 -5.979405644331e-01 6.959864772919e-01 -7.319003754008e-03 -4.456939407795e-03
1.004394530000e+02 -1.706562439324e-03 3.726460899182e-04 5.019269798576e-03 3.064786345061e-03 6.094484899467e-01 -6.877506015423e-01 -5.923690284842e-01 7.006921544159e-01 -7.338813614883e-03 -4.448508817232e-03
1.004882810000e+02 -1.706580444151e-03 3.728172605069e-04 5.020102489779e-03 3.064653396490e-03 6.038433202998e-01 -6.926750945280e-01 -5.867617146470e-01 7.053526329439e-01 -7.358620265868e-03 -4.440039798002e-03
1.005371090000e+02 -1.706599050920e-03 3.729881369752e-04 5.020933804016e-03 3.064519835512e-03 5.981972479892e-01 -6.975546096361e-01 -5.811189907674e-01 7.099676539671e-01 -7.378423644026e-03 -4.431532336606e-03
1.005859380000e+02 -1.706618261857e-03 3.731587264874e-04 5.021763760998e-03 3.064385656794e-03 5.925105134510e-01 -7.023888927204e-01 -5.754411096873e-01 7.145370546753e-01 -7.398224091806e-03 -4.422986244282e-03
1.006347660000e+02 -1.706638077841e-03 3.733290257953e-04 5.022592329479e-03 3.064250863300e-03 5.867837101476e-01 -7.071773958531e-01 -5.697286750630e-01 7.190603949796e-01 -7.418020735091e-03 -4.414401857880e-03
1.006835940000e+02 -1.706658500769e-03 3.734990421974e-04 5.023419529239e-03 3.064115449803e-03 5.810170857629e-01 -7.119198713934e-01 -5.639819436450e-01 7.235375190041e-01 -7.437813916233e-03 -4.405778989734e-03
1.007324220000e+02 -1.706679531988e-03 3.736687795568e-04 5.024245363058e-03 3.063979413866e-03 5.752110072095e-01 -7.166159750662e-01 -5.582012896689e-01 7.279681798309e-01 -7.457603571965e-03 -4.397117626963e-03
1.007812500000e+02 -1.706701172687e-03 3.738382417968e-04 5.025069833733e-03 3.063842753100e-03 5.693658445590e-01 -7.212653654632e-01 -5.523870889084e-01 7.323521335545e-01 -7.477389638938e-03 -4.388417756839e-03
1.008300780000e+02 -1.706723423892e-03 3.740074328982e-04 5.025892944074e-03 3.063705465167e-03 5.634819710216e-01 -7.258677040750e-01 -5.465397186520e-01 7.366891392874e-01 -7.497172053725e-03 -4.379679366790e-03
1.008789060000e+02 -1.706746286472e-03 3.741763568980e-04 5.026714696901e-03 3.063567547776e-03 5.575597629242e-01 -7.304226553227e-01 -5.406595576793e-01 7.409789591652e-01 -7.516950752817e-03 -4.370902444400e-03
1.009277340000e+02 -1.706769761133e-03 3.743450178876e-04 5.027535095044e-03 3.063428998688e-03 5.515995996890e-01 -7.349298865899e-01 -5.347469862376e-01 7.452213583522e-01 -7.536725672631e-03 -4.362086977409e-03
1.009765620000e+02 -1.706793848420e-03 3.745134200106e-04 5.028354141338e-03 3.063289815716e-03 5.456018638107e-01 -7.393890682534e-01 -5.288023860186e-01 7.494161050462e-01 -7.556496749505e-03 -4.353232953713e-03
1.010253910000e+02 -1.706818549230e-03 3.746815709024e-04 5.029171855360e-03 3.063149993852e-03 5.395668168611e-01 -7.437999635514e-01 -5.228260174200e-01 7.535630549196e-01 -7.576264324494e-03 -4.344340178850e-03
1.010742190000e+02 -1.706843862775e-03 3.748494679185e-04 5.029988206464e-03 3.063009536739e-03 5.334950946108e-01 -7.481620682696e-01 -5.168185097467e-01 7.576618123922e-01 -7.596027524116e-03 -4.335409005269e-03
1.011230470000e+02 -1.706869789619e-03 3.750171187948e-04 5.030803214259e-03 3.062868439489e-03 5.273869654207e-01 -7.524751527834e-01 -5.107801268131e-01 7.617122402105e-01 -7.615786689358e-03 -4.326439239612e-03
1.011718750000e+02 -1.706896329661e-03 3.751845278654e-04 5.031616881595e-03 3.062726700121e-03 5.212428238488e-01 -7.567388997565e-01 -5.047112558565e-01 7.657141187543e-01 -7.635541756257e-03 -4.317430870401e-03
1.012207030000e+02 -1.706923482645e-03 3.753516995073e-04 5.032429211322e-03 3.062584316712e-03 5.150630674096e-01 -7.609529950015e-01 -4.986122854426e-01 7.696672314601e-01 -7.655292660780e-03 -4.308383886319e-03
1.012695310000e+02 -1.706951248151e-03 3.755186381383e-04 5.033240206287e-03 3.062441287389e-03 5.088480965502e-01 -7.651171275103e-01 -4.924836054429e-01 7.735713648252e-01 -7.675039338820e-03 -4.299298276204e-03
1.013183590000e+02 -1.706979625601e-03 3.756853482148e-04 5.034049869332e-03 3.062297610335e-03 5.025983146255e-01 -7.692309894847e-01 -4.863256070119e-01 7.774263084117e-01 -7.694781726198e-03 -4.290174029053e-03
1.013671880000e+02 -1.707008614855e-03 3.758518376373e-04 5.034858219836e-03 3.062153280824e-03 4.963139988230e-01 -7.732943590632e-01 -4.801385555618e-01 7.812319322810e-01 -7.714520162858e-03 -4.281010945967e-03
1.014160160000e+02 -1.707038213829e-03 3.760181041143e-04 5.035665227520e-03 3.062008303060e-03 4.899958156457e-01 -7.773067685199e-01 -4.739230981681e-01 7.849878762575e-01 -7.734253776010e-03 -4.271809391574e-03
1.014648440000e+02 -1.707068422053e-03 3.761841556181e-04 5.036470911773e-03 3.061862672440e-03 4.836440486708e-01 -7.812680036026e-01 -4.676795032834e-01 7.886940175649e-01 -7.753982905546e-03 -4.262569168083e-03
1.015136720000e+02 -1.707099238313e-03 3.763499967394e-04 5.037275275406e-03 3.061716387366e-03 4.772591126309e-01 -7.851777696531e-01 -4.614081669659e-01 7.923501580625e-01 -7.773707487013e-03 -4.253290265125e-03
1.015625000000e+02 -1.707130661236e-03 3.765156320973e-04 5.038078321219e-03 3.061569446297e-03 4.708414250374e-01 -7.890357753729e-01 -4.551094864433e-01 7.959561026923e-01 -7.793427455890e-03 -4.243972672490e-03
1.016113280000e+02 -1.707162689293e-03 3.766810663371e-04 5.038880051997e-03 3.061421847744e-03 4.643914061545e-01 -7.928417328518e-01 -4.487838600904e-01 7.995116594826e-01 -7.813142747587e-03 -4.234616380124e-03
1.016601560000e+02 -1.707195320799e-03 3.768463041281e-04 5.039680470511e-03 3.061273590278e-03 4.579094789715e-01 -7.965953575978e-01 -4.424316874063e-01 8.030166395511e-01 -7.832853297453e-03 -4.225221378136e-03
1.017089840000e+02 -1.707228553913e-03 3.770113501619e-04 5.040479579516e-03 3.061124672524e-03 4.513960691755e-01 -8.002963685651e-01 -4.360533689925e-01 8.064708571075e-01 -7.852559040768e-03 -4.215787656793e-03
1.017578120000e+02 -1.707262386639e-03 3.771762091495e-04 5.041277381750e-03 3.060975093161e-03 4.448516051237e-01 -8.039444881838e-01 -4.296493065306e-01 8.098741294567e-01 -7.872259912751e-03 -4.206315206520e-03
1.018066410000e+02 -1.707296817540e-03 3.773408891903e-04 5.042073896228e-03 3.060824847843e-03 4.382763828463e-01 -8.075395154661e-01 -4.232197708284e-01 8.132263451289e-01 -7.891956251880e-03 -4.196803822719e-03
1.018554690000e+02 -1.707331842903e-03 3.775053882835e-04 5.042869093025e-03 3.060673941518e-03 4.316711052794e-01 -8.110810326237e-01 -4.167654290168e-01 8.165271903201e-01 -7.911647186498e-03 -4.187253885712e-03
1.019042970000e+02 -1.707367460975e-03 3.776697145608e-04 5.043662991141e-03 3.060522369963e-03 4.250360742737e-01 -8.145688468534e-01 -4.102865544677e-01 8.197765608127e-01 -7.931333055062e-03 -4.177665192015e-03
1.019531250000e+02 -1.707403669150e-03 3.778338727908e-04 5.044455593229e-03 3.060370132084e-03 4.183717285811e-01 -8.180026947696e-01 -4.037835529611e-01 8.229742863181e-01 -7.951013792541e-03 -4.168037732694e-03
1.020019530000e+02 -1.707440464676e-03 3.779978677505e-04 5.045246901916e-03 3.060217226842e-03 4.116785094795e-01 -8.213823166026e-01 -3.972568312465e-01 8.261201996556e-01 -7.970689333848e-03 -4.158371498974e-03
1.020507810000e+02 -1.707477844651e-03 3.781617042241e-04 5.046036919804e-03 3.060063653254e-03 4.049568607422e-01 -8.247074562258e-01 -3.907067970212e-01 8.292141367537e-01 -7.990359613833e-03 -4.148666482244e-03
1.020996090000e+02 -1.707515806026e-03 3.783253869996e-04 5.046825649469e-03 3.059909410392e-03 3.982072286082e-01 -8.279778611829e-01 -3.841338589083e-01 8.322559366529e-01 -8.010024567290e-03 -4.138922674051e-03
1.021484380000e+02 -1.707554346400e-03 3.784889242154e-04 5.047613109571e-03 3.059754494204e-03 3.914299226760e-01 -8.311933480021e-01 -3.775382911327e-01 8.352455021962e-01 -8.029684531528e-03 -4.129139865357e-03
1.021972660000e+02 -1.707593460858e-03 3.786523139635e-04 5.048399270373e-03 3.059598910221e-03 3.846256716247e-01 -8.343535399400e-01 -3.709207742608e-01 8.381825561999e-01 -8.049338635968e-03 -4.119318448730e-03
1.022460940000e+02 -1.707633146699e-03 3.788155643828e-04 5.049184150502e-03 3.059442654513e-03 3.777947903890e-01 -8.374582621273e-01 -3.642815847174e-01 8.410670088123e-01 -8.068987217917e-03 -4.109458216247e-03
1.022949220000e+02 -1.707673400300e-03 3.789786802571e-04 5.049967752412e-03 3.059285726376e-03 3.709377347610e-01 -8.405072770554e-01 -3.576211346122e-01 8.438987115389e-01 -8.088630211943e-03 -4.099559160102e-03
1.023437500000e+02 -1.707714217897e-03 3.791416663633e-04 5.050750078524e-03 3.059128125158e-03 3.640549628423e-01 -8.435003510177e-01 -3.509398368729e-01 8.466775190056e-01 -8.108267552562e-03 -4.089621272646e-03
1.023925780000e+02 -1.707755595588e-03 3.793045274694e-04 5.051531131226e-03 3.058969850262e-03 3.571469350113e-01 -8.464372541354e-01 -3.442381052233e-01 8.494032889599e-01 -8.127899174233e-03 -4.079644546393e-03
1.024414060000e+02 -1.707797529334e-03 3.794672683323e-04 5.052310912871e-03 3.058810901145e-03 3.502141138913e-01 -8.493177603829e-01 -3.375163541623e-01 8.520758822724e-01 -8.147525011364e-03 -4.069628974020e-03
1.024902340000e+02 -1.707840014960e-03 3.796298936957e-04 5.053089425774e-03 3.058651277317e-03 3.432569643171e-01 -8.521416476125e-01 -3.307749989423e-01 8.546951629377e-01 -8.167144998311e-03 -4.059574548363e-03
1.025390620000e+02 -1.707883048158e-03 3.797924082874e-04 5.053866672213e-03 3.058490978345e-03 3.362759533017e-01 -8.549086975797e-01 -3.240144555480e-01 8.572609980757e-01 -8.186759069378e-03 -4.049481262420e-03
1.025878910000e+02 -1.707926625387e-03 3.799548201426e-04 5.054642670310e-03 3.058330000540e-03 3.292714063166e-01 -8.576187508824e-01 -3.172350016452e-01 8.597733088343e-01 -8.206367560334e-03 -4.039348901448e-03
1.026367190000e+02 -1.707970740290e-03 3.801171272994e-04 5.055417390482e-03 3.058168350168e-03 3.222440815399e-01 -8.602714861494e-01 -3.104373323083e-01 8.622318656820e-01 -8.225969602231e-03 -4.029177873782e-03
1.026855470000e+02 -1.708015389057e-03 3.802793377528e-04 5.056190850795e-03 3.058006023661e-03 3.151943091052e-01 -8.628667530761e-01 -3.036217269419e-01 8.646365971204e-01 -8.245565530863e-03 -4.018967965796e-03
1.027343750000e+02 -1.708060566864e-03 3.804414561466e-04 5.056963053369e-03 3.057843020793e-03 3.081225644011e-01 -8.654043492712e-01 -2.967886042487e-01 8.669873827793e-01 -8.265155280336e-03 -4.008719171138e-03
1.027832030000e+02 -1.708106268760e-03 3.806034870977e-04 5.057734000285e-03 3.057679341392e-03 3.010293248236e-01 -8.678840763655e-01 -2.899383835578e-01 8.692841054179e-01 -8.284738784711e-03 -3.998431483615e-03
1.028320310000e+02 -1.708152489676e-03 3.807654351943e-04 5.058503693578e-03 3.057514985333e-03 2.939150697415e-01 -8.703057400349e-01 -2.830714848045e-01 8.715266509251e-01 -8.304315978003e-03 -3.988104897196e-03
1.028808590000e+02 -1.708199224420e-03 3.809273049940e-04 5.059272135243e-03 3.057349952544e-03 2.867802804604e-01 -8.726691500231e-01 -2.761883285090e-01 8.737149083198e-01 -8.323886794179e-03 -3.977739406014e-03
1.029296880000e+02 -1.708246468653e-03 3.810891043340e-04 5.060039342926e-03 3.057184239603e-03 2.796252934543e-01 -8.749741667701e-01 -2.692891943046e-01 8.758488128955e-01 -8.343451567774e-03 -3.967334790882e-03
1.029785160000e+02 -1.708294215015e-03 3.812508310764e-04 5.060805287109e-03 3.057017853322e-03 2.724508868669e-01 -8.772205138070e-01 -2.623747864098e-01 8.779281725277e-01 -8.363009431309e-03 -3.956891472422e-03
1.030273440000e+02 -1.708342458927e-03 3.814124929875e-04 5.061569985376e-03 3.056850790392e-03 2.652574012724e-01 -8.794080610184e-01 -2.554453858441e-01 8.799529298868e-01 -8.382560719364e-03 -3.946409232568e-03
1.030761720000e+02 -1.708391194737e-03 3.815740944800e-04 5.062333439540e-03 3.056683050935e-03 2.580453253650e-01 -8.815366346388e-01 -2.485014152599e-01 8.819229865152e-01 -8.402105365731e-03 -3.935888066101e-03
1.031250000000e+02 -1.708440416684e-03 3.817356399250e-04 5.063095651367e-03 3.056514635124e-03 2.508151495949e-01 -8.836060650791e-01 -2.415432977909e-01 8.838382470862e-01 -8.421643304161e-03 -3.925327967966e-03
1.031738280000e+02 -1.708490118896e-03 3.818971336501e-04 5.063856622576e-03 3.056345543177e-03 2.435673661306e-01 -8.856161869463e-01 -2.345714570319e-01 8.856986194042e-01 -8.441174468364e-03 -3.914728933266e-03
1.032226560000e+02 -1.708540295400e-03 3.820585799373e-04 5.064616354840e-03 3.056175775360e-03 2.363024688216e-01 -8.875668390647e-01 -2.275863170177e-01 8.875040144042e-01 -8.460698792007e-03 -3.904090957272e-03
1.032714840000e+02 -1.708590940118e-03 3.822199830210e-04 5.065374849780e-03 3.056005331983e-03 2.290209531610e-01 -8.894578644951e-01 -2.205883022027e-01 8.892543461516e-01 -8.480216208720e-03 -3.893414035413e-03
1.033203120000e+02 -1.708642046872e-03 3.823813470861e-04 5.066132108973e-03 3.055834213402e-03 2.217233162470e-01 -8.912891105548e-01 -2.135778374411e-01 8.909495318421e-01 -8.499726652094e-03 -3.882698163283e-03
1.033691410000e+02 -1.708693610446e-03 3.825426795693e-04 5.066888149414e-03 3.055662416493e-03 2.144099068124e-01 -8.930604644986e-01 -2.065552040244e-01 8.925895248212e-01 -8.519230455037e-03 -3.871943115978e-03
1.034179690000e+02 -1.708745622356e-03 3.827039779424e-04 5.067642941612e-03 3.055489948737e-03 2.070815246114e-01 -8.947717096581e-01 -1.995211151932e-01 8.941741813690e-01 -8.538726752202e-03 -3.861149329936e-03
1.034667970000e+02 -1.708798077188e-03 3.828652495337e-04 5.068396502489e-03 3.055316807111e-03 1.997385217101e-01 -8.964227431240e-01 -1.924758531780e-01 8.957034622208e-01 -8.558215876568e-03 -3.850316581378e-03
1.035156250000e+02 -1.708850968385e-03 3.830264983098e-04 5.069148833423e-03 3.055142992143e-03 1.923814012425e-01 -8.980134294275e-01 -1.854198442265e-01 8.971772970871e-01 -8.577697761578e-03 -3.839444866545e-03
1.035644530000e+02 -1.708904289305e-03 3.831877281780e-04 5.069899935738e-03 3.054968504406e-03 1.850106677541e-01 -8.995436374481e-01 -1.783535148841e-01 8.985956188058e-01 -8.597172340637e-03 -3.828534181844e-03
1.036132810000e+02 -1.708958033216e-03 3.833489429842e-04 5.070649810710e-03 3.054793344513e-03 1.776268271624e-01 -9.010132404313e-01 -1.712772919740e-01 8.999583633409e-01 -8.616639547117e-03 -3.817584523842e-03
1.036621090000e+02 -1.709012193306e-03 3.835101465113e-04 5.071398459562e-03 3.054617513116e-03 1.702303867163e-01 -9.024221160056e-01 -1.641916025766e-01 9.012654697816e-01 -8.636099314354e-03 -3.806595889271e-03
1.037109380000e+02 -1.709066763802e-03 3.836713457786e-04 5.072145898763e-03 3.054441007286e-03 1.628217031095e-01 -9.037701731826e-01 -1.570967286198e-01 9.025169053998e-01 -8.655551973960e-03 -3.795568048778e-03
1.037597660000e+02 -1.709121735497e-03 3.838325378349e-04 5.072892098819e-03 3.054263834983e-03 1.554015895975e-01 -9.050572431881e-01 -1.499933882469e-01 9.037125642733e-01 -8.674996662438e-03 -3.784501451112e-03
1.038085940000e+02 -1.709177102458e-03 3.839937295642e-04 5.073637076122e-03 3.054085993369e-03 1.479704055787e-01 -9.062832451279e-01 -1.428818639811e-01 9.048524210603e-01 -8.694433711488e-03 -3.773395868042e-03
1.038574220000e+02 -1.709232857566e-03 3.841549244793e-04 5.074380831691e-03 3.053907483250e-03 1.405286632269e-01 -9.074480743232e-01 -1.357625837320e-01 9.059364273405e-01 -8.713863054321e-03 -3.762251296950e-03
1.039062500000e+02 -1.709288993629e-03 3.843161260207e-04 5.075123366493e-03 3.053728305468e-03 1.330768758450e-01 -9.085516305564e-01 -1.286359755666e-01 9.069645378126e-01 -8.733284624115e-03 -3.751067735378e-03
1.039550780000e+02 -1.709345503392e-03 3.844773375555e-04 5.075864681446e-03 3.053548460902e-03 1.256155578239e-01 -9.095938180862e-01 -1.215024676896e-01 9.079367102937e-01 -8.752698354018e-03 -3.739845181031e-03
1.040039060000e+02 -1.709402379533e-03 3.846385623756e-04 5.076604777415e-03 3.053367950464e-03 1.181452246011e-01 -9.105745456612e-01 -1.143624884227e-01 9.088529057173e-01 -8.772104177152e-03 -3.728583631778e-03
1.040527340000e+02 -1.709459614668e-03 3.847998036960e-04 5.077343655214e-03 3.053186775101e-03 1.106663926189e-01 -9.114937265338e-01 -1.072164661858e-01 9.097130881317e-01 -8.791502026608e-03 -3.717283085648e-03
1.041015620000e+02 -1.709517201356e-03 3.849610646532e-04 5.078081315607e-03 3.053004935793e-03 1.031795792824e-01 -9.123512784731e-01 -1.000648294763e-01 9.105172246987e-01 -8.810891835452e-03 -3.705943540834e-03
1.041503910000e+02 -1.709575133287e-03 3.851223516071e-04 5.078817774374e-03 3.052822429808e-03 9.568514936198e-02 -9.131471394449e-01 -9.290786022762e-02 9.112653004376e-01 -8.830273933576e-03 -3.694564762256e-03
1.041992190000e+02 -1.709633400535e-03 3.852836609265e-04 5.079553002014e-03 3.052639265665e-03 8.818392903759e-02 -9.138812036912e-01 -8.574628018524e-02 9.119572580904e-01 -8.849647460114e-03 -3.683147214498e-03
1.042480470000e+02 -1.709691996682e-03 3.854449988064e-04 5.080287014232e-03 3.052455440709e-03 8.067628494179e-02 -9.145534195386e-01 -7.858037144131e-02 9.125930900427e-01 -8.869012745074e-03 -3.671690663604e-03
1.042968750000e+02 -1.709750914077e-03 3.856063680545e-04 5.081019811588e-03 3.052270956043e-03 7.316273790918e-02 -9.151637229481e-01 -7.141056260741e-02 9.131727758917e-01 -8.888369721418e-03 -3.660195108416e-03
1.043457030000e+02 -1.709810145023e-03 3.857677713924e-04 5.081751394593e-03 3.052085812801e-03 6.564380952505e-02 -9.157120544572e-01 -6.423728227439e-02 9.136962983382e-01 -8.907718322084e-03 -3.648660547936e-03
1.043945310000e+02 -1.709869681782e-03 3.859292114548e-04 5.082481763709e-03 3.051900012144e-03 5.812002208235e-02 -9.161983591910e-01 -5.706095899279e-02 9.141636431849e-01 -8.927058479987e-03 -3.637086981328e-03
1.044433590000e+02 -1.709929516577e-03 3.860906907878e-04 5.083210919347e-03 3.051713555262e-03 5.059189853857e-02 -9.166225868718e-01 -4.988202125324e-02 9.145747993342e-01 -8.946390128018e-03 -3.625474407919e-03
1.044921880000e+02 -1.709989642828e-03 3.862522151560e-04 5.083938876765e-03 3.051526439533e-03 4.305980818239e-02 -9.169846986086e-01 -4.270075037762e-02 9.149297654798e-01 -8.965713594697e-03 -3.613822588173e-03
1.045410160000e+02 -1.710050050225e-03 3.864137803087e-04 5.084665606462e-03 3.051338673860e-03 3.552458368785e-02 -9.172846385148e-01 -3.551786882493e-02 9.152285221771e-01 -8.985028021395e-03 -3.602131998990e-03
1.045898440000e+02 -1.710110732117e-03 3.865753918262e-04 5.085391123625e-03 3.051150255685e-03 2.798659552797e-02 -9.175223782140e-01 -2.833365773989e-02 9.154710754584e-01 -9.004333736768e-03 -3.590402401956e-03
1.046386720000e+02 -1.710171680598e-03 3.867370518879e-04 5.086115428473e-03 3.050961186300e-03 2.044636888299e-02 -9.176978859109e-01 -2.114854517808e-02 9.156574266009e-01 -9.023630673622e-03 -3.578633797043e-03
1.046875000000e+02 -1.710232887737e-03 3.868987625786e-04 5.086838521177e-03 3.050771467016e-03 1.290442937935e-02 -9.178111344517e-01 -1.396295903762e-02 9.157875799694e-01 -9.042918764748e-03 -3.566826184387e-03
1.047363280000e+02 -1.710294345579e-03 3.870605258873e-04 5.087560401863e-03 3.050581099170e-03 5.361303045520e-03 -9.178621013317e-01 -6.777327039732e-03 9.158615430135e-01 -9.062197942915e-03 -3.554979564284e-03
1.047851560000e+02 -1.710356046151e-03 3.872223437062e-04 5.088281070611e-03 3.050390084121e-03 -2.182483732292e-03 -9.178507687015e-01 4.079232906516e-04 9.158793262646e-01 -9.081468140877e-03 -3.543093937191e-03
1.048339840000e+02 -1.710417981463e-03 3.873842178298e-04 5.089000527454e-03 3.050198423245e-03 -9.726404254449e-03 -9.177771233744e-01 7.592364644269e-03 9.158409433336e-01 -9.100729291368e-03 -3.531169303727e-03
1.048828120000e+02 -1.710480143514e-03 3.875461499539e-04 5.089718772383e-03 3.050006117942e-03 -1.726993155241e-02 -9.176411568317e-01 1.477556994687e-02 9.157464109075e-01 -9.119981327107e-03 -3.519205664671e-03
1.049316410000e+02 -1.710542525567e-03 3.877081449928e-04 5.090435820015e-03 3.049813165671e-03 -2.481269289333e-02 -9.174428605292e-01 2.195725943698e-02 9.155957450866e-01 -9.139224574797e-03 -3.507202774749e-03
1.049804690000e+02 -1.710605117046e-03 3.878701978068e-04 5.091151640884e-03 3.049619575770e-03 -3.235385194985e-02 -9.171822434230e-01 2.913671240435e-02 9.153889748732e-01 -9.158458178936e-03 -3.495161126694e-03
1.050292970000e+02 -1.710667911200e-03 3.880323131068e-04 5.091866249547e-03 3.049425345749e-03 -3.989303569910e-02 -9.168593076077e-01 3.631364969251e-02 9.151261236543e-01 -9.177682466385e-03 -3.483080476351e-03
1.050781250000e+02 -1.710730899999e-03 3.881944921849e-04 5.092579645823e-03 3.049230477077e-03 -4.742971654419e-02 -9.164740632880e-01 4.348764536034e-02 9.148072203917e-01 -9.196897369803e-03 -3.470960825144e-03
1.051269530000e+02 -1.710794075415e-03 3.883567362300e-04 5.093291829488e-03 3.049034971240e-03 -5.496336684347e-02 -9.160265253596e-01 5.065827379810e-02 9.144322971079e-01 -9.216102821836e-03 -3.458802174657e-03
1.051757810000e+02 -1.710857429423e-03 3.885190463272e-04 5.094002800280e-03 3.048838829740e-03 -6.249345895568e-02 -9.155167134123e-01 5.782510974671e-02 9.140013888823e-01 -9.235298755117e-03 -3.446604526633e-03
1.052246090000e+02 -1.710920954005e-03 3.886814234575e-04 5.094712557897e-03 3.048642054093e-03 -7.001946528508e-02 -9.149446517328e-01 6.498772831689e-02 9.135145338485e-01 -9.254485102267e-03 -3.434367882978e-03
1.052734380000e+02 -1.710984642458e-03 3.888438718245e-04 5.095421116496e-03 3.048444641777e-03 -7.754101231442e-02 -9.143103556793e-01 7.214585155363e-02 9.129717615019e-01 -9.273662188537e-03 -3.422091993951e-03
1.053222660000e+02 -1.711048484175e-03 3.890063855449e-04 5.096128446679e-03 3.048246602422e-03 -8.505726458893e-02 -9.136138849185e-01 7.929876216602e-02 9.123731383052e-01 -9.292829161044e-03 -3.409777364587e-03
1.053710940000e+02 -1.711112472476e-03 3.891689686090e-04 5.096834562554e-03 3.048047933546e-03 -9.256784900898e-02 -9.128552654846e-01 8.644618313383e-02 9.117187009878e-01 -9.311986345216e-03 -3.397423746266e-03
1.054199220000e+02 -1.711176599396e-03 3.893316215749e-04 5.097539463671e-03 3.047848636713e-03 -1.000722386144e-01 -9.120345404672e-01 9.358769123843e-02 9.110084998619e-01 -9.331133673632e-03 -3.385031141531e-03
1.054687500000e+02 -1.711240856992e-03 3.894943448934e-04 5.098243149544e-03 3.047648713501e-03 -1.075699067176e-01 -9.111517576581e-01 1.007228637266e-01 9.102425882748e-01 -9.350271078864e-03 -3.372599553088e-03
1.055175780000e+02 -1.711305237340e-03 3.896571389079e-04 5.098945619656e-03 3.047448165496e-03 -1.150603269489e-01 -9.102069695512e-01 1.078512783296e-01 9.094210226050e-01 -9.369398493472e-03 -3.360128983800e-03
1.055664060000e+02 -1.711369732546e-03 3.898200038541e-04 5.099646873455e-03 3.047246994294e-03 -1.225429733026e-01 -9.092002333411e-01 1.149725132821e-01 9.085438622581e-01 -9.388515850013e-03 -3.347619436689e-03
1.056152340000e+02 -1.711434334742e-03 3.899829398599e-04 5.100346910357e-03 3.047045201498e-03 -1.300173201819e-01 -9.081316109223e-01 1.220861473413e-01 9.076111696629e-01 -9.407623081033e-03 -3.335070914940e-03
1.056640620000e+02 -1.711499036092e-03 3.901459469447e-04 5.101045729750e-03 3.046842788722e-03 -1.374828424452e-01 -9.070011688871e-01 1.291917598061e-01 9.066230102668e-01 -9.426720119074e-03 -3.322483421892e-03
1.057128910000e+02 -1.711563830122e-03 3.903090283600e-04 5.101743345265e-03 3.046639753421e-03 -1.449391680549e-01 -9.058089534750e-01 1.362890757966e-01 9.055794305931e-01 -9.445807287464e-03 -3.309856702058e-03
1.057617190000e+02 -1.711628706412e-03 3.904721772285e-04 5.102439727656e-03 3.046436105536e-03 -1.523854675017e-01 -9.045550894998e-01 1.433773850436e-01 9.044805448595e-01 -9.464883736936e-03 -3.297191276278e-03
1.058105470000e+02 -1.711693658562e-03 3.906353965830e-04 5.103134890524e-03 3.046231842547e-03 -1.598213700828e-01 -9.032396338466e-01 1.504564140222e-01 9.033264067387e-01 -9.483949791020e-03 -3.284486890178e-03
1.058593750000e+02 -1.711758678887e-03 3.907986860083e-04 5.103828833145e-03 3.046026966092e-03 -1.672463529332e-01 -9.018626718697e-01 1.575257443865e-01 9.021170937098e-01 -9.503005382237e-03 -3.271743547736e-03
1.059082030000e+02 -1.711823759748e-03 3.909620449803e-04 5.104521554767e-03 3.045821477813e-03 -1.746598938706e-01 -9.004242936044e-01 1.645849584270e-01 9.008526862484e-01 -9.522050443106e-03 -3.258961253086e-03
1.059570310000e+02 -1.711888893551e-03 3.911254728662e-04 5.105213054617e-03 3.045615379356e-03 -1.820614714421e-01 -8.989245937616e-01 1.716336390890e-01 8.995332678216e-01 -9.541084906143e-03 -3.246140010521e-03
1.060058590000e+02 -1.711954072752e-03 3.912889689245e-04 5.105903331899e-03 3.045408672370e-03 -1.894505649690e-01 -8.973636717227e-01 1.786713699914e-01 8.981589248837e-01 -9.560108703862e-03 -3.233279824493e-03
1.060546880000e+02 -1.712019291197e-03 3.914525356553e-04 5.106592399894e-03 3.045201354255e-03 -1.968268055189e-01 -8.957415976889e-01 1.856978792272e-01 8.967297170402e-01 -9.579122158053e-03 -3.220380435038e-03
1.061035160000e+02 -1.712084538775e-03 3.916161654007e-04 5.107280229540e-03 3.044993435158e-03 -2.041893719649e-01 -8.940585468047e-01 1.927124640120e-01 8.952457952454e-01 -9.598124422450e-03 -3.207442375271e-03
1.061523440000e+02 -1.712149809443e-03 3.917798604428e-04 5.107966834104e-03 3.044784912496e-03 -2.115378974230e-01 -8.923145998312e-01 1.997148541172e-01 8.937072261760e-01 -9.617115819062e-03 -3.194465386341e-03
1.062011720000e+02 -1.712215095880e-03 3.919436196068e-04 5.108652212711e-03 3.044575787926e-03 -2.188718647686e-01 -8.905098747667e-01 2.067046360453e-01 8.921141081839e-01 -9.636096280400e-03 -3.181449473331e-03
1.062500000000e+02 -1.712280390827e-03 3.921074416103e-04 5.109336364469e-03 3.044366063107e-03 -2.261907578788e-01 -8.886444942453e-01 2.136813970664e-01 8.904665425827e-01 -9.655065738977e-03 -3.168394641477e-03
1.062988280000e+02 -1.712345687088e-03 3.922713250635e-04 5.110019288472e-03 3.044155739698e-03 -2.334940616785e-01 -8.867185855280e-01 2.206447252371e-01 8.887646336420e-01 -9.674024127305e-03 -3.155300896178e-03
1.063476560000e+02 -1.712410977536e-03 3.924352684699e-04 5.110700983798e-03 3.043944819357e-03 -2.407812621851e-01 -8.847322804939e-01 2.275942094191e-01 8.870084885823e-01 -9.692971377902e-03 -3.142168242985e-03
1.063964840000e+02 -1.712476255111e-03 3.925992702263e-04 5.111381449515e-03 3.043733303742e-03 -2.480518465541e-01 -8.826857156308e-01 2.345294392978e-01 8.851982175692e-01 -9.711907423283e-03 -3.128996687607e-03
1.064453120000e+02 -1.712541512825e-03 3.927633286235e-04 5.112060684677e-03 3.043521194510e-03 -2.553053031241e-01 -8.805790320249e-01 2.414500054010e-01 8.833339337079e-01 -9.730832195972e-03 -3.115786235911e-03
1.064941410000e+02 -1.712606745099e-03 3.929274452089e-04 5.112738702202e-03 3.043308488954e-03 -2.625412694675e-01 -8.784123303641e-01 2.483556403855e-01 8.814157132019e-01 -9.749746015723e-03 -3.102536622172e-03
1.065429690000e+02 -1.712671942419e-03 3.930916113407e-04 5.113415473355e-03 3.043095197439e-03 -2.697589400353e-01 -8.761858496486e-01 2.552456536631e-01 8.794437535893e-01 -9.768648040370e-03 -3.089248395264e-03
1.065917970000e+02 -1.712737099362e-03 3.932558283561e-04 5.114091011064e-03 3.042881317266e-03 -2.769579553576e-01 -8.738997009357e-01 2.621197799812e-01 8.774181380267e-01 -9.787538589909e-03 -3.075921290571e-03
1.066406250000e+02 -1.712802209244e-03 3.934200941278e-04 5.114765314351e-03 3.042666850083e-03 -2.841378089545e-01 -8.715540435954e-01 2.689776134233e-01 8.753389913195e-01 -9.806417596882e-03 -3.062555314584e-03
1.066894530000e+02 -1.712867265465e-03 3.935844064259e-04 5.115438382234e-03 3.042451797534e-03 -2.912979957534e-01 -8.691490415388e-01 2.758187490082e-01 8.732064411836e-01 -9.825284993832e-03 -3.049150473946e-03
1.067382810000e+02 -1.712932261510e-03 3.937487629183e-04 5.116110213728e-03 3.042236161262e-03 -2.984380121334e-01 -8.666848632046e-01 2.826427827087e-01 8.710206182387e-01 -9.844140713312e-03 -3.035706775459e-03
1.067871090000e+02 -1.712997190947e-03 3.939131611718e-04 5.116780807845e-03 3.042019942903e-03 -3.055573559697e-01 -8.641616815459e-01 2.894493114695e-01 8.687816560022e-01 -9.862984687880e-03 -3.022224226077e-03
1.068359380000e+02 -1.713062048761e-03 3.940776020207e-04 5.117450177292e-03 3.041803139646e-03 -3.126556718285e-01 -8.615796205352e-01 2.962380720715e-01 8.664896434015e-01 -9.881817235666e-03 -3.008702555595e-03
1.068847660000e+02 -1.713126826044e-03 3.942420760962e-04 5.118118293666e-03 3.041585761998e-03 -3.197321699592e-01 -8.589389678737e-01 3.030083853900e-01 8.641448136119e-01 -9.900637517875e-03 -2.995142325114e-03
1.069335940000e+02 -1.713191517963e-03 3.944065840338e-04 5.118785169701e-03 3.041367807151e-03 -3.267864985795e-01 -8.562398576932e-01 3.097599906135e-01 8.617472624080e-01 -9.919445852895e-03 -2.981543265534e-03
1.069824220000e+02 -1.713256118452e-03 3.945711230038e-04 5.119450804415e-03 3.041149276724e-03 -3.338181619896e-01 -8.534824808582e-01 3.164924887601e-01 8.592971348339e-01 -9.938242173320e-03 -2.967905384427e-03
1.070312500000e+02 -1.713320621537e-03 3.947356900802e-04 5.120115196831e-03 3.040930172330e-03 -3.408266662053e-01 -8.506670326725e-01 3.232054819124e-01 8.567945787982e-01 -9.957026411751e-03 -2.954228689522e-03
1.070800780000e+02 -1.713385021345e-03 3.949002822411e-04 5.120778345977e-03 3.040710495579e-03 -3.478115190017e-01 -8.477937128623e-01 3.298985732357e-01 8.542397450682e-01 -9.975798500802e-03 -2.940513188699e-03
1.071289060000e+02 -1.713449312100e-03 3.950648963703e-04 5.121440250889e-03 3.040490248074e-03 -3.547722299560e-01 -8.448627255590e-01 3.365713669958e-01 8.516327872621e-01 -9.994558373094e-03 -2.926758889994e-03
1.071777340000e+02 -1.713513488126e-03 3.952295292583e-04 5.122100910611e-03 3.040269431411e-03 -3.617083104912e-01 -8.418742792824e-01 3.432234685780e-01 8.489738618425e-01 -1.001330596126e-02 -2.912965801594e-03
1.072265620000e+02 -1.713577543850e-03 3.953941776032e-04 5.122760324198e-03 3.040048047182e-03 -3.686192739184e-01 -8.388285869222e-01 3.498544845048e-01 8.462631281091e-01 -1.003204119796e-02 -2.899133931842e-03
1.072753910000e+02 -1.713641475112e-03 3.955588413847e-04 5.123418504183e-03 3.039826092421e-03 -3.755047762269e-01 -8.357258015929e-01 3.564641575957e-01 8.435006910901e-01 -1.005076439915e-02 -2.885263004762e-03
1.073242190000e+02 -1.713705273928e-03 3.957235103758e-04 5.124075422686e-03 3.039603577799e-03 -3.823640525991e-01 -8.325662719600e-01 3.630518259684e-01 8.406868288883e-01 -1.006947473063e-02 -2.871353597145e-03
1.073730470000e+02 -1.713768936353e-03 3.958881843777e-04 5.124731092293e-03 3.039380500346e-03 -3.891967635430e-01 -8.293501609498e-01 3.696172352521e-01 8.378216532260e-01 -1.008817250864e-02 -2.857405434117e-03
1.074218750000e+02 -1.713832457237e-03 3.960528597326e-04 5.125385512111e-03 3.039156861631e-03 -3.960024303480e-01 -8.260776987425e-01 3.761599967005e-01 8.349053346785e-01 -1.010685766590e-02 -2.843418524627e-03
1.074707030000e+02 -1.713895831541e-03 3.962175326967e-04 5.126038681267e-03 3.038932663211e-03 -4.027805764033e-01 -8.227491197910e-01 3.826797227961e-01 8.319380466216e-01 -1.012553013511e-02 -2.829392877781e-03
1.075195310000e+02 -1.713959054338e-03 3.963821994419e-04 5.126690598903e-03 3.038707906640e-03 -4.095307272395e-01 -8.193646628004e-01 3.891760272672e-01 8.289199652236e-01 -1.014418984900e-02 -2.815328502834e-03
1.075683590000e+02 -1.714022120812e-03 3.965468560574e-04 5.127341264183e-03 3.038482593464e-03 -4.162524105700e-01 -8.159245707066e-01 3.956485251063e-01 8.258512694374e-01 -1.016283674031e-02 -2.801225409192e-03
1.076171880000e+02 -1.714085027548e-03 3.967115019224e-04 5.127990689577e-03 3.038256720591e-03 -4.229452931001e-01 -8.124290185012e-01 4.020969643999e-01 8.227320765979e-01 -1.018147112331e-02 -2.787083316392e-03
1.076660160000e+02 -1.714147767382e-03 3.968761262210e-04 5.128638847691e-03 3.038030298805e-03 -4.296086328884e-01 -8.088784006951e-01 4.085206985932e-01 8.195626989668e-01 -1.020009216751e-02 -2.772902813394e-03
1.077148440000e+02 -1.714210337132e-03 3.970407281742e-04 5.129285751067e-03 3.037803325012e-03 -4.362421018080e-01 -8.052729017626e-01 4.149194788902e-01 8.163432604398e-01 -1.021870018747e-02 -2.758683620828e-03
1.077636720000e+02 -1.714272732446e-03 3.972053035545e-04 5.129931398958e-03 3.037575800732e-03 -4.428452367122e-01 -8.016127813401e-01 4.212929255202e-01 8.130739510294e-01 -1.023729511599e-02 -2.744425748707e-03
1.078125000000e+02 -1.714334949088e-03 3.973698480593e-04 5.130575790644e-03 3.037347727476e-03 -4.494175768402e-01 -7.978983031811e-01 4.276406600665e-01 8.097549634923e-01 -1.025587688591e-02 -2.730129207189e-03
1.078613280000e+02 -1.714396982940e-03 3.975343573121e-04 5.131218925431e-03 3.037119106752e-03 -4.559586638572e-01 -7.941297351325e-01 4.339623054843e-01 8.063864933217e-01 -1.027444543008e-02 -2.715794006587e-03
1.079101560000e+02 -1.714458830008e-03 3.976988268645e-04 5.131860802653e-03 3.036889940058e-03 -4.624680418935e-01 -7.903073491100e-01 4.402574861180e-01 8.029687387382e-01 -1.029300068136e-02 -2.701420157361e-03
1.079589840000e+02 -1.714520486415e-03 3.978632521978e-04 5.132501421675e-03 3.036660228888e-03 -4.689452575843e-01 -7.864314210730e-01 4.465258277196e-01 7.995019006815e-01 -1.031154257264e-02 -2.687007670122e-03
1.080078120000e+02 -1.714581948409e-03 3.980276287251e-04 5.133140781892e-03 3.036429974729e-03 -4.753898601084e-01 -7.825022309993e-01 4.527669574660e-01 7.959861828019e-01 -1.033007103682e-02 -2.672556555628e-03
1.080566410000e+02 -1.714643213613e-03 3.981919551571e-04 5.133778895786e-03 3.036199174329e-03 -4.818015321942e-01 -7.785199807640e-01 4.589806309458e-01 7.924217179554e-01 -1.034858638589e-02 -2.658066527643e-03
1.081054690000e+02 -1.714704276009e-03 3.983562200440e-04 5.134415736681e-03 3.035967838616e-03 -4.881795655988e-01 -7.744851214189e-01 4.651662237252e-01 7.888088611884e-01 -1.036708779440e-02 -2.643538190725e-03
1.081542970000e+02 -1.714765133474e-03 3.985204219697e-04 5.135051317151e-03 3.035735964337e-03 -4.945236490119e-01 -7.703978638274e-01 4.713234948999e-01 7.851477517286e-01 -1.038557557467e-02 -2.628971259726e-03
1.082031250000e+02 -1.714825782749e-03 3.986845560904e-04 5.135685636728e-03 3.035503552956e-03 -5.008333421715e-01 -7.662585037792e-01 4.774520775235e-01 7.814386039799e-01 -1.040404965967e-02 -2.614365745999e-03
1.082519530000e+02 -1.714886220702e-03 3.988486175031e-04 5.136318694976e-03 3.035270605929e-03 -5.071082075494e-01 -7.620673409490e-01 4.835516061631e-01 7.776816350119e-01 -1.042250998242e-02 -2.599721661047e-03
1.083007810000e+02 -1.714946444328e-03 3.990126012470e-04 5.136950491500e-03 3.035037124710e-03 -5.133478103892e-01 -7.578246788692e-01 4.896217169161e-01 7.738770645509e-01 -1.044095647596e-02 -2.585039016520e-03
1.083496090000e+02 -1.715006450749e-03 3.991765023055e-04 5.137581025942e-03 3.034803110744e-03 -5.195517187424e-01 -7.535308249010e-01 4.956620474282e-01 7.700251149706e-01 -1.045938907334e-02 -2.570317824216e-03
1.083984380000e+02 -1.715066238434e-03 3.993403189621e-04 5.138210310859e-03 3.034568560664e-03 -5.257196294491e-01 -7.491860007067e-01 5.016723596885e-01 7.661259309473e-01 -1.047780808472e-02 -2.555557793404e-03
1.084472660000e+02 -1.715125802311e-03 3.995040393847e-04 5.138838320199e-03 3.034333485516e-03 -5.318508636464e-01 -7.447906991856e-01 5.076520483071e-01 7.621798998325e-01 -1.049621268877e-02 -2.540759540737e-03
1.084960940000e+02 -1.715185141109e-03 3.996676617567e-04 5.139465066628e-03 3.034097881933e-03 -5.379451247162e-01 -7.403451505520e-01 5.136008790772e-01 7.581871725131e-01 -1.051460319600e-02 -2.525922776569e-03
1.085449220000e+02 -1.715244252462e-03 3.998311808579e-04 5.140090549953e-03 3.033861751344e-03 -5.440019923047e-01 -7.358496771928e-01 5.195184960111e-01 7.541479818569e-01 -1.053297953954e-02 -2.511047513283e-03
1.085937500000e+02 -1.715303134129e-03 3.999945914220e-04 5.140714770027e-03 3.033625095174e-03 -5.500210490457e-01 -7.313046051763e-01 5.254045447556e-01 7.500625633310e-01 -1.055134165258e-02 -2.496133763411e-03
1.086425780000e+02 -1.715361784000e-03 4.001578881389e-04 5.141337726745e-03 3.033387914844e-03 -5.560018805947e-01 -7.267102642220e-01 5.312586726096e-01 7.459311549918e-01 -1.056968946834e-02 -2.481181539630e-03
1.086914060000e+02 -1.715420200092e-03 4.003210656563e-04 5.141959420050e-03 3.033150211772e-03 -5.619440756642e-01 -7.220669876693e-01 5.370805285416e-01 7.417539974751e-01 -1.058802292003e-02 -2.466190854762e-03
1.087402340000e+02 -1.715478380553e-03 4.004841185823e-04 5.142579849931e-03 3.032911987372e-03 -5.678472260568e-01 -7.173751124465e-01 5.428697632062e-01 7.375313339862e-01 -1.060634194094e-02 -2.451161721777e-03
1.087890620000e+02 -1.715536323659e-03 4.006470414872e-04 5.143199016423e-03 3.032673243057e-03 -5.737109266996e-01 -7.126349790385e-01 5.486260289617e-01 7.332634102894e-01 -1.062464646434e-02 -2.436094153786e-03
1.088378910000e+02 -1.715594028994e-03 4.008098322377e-04 5.143816932255e-03 3.032433975332e-03 -5.795348945392e-01 -7.078468329075e-01 5.543490967496e-01 7.289503859095e-01 -1.064293679797e-02 -2.420987854282e-03
1.088867190000e+02 -1.715651492728e-03 4.009724786669e-04 5.144433572250e-03 3.032194195403e-03 -5.853184922982e-01 -7.030112176805e-01 5.600383879678e-01 7.245926883608e-01 -1.066121212603e-02 -2.405843455412e-03
1.089355470000e+02 -1.715708714709e-03 4.011349785794e-04 5.145048949259e-03 3.031953899783e-03 -5.910614441571e-01 -6.981283867495e-01 5.656936777361e-01 7.201904831541e-01 -1.067947275662e-02 -2.390660661743e-03
1.089843750000e+02 -1.715765693728e-03 4.012973264150e-04 5.145663063519e-03 3.031713089877e-03 -5.967633578689e-01 -6.931986945027e-01 5.713146253967e-01 7.157440261866e-01 -1.069771862313e-02 -2.375439486967e-03
1.090332030000e+02 -1.715822428707e-03 4.014595165864e-04 5.146275915315e-03 3.031471767088e-03 -6.024238444737e-01 -6.882224987213e-01 5.769008920806e-01 7.112535758625e-01 -1.071594965899e-02 -2.360179944917e-03
1.090820310000e+02 -1.715878918692e-03 4.016215434808e-04 5.146887504987e-03 3.031229932820e-03 -6.080425183298e-01 -6.832001605457e-01 5.824521407237e-01 7.067193930820e-01 -1.073416579767e-02 -2.344882049571e-03
1.091308590000e+02 -1.715935162861e-03 4.017834014628e-04 5.147497832925e-03 3.030987588477e-03 -6.136189971446e-01 -6.781320444415e-01 5.879680360842e-01 7.021417412305e-01 -1.075236697266e-02 -2.329545815050e-03
1.091796880000e+02 -1.715991161663e-03 4.019450881854e-04 5.148106912038e-03 3.030744730483e-03 -6.191530149016e-01 -6.730184129766e-01 5.934483566259e-01 6.975207910918e-01 -1.077055348978e-02 -2.314170940354e-03
1.092285160000e+02 -1.716046912234e-03 4.021065913507e-04 5.148714717876e-03 3.030501370190e-03 -6.246439694220e-01 -6.678598466200e-01 5.988925463255e-01 6.928570002644e-01 -1.078872453766e-02 -2.298758069631e-03
1.092773440000e+02 -1.716102415284e-03 4.022679085801e-04 5.149321263483e-03 3.030257504035e-03 -6.300916024145e-01 -6.626566153426e-01 6.043003881088e-01 6.881505453296e-01 -1.080688042251e-02 -2.283306902953e-03
1.093261720000e+02 -1.716157670497e-03 4.024290341676e-04 5.149926549468e-03 3.030013133425e-03 -6.354955452847e-01 -6.574090965624e-01 6.096715541889e-01 6.834016995036e-01 -1.082502107794e-02 -2.267817455007e-03
1.093750000000e+02 -1.716212677682e-03 4.025899623950e-04 5.150530576498e-03 3.029768259769e-03 -6.408554329360e-01 -6.521176708471e-01 6.150057186840e-01 6.786107384323e-01 -1.084314643759e-02 -2.252289740628e-03
1.094238280000e+02 -1.716267436777e-03 4.027506875338e-04 5.151133345296e-03 3.029522884478e-03 -6.461709037980e-01 -6.467827218779e-01 6.203025576341e-01 6.737779401797e-01 -1.086125643515e-02 -2.236723774787e-03
1.094726560000e+02 -1.716321947841e-03 4.029112038480e-04 5.151734856644e-03 3.029277008967e-03 -6.514415998548e-01 -6.414046364139e-01 6.255617490176e-01 6.689035852165e-01 -1.087935100433e-02 -2.221119572601e-03
1.095214840000e+02 -1.716376211059e-03 4.030715055957e-04 5.152335111379e-03 3.029030634652e-03 -6.566671666722e-01 -6.359838042548e-01 6.307829727672e-01 6.639879564087e-01 -1.089743007888e-02 -2.205477149323e-03
1.095703120000e+02 -1.716430226738e-03 4.032315870317e-04 5.152934110397e-03 3.028783762956e-03 -6.618472534252e-01 -6.305206182045e-01 6.359659107870e-01 6.590313390057e-01 -1.091549359257e-02 -2.189796520350e-03
1.096191410000e+02 -1.716483996408e-03 4.033914456808e-04 5.153531866883e-03 3.028536390232e-03 -6.669816176028e-01 -6.250153608617e-01 6.411103519271e-01 6.540339178684e-01 -1.093354184868e-02 -2.174077378904e-03
1.096679690000e+02 -1.716537518417e-03 4.035510692494e-04 5.154128357367e-03 3.028288528042e-03 -6.720697053724e-01 -6.194686564254e-01 6.462157713645e-01 6.489961876733e-01 -1.095157404183e-02 -2.158320384507e-03
1.097167970000e+02 -1.716590794541e-03 4.037104552709e-04 5.154723595176e-03 3.028040172761e-03 -6.771112825153e-01 -6.138807941713e-01 6.512819627666e-01 6.439183388197e-01 -1.096959047566e-02 -2.142525231442e-03
1.097656250000e+02 -1.716643825573e-03 4.038695980079e-04 5.155317581442e-03 3.027791325829e-03 -6.821060129059e-01 -6.082521785469e-01 6.563086160843e-01 6.388006659721e-01 -1.098759108411e-02 -2.126691935665e-03
1.098144530000e+02 -1.716696612424e-03 4.040284917300e-04 5.155910317360e-03 3.027541988693e-03 -6.870535641570e-01 -6.025832168162e-01 6.612954233205e-01 6.336434661187e-01 -1.100557580113e-02 -2.110820513270e-03
1.098632810000e+02 -1.716749156123e-03 4.041871307166e-04 5.156501804180e-03 3.027292162805e-03 -6.919536076444e-01 -5.968743190210e-01 6.662420785465e-01 6.284470385593e-01 -1.102354456071e-02 -2.094910980489e-03
1.099121090000e+02 -1.716801457816e-03 4.043455092586e-04 5.157092043215e-03 3.027041849625e-03 -6.968058185307e-01 -5.911258979425e-01 6.711482779177e-01 6.232116848925e-01 -1.104149729687e-02 -2.078963353693e-03
1.099609380000e+02 -1.716853519830e-03 4.045036248962e-04 5.157681047890e-03 3.026791045480e-03 -7.016099736813e-01 -5.853382501365e-01 6.760138189149e-01 6.179376005990e-01 -1.105943431087e-02 -2.062977321615e-03
1.100097660000e+02 -1.716905341407e-03 4.046614654737e-04 5.158268795513e-03 3.026539762119e-03 -7.063655591231e-01 -5.795120308115e-01 6.808382026158e-01 6.126253078664e-01 -1.107735480212e-02 -2.046953555676e-03
1.100585940000e+02 -1.716956925107e-03 4.048190285705e-04 5.158855299653e-03 3.026287995891e-03 -7.110723604012e-01 -5.736475426043e-01 6.856212315874e-01 6.072750074988e-01 -1.109525907225e-02 -2.030891745665e-03
1.101074220000e+02 -1.717008272533e-03 4.049763085457e-04 5.159440561868e-03 3.026035748291e-03 -7.157300680578e-01 -5.677452088645e-01 6.903626104814e-01 6.018870101663e-01 -1.111314705546e-02 -2.014791908502e-03
1.101562500000e+02 -1.717059385398e-03 4.051332997804e-04 5.160024583773e-03 3.025783020821e-03 -7.203383765356e-01 -5.618054554853e-01 6.950620461133e-01 5.964616287752e-01 -1.113101868595e-02 -1.998654061246e-03
1.102050780000e+02 -1.717110265526e-03 4.052899966801e-04 5.160607367047e-03 3.025529814990e-03 -7.248969841991e-01 -5.558287108638e-01 6.997192474781e-01 5.909991784545e-01 -1.114887389798e-02 -1.982478221093e-03
1.102539060000e+02 -1.717160914849e-03 4.054463936768e-04 5.161188913428e-03 3.025276132322e-03 -7.294055933552e-01 -5.498154058609e-01 7.043339257656e-01 5.854999765440e-01 -1.116671262584e-02 -1.966264405375e-03
1.103027340000e+02 -1.717211335406e-03 4.056024852307e-04 5.161769224716e-03 3.025021974347e-03 -7.338639102742e-01 -5.437659737615e-01 7.089057943767e-01 5.799643425804e-01 -1.118453480388e-02 -1.950012631559e-03
1.103515620000e+02 -1.717261529343e-03 4.057582658331e-04 5.162348302771e-03 3.024767342610e-03 -7.382716452089e-01 -5.376808502336e-01 7.134345689381e-01 5.743925982844e-01 -1.120234036645e-02 -1.933722917249e-03
1.104003910000e+02 -1.717311499929e-03 4.059137331878e-04 5.162926161337e-03 3.024512233437e-03 -7.426286011207e-01 -5.315603475846e-01 7.179200587337e-01 5.687849523407e-01 -1.122012961211e-02 -1.917394945405e-03
1.104492190000e+02 -1.717361247471e-03 4.060688754852e-04 5.163502778726e-03 3.024256658842e-03 -7.469343178236e-01 -5.254051568270e-01 7.223618001625e-01 5.631419604891e-01 -1.123790174669e-02 -1.901029402682e-03
1.104980470000e+02 -1.717410775447e-03 4.062236905071e-04 5.164078168829e-03 3.024000615186e-03 -7.511886073849e-01 -5.192155955496e-01 7.267596079294e-01 5.574638364454e-01 -1.125565706917e-02 -1.884625973087e-03
1.105468750000e+02 -1.717460086413e-03 4.063781728866e-04 5.164652333748e-03 3.023744104060e-03 -7.553911961789e-01 -5.129921085480e-01 7.311132067215e-01 5.517509105333e-01 -1.127339551407e-02 -1.868184674763e-03
1.105957030000e+02 -1.717509183019e-03 4.065323172975e-04 5.165225275645e-03 3.023487127071e-03 -7.595418146551e-01 -5.067351427975e-01 7.354223235290e-01 5.460035151932e-01 -1.129111701598e-02 -1.851705525988e-03
1.106445310000e+02 -1.717558068015e-03 4.066861184560e-04 5.165796996743e-03 3.023229685838e-03 -7.636401973555e-01 -5.004451474118e-01 7.396866876608e-01 5.402219849690e-01 -1.130882150952e-02 -1.835188545172e-03
1.106933590000e+02 -1.717606744244e-03 4.068395711226e-04 5.166367499325e-03 3.022971781994e-03 -7.676860829313e-01 -4.941225736014e-01 7.439060307598e-01 5.344066564939e-01 -1.132650892934e-02 -1.818633750860e-03
1.107421880000e+02 -1.717655215635e-03 4.069926732357e-04 5.166936797377e-03 3.022713411891e-03 -7.716792953962e-01 -4.877677441622e-01 7.480801718373e-01 5.285577483528e-01 -1.134417957185e-02 -1.802040821527e-03
1.107910160000e+02 -1.717703483231e-03 4.071454133793e-04 5.167504869983e-03 3.022454587774e-03 -7.756194181038e-01 -4.813813746713e-01 7.522086762753e-01 5.226758408890e-01 -1.136183264803e-02 -1.785410455618e-03
1.108398440000e+02 -1.717751551146e-03 4.072977895974e-04 5.168071731270e-03 3.022195306035e-03 -7.795062844475e-01 -4.749637925643e-01 7.562913687587e-01 5.167611574784e-01 -1.137946845472e-02 -1.768742332646e-03
1.108886720000e+02 -1.717799422587e-03 4.074497968465e-04 5.168637383756e-03 3.021935568369e-03 -7.833396496708e-01 -4.685154570245e-01 7.603279904174e-01 5.108140429724e-01 -1.139708692676e-02 -1.752036471688e-03
1.109375000000e+02 -1.717847100849e-03 4.076014301370e-04 5.169201830015e-03 3.021675376486e-03 -7.871192732020e-01 -4.620368291239e-01 7.643182847903e-01 5.048348442416e-01 -1.141468799902e-02 -1.735292891951e-03
1.109863280000e+02 -1.717894589310e-03 4.077526845344e-04 5.169765072676e-03 3.021414732111e-03 -7.908449186679e-01 -4.555283717814e-01 7.682619978407e-01 4.988239101613e-01 -1.143227160642e-02 -1.718511612776e-03
1.110351560000e+02 -1.717941891432e-03 4.079035551613e-04 5.170327114427e-03 3.021153636990e-03 -7.945163539070e-01 -4.489905497205e-01 7.721588779708e-01 4.927815915975e-01 -1.144983768393e-02 -1.701692653631e-03
1.110839840000e+02 -1.717989010757e-03 4.080540371994e-04 5.170887958011e-03 3.020892092882e-03 -7.981333509821e-01 -4.424238294277e-01 7.760086760367e-01 4.867082413919e-01 -1.146738616654e-02 -1.684836034121e-03
1.111328120000e+02 -1.718035950906e-03 4.082041258907e-04 5.171447606226e-03 3.020630101567e-03 -8.016956861930e-01 -4.358286791096e-01 7.798111453633e-01 4.806042143474e-01 -1.148491698931e-02 -1.667941773978e-03
1.111816410000e+02 -1.718082716536e-03 4.083538196010e-04 5.172006073350e-03 3.020367659460e-03 -8.052032113575e-01 -4.292054327268e-01 7.835661181701e-01 4.744697412739e-01 -1.150243044584e-02 -1.651009545913e-03
1.112304690000e+02 -1.718129309504e-03 4.085031075668e-04 5.172563339416e-03 3.020104779126e-03 -8.086555676144e-01 -4.225548330917e-01 7.872731989583e-01 4.683054321227e-01 -1.151992575391e-02 -1.634040063452e-03
1.112792970000e+02 -1.718175734618e-03 4.086519882915e-04 5.173119418834e-03 3.019841457029e-03 -8.120526164383e-01 -4.158772179621e-01 7.909322259350e-01 4.621115221695e-01 -1.153740320757e-02 -1.617033000338e-03
1.113281250000e+02 -1.718221995797e-03 4.088004572754e-04 5.173674314616e-03 3.019577695019e-03 -8.153941511894e-01 -4.091730620043e-01 7.945429624461e-01 4.558883739150e-01 -1.155486274206e-02 -1.599988376823e-03
1.113769530000e+02 -1.718268097029e-03 4.089485100877e-04 5.174228029828e-03 3.019313494968e-03 -8.186799695188e-01 -4.024428413932e-01 7.981051743791e-01 4.496363517464e-01 -1.157230429265e-02 -1.582906213289e-03
1.114257810000e+02 -1.718314042369e-03 4.090961423671e-04 5.174780567586e-03 3.019048858766e-03 -8.219098733780e-01 -3.956870337704e-01 8.016186301777e-01 4.433558219228e-01 -1.158972779467e-02 -1.565786530247e-03
1.114746090000e+02 -1.718359835941e-03 4.092433498244e-04 5.175331931056e-03 3.018783788323e-03 -8.250836690278e-01 -3.889061182013e-01 8.050831008560e-01 4.370471525598e-01 -1.160713318351e-02 -1.548629348335e-03
1.115234380000e+02 -1.718405482860e-03 4.093901312445e-04 5.175882134711e-03 3.018518280126e-03 -8.282012303158e-01 -3.821004355061e-01 8.084984294525e-01 4.307105835619e-01 -1.162452075047e-02 -1.531434335790e-03
1.115722660000e+02 -1.718450985503e-03 4.095364764732e-04 5.176431159278e-03 3.018252347002e-03 -8.312622444502e-01 -3.752707462348e-01 8.118642522723e-01 4.243467462589e-01 -1.164188971886e-02 -1.514202217803e-03
1.116210940000e+02 -1.718496349111e-03 4.096823844545e-04 5.176979019351e-03 3.017985985487e-03 -8.342665950927e-01 -3.684173943427e-01 8.151804185763e-01 4.179558847563e-01 -1.165924038047e-02 -1.496932663632e-03
1.116699220000e+02 -1.718541578047e-03 4.098278511992e-04 5.177525718289e-03 3.017719197571e-03 -8.372141058214e-01 -3.615408641664e-01 8.184467098042e-01 4.115383744413e-01 -1.167657267085e-02 -1.479625694428e-03
1.117187500000e+02 -1.718586676728e-03 4.099728727961e-04 5.178071259497e-03 3.017451985268e-03 -8.401046045615e-01 -3.546416412540e-01 8.216629100369e-01 4.050945924799e-01 -1.169388652563e-02 -1.462281331468e-03
1.117675780000e+02 -1.718631649622e-03 4.101174454142e-04 5.178615646425e-03 3.017184350608e-03 -8.429379235914e-01 -3.477202123227e-01 8.248288060116e-01 3.986249178015e-01 -1.171118188047e-02 -1.444899596155e-03
1.118164060000e+02 -1.718676501251e-03 4.102615653030e-04 5.179158882568e-03 3.016916295646e-03 -8.457138995479e-01 -3.407770652163e-01 8.279441871353e-01 3.921297310823e-01 -1.172845867108e-02 -1.427480510019e-03
1.118652340000e+02 -1.718721236183e-03 4.104052287940e-04 5.179700971462e-03 3.016647822455e-03 -8.484323734320e-01 -3.338126888630e-01 8.310088454988e-01 3.856094147296e-01 -1.174571683321e-02 -1.410024094717e-03
1.119140620000e+02 -1.718765859035e-03 4.105484323023e-04 5.180241916687e-03 3.016378933133e-03 -8.510931906130e-01 -3.268275732324e-01 8.340225758909e-01 3.790643528659e-01 -1.176295630269e-02 -1.392530372031e-03
1.119628910000e+02 -1.718810375376e-03 4.106911752457e-04 5.180781732906e-03 3.016109624277e-03 -8.536962535500e-01 -3.198220656196e-01 8.369852359613e-01 3.724947965236e-01 -1.178017736785e-02 -1.374999004449e-03
1.120117190000e+02 -1.718854788085e-03 4.108334483622e-04 5.181320401669e-03 3.015839909057e-03 -8.562413097400e-01 -3.127969448998e-01 8.398965045844e-01 3.659014022971e-01 -1.179737925924e-02 -1.357430732076e-03
1.120605470000e+02 -1.718899102816e-03 4.109752512511e-04 5.181857937741e-03 3.015569784123e-03 -8.587282715841e-01 -3.057525606498e-01 8.427562459240e-01 3.592844250622e-01 -1.181456226570e-02 -1.339825218414e-03
1.121093750000e+02 -1.718943324349e-03 4.111165806710e-04 5.182394344858e-03 3.015299251656e-03 -8.611570019641e-01 -2.986894065832e-01 8.455642656988e-01 3.526442556385e-01 -1.183172632323e-02 -1.322182485746e-03
1.121582030000e+02 -1.718987457499e-03 4.112574334692e-04 5.182929626792e-03 3.015028313860e-03 -8.635273681473e-01 -2.916079772446e-01 8.483203723941e-01 3.459812864784e-01 -1.184887136790e-02 -1.304502556476e-03
1.122070310000e+02 -1.719031507113e-03 4.113978065822e-04 5.183463787351e-03 3.014756972962e-03 -8.658392417879e-01 -2.845087679665e-01 8.510243772758e-01 3.392959116506e-01 -1.186599733582e-02 -1.286785453134e-03
1.122558590000e+02 -1.719075478071e-03 4.115376970367e-04 5.183996830375e-03 3.014485231209e-03 -8.680924989290e-01 -2.773922748280e-01 8.536760944035e-01 3.325885268234e-01 -1.188310416316e-02 -1.269031198372e-03
1.123046880000e+02 -1.719119376180e-03 4.116771048006e-04 5.184528770623e-03 3.014213085293e-03 -8.702870643454e-01 -2.702588483543e-01 8.562753933388e-01 3.258593912188e-01 -1.190019213587e-02 -1.251239450217e-03
1.123535160000e+02 -1.719163204575e-03 4.118160213738e-04 5.185059590210e-03 3.013940548651e-03 -8.724227329707e-01 -2.631092781797e-01 8.588219873013e-01 3.191091792806e-01 -1.191726049033e-02 -1.233410960305e-03
1.124023440000e+02 -1.719206969117e-03 4.119544469187e-04 5.185589303979e-03 3.013667618028e-03 -8.744994395650e-01 -2.559439164513e-01 8.613157525845e-01 3.123381537835e-01 -1.193430951299e-02 -1.215545387670e-03
1.124511720000e+02 -1.719250674787e-03 4.120923788312e-04 5.186117915894e-03 3.013394295757e-03 -8.765170777330e-01 -2.487632618153e-01 8.637565145587e-01 3.055467166237e-01 -1.195133914024e-02 -1.197642755453e-03
1.125000000000e+02 -1.719294326585e-03 4.122298146013e-04 5.186645429948e-03 3.013120584194e-03 -8.784755454690e-01 -2.415678134550e-01 8.661441014554e-01 2.987352712116e-01 -1.196834930848e-02 -1.179703086921e-03
1.125488280000e+02 -1.719337929533e-03 4.123667518136e-04 5.187171850159e-03 3.012846485717e-03 -8.803747451563e-01 -2.343580710501e-01 8.684783443804e-01 2.919042224539e-01 -1.198533995421e-02 -1.161726405460e-03
1.125976560000e+02 -1.719381488664e-03 4.125031881482e-04 5.187697180571e-03 3.012572002723e-03 -8.822145835649e-01 -2.271345347348e-01 8.707590773270e-01 2.850539767365e-01 -1.200231101394e-02 -1.143712734578e-03
1.126464840000e+02 -1.719425009027e-03 4.126391213809e-04 5.188221425251e-03 3.012297137634e-03 -8.839949718500e-01 -2.198977050568e-01 8.729861371892e-01 2.781849419066e-01 -1.201926242426e-02 -1.125662097904e-03
1.126953120000e+02 -1.719468495682e-03 4.127745493840e-04 5.188744588288e-03 3.012021892890e-03 -8.857158255496e-01 -2.126480829361e-01 8.751593637746e-01 2.712975272552e-01 -1.203619412180e-02 -1.107574519187e-03
1.127441410000e+02 -1.719511954588e-03 4.129094728846e-04 5.189266684474e-03 3.011746265304e-03 -8.873770979927e-01 -2.053860207772e-01 8.772786426659e-01 2.643920018952e-01 -1.205310638940e-02 -1.089449650729e-03
1.127929690000e+02 -1.719555389039e-03 4.130438844225e-04 5.189787696555e-03 3.011470268647e-03 -8.889786454280e-01 -1.981123175790e-01 8.793437327306e-01 2.574690608034e-01 -1.206999847110e-02 -1.071288258900e-03
1.128417970000e+02 -1.719598805007e-03 4.131777849304e-04 5.190307639380e-03 3.011193899783e-03 -8.905204311559e-01 -1.908273265326e-01 8.813545265510e-01 2.505289762543e-01 -1.208687065025e-02 -1.053089996998e-03
1.128906250000e+02 -1.719642207573e-03 4.133111726702e-04 5.190826517114e-03 3.010917161235e-03 -8.920023882128e-01 -1.835315496383e-01 8.833108757197e-01 2.435721631339e-01 -1.210372286370e-02 -1.034854889251e-03
1.129394530000e+02 -1.719685601822e-03 4.134440460023e-04 5.191344333937e-03 3.010640055545e-03 -8.934244539993e-01 -1.762254890649e-01 8.852126348075e-01 2.365990376815e-01 -1.212055504835e-02 -1.016582960007e-03
1.129882810000e+02 -1.719728992834e-03 4.135764033856e-04 5.191861094041e-03 3.010362585276e-03 -8.947865702756e-01 -1.689096471097e-01 8.870596613763e-01 2.296100174715e-01 -1.213736714116e-02 -9.982742337317e-04
1.130371090000e+02 -1.719772385686e-03 4.137082433778e-04 5.192376801632e-03 3.010084753011e-03 -8.960886831561e-01 -1.615845261577e-01 8.888518159918e-01 2.226055213945e-01 -1.215415907916e-02 -9.799287350107e-04
1.130859380000e+02 -1.719815786339e-03 4.138395673197e-04 5.192891471454e-03 3.009806555650e-03 -8.973307679259e-01 -1.542504783571e-01 8.905889972487e-01 2.155858257271e-01 -1.217093114268e-02 -9.615461117010e-04
1.131347660000e+02 -1.719859198077e-03 4.139703685880e-04 5.193405086652e-03 3.009528007208e-03 -8.985127285147e-01 -1.469083065550e-01 8.922710006022e-01 2.085516394655e-01 -1.218768258187e-02 -9.431271415623e-04
1.131835940000e+02 -1.719902626841e-03 4.141006487326e-04 5.193917662010e-03 3.009249104631e-03 -8.996345501162e-01 -1.395583630508e-01 8.938977318455e-01 2.015032417294e-01 -1.220441367762e-02 -9.246714734396e-04
1.132324220000e+02 -1.719946077673e-03 4.142304067073e-04 5.194429201766e-03 3.008969850575e-03 -9.006961962008e-01 -1.322011501833e-01 8.954690636852e-01 1.944410564878e-01 -1.222112436716e-02 -9.061791323879e-04
1.132812500000e+02 -1.719989555597e-03 4.143596415656e-04 5.194939710164e-03 3.008690247716e-03 -9.016976345604e-01 -1.248371701810e-01 8.969848718941e-01 1.873655089317e-01 -1.223781458778e-02 -8.876501435791e-04
1.133300780000e+02 -1.720033065621e-03 4.144883524599e-04 5.195449191450e-03 3.008410298744e-03 -9.026388373014e-01 -1.174669251227e-01 8.984450353239e-01 1.802770254552e-01 -1.225448427683e-02 -8.690845323018e-04
1.133789060000e+02 -1.720076612737e-03 4.146165386418e-04 5.195957649873e-03 3.008130006369e-03 -9.035197808359e-01 -1.100909168987e-01 8.998494359169e-01 1.731760336358e-01 -1.227113337171e-02 -8.504823239606e-04
1.134277340000e+02 -1.720120201914e-03 4.147441994617e-04 5.196465089679e-03 3.007849373317e-03 -9.043404458739e-01 -1.027096471720e-01 9.011979587188e-01 1.660629622150e-01 -1.228776180989e-02 -8.318435440758e-04
1.134765620000e+02 -1.720163838098e-03 4.148713343690e-04 5.196971515117e-03 3.007568402329e-03 -9.051008174142e-01 -9.532361733946e-02 9.024904918903e-01 1.589382410790e-01 -1.230436952888e-02 -8.131682182836e-04
1.135253910000e+02 -1.720207527108e-03 4.149979454990e-04 5.197476940769e-03 3.007287090398e-03 -9.058008984554e-01 -8.793317710006e-02 9.037269514667e-01 1.518021549825e-01 -1.232095680574e-02 -7.944559887417e-04
1.135742190000e+02 -1.720251272048e-03 4.151240273122e-04 5.197981350172e-03 3.007005451817e-03 -9.064406538714e-01 -8.053912991924e-02 9.049071812291e-01 1.446554283375e-01 -1.233752289871e-02 -7.757076477561e-04
1.136230470000e+02 -1.720295078680e-03 4.152495821509e-04 5.198484757921e-03 3.006723483617e-03 -9.070200964267e-01 -7.314182485470e-02 9.060311046534e-01 1.374983483142e-01 -1.235406808538e-02 -7.569228384617e-04
1.136718750000e+02 -1.720338951840e-03 4.153746098571e-04 5.198987168239e-03 3.006441188597e-03 -9.075392281808e-01 -6.574176185724e-02 9.070986224814e-01 1.303313491783e-01 -1.237059230351e-02 -7.381015869537e-04
1.137207030000e+02 -1.720382896332e-03 4.154991103700e-04 5.199488585343e-03 3.006158569572e-03 -9.079980554328e-01 -5.833944042158e-02 9.081096386298e-01 1.231548662408e-01 -1.238709549090e-02 -7.192439194411e-04
1.137695310000e+02 -1.720426916925e-03 4.156230837258e-04 5.199989013437e-03 3.005875629370e-03 -9.083965887108e-01 -5.093535954892e-02 9.090640602020e-01 1.159693358366e-01 -1.240357758540e-02 -7.003498622468e-04
1.138183590000e+02 -1.720471018352e-03 4.157465300570e-04 5.200488456711e-03 3.005592370829e-03 -9.087348427600e-01 -4.353001770979e-02 9.099617974997e-01 1.087751953048e-01 -1.242003852495e-02 -6.814194418067e-04
1.138671880000e+02 -1.720515206214e-03 4.158694521043e-04 5.200986929544e-03 3.005308790991e-03 -9.090128416080e-01 -3.612376112522e-02 9.108027806755e-01 1.015727353835e-01 -1.243647858399e-02 -6.624522958580e-04
1.139160160000e+02 -1.720559483355e-03 4.159918451565e-04 5.201484415679e-03 3.005024904334e-03 -9.092305970137e-01 -2.871739045698e-02 9.115868920148e-01 9.436269037259e-02 -1.245289702717e-02 -6.434492279433e-04
1.139648440000e+02 -1.720603855294e-03 4.161137121554e-04 5.201980929481e-03 3.004740707925e-03 -9.093881426140e-01 -2.131125069125e-02 9.123140692881e-01 8.714535307742e-02 -1.246929412950e-02 -6.244098767689e-04
1.140136720000e+02 -1.720648326600e-03 4.162350536140e-04 5.202476475074e-03 3.004456204649e-03 -9.094855099049e-01 -1.390583780829e-02 9.129842357051e-01 7.992116464552e-02 -1.248566982914e-02 -6.053342692212e-04
1.140625000000e+02 -1.720692901796e-03 4.163558701387e-04 5.202971056566e-03 3.004171397397e-03 -9.095227345380e-01 -6.501647075007e-03 9.135973177313e-01 7.269056712409e-02 -1.250202406429e-02 -5.862224322985e-04
1.141113280000e+02 -1.720737585362e-03 4.164761624290e-04 5.203464678039e-03 3.003886289070e-03 -9.094998563083e-01 9.008269908259e-04 9.141532450984e-01 6.545400343870e-02 -1.251835677322e-02 -5.670743931105e-04
1.141601560000e+02 -1.720782381724e-03 4.165959312763e-04 5.203957343554e-03 3.003600882577e-03 -9.094169191397e-01 8.301090656212e-03 9.146519508161e-01 5.821191737188e-02 -1.253466789428e-02 -5.478901788783e-04
1.142089840000e+02 -1.720827295262e-03 4.167151775636e-04 5.204449057146e-03 3.003315180833e-03 -9.092739710716e-01 1.569865100829e-02 9.150933711828e-01 5.096475354155e-02 -1.255095736584e-02 -5.286698169336e-04
1.142578120000e+02 -1.720872330301e-03 4.168339022645e-04 5.204939822825e-03 3.003029186762e-03 -9.090710642449e-01 2.309301598945e-02 9.154774457966e-01 4.371295737940e-02 -1.256722512637e-02 -5.094133347190e-04
1.143066410000e+02 -1.720917492041e-03 4.169521088575e-04 5.205429654591e-03 3.002742897424e-03 -9.088082488917e-01 3.048384575262e-02 9.158041236682e-01 3.645682646628e-02 -1.258347144685e-02 -4.901203643047e-04
1.143554690000e+02 -1.720962782850e-03 4.170697936531e-04 5.205918536334e-03 3.002456327480e-03 -9.084855960772e-01 3.787034732379e-02 9.160733376463e-01 2.919710500916e-02 -1.259969560043e-02 -4.707917235799e-04
1.144042970000e+02 -1.721008207811e-03 4.171869603174e-04 5.206406482014e-03 3.002169474006e-03 -9.081031653891e-01 4.525218282040e-02 9.162850445712e-01 2.193409218788e-02 -1.261589785868e-02 -4.514270455736e-04
1.144531250000e+02 -1.721053771028e-03 4.173036101773e-04 5.206893495519e-03 3.001882339942e-03 -9.076610252253e-01 5.262886395226e-02 9.164391973476e-01 1.466823646939e-02 -1.263207816028e-02 -4.320263581673e-04
1.145019530000e+02 -1.721099476542e-03 4.174197446459e-04 5.207379580700e-03 3.001594928233e-03 -9.071592480100e-01 5.999990345641e-02 9.165357522335e-01 7.399987023875e-03 -1.264823644399e-02 -4.125896893519e-04
1.145507810000e+02 -1.721145328336e-03 4.175353652209e-04 5.207864741376e-03 3.001307241822e-03 -9.065979101774e-01 6.736481513071e-02 9.165746688502e-01 1.297937021529e-04 -1.266437264861e-02 -3.931170672269e-04
1.145996090000e+02 -1.721191330328e-03 4.176504734844e-04 5.208348981325e-03 3.001019283657e-03 -9.059770921555e-01 7.472311386724e-02 9.165559101931e-01 -7.141892986984e-03 -1.268048671301e-02 -3.736085200002e-04
1.146484380000e+02 -1.721237487319e-03 4.177650734426e-04 5.208832314180e-03 3.000731050777e-03 -9.052968638111e-01 8.207446616241e-02 9.164794404843e-01 -1.441477085306e-02 -1.269657890547e-02 -3.540636753495e-04
1.146972660000e+02 -1.721283801210e-03 4.178791621481e-04 5.209314723843e-03 3.000442557935e-03 -9.045573413735e-01 8.941808808159e-02 9.163452326290e-01 -2.168809024054e-02 -1.271264850585e-02 -3.344833622416e-04
1.147460940000e+02 -1.721330276666e-03 4.179927437801e-04 5.209796223883e-03 3.000153802173e-03 -9.037586038292e-01 9.675364862449e-02 9.161532588302e-01 -2.896154774104e-02 -1.272869578299e-02 -3.148672093042e-04
1.147949220000e+02 -1.721376917341e-03 4.181058202450e-04 5.210276817915e-03 2.999864786434e-03 -9.029007474145e-01 1.040806673886e-01 9.159034956799e-01 -3.623469044370e-02 -1.274472067601e-02 -2.952152451762e-04
1.148437500000e+02 -1.721423726822e-03 4.182183935274e-04 5.210756509513e-03 2.999575513657e-03 -9.019838722741e-01 1.113986652286e-01 9.155959231941e-01 -4.350706489536e-02 -1.276072312408e-02 -2.755274986032e-04
1.148925780000e+02 -1.721470708623e-03 4.183304656889e-04 5.211235302202e-03 2.999285986775e-03 -9.010080824440e-01 1.187071642882e-01 9.152305248224e-01 -5.077821712412e-02 -1.277670306645e-02 -2.558039984376e-04
1.149414060000e+02 -1.721517866187e-03 4.184420388664e-04 5.211713199462e-03 2.998996208719e-03 -8.999734858331e-01 1.260056880313e-01 9.148072874577e-01 -5.804769266310e-02 -1.279266044240e-02 -2.360447736381e-04
1.149902340000e+02 -1.721565202885e-03 4.185531152718e-04 5.212190204723e-03 2.998706182411e-03 -8.988801942053e-01 1.332937612741e-01 9.143262014458e-01 -6.531503657433e-02 -1.280859519130e-02 -2.162498532693e-04
1.150390620000e+02 -1.721612722013e-03 4.186636971897e-04 5.212666321365e-03 2.998415910768e-03 -8.977283231607e-01 1.405709102150e-01 9.137872605943e-01 -7.257979347275e-02 -1.282450725258e-02 -1.964192665019e-04
1.150878910000e+02 -1.721660427772e-03 4.187737892259e-04 5.213141562443e-03 2.998125390747e-03 -8.965179667315e-01 1.478368111493e-01 9.131904493674e-01 -7.984165623651e-02 -1.284039689090e-02 -1.765526353856e-04
1.151367190000e+02 -1.721708321352e-03 4.188833892980e-04 5.213615911766e-03 2.997834637148e-03 -8.952492977114e-01 1.550906955189e-01 9.125357929699e-01 -8.709987121086e-02 -1.285626339497e-02 -1.566508030247e-04
1.151855470000e+02 -1.721756406798e-03 4.189925021611e-04 5.214089382299e-03 2.997543646914e-03 -8.939224189070e-01 1.623322427752e-01 9.118232840208e-01 -9.435413056841e-02 -1.287210703005e-02 -1.367133924087e-04
1.152343750000e+02 -1.721804687098e-03 4.191011303784e-04 5.214561977211e-03 2.997252422925e-03 -8.925374610741e-01 1.695609849520e-01 9.110529302679e-01 -1.016039773795e-01 -1.288792773582e-02 -1.167404331280e-04
1.152832030000e+02 -1.721853165165e-03 4.192092765791e-04 5.215033699611e-03 2.996960968051e-03 -8.910945587089e-01 1.767764556171e-01 9.102247429659e-01 -1.088489543898e-01 -1.290372545201e-02 -9.673195487752e-05
1.153320310000e+02 -1.721901843830e-03 4.193169434567e-04 5.215504552554e-03 2.996669285147e-03 -8.895938500286e-01 1.839781899006e-01 9.093387368855e-01 -1.160886040458e-01 -1.291950011841e-02 -7.668798745595e-05
1.153808590000e+02 -1.721950725844e-03 4.194241337680e-04 5.215974539033e-03 2.996377377056e-03 -8.880354769505e-01 1.911657245250e-01 9.083949303217e-01 -1.233224685194e-01 -1.293525167488e-02 -5.660856076576e-05
1.154296880000e+02 -1.721999814881e-03 4.195308525119e-04 5.216443671582e-03 2.996085240621e-03 -8.864195513909e-01 1.983387445807e-01 9.073933239982e-01 -1.305502376883e-01 -1.295098038323e-02 -3.649329249688e-05
1.154785160000e+02 -1.722049111520e-03 4.196370981956e-04 5.216911933857e-03 2.995792890623e-03 -8.847462887972e-01 2.054964962504e-01 9.063339843090e-01 -1.377711572001e-01 -1.296668553920e-02 -1.634303666539e-05
1.155273440000e+02 -1.722098619266e-03 4.197428759463e-04 5.217379338286e-03 2.995500323877e-03 -8.830158095615e-01 2.126386682562e-01 9.052169202510e-01 -1.449849166435e-01 -1.298236740520e-02 3.842588107549e-06
1.155761720000e+02 -1.722148340539e-03 4.198481887574e-04 5.217845887616e-03 2.995207543163e-03 -8.812282701992e-01 2.197648039729e-01 9.040421642990e-01 -1.521910573476e-01 -1.299802592133e-02 2.406355150766e-05
1.156250000000e+02 -1.722198277674e-03 4.199530396776e-04 5.218311584528e-03 2.994914551242e-03 -8.793838308230e-01 2.268744485083e-01 9.028097524925e-01 -1.593891204954e-01 -1.301366102778e-02 4.431982311843e-05
1.156738280000e+02 -1.722248432922e-03 4.200574318093e-04 5.218776431639e-03 2.994621350858e-03 -8.774826551222e-01 2.339671487302e-01 9.015197244438e-01 -1.665786471496e-01 -1.302927266478e-02 6.461137242141e-05
1.157226560000e+02 -1.722298808447e-03 4.201613683069e-04 5.219240431498e-03 2.994327944732e-03 -8.755249103406e-01 2.410424532943e-01 9.001721233449e-01 -1.737591782790e-01 -1.304486077263e-02 8.493816879645e-05
1.157714840000e+02 -1.722349406327e-03 4.202648523749e-04 5.219703586585e-03 2.994034335565e-03 -8.735107672555e-01 2.480999126698e-01 8.987669959755e-01 -1.809302547852e-01 -1.306042529170e-02 1.053001815221e-04
1.158203120000e+02 -1.722400228554e-03 4.203678872667e-04 5.220165899313e-03 2.993740526038e-03 -8.714404001556e-01 2.551390791670e-01 8.973043927097e-01 -1.880914175286e-01 -1.307596616241e-02 1.256973797757e-04
1.158691410000e+02 -1.722451278080e-03 4.204704783790e-04 5.220627381468e-03 2.993446512781e-03 -8.693139426976e-01 2.621596505465e-01 8.957843358057e-01 -1.952423536951e-01 -1.309148364280e-02 1.461301514495e-04
1.159179690000e+02 -1.722502554630e-03 4.205726248553e-04 5.221088016417e-03 2.993152310470e-03 -8.671316632289e-01 2.691608953132e-01 8.942069451092e-01 -2.023823112389e-01 -1.310697703786e-02 1.665976286076e-04
1.159667970000e+02 -1.722554060977e-03 4.206743321904e-04 5.221547815822e-03 2.992857915693e-03 -8.648937034654e-01 2.761425154272e-01 8.925722512779e-01 -2.095109776159e-01 -1.312244660622e-02 1.871001982216e-04
1.160156250000e+02 -1.722605798760e-03 4.207756038149e-04 5.222006781808e-03 2.992563331029e-03 -8.626002515217e-01 2.831040708206e-01 8.908803191334e-01 -2.166278937922e-01 -1.313789228859e-02 2.076378290676e-04
1.160644530000e+02 -1.722657769532e-03 4.208764432001e-04 5.222464916428e-03 2.992268559034e-03 -8.602514989130e-01 2.900451233940e-01 8.891312171259e-01 -2.237326008290e-01 -1.315331402570e-02 2.282104898217e-04
1.161132810000e+02 -1.722709974754e-03 4.209768538550e-04 5.222922221662e-03 2.991973602233e-03 -8.578476405325e-01 2.969652370419e-01 8.873250173400e-01 -2.308246399094e-01 -1.316871175837e-02 2.488181490609e-04
1.161621090000e+02 -1.722762415799e-03 4.210768393258e-04 5.223378699413e-03 2.991678463123e-03 -8.553888746284e-01 3.038639776767e-01 8.854617955007e-01 -2.379035523663e-01 -1.318408542747e-02 2.694607752628e-04
1.162109380000e+02 -1.722815095034e-03 4.211764052277e-04 5.223834360832e-03 2.991383138121e-03 -8.528753507462e-01 3.107410538670e-01 8.835415910722e-01 -2.449690242665e-01 -1.319943528807e-02 2.901387606415e-04
1.162597660000e+02 -1.722868011494e-03 4.212755510966e-04 5.224289189005e-03 2.991087641760e-03 -8.503073767309e-01 3.175957539465e-01 8.815645657298e-01 -2.520203079221e-01 -1.321476065244e-02 3.108512265218e-04
1.163085940000e+02 -1.722921167361e-03 4.213742826207e-04 5.224743194946e-03 2.990791970399e-03 -8.476851098414e-01 3.244277910909e-01 8.795307674127e-01 -2.590570901228e-01 -1.323006177627e-02 3.315985642056e-04
1.163574220000e+02 -1.722974563649e-03 4.214726034746e-04 5.225196380249e-03 2.990496126408e-03 -8.450087615155e-01 3.312367395246e-01 8.774402864654e-01 -2.660789130815e-01 -1.324533860069e-02 3.523807417770e-04
1.164062500000e+02 -1.723028201283e-03 4.215705173604e-04 5.225648746431e-03 2.990200112127e-03 -8.422785464303e-01 3.380221756079e-01 8.752932169004e-01 -2.730853193021e-01 -1.326059106690e-02 3.731977272225e-04
1.164550780000e+02 -1.723082081098e-03 4.216680280061e-04 5.226100294926e-03 2.989903929859e-03 -8.394946824782e-01 3.447836778607e-01 8.730896564033e-01 -2.800758516082e-01 -1.327581911617e-02 3.940494884310e-04
1.165039060000e+02 -1.723136203840e-03 4.217651391638e-04 5.226551027092e-03 2.989607581872e-03 -8.366573907434e-01 3.515208269840e-01 8.708297063374e-01 -2.870500531718e-01 -1.329102268982e-02 4.149359931942e-04
1.165527340000e+02 -1.723190570165e-03 4.218618546079e-04 5.227000944203e-03 2.989311070397e-03 -8.337668954781e-01 3.582332058831e-01 8.685134717483e-01 -2.940074675426e-01 -1.330620172926e-02 4.358572092070e-04
1.166015620000e+02 -1.723245180637e-03 4.219581781333e-04 5.227450047453e-03 2.989014397630e-03 -8.308234240786e-01 3.649203996886e-01 8.661410613681e-01 -3.009476386768e-01 -1.332135617595e-02 4.568131040677e-04
1.166503910000e+02 -1.723300036860e-03 4.220541155142e-04 5.227898347127e-03 2.988717559645e-03 -8.278271451601e-01 3.715821319439e-01 8.637125373112e-01 -3.078702525549e-01 -1.333648628101e-02 4.778040755200e-04
1.166992190000e+02 -1.723355136974e-03 4.221496666515e-04 5.228345825891e-03 2.988420570719e-03 -8.247784150640e-01 3.782177194293e-01 8.612281151678e-01 -3.147745704817e-01 -1.335159136632e-02 4.988292311945e-04
1.167480470000e+02 -1.723410482397e-03 4.222448373593e-04 5.228792493883e-03 2.988123426849e-03 -8.216774096510e-01 3.848268907752e-01 8.586878655922e-01 -3.216602797658e-01 -1.336667168365e-02 5.198889679339e-04
1.167968750000e+02 -1.723466073340e-03 4.223396314963e-04 5.229238351965e-03 2.987826130073e-03 -8.185243686524e-01 3.914092402291e-01 8.560919121022e-01 -3.285269262849e-01 -1.338172717473e-02 5.409832529525e-04
1.168457030000e+02 -1.723521909923e-03 4.224340529324e-04 5.229683400918e-03 2.987528682386e-03 -8.153195348224e-01 3.979643643699e-01 8.534403819204e-01 -3.353740564719e-01 -1.339675778133e-02 5.621120533695e-04
1.168945310000e+02 -1.723577992178e-03 4.225281055473e-04 5.230127641437e-03 2.987231085739e-03 -8.120631539135e-01 4.044918621281e-01 8.507334059778e-01 -3.422012173446e-01 -1.341176344532e-02 5.832753362091e-04
1.169433590000e+02 -1.723634320051e-03 4.226217932286e-04 5.230571074134e-03 2.986933342040e-03 -8.087554746523e-01 4.109913348054e-01 8.479711189161e-01 -3.490079565362e-01 -1.342674410860e-02 6.044730684007e-04
1.169921880000e+02 -1.723690894560e-03 4.227151217774e-04 5.231013708594e-03 2.986635447052e-03 -8.053966794065e-01 4.174625183284e-01 8.451536008244e-01 -3.557939610836e-01 -1.344170001921e-02 6.257056519668e-04
1.170410160000e+02 -1.723747713158e-03 4.228080912689e-04 5.231455527127e-03 2.986337414797e-03 -8.019871603543e-01 4.239047537391e-01 8.422811091798e-01 -3.625585019844e-01 -1.345663050661e-02 6.469721839765e-04
1.170898440000e+02 -1.723804776685e-03 4.229007075184e-04 5.231896539166e-03 2.986039240947e-03 -7.985271067303e-01 4.303177823905e-01 8.393537326335e-01 -3.693012680907e-01 -1.347153581947e-02 6.682730655599e-04
1.171386720000e+02 -1.723862084740e-03 4.229929744269e-04 5.232336744981e-03 2.985740927231e-03 -7.950167789087e-01 4.367012152645e-01 8.363716206940e-01 -3.760218098023e-01 -1.348641589996e-02 6.896082632698e-04
1.171875000000e+02 -1.723919636834e-03 4.230848958942e-04 5.232776144760e-03 2.985442475328e-03 -7.914564401137e-01 4.430546658100e-01 8.333349265910e-01 -3.827196782880e-01 -1.350127069033e-02 7.109777435660e-04
1.172363280000e+02 -1.723977432395e-03 4.231764758175e-04 5.233214738603e-03 2.985143886870e-03 -7.878463563938e-01 4.493777499615e-01 8.302438072768e-01 -3.893944255162e-01 -1.351610013291e-02 7.323814728148e-04
1.172851560000e+02 -1.724035470767e-03 4.232677180892e-04 5.233652526527e-03 2.984845163440e-03 -7.841867965972e-01 4.556700861570e-01 8.270984234272e-01 -3.960456042867e-01 -1.353090417007e-02 7.538194172897e-04
1.173339840000e+02 -1.724093751210e-03 4.233586265956e-04 5.234089508460e-03 2.984546306571e-03 -7.804780323465e-01 4.619312953559e-01 8.238989394427e-01 -4.026727682619e-01 -1.354568274427e-02 7.752915431716e-04
1.173828120000e+02 -1.724152272900e-03 4.234492052148e-04 5.234525684248e-03 2.984247317747e-03 -7.767203380135e-01 4.681610010564e-01 8.206455234489e-01 -4.092754719984e-01 -1.356043579800e-02 7.967978165488e-04
1.174316410000e+02 -1.724211036138e-03 4.235394596604e-04 5.234961062556e-03 2.983948192272e-03 -7.729139122432e-01 4.743589559156e-01 8.173382790164e-01 -4.158534054344e-01 -1.357516357522e-02 8.183386449152e-04
1.174804690000e+02 -1.724270037530e-03 4.236293900928e-04 5.235395625226e-03 2.983648943780e-03 -7.690591907431e-01 4.805245346909e-01 8.139775171869e-01 -4.224058555751e-01 -1.358986541532e-02 8.399131118779e-04
1.175292970000e+02 -1.724329277211e-03 4.237190022075e-04 5.235829380768e-03 2.983349567474e-03 -7.651563785235e-01 4.866574958588e-01 8.105633500809e-01 -4.289325148207e-01 -1.360454156291e-02 8.615216240487e-04
1.175781250000e+02 -1.724388754031e-03 4.238082998337e-04 5.236262328686e-03 2.983050064632e-03 -7.612057606995e-01 4.927574732427e-01 8.070959607249e-01 -4.354329416230e-01 -1.361919196075e-02 8.831641471492e-04
1.176269530000e+02 -1.724448466766e-03 4.238972867840e-04 5.236694468396e-03 2.982750436474e-03 -7.572076250086e-01 4.988241032883e-01 8.035755358691e-01 -4.419066954875e-01 -1.363381655171e-02 9.048406468094e-04
1.176757810000e+02 -1.724508414110e-03 4.239859668532e-04 5.237125799230e-03 2.982450684171e-03 -7.531622617849e-01 5.048570250797e-01 8.000022659868e-01 -4.483533370064e-01 -1.364841527868e-02 9.265510885689e-04
1.177246090000e+02 -1.724568594682e-03 4.240743438160e-04 5.237556320435e-03 2.982150808836e-03 -7.490699639337e-01 5.108558803549e-01 7.963763452728e-01 -4.547724278905e-01 -1.366298808466e-02 9.482954378762e-04
1.177734380000e+02 -1.724629008263e-03 4.241624232269e-04 5.237986039965e-03 2.981850805383e-03 -7.449309416648e-01 5.168204353183e-01 7.926978957725e-01 -4.611636616026e-01 -1.367753521033e-02 9.700741064556e-04
1.178222660000e+02 -1.724689650844e-03 4.242502052091e-04 5.238414939297e-03 2.981550687104e-03 -7.407456624856e-01 5.227500927518e-01 7.889672697885e-01 -4.675263404014e-01 -1.369205600297e-02 9.918861675364e-04
1.178710940000e+02 -1.724750522053e-03 4.243376952756e-04 5.238843026235e-03 2.981250448804e-03 -7.365143425724e-01 5.286446249524e-01 7.851845978724e-01 -4.738601607283e-01 -1.370655070395e-02 1.013732031969e-03
1.179199220000e+02 -1.724811620208e-03 4.244248971068e-04 5.239270299688e-03 2.980950091373e-03 -7.322372848591e-01 5.345036844254e-01 7.813500890854e-01 -4.801646890966e-01 -1.372101925652e-02 1.035611664843e-03
1.179687500000e+02 -1.724872943555e-03 4.245118143555e-04 5.239696758484e-03 2.980649615646e-03 -7.279147947228e-01 5.403269264045e-01 7.774639561995e-01 -4.864394933022e-01 -1.373546160398e-02 1.057525031157e-03
1.180175780000e+02 -1.724934490268e-03 4.245984506453e-04 5.240122401367e-03 2.980349022399e-03 -7.235471799577e-01 5.461140088659e-01 7.735264156936e-01 -4.926841424575e-01 -1.374987768971e-02 1.079472095821e-03
1.180664060000e+02 -1.724996258453e-03 4.246848095694e-04 5.240547226999e-03 2.980048312352e-03 -7.191347507495e-01 5.518645925422e-01 7.695376877504e-01 -4.988982070237e-01 -1.376426745717e-02 1.101452823656e-03
1.181152340000e+02 -1.725058246145e-03 4.247708946891e-04 5.240971233960e-03 2.979747486164e-03 -7.146778196496e-01 5.575783409359e-01 7.654979962526e-01 -5.050812588451e-01 -1.377863084987e-02 1.123467179395e-03
1.181640620000e+02 -1.725120451311e-03 4.248567095323e-04 5.241394420749e-03 2.979446544438e-03 -7.101767015493e-01 5.632549203330e-01 7.614075687788e-01 -5.112328711818e-01 -1.379296781139e-02 1.145515127683e-03
1.182128910000e+02 -1.725182873133e-03 4.249422593413e-04 5.241816794425e-03 2.979145481551e-03 -7.056316201254e-01 5.688941149181e-01 7.572665512772e-01 -5.173527437475e-01 -1.380727857818e-02 1.167597085648e-03
1.182617190000e+02 -1.725245506888e-03 4.250275440689e-04 5.242238336027e-03 2.978844310318e-03 -7.010430810405e-01 5.744953656002e-01 7.530753483216e-01 -5.234402020628e-01 -1.382156250781e-02 1.189712113298e-03
1.183105470000e+02 -1.725308351624e-03 4.251125688890e-04 5.242659052470e-03 2.978543025000e-03 -6.964113134173e-01 5.800584629668e-01 7.488341142606e-01 -5.294949494984e-01 -1.383581983740e-02 1.211860626899e-03
1.183593750000e+02 -1.725371405047e-03 4.251973371819e-04 5.243078941934e-03 2.978241625960e-03 -6.917366412487e-01 5.855830845661e-01 7.445430914094e-01 -5.355165653157e-01 -1.385005051081e-02 1.234042590745e-03
1.184082030000e+02 -1.725434664804e-03 4.252818522879e-04 5.243498002519e-03 2.977940113505e-03 -6.870193907387e-01 5.910689107927e-01 7.402025257538e-01 -5.415046303609e-01 -1.386425447195e-02 1.256257969040e-03
1.184570310000e+02 -1.725498128478e-03 4.253661175054e-04 5.243916232249e-03 2.977638487879e-03 -6.822598902760e-01 5.965156248997e-01 7.358126669440e-01 -5.474587270987e-01 -1.387843166481e-02 1.278506725904e-03
1.185058590000e+02 -1.725561793596e-03 4.254501360902e-04 5.244333629070e-03 2.977336749266e-03 -6.774584704084e-01 6.019229130101e-01 7.313737682886e-01 -5.533784396469e-01 -1.389258203344e-02 1.300788825368e-03
1.185546880000e+02 -1.725625658934e-03 4.255339129675e-04 5.244750199374e-03 2.977034891608e-03 -6.726153642086e-01 6.072905736475e-01 7.268859943421e-01 -5.592634739743e-01 -1.390670581093e-02 1.323104688738e-03
1.186035160000e+02 -1.725689719288e-03 4.256174478724e-04 5.245165923895e-03 2.976732927332e-03 -6.677311048411e-01 6.126180788484e-01 7.223497895293e-01 -5.651131765531e-01 -1.392080236297e-02 1.345453365833e-03
1.186523440000e+02 -1.725753973318e-03 4.257007456435e-04 5.245580808893e-03 2.976430850260e-03 -6.628059304159e-01 6.179052337497e-01 7.177653266826e-01 -5.709272575455e-01 -1.393487192334e-02 1.367835277104e-03
1.187011720000e+02 -1.725818418326e-03 4.257838093534e-04 5.245994852014e-03 2.976128660335e-03 -6.578401798591e-01 6.231517360668e-01 7.131328736729e-01 -5.767053080226e-01 -1.394891443636e-02 1.390250386237e-03
1.187500000000e+02 -1.725883051560e-03 4.258666420262e-04 5.246408050833e-03 2.975826357436e-03 -6.528341941267e-01 6.283572864401e-01 7.084527019921e-01 -5.824469208795e-01 -1.396292984643e-02 1.412698656836e-03
1.187988280000e+02 -1.725947870217e-03 4.259492466364e-04 5.246820402852e-03 2.975523941385e-03 -6.477883161792e-01 6.335215884452e-01 7.037250867450e-01 -5.881516908699e-01 -1.397691809799e-02 1.435180052415e-03
1.188476560000e+02 -1.726012871445e-03 4.260316261076e-04 5.247231905503e-03 2.975221411941e-03 -6.427028909550e-01 6.386443486028e-01 6.989503066399e-01 -5.938192146403e-01 -1.399087913557e-02 1.457694536405e-03
1.188964840000e+02 -1.726078052343e-03 4.261137833115e-04 5.247642556147e-03 2.974918768804e-03 -6.375782653455e-01 6.437252763886e-01 6.941286439799e-01 -5.994490907650e-01 -1.400481290376e-02 1.480242072152e-03
1.189453120000e+02 -1.726143409964e-03 4.261957210674e-04 5.248052352078e-03 2.974616011610e-03 -6.324147881686e-01 6.487640842430e-01 6.892603846533e-01 -6.050409197803e-01 -1.401871934723e-02 1.502822622917e-03
1.189941410000e+02 -1.726208942657e-03 4.262774438119e-04 5.248461298886e-03 2.974313133734e-03 -6.272127032146e-01 6.537605894708e-01 6.843457170004e-01 -6.105944175563e-01 -1.403259869466e-02 1.525436615341e-03
1.190429690000e+02 -1.726274644701e-03 4.263589509086e-04 5.248869376980e-03 2.974010147098e-03 -6.219725761577e-01 6.587143058114e-01 6.793851353555e-01 -6.161089611832e-01 -1.404645032235e-02 1.548083086262e-03
1.190917970000e+02 -1.726340514357e-03 4.264402466883e-04 5.249276591835e-03 2.973707044956e-03 -6.166946552979e-01 6.636250574159e-01 6.743788361236e-01 -6.215842714201e-01 -1.406027445971e-02 1.570762461477e-03
1.191406250000e+02 -1.726406548504e-03 4.265213337499e-04 5.249682940481e-03 2.973403826707e-03 -6.113792969032e-01 6.684925686748e-01 6.693271194300e-01 -6.270199569978e-01 -1.407407105165e-02 1.593474703911e-03
1.191894530000e+02 -1.726472743982e-03 4.266022146348e-04 5.250088419880e-03 2.973100491685e-03 -6.060268590397e-01 6.733165669874e-01 6.642302889318e-01 -6.324156287823e-01 -1.408784004317e-02 1.616219776404e-03
1.192382810000e+02 -1.726539097591e-03 4.266828918266e-04 5.250493026936e-03 2.972797039167e-03 -6.006377015459e-01 6.780967827706e-01 6.590886518060e-01 -6.377708998100e-01 -1.410158137935e-02 1.638997641714e-03
1.192871090000e+02 -1.726605606097e-03 4.267633677499e-04 5.250896758490e-03 2.972493468372e-03 -5.952121860075e-01 6.828329494670e-01 6.539025187372e-01 -6.430853853217e-01 -1.411529500530e-02 1.661808262514e-03
1.193359380000e+02 -1.726672267597e-03 4.268436464119e-04 5.251299619562e-03 2.972189772235e-03 -5.897505635133e-01 6.875248991861e-01 6.486720963378e-01 -6.483588103715e-01 -1.412898114625e-02 1.684652069564e-03
1.193847660000e+02 -1.726739076058e-03 4.269237268296e-04 5.251701590376e-03 2.971885962296e-03 -5.842534227762e-01 6.921721792616e-01 6.433979165094e-01 -6.535905787116e-01 -1.414263918687e-02 1.707528089706e-03
1.194335940000e+02 -1.726806029507e-03 4.270036128932e-04 5.252102675855e-03 2.971582031377e-03 -5.787210189846e-01 6.967746288031e-01 6.380801937172e-01 -6.587804208262e-01 -1.415626935309e-02 1.730436752863e-03
1.194824220000e+02 -1.726873124579e-03 4.270833067854e-04 5.252502872609e-03 2.971277978461e-03 -5.731537204560e-01 7.013319934314e-01 6.327192525469e-01 -6.639279611221e-01 -1.416987159030e-02 1.753378021378e-03
1.195312500000e+02 -1.726940357880e-03 4.271628106269e-04 5.252902177190e-03 2.970973802471e-03 -5.675518971275e-01 7.058440218303e-01 6.273154210256e-01 -6.690328263846e-01 -1.418344584397e-02 1.776351857514e-03
1.195800780000e+02 -1.727007725988e-03 4.272421264757e-04 5.253300586099e-03 2.970669502277e-03 -5.619159205297e-01 7.103104657529e-01 6.218690306066e-01 -6.740946458114e-01 -1.419699205965e-02 1.799358223449e-03
1.196289060000e+02 -1.727075225456e-03 4.273212563267e-04 5.253698095785e-03 2.970365076689e-03 -5.562461637619e-01 7.147310800284e-01 6.163804161547e-01 -6.791130510483e-01 -1.421051018295e-02 1.822397081281e-03
1.196777340000e+02 -1.727142852814e-03 4.274002021114e-04 5.254094702644e-03 2.970060524461e-03 -5.505430014661e-01 7.191056225686e-01 6.108499159311e-01 -6.840876762226e-01 -1.422400015954e-02 1.845468393026e-03
1.197265620000e+02 -1.727210604567e-03 4.274789656971e-04 5.254490403024e-03 2.969755844292e-03 -5.448068098022e-01 7.234338543736e-01 6.052778715776e-01 -6.890181579785e-01 -1.423746193516e-02 1.868572120619e-03
1.197753910000e+02 -1.727278478592e-03 4.275575504942e-04 5.254885201300e-03 2.969451028582e-03 -5.390378479445e-01 7.277156267495e-01 5.996645127210e-01 -6.939042351183e-01 -1.425089573046e-02 1.891708700073e-03
1.198242190000e+02 -1.727346468576e-03 4.276359550222e-04 5.255279077556e-03 2.969146088405e-03 -5.332367313114e-01 7.319505315094e-01 5.940104176405e-01 -6.987453492867e-01 -1.426430094108e-02 1.914877145504e-03
1.198730470000e+02 -1.727414572355e-03 4.277141825653e-04 5.255672036092e-03 2.968841016053e-03 -5.274037226510e-01 7.361384271215e-01 5.883158234823e-01 -7.035412454067e-01 -1.427767778837e-02 1.938077892101e-03
1.199218750000e+02 -1.727482786361e-03 4.277922347311e-04 5.256064073073e-03 2.968535810008e-03 -5.215392039414e-01 7.402790869989e-01 5.825810852451e-01 -7.082915705336e-01 -1.429102621836e-02 1.961310901475e-03
1.199707030000e+02 -1.727551107012e-03 4.278701130615e-04 5.256455184621e-03 2.968230468700e-03 -5.156435585525e-01 7.443722876712e-01 5.768065612236e-01 -7.129959744117e-01 -1.430434617711e-02 1.984576135158e-03
1.200195310000e+02 -1.727619530713e-03 4.279478190325e-04 5.256845366817e-03 2.967924990503e-03 -5.097171712206e-01 7.484178087900e-01 5.709926129904e-01 -7.176541095076e-01 -1.431763761080e-02 2.007873554601e-03
1.200683590000e+02 -1.727688053857e-03 4.280253540541e-04 5.257234615701e-03 2.967619373743e-03 -5.037604280235e-01 7.524154331331e-01 5.651396053774e-01 -7.222656310455e-01 -1.433090046563e-02 2.031203121175e-03
1.201171880000e+02 -1.727756674232e-03 4.281027210527e-04 5.257622935220e-03 2.967313610432e-03 -4.977735934431e-01 7.563650270020e-01 5.592477854007e-01 -7.268302900396e-01 -1.434413495864e-02 2.054565274949e-03
1.201660160000e+02 -1.727825385404e-03 4.281799181369e-04 5.258010305437e-03 2.967007711317e-03 -4.917573013883e-01 7.602662176654e-01 5.533177656845e-01 -7.313475603593e-01 -1.435734049411e-02 2.077959020238e-03
1.202148440000e+02 -1.727894185145e-03 4.282569481037e-04 5.258396730245e-03 2.966701668314e-03 -4.857118195093e-01 7.641188786877e-01 5.473498004561e-01 -7.358171996680e-01 -1.437051728979e-02 2.101384796293e-03
1.202636720000e+02 -1.727963069817e-03 4.283338120976e-04 5.258782205545e-03 2.966395479549e-03 -4.796375390004e-01 7.679228053978e-01 5.413442673910e-01 -7.402388745576e-01 -1.438366529218e-02 2.124842564169e-03
1.203125000000e+02 -1.728032035780e-03 4.284105111968e-04 5.259166727204e-03 2.966089143102e-03 -4.735348522731e-01 7.716777962724e-01 5.353015473254e-01 -7.446122545462e-01 -1.439678444783e-02 2.148332284839e-03
1.203613280000e+02 -1.728101079391e-03 4.284870464127e-04 5.259550291059e-03 2.965782657007e-03 -4.674041529313e-01 7.753836529399e-01 5.292220242348e-01 -7.489370121118e-01 -1.440987470337e-02 2.171853919201e-03
1.204101560000e+02 -1.728170197006e-03 4.285634186907e-04 5.259932892920e-03 2.965476019251e-03 -4.612458357463e-01 7.790401801839e-01 5.231060852130e-01 -7.532128227260e-01 -1.442293600551e-02 2.195407428072e-03
1.204589840000e+02 -1.728239384983e-03 4.286396289097e-04 5.260314528569e-03 2.965169227778e-03 -4.550602966324e-01 7.826471859464e-01 5.169541204500e-01 -7.574393648871e-01 -1.443596830100e-02 2.218992772190e-03
1.205078120000e+02 -1.728308639682e-03 4.287156778826e-04 5.260695193764e-03 2.964862280486e-03 -4.488479326224e-01 7.862044813314e-01 5.107665232097e-01 -7.616163201531e-01 -1.444897153667e-02 2.242609912217e-03
1.205566410000e+02 -1.728377958886e-03 4.287915679090e-04 5.261074892003e-03 2.964555168940e-03 -4.426090138042e-01 7.897119519269e-01 5.045435620056e-01 -7.657434571843e-01 -1.446194592485e-02 2.266259293390e-03
1.206054690000e+02 -1.728447336127e-03 4.288672965617e-04 5.261453603446e-03 2.964247903534e-03 -4.363441949219e-01 7.931692715025e-01 4.982858910762e-01 -7.698202947081e-01 -1.447489088107e-02 2.289939907554e-03
1.206542970000e+02 -1.728516769199e-03 4.289428660123e-04 5.261831331571e-03 2.963940475754e-03 -4.300537487149e-01 7.965763330081e-01 4.919937856859e-01 -7.738466086947e-01 -1.448780661837e-02 2.313652199140e-03
1.207031250000e+02 -1.728586254488e-03 4.290182768113e-04 5.262208072049e-03 2.963632883334e-03 -4.237380764446e-01 7.999329602228e-01 4.856676511644e-01 -7.778220932712e-01 -1.450069308388e-02 2.337396128500e-03
1.207519530000e+02 -1.728655788387e-03 4.290935294444e-04 5.262583820536e-03 2.963325123969e-03 -4.173975803687e-01 8.032389801008e-01 4.793078957982e-01 -7.817464457888e-01 -1.451355022475e-02 2.361171655905e-03
1.208007810000e+02 -1.728725367303e-03 4.291686243328e-04 5.262958572672e-03 2.963017195317e-03 -4.110326637168e-01 8.064942227736e-01 4.729149308059e-01 -7.856193668544e-01 -1.452637798823e-02 2.384978741551e-03
1.208496090000e+02 -1.728794987656e-03 4.292435618335e-04 5.263332324083e-03 2.962709094999e-03 -4.046437306666e-01 8.096985215518e-01 4.664891703129e-01 -7.894405603637e-01 -1.453917632162e-02 2.408817345558e-03
1.208984380000e+02 -1.728864647304e-03 4.293183437697e-04 5.263705078007e-03 2.962400814287e-03 -3.982310547508e-01 8.128517769800e-01 4.600308987344e-01 -7.932098101903e-01 -1.455194543352e-02 2.432687917149e-03
1.209472660000e+02 -1.728934339844e-03 4.293929673084e-04 5.264076814780e-03 2.962092363358e-03 -3.917953046359e-01 8.159536995748e-01 4.535408004660e-01 -7.969266725113e-01 -1.456468474834e-02 2.456589438568e-03
1.209960940000e+02 -1.729004063167e-03 4.294674341500e-04 5.264447537641e-03 2.961783733420e-03 -3.853367561094e-01 8.190041972961e-01 4.470191662663e-01 -8.005909390046e-01 -1.457739447541e-02 2.480522358244e-03
1.210449220000e+02 -1.729073813758e-03 4.295417443994e-04 5.264817242178e-03 2.961474921960e-03 -3.788558168994e-01 8.220031161876e-01 4.404664216292e-01 -8.042023270365e-01 -1.459007456231e-02 2.504486635988e-03
1.210937500000e+02 -1.729143588122e-03 4.296158981000e-04 5.265185923974e-03 2.961165926435e-03 -3.723528955618e-01 8.249503054799e-01 4.338829948241e-01 -8.077605574194e-01 -1.460272495670e-02 2.528482231538e-03
1.211425780000e+02 -1.729213382782e-03 4.296898952339e-04 5.265553578607e-03 2.960856744270e-03 -3.658284014567e-01 8.278456175912e-01 4.272693168676e-01 -8.112653544432e-01 -1.461534560628e-02 2.552509104555e-03
1.211914060000e+02 -1.729283194288e-03 4.297637357228e-04 5.265920201654e-03 2.960547372866e-03 -3.592827447240e-01 8.306889081279e-01 4.206258214966e-01 -8.147164459055e-01 -1.462793645885e-02 2.576567214623e-03
1.212402340000e+02 -1.729353019211e-03 4.298374194284e-04 5.266285788693e-03 2.960237809594e-03 -3.527163362605e-01 8.334800358857e-01 4.139529451389e-01 -8.181135631424e-01 -1.464049746225e-02 2.600656521254e-03
1.212890620000e+02 -1.729422854146e-03 4.299109461535e-04 5.266650335300e-03 2.959928051801e-03 -3.461295876956e-01 8.362188628500e-01 4.072511268852e-01 -8.214564410590e-01 -1.465302856441e-02 2.624776983881e-03
1.213378910000e+02 -1.729492697149e-03 4.299843171431e-04 5.267013844491e-03 2.959618090458e-03 -3.395227758620e-01 8.389053086757e-01 4.005206703335e-01 -8.247448849458e-01 -1.466552996903e-02 2.648929056808e-03
1.213867190000e+02 -1.729562542008e-03 4.300575290784e-04 5.267376296963e-03 2.959307935562e-03 -3.328965844016e-01 8.415391316914e-01 3.937622954939e-01 -8.279785022388e-01 -1.467800111213e-02 2.673111710067e-03
1.214355470000e+02 -1.729632386834e-03 4.301305830932e-04 5.267737695762e-03 2.958997578044e-03 -3.262512918991e-01 8.441202590079e-01 3.869763117216e-01 -8.311571066347e-01 -1.469044219816e-02 2.697325397175e-03
1.214843750000e+02 -1.729702228336e-03 4.302034787606e-04 5.268098036489e-03 2.958687015162e-03 -3.195873126808e-01 8.466485653714e-01 3.801631684620e-01 -8.342804476128e-01 -1.470285317531e-02 2.721570077266e-03
1.215332030000e+02 -1.729772063255e-03 4.302762155988e-04 5.268457314753e-03 2.958376244153e-03 -3.129050616886e-01 8.491239287180e-01 3.733233176737e-01 -8.373482783692e-01 -1.471523399184e-02 2.745845709402e-03
1.215820310000e+02 -1.729841888366e-03 4.303487930712e-04 5.268815526176e-03 2.958065262241e-03 -3.062049544572e-01 8.515462301736e-01 3.664572137968e-01 -8.403603558461e-01 -1.472758459609e-02 2.770152252568e-03
1.216308590000e+02 -1.729911700474e-03 4.304212105877e-04 5.269172666392e-03 2.957754066628e-03 -2.994874070904e-01 8.539153540531e-01 3.595653137218e-01 -8.433164407599e-01 -1.473990493645e-02 2.794489665676e-03
1.216796880000e+02 -1.729981497852e-03 4.304934689837e-04 5.269528738331e-03 2.957442648127e-03 -2.927526981427e-01 8.562312347416e-01 3.526479348358e-01 -8.462163564417e-01 -1.475219521278e-02 2.818858406941e-03
1.217285160000e+02 -1.730051274519e-03 4.305655646051e-04 5.269883723074e-03 2.957131016669e-03 -2.860015206435e-01 8.584936680712e-01 3.457058221721e-01 -8.490597524591e-01 -1.476445487021e-02 2.843257437002e-03
1.217773440000e+02 -1.730121028818e-03 4.306374981879e-04 5.270237623607e-03 2.956819163045e-03 -2.792341545153e-01 8.607025958939e-01 3.387392983716e-01 -8.518464609866e-01 -1.477668410935e-02 2.867687213296e-03
1.218261720000e+02 -1.730190757702e-03 4.307092689373e-04 5.270590435634e-03 2.956507084409e-03 -2.724510179096e-01 8.628579152725e-01 3.317488298027e-01 -8.545762581188e-01 -1.478888287888e-02 2.892147694440e-03
1.218750000000e+02 -1.730260458165e-03 4.307808760092e-04 5.270942154878e-03 2.956194777908e-03 -2.656525294324e-01 8.649595264541e-01 3.247348851211e-01 -8.572489238634e-01 -1.480105112753e-02 2.916638838976e-03
1.219238280000e+02 -1.730330127238e-03 4.308523185121e-04 5.271292777085e-03 2.955882240680e-03 -2.588391081218e-01 8.670073328687e-01 3.176979352353e-01 -8.598642421683e-01 -1.481318880410e-02 2.941160605375e-03
1.219726560000e+02 -1.730399761993e-03 4.309235955078e-04 5.271642298029e-03 2.955569469858e-03 -2.520111734254e-01 8.690012411273e-01 3.106384532729e-01 -8.624220009479e-01 -1.482529585747e-02 2.965712952034e-03
1.220214840000e+02 -1.730469359548e-03 4.309947060124e-04 5.271990713505e-03 2.955256462571e-03 -2.451691451772e-01 8.709411610207e-01 3.035569145460e-01 -8.649219921093e-01 -1.483737223658e-02 2.990295837278e-03
1.220703120000e+02 -1.730538917059e-03 4.310656489975e-04 5.272338019339e-03 2.954943215942e-03 -2.383134435756e-01 8.728270055174e-01 2.964537965163e-01 -8.673640115787e-01 -1.484941789045e-02 3.014909219356e-03
1.221191410000e+02 -1.730608433153e-03 4.311364248393e-04 5.272684218463e-03 2.954629720674e-03 -2.314443483514e-01 8.746587277195e-01 2.893294326427e-01 -8.697479075504e-01 -1.486143301390e-02 3.039553561466e-03
1.221679690000e+02 -1.730677902229e-03 4.312070295250e-04 5.273029292583e-03 2.954315986731e-03 -2.245625617246e-01 8.764361719179e-01 2.821845963969e-01 -8.720733864186e-01 -1.487341706394e-02 3.064227812301e-03
1.222167970000e+02 -1.730747323004e-03 4.312774633508e-04 5.273373244716e-03 2.954002004819e-03 -2.176683643096e-01 8.781592986700e-01 2.750196257865e-01 -8.743403057354e-01 -1.488537023617e-02 3.088932434288e-03
1.222656250000e+02 -1.730816692818e-03 4.313477251220e-04 5.273716070814e-03 2.953687772068e-03 -2.107621775381e-01 8.798280336346e-01 2.678350065157e-01 -8.765484777545e-01 -1.489729247987e-02 3.113667385389e-03
1.223144530000e+02 -1.730886009058e-03 4.314178136053e-04 5.274057766862e-03 2.953373285611e-03 -2.038444230948e-01 8.814423056372e-01 2.606312262583e-01 -8.786977188727e-01 -1.490918374439e-02 3.138432623494e-03
1.223632810000e+02 -1.730955269158e-03 4.314877275300e-04 5.274398328885e-03 2.953058542585e-03 -1.969155228950e-01 8.830020466672e-01 2.534087746212e-01 -8.807878496544e-01 -1.492104397915e-02 3.163228106421e-03
1.224121090000e+02 -1.731024470603e-03 4.315574655893e-04 5.274737752943e-03 2.952743540139e-03 -1.899758990628e-01 8.845071918756e-01 2.461681431066e-01 -8.828186948544e-01 -1.493287313363e-02 3.188053791916e-03
1.224609380000e+02 -1.731093612340e-03 4.316270278642e-04 5.275076042054e-03 2.952428268969e-03 -1.830258314718e-01 8.859577087175e-01 2.389096762464e-01 -8.847901232056e-01 -1.494467139869e-02 3.212910147010e-03
1.225097660000e+02 -1.731162689123e-03 4.316964101301e-04 5.275413178504e-03 2.952112739153e-03 -1.760660272749e-01 8.873534792446e-01 2.316341665307e-01 -8.867018871626e-01 -1.495643824071e-02 3.237796111208e-03
1.225585940000e+02 -1.731231700002e-03 4.317656124058e-04 5.275749165418e-03 2.951796941417e-03 -1.690967668608e-01 8.886944783399e-01 2.243419624497e-01 -8.885538651734e-01 -1.496817385131e-02 3.262712150781e-03
1.226074220000e+02 -1.731300642663e-03 4.318346332528e-04 5.276083999025e-03 2.951480872954e-03 -1.621184729706e-01 8.899806537694e-01 2.170335627084e-01 -8.903458989839e-01 -1.497987818026e-02 3.287658223189e-03
1.226562500000e+02 -1.731369514847e-03 4.319034712029e-04 5.276417675600e-03 2.951164530972e-03 -1.551315684454e-01 8.912119564450e-01 2.097094677152e-01 -8.920778346425e-01 -1.499155117737e-02 3.312634285823e-03
1.227050780000e+02 -1.731438314344e-03 4.319721247594e-04 5.276750191464e-03 2.950847912694e-03 -1.481364762049e-01 8.923883404206e-01 2.023701795438e-01 -8.937495225217e-01 -1.500319279255e-02 3.337640296000e-03
1.227539060000e+02 -1.731507038999e-03 4.320405923988e-04 5.277081542988e-03 2.950531015364e-03 -1.411336192260e-01 8.935097628887e-01 1.950162018928e-01 -8.953608173389e-01 -1.501480297575e-02 3.362676210968e-03
1.228027340000e+02 -1.731575686712e-03 4.321088725721e-04 5.277411726590e-03 2.950213836244e-03 -1.341234205213e-01 8.945761841766e-01 1.876480400460e-01 -8.969115781767e-01 -1.502638167700e-02 3.387741987904e-03
1.228515620000e+02 -1.731644255435e-03 4.321769637059e-04 5.277740738740e-03 2.949896372620e-03 -1.271063031179e-01 8.955875677425e-01 1.802662008326e-01 -8.984016685031e-01 -1.503792884640e-02 3.412837583914e-03
1.229003910000e+02 -1.731712744580e-03 4.322448655927e-04 5.278068582665e-03 2.949578615288e-03 -1.200825461288e-01 8.965438991929e-01 1.728710410048e-01 -8.998309848393e-01 -1.504944466962e-02 3.437963470909e-03
1.229492190000e+02 -1.731781149405e-03 4.323125738336e-04 5.278395241511e-03 2.949260574594e-03 -1.130528602418e-01 8.974451090646e-01 1.654633732693e-01 -9.011993409365e-01 -1.506092862523e-02 3.463118576715e-03
1.229980470000e+02 -1.731849469432e-03 4.323800881837e-04 5.278720718635e-03 2.948942241392e-03 -1.060175246220e-01 8.982911903338e-01 1.580435575297e-01 -9.025066434299e-01 -1.507238089968e-02 3.488303372492e-03
1.230468750000e+02 -1.731917702837e-03 4.324474069868e-04 5.279045010725e-03 2.948623613067e-03 -9.897696214338e-02 8.990821189415e-01 1.506121063882e-01 -9.037527735211e-01 -1.508380144334e-02 3.513517815066e-03
1.230957030000e+02 -1.731985847853e-03 4.325145285694e-04 5.279368114525e-03 2.948304687033e-03 -9.193159558960e-02 8.998178739388e-01 1.431695337869e-01 -9.049376168907e-01 -1.509519020665e-02 3.538761861193e-03
1.231445310000e+02 -1.732053902769e-03 4.325814512423e-04 5.279690026837e-03 2.947985460734e-03 -8.488184763278e-02 9.004984374818e-01 1.357163549661e-01 -9.060610637163e-01 -1.510654714011e-02 3.564035467559e-03
1.231933590000e+02 -1.732121865931e-03 4.326481733022e-04 5.280010744524e-03 2.947665931647e-03 -7.782814081298e-02 9.011237948275e-01 1.282530864222e-01 -9.071230086895e-01 -1.511787219429e-02 3.589338590781e-03
1.232421880000e+02 -1.732189737132e-03 4.327146943928e-04 5.280330271041e-03 2.947346090730e-03 -7.077075295153e-02 9.016939454395e-01 1.207800927266e-01 -9.081233708875e-01 -1.512916555079e-02 3.614671706520e-03
1.232910160000e+02 -1.732257512053e-03 4.327810100617e-04 5.280648590284e-03 2.947025948626e-03 -6.371039533515e-02 9.022088574086e-01 1.132981988574e-01 -9.090620131034e-01 -1.514042669775e-02 3.640033733627e-03
1.233398440000e+02 -1.732325190605e-03 4.328471199356e-04 5.280965705859e-03 2.946705496370e-03 -5.664734548634e-02 9.026685375064e-01 1.058077718758e-01 -9.099388647863e-01 -1.515165581754e-02 3.665425147024e-03
1.233886720000e+02 -1.732392771364e-03 4.329130222681e-04 5.281281614878e-03 2.946384731581e-03 -4.958202521145e-02 9.030729833435e-01 9.830933287624e-02 -9.107538388448e-01 -1.516285286103e-02 3.690845903048e-03
1.234375000000e+02 -1.732460252965e-03 4.329787153058e-04 5.281596314517e-03 2.946063651917e-03 -4.251485608253e-02 9.034221956062e-01 9.080340399450e-02 -9.115068527800e-01 -1.517401777910e-02 3.716295957970e-03
1.234863280000e+02 -1.732527634104e-03 4.330441972897e-04 5.281909802021e-03 2.945742255078e-03 -3.544625941707e-02 9.037161780511e-01 8.329050836464e-02 -9.121978286996e-01 -1.518515052275e-02 3.741775267992e-03
1.235351560000e+02 -1.732594913531e-03 4.331094664567e-04 5.282222074700e-03 2.945420538803e-03 -2.837665625790e-02 9.039549374996e-01 7.577117007503e-02 -9.128266933321e-01 -1.519625104301e-02 3.767283789248e-03
1.235839840000e+02 -1.732662090056e-03 4.331745210407e-04 5.282533129935e-03 2.945098500877e-03 -2.130646735320e-02 9.041384838325e-01 6.824591412434e-02 -9.133933780401e-01 -1.520731929100e-02 3.792821477801e-03
1.236328120000e+02 -1.732729162550e-03 4.332393592746e-04 5.282842965172e-03 2.944776139129e-03 -1.423611313649e-02 9.042668299846e-01 6.071526637731e-02 -9.138978188330e-01 -1.521835521791e-02 3.818388289647e-03
1.236816410000e+02 -1.732796131310e-03 4.333039807126e-04 5.283151584239e-03 2.944453444822e-03 -7.165868916304e-03 9.043399928717e-01 5.317959914641e-02 -9.143399647964e-01 -1.522935900000e-02 3.843984705216e-03
1.237304690000e+02 -1.732862992577e-03 4.333683809425e-04 5.283458972083e-03 2.944130429096e-03 -9.644403659461e-05 9.043579885223e-01 4.563974855946e-02 -9.147197431595e-01 -1.524033013788e-02 3.869609631956e-03
1.237792970000e+02 -1.732929746770e-03 4.334325595277e-04 5.283765132699e-03 2.943807083318e-03 6.971886931863e-03 9.043208410609e-01 3.809608853240e-02 -9.150371136388e-01 -1.525126880861e-02 3.895263549567e-03
1.238281250000e+02 -1.732996392990e-03 4.334965147104e-04 5.284070063822e-03 2.943483405508e-03 1.403870501179e-02 9.042285755788e-01 3.054914794802e-02 -9.152920309514e-01 -1.526217496366e-02 3.920946413770e-03
1.238769530000e+02 -1.733062930398e-03 4.335602447388e-04 5.284373763258e-03 2.943159393740e-03 2.110359163901e-02 9.040812201914e-01 2.299945633113e-02 -9.154844545186e-01 -1.527304855455e-02 3.946658180222e-03
1.239257810000e+02 -1.733129358213e-03 4.336237478686e-04 5.284676228890e-03 2.942835046140e-03 2.816612868184e-02 9.038788060321e-01 1.544754380312e-02 -9.156143484762e-01 -1.528388953285e-02 3.972398804509e-03
1.239746090000e+02 -1.733195675710e-03 4.336870223641e-04 5.284977458675e-03 2.942510360886e-03 3.522589846046e-02 9.036213672456e-01 7.893941036528e-03 -9.156816816838e-01 -1.529469785022e-02 3.998168242150e-03
1.240234380000e+02 -1.733261883578e-03 4.337500677889e-04 5.285277456777e-03 2.942185329555e-03 4.228262824997e-02 9.033089340206e-01 3.390244791108e-04 -9.156864271898e-01 -1.530547367874e-02 4.023966977242e-03
1.240722660000e+02 -1.733327978497e-03 4.338128798469e-04 5.285576209017e-03 2.941859963749e-03 4.933561228638e-02 9.029415593037e-01 -7.216364778742e-03 -9.156285631334e-01 -1.531621652882e-02 4.049793908470e-03
1.241210940000e+02 -1.733393961272e-03 4.338754581309e-04 5.285873719739e-03 2.941534255165e-03 5.638457891397e-02 9.025192803999e-01 -1.477184939783e-02 -9.155080733359e-01 -1.532692657334e-02 4.075649519205e-03
1.241699220000e+02 -1.733459831407e-03 4.339378009547e-04 5.286169987208e-03 2.941208202210e-03 6.342911245214e-02 9.020421434355e-01 -2.232689695969e-02 -9.153249456372e-01 -1.533760376423e-02 4.101533764698e-03
1.242187500000e+02 -1.733525588466e-03 4.339999066481e-04 5.286465009767e-03 2.940881803351e-03 7.046879776760e-02 9.015101975152e-01 -2.988097472468e-02 -9.150791726412e-01 -1.534824805348e-02 4.127446600132e-03
1.242675780000e+02 -1.733591232065e-03 4.340617735576e-04 5.286758785838e-03 2.940555057118e-03 7.750322029320e-02 9.009234947155e-01 -3.743354967839e-02 -9.147707517219e-01 -1.535885939316e-02 4.153387980621e-03
1.243164060000e+02 -1.733656761877e-03 4.341234000486e-04 5.287051313923e-03 2.940227962098e-03 8.453196604669e-02 9.002820900777e-01 -4.498408857819e-02 -9.143996850294e-01 -1.536943773538e-02 4.179357861215e-03
1.243652340000e+02 -1.733722177633e-03 4.341847845066e-04 5.287342592606e-03 2.939900516948e-03 9.155462164934e-02 8.995860416009e-01 -5.253205799984e-02 -9.139659794954e-01 -1.537998303234e-02 4.205356196896e-03
1.244140620000e+02 -1.733787479115e-03 4.342459253375e-04 5.287632620548e-03 2.939572720384e-03 9.857077434456e-02 8.988354102347e-01 -6.007692438421e-02 -9.134696468383e-01 -1.539049523632e-02 4.231382942578e-03
1.244628910000e+02 -1.733852667495e-03 4.343068222153e-04 5.287921402396e-03 2.939244564465e-03 1.055801554923e-01 8.980302428251e-01 -6.761830848808e-02 -9.129106914789e-01 -1.540097451390e-02 4.257438587011e-03
1.245117190000e+02 -1.733917739996e-03 4.343674710983e-04 5.288208925148e-03 2.938916061482e-03 1.125820665294e-01 8.971706391815e-01 -7.515536772451e-02 -9.122891576158e-01 -1.541142038827e-02 4.283522017756e-03
1.245605470000e+02 -1.733982697899e-03 4.344278717142e-04 5.288495193638e-03 2.938587203633e-03 1.195762402980e-01 8.962566531307e-01 -8.268772289505e-02 -9.116050605450e-01 -1.542183302685e-02 4.309633722847e-03
1.246093750000e+02 -1.734047541204e-03 4.344880225672e-04 5.288780206857e-03 2.938257989904e-03 1.265622667140e-01 8.952883573521e-01 -9.021484037044e-02 -9.108584311691e-01 -1.543221238215e-02 4.335773656935e-03
1.246582030000e+02 -1.734112269961e-03 4.345479221895e-04 5.289063963879e-03 2.937928419348e-03 1.335397364069e-01 8.942658274390e-01 -9.773618662157e-02 -9.100493051942e-01 -1.544255840680e-02 4.361941774601e-03
1.247070310000e+02 -1.734176884272e-03 4.346075691417e-04 5.289346463861e-03 2.937598491089e-03 1.405082407380e-01 8.931891418910e-01 -1.052512282668e-01 -9.091777231309e-01 -1.545287105345e-02 4.388138030364e-03
1.247558590000e+02 -1.734241384293e-03 4.346669620151e-04 5.289627706043e-03 2.937268204321e-03 1.474673718182e-01 8.920583821062e-01 -1.127594321193e-01 -9.082437302960e-01 -1.546315027485e-02 4.414362378673e-03
1.248046880000e+02 -1.734305771545e-03 4.347261006403e-04 5.289907695470e-03 2.936937551535e-03 1.544168647463e-01 8.908736075574e-01 -1.202604187725e-01 -9.072473557695e-01 -1.547339623328e-02 4.440615311850e-03
1.248535160000e+02 -1.734370043644e-03 4.347849812498e-04 5.290186420082e-03 2.936606545611e-03 1.613560285331e-01 8.896349539454e-01 -1.277533483272e-01 -9.061886952935e-01 -1.548360846195e-02 4.466895708914e-03
1.249023440000e+02 -1.734434202215e-03 4.348436037460e-04 5.290463885119e-03 2.936275179195e-03 1.682846000702e-01 8.883424876059e-01 -1.352378421596e-01 -9.050677888378e-01 -1.549378712397e-02 4.493204061481e-03
1.249511720000e+02 -1.734498247611e-03 4.349019668521e-04 5.290740090157e-03 2.935943451772e-03 1.752021746454e-01 8.869963014527e-01 -1.427133683358e-01 -9.038847009450e-01 -1.550393217236e-02 4.519540323738e-03
1.250000000000e+02 -1.734562180229e-03 4.349600693272e-04 5.291015034858e-03 2.935611362901e-03 1.821083483846e-01 8.855964912590e-01 -1.501793953534e-01 -9.026395009615e-01 -1.551404356018e-02 4.545904449807e-03
1.250488280000e+02 -1.734626000519e-03 4.350179099677e-04 5.291288718968e-03 2.935278912218e-03 1.890027182694e-01 8.841431556483e-01 -1.576353921898e-01 -9.013322630358e-01 -1.552412124058e-02 4.572296393744e-03
1.250976560000e+02 -1.734689708973e-03 4.350754876076e-04 5.291561142318e-03 2.934946099435e-03 1.958848821545e-01 8.826363960873e-01 -1.650808283490e-01 -8.999630661160e-01 -1.553416516677e-02 4.598716109542e-03
1.251464840000e+02 -1.734753306129e-03 4.351328011206e-04 5.291832304824e-03 2.934612924339e-03 2.027544387849e-01 8.810763168767e-01 -1.725151739093e-01 -8.985319939466e-01 -1.554417529202e-02 4.625163551124e-03
1.251953120000e+02 -1.734816792572e-03 4.351898494204e-04 5.292102206486e-03 2.934279386797e-03 2.096109878131e-01 8.794630251438e-01 -1.799378995710e-01 -8.970391350646e-01 -1.555415156968e-02 4.651638672353e-03
1.252441410000e+02 -1.734880170226e-03 4.352466326218e-04 5.292370852879e-03 2.933945479908e-03 2.164542698242e-01 8.777965961621e-01 -1.873486283447e-01 -8.954845503277e-01 -1.556409415643e-02 4.678141970083e-03
1.252929690000e+02 -1.734943437164e-03 4.353031473961e-04 5.292638233171e-03 2.933611217371e-03 2.232836060344e-01 8.760772109434e-01 -1.947465287700e-01 -8.938684015218e-01 -1.557400259851e-02 4.704672312489e-03
1.253417970000e+02 -1.735006595398e-03 4.353593939490e-04 5.292904353131e-03 2.933276592450e-03 2.300987392076e-01 8.743049514578e-01 -2.021312255929e-01 -8.921907603297e-01 -1.558387705343e-02 4.731230195732e-03
1.253906250000e+02 -1.735069645683e-03 4.354153713647e-04 5.293169213100e-03 2.932941605325e-03 2.368992727968e-01 8.724799360521e-01 -2.095021924757e-01 -8.904517344128e-01 -1.559371747481e-02 4.757815573410e-03
1.254394530000e+02 -1.735132588811e-03 4.354710787724e-04 5.293432813503e-03 2.932606256254e-03 2.436848112470e-01 8.706022858567e-01 -2.168589039401e-01 -8.886514361991e-01 -1.560352381633e-02 4.784428399062e-03
1.254882810000e+02 -1.735195425616e-03 4.355265153470e-04 5.293695154848e-03 2.932270545575e-03 2.504549600122e-01 8.686721247765e-01 -2.242008354138e-01 -8.867899828764e-01 -1.561329603173e-02 4.811068626156e-03
1.255371090000e+02 -1.735258156970e-03 4.355816803102e-04 5.293956237731e-03 2.931934473708e-03 2.572093255719e-01 8.666895794825e-01 -2.315274632786e-01 -8.848674963849e-01 -1.562303407485e-02 4.837736208100e-03
1.255859380000e+02 -1.735320785063e-03 4.356365740527e-04 5.294216068137e-03 2.931598034257e-03 2.639476532779e-01 8.646547371958e-01 -2.388384144766e-01 -8.828840621661e-01 -1.563273809793e-02 4.864431645228e-03
1.256347660000e+02 -1.735383308277e-03 4.356911936433e-04 5.294474636187e-03 2.931261241584e-03 2.706692757064e-01 8.625678134408e-01 -2.461328679782e-01 -8.808398928829e-01 -1.564240765747e-02 4.891153797390e-03
1.256835940000e+02 -1.735445728875e-03 4.357455395758e-04 5.294731948059e-03 2.930924089463e-03 2.773739406778e-01 8.604289019949e-01 -2.534104531982e-01 -8.787350846859e-01 -1.565204290657e-02 4.917903164233e-03
1.257324220000e+02 -1.735508047874e-03 4.357996112667e-04 5.294988004684e-03 2.930586578636e-03 2.840612589380e-01 8.582381405041e-01 -2.606706508040e-01 -8.765697784402e-01 -1.566164379932e-02 4.944679698906e-03
1.257812500000e+02 -1.735570266323e-03 4.358534081827e-04 5.295242807074e-03 2.930248709928e-03 2.907308423404e-01 8.559956693358e-01 -2.679129426518e-01 -8.743441197179e-01 -1.567121028987e-02 4.971483354493e-03
1.258300780000e+02 -1.735632385303e-03 4.359069298420e-04 5.295496356324e-03 2.929910484245e-03 2.973823038615e-01 8.537016315693e-01 -2.751368118334e-01 -8.720582587880e-01 -1.568074233244e-02 4.998314084014e-03
1.258789060000e+02 -1.735694405926e-03 4.359601758147e-04 5.295748653612e-03 2.929571902573e-03 3.040152576174e-01 8.513561729868e-01 -2.823417427231e-01 -8.697123506051e-01 -1.569023988132e-02 5.025171840425e-03
1.259277340000e+02 -1.735756329338e-03 4.360131457230e-04 5.295999700197e-03 2.929232965983e-03 3.106293188796e-01 8.489594420645e-01 -2.895272210238e-01 -8.673065547976e-01 -1.569970289088e-02 5.052056576620e-03
1.259765620000e+02 -1.735818156708e-03 4.360658392428e-04 5.296249497422e-03 2.928893675624e-03 3.172241040908e-01 8.465115899626e-01 -2.966927338140e-01 -8.648410356560e-01 -1.570913131552e-02 5.078968245425e-03
1.260253910000e+02 -1.735879890502e-03 4.361182571738e-04 5.296498051787e-03 2.928554025770e-03 3.237993653359e-01 8.440127188201e-01 -3.038379157111e-01 -8.623159097972e-01 -1.571852530178e-02 5.105907351584e-03
1.260742190000e+02 -1.735941529419e-03 4.361703971522e-04 5.296745354614e-03 2.928214031648e-03 3.303544521230e-01 8.414630874928e-01 -3.109619640128e-01 -8.597314542266e-01 -1.572788441945e-02 5.132872744390e-03
1.261230470000e+02 -1.736003075976e-03 4.362222600924e-04 5.296991412590e-03 2.927873687701e-03 3.368891193645e-01 8.388628044839e-01 -3.180645167429e-01 -8.570877960371e-01 -1.573720881589e-02 5.159864927908e-03
1.261718750000e+02 -1.736064531453e-03 4.362738458876e-04 5.297236227379e-03 2.927532995407e-03 3.434029883454e-01 8.362120315978e-01 -3.251450669426e-01 -8.543851180337e-01 -1.574649844579e-02 5.186883854713e-03
1.262207030000e+02 -1.736125897151e-03 4.363251544862e-04 5.297479800725e-03 2.927191956325e-03 3.498956816000e-01 8.335109332765e-01 -3.322031092589e-01 -8.516236076145e-01 -1.575575326392e-02 5.213929477312e-03
1.262695310000e+02 -1.736187174393e-03 4.363761858931e-04 5.297722134449e-03 2.926850572096e-03 3.563668229274e-01 8.307596765895e-01 -3.392381399894e-01 -8.488034567550e-01 -1.576497322511e-02 5.241001748153e-03
1.263183590000e+02 -1.736248364527e-03 4.364269401689e-04 5.297963230449e-03 2.926508844440e-03 3.628160374070e-01 8.279584312247e-01 -3.462496571286e-01 -8.459248619926e-01 -1.577415828426e-02 5.268100619619e-03
1.263671880000e+02 -1.736309470167e-03 4.364774184623e-04 5.298203095605e-03 2.926166768150e-03 3.692430828062e-01 8.251073105794e-01 -3.532373032674e-01 -8.429879636688e-01 -1.578330858336e-02 5.295226599831e-03
1.264160160000e+02 -1.736370490196e-03 4.365276188802e-04 5.298441722144e-03 2.925824359119e-03 3.756473235568e-01 8.222066063315e-01 -3.602002937112e-01 -8.399930876916e-01 -1.579242370266e-02 5.322378529983e-03
1.264648440000e+02 -1.736431427269e-03 4.365775426910e-04 5.298679117123e-03 2.925481612309e-03 3.820285205229e-01 8.192564380849e-01 -3.671382751662e-01 -8.369403846331e-01 -1.580150378501e-02 5.349556917529e-03
1.265136720000e+02 -1.736492282805e-03 4.366271901838e-04 5.298915282747e-03 2.925138529760e-03 3.883863040565e-01 8.162569859028e-01 -3.740507528630e-01 -8.338300691095e-01 -1.581054878559e-02 5.376761714597e-03
1.265625000000e+02 -1.736553058237e-03 4.366765617057e-04 5.299150221298e-03 2.924795113595e-03 3.947203058647e-01 8.132084324183e-01 -3.809372339528e-01 -8.306623602120e-01 -1.581955865961e-02 5.403992873254e-03
1.266113280000e+02 -1.736613755015e-03 4.367256576611e-04 5.299383935129e-03 2.924451366013e-03 4.010301590256e-01 8.101109628237e-01 -3.877972275519e-01 -8.274374814881e-01 -1.582853336240e-02 5.431250345504e-03
1.266601560000e+02 -1.736674374601e-03 4.367744785128e-04 5.299616426670e-03 2.924107289293e-03 4.073154980026e-01 8.069647648611e-01 -3.946302447855e-01 -8.241556609219e-01 -1.583747284932e-02 5.458534083289e-03
1.267089840000e+02 -1.736734918468e-03 4.368230247817e-04 5.299847698421e-03 2.923762885791e-03 4.135759586589e-01 8.037700288124e-01 -4.014357988316e-01 -8.208171309145e-01 -1.584637707580e-02 5.485844038486e-03
1.267578120000e+02 -1.736795388099e-03 4.368712970464e-04 5.300077752955e-03 2.923418157940e-03 4.198111782729e-01 8.005269474892e-01 -4.082134049647e-01 -8.174221282637e-01 -1.585524599736e-02 5.513180162910e-03
1.268066410000e+02 -1.736855786226e-03 4.369192969243e-04 5.300306597590e-03 2.923073101181e-03 4.260209224607e-01 7.972356483263e-01 -4.149627185283e-01 -8.139708228872e-01 -1.586407975012e-02 5.540542968961e-03
1.268554690000e+02 -1.736916111875e-03 4.369670231447e-04 5.300534225667e-03 2.922727732234e-03 4.322045770211e-01 7.938964639773e-01 -4.216829826644e-01 -8.104636016803e-01 -1.587287792788e-02 5.567931287568e-03
1.269042970000e+02 -1.736976367792e-03 4.370144774466e-04 5.300760644668e-03 2.922382046696e-03 4.383619110007e-01 7.905095278707e-01 -4.283738577125e-01 -8.069006443970e-01 -1.588164066765e-02 5.595345630471e-03
1.269531250000e+02 -1.737036555493e-03 4.370616606418e-04 5.300985857445e-03 2.922036047305e-03 4.444925674821e-01 7.870750428363e-01 -4.350348677639e-01 -8.032822052083e-01 -1.589036792519e-02 5.622785949234e-03
1.270019530000e+02 -1.737096676495e-03 4.371085735994e-04 5.301209866919e-03 2.921689736871e-03 4.505961910350e-01 7.835932141834e-01 -4.416655392211e-01 -7.996085425731e-01 -1.589905965634e-02 5.650252195360e-03
1.270507810000e+02 -1.737156732320e-03 4.371552172468e-04 5.301432676074e-03 2.921343118277e-03 4.566724277305e-01 7.800642496903e-01 -4.482654008394e-01 -7.958799192143e-01 -1.590771581703e-02 5.677744320288e-03
1.270996090000e+02 -1.737216724494e-03 4.372015925692e-04 5.301654287963e-03 2.920996194480e-03 4.627209251554e-01 7.764883595943e-01 -4.548339837686e-01 -7.920966020959e-01 -1.591633636323e-02 5.705262275395e-03
1.271484380000e+02 -1.737276655766e-03 4.372477015503e-04 5.301874710205e-03 2.920648961392e-03 4.687414554343e-01 7.728656819129e-01 -4.613709551417e-01 -7.882587832458e-01 -1.592492142644e-02 5.732806576357e-03
1.271972660000e+02 -1.737336525208e-03 4.372935434015e-04 5.302093936953e-03 2.920301436336e-03 4.747334226247e-01 7.691965801562e-01 -4.678755832650e-01 -7.843668952354e-01 -1.593347061113e-02 5.760376046232e-03
1.272460940000e+02 -1.737396335569e-03 4.373391202262e-04 5.302311975976e-03 2.919953615372e-03 4.806966025319e-01 7.654811981626e-01 -4.743475409226e-01 -7.804211395636e-01 -1.594198404969e-02 5.787971200043e-03
1.272949220000e+02 -1.737456088370e-03 4.373844332381e-04 5.302528830580e-03 2.919605501736e-03 4.866306489455e-01 7.617197559016e-01 -4.807863692562e-01 -7.764217999113e-01 -1.595046169835e-02 5.815591988919e-03
1.273437500000e+02 -1.737515785127e-03 4.374294837068e-04 5.302744504133e-03 2.919257098735e-03 4.925352172409e-01 7.579124757500e-01 -4.871916120074e-01 -7.723691640752e-01 -1.595890351344e-02 5.843238363925e-03
1.273925780000e+02 -1.737575427350e-03 4.374742729579e-04 5.302959000060e-03 2.918908409739e-03 4.984099643929e-01 7.540595824812e-01 -4.935628155573e-01 -7.682635239409e-01 -1.596730945134e-02 5.870910276067e-03
1.274414060000e+02 -1.737635016544e-03 4.375188023728e-04 5.303172321847e-03 2.918559438189e-03 5.042545489896e-01 7.501613032550e-01 -4.998995289668e-01 -7.641051754564e-01 -1.597567946850e-02 5.898607676286e-03
1.274902340000e+02 -1.737694554205e-03 4.375630733879e-04 5.303384473037e-03 2.918210187588e-03 5.100686312460e-01 7.462178676070e-01 -5.062013040158e-01 -7.598944186049e-01 -1.598401352146e-02 5.926330515462e-03
1.275390620000e+02 -1.737754041821e-03 4.376070874943e-04 5.303595457232e-03 2.917860661501e-03 5.158518730177e-01 7.422295074381e-01 -5.124676952422e-01 -7.556315573767e-01 -1.599231156680e-02 5.954078744413e-03
1.275878910000e+02 -1.737813482087e-03 4.376508471309e-04 5.303805282371e-03 2.917510856394e-03 5.216040552957e-01 7.381963739507e-01 -5.186983872138e-01 -7.513168108489e-01 -1.600057373002e-02 5.981852882961e-03
1.276367190000e+02 -1.737872874034e-03 4.376943521044e-04 5.304013943572e-03 2.917160790285e-03 5.273246076467e-01 7.341188689429e-01 -5.248926848889e-01 -7.469506676763e-01 -1.600879962943e-02 6.009651744189e-03
1.276855470000e+02 -1.737932220335e-03 4.377376049658e-04 5.304221448908e-03 2.916810459765e-03 5.330133150526e-01 7.299971492080e-01 -5.310502792825e-01 -7.425333558662e-01 -1.601698939140e-02 6.037475847277e-03
1.277343750000e+02 -1.737991522429e-03 4.377806074194e-04 5.304427802195e-03 2.916459868645e-03 5.386698460671e-01 7.258314560022e-01 -5.371707363507e-01 -7.380651951534e-01 -1.602514297279e-02 6.065325142794e-03
1.277832030000e+02 -1.738050781742e-03 4.378233612219e-04 5.304633007302e-03 2.916109020796e-03 5.442938709518e-01 7.216220328942e-01 -5.432536249980e-01 -7.335465091355e-01 -1.603326033053e-02 6.093199581252e-03
1.278320310000e+02 -1.738109999686e-03 4.378658681810e-04 5.304837068146e-03 2.915757920143e-03 5.498850616899e-01 7.173691257543e-01 -5.492985171157e-01 -7.289776252428e-01 -1.604134142162e-02 6.121099113098e-03
1.278808590000e+02 -1.738169177651e-03 4.379081301550e-04 5.305039988695e-03 2.915406570668e-03 5.554430919994e-01 7.130729827436e-01 -5.553049876174e-01 -7.243588747073e-01 -1.604938620313e-02 6.149023688720e-03
1.279296880000e+02 -1.738228318225e-03 4.379501499101e-04 5.305241777085e-03 2.915054969203e-03 5.609677501440e-01 7.087337649994e-01 -5.612727362929e-01 -7.196904964209e-01 -1.605739479584e-02 6.176973831105e-03
1.279785160000e+02 -1.738287420340e-03 4.379919276828e-04 5.305442429114e-03 2.914703134240e-03 5.664584870592e-01 7.043519029679e-01 -5.672010997691e-01 -7.149730203457e-01 -1.606536682892e-02 6.204948345700e-03
1.280273440000e+02 -1.738346486543e-03 4.380334663413e-04 5.305641953032e-03 2.914351062720e-03 5.719150952334e-01 6.999275631921e-01 -5.730897848620e-01 -7.102066938322e-01 -1.607330242402e-02 6.232947754861e-03
1.280761720000e+02 -1.738405518148e-03 4.380747679390e-04 5.305840352992e-03 2.913998758833e-03 5.773372554554e-01 6.954610028892e-01 -5.789383789375e-01 -7.053918630078e-01 -1.608120153849e-02 6.260972008728e-03
1.281250000000e+02 -1.738464516446e-03 4.381158345757e-04 5.306037633190e-03 2.913646226821e-03 5.827246503145e-01 6.909524815130e-01 -5.847464725628e-01 -7.005288776431e-01 -1.608906412973e-02 6.289021057381e-03
1.281738280000e+02 -1.738523482705e-03 4.381566683971e-04 5.306233797862e-03 2.913293470968e-03 5.880769642135e-01 6.864022607437e-01 -5.905136595408e-01 -6.956180911195e-01 -1.609689015521e-02 6.317094850839e-03
1.282226560000e+02 -1.738582418167e-03 4.381972715939e-04 5.306428851287e-03 2.912940495607e-03 5.933938833814e-01 6.818106044763e-01 -5.962395369445e-01 -6.906598603962e-01 -1.610467957249e-02 6.345193339060e-03
1.282714840000e+02 -1.738641324050e-03 4.382376464008e-04 5.306622797783e-03 2.912587305117e-03 5.986750958870e-01 6.771777788104e-01 -6.019237051507e-01 -6.856545459762e-01 -1.611243233918e-02 6.373316471938e-03
1.283203120000e+02 -1.738700201545e-03 4.382777950957e-04 5.306815641707e-03 2.912233903917e-03 6.039202916511e-01 6.725040520384e-01 -6.075657678730e-01 -6.806025118729e-01 -1.612014841295e-02 6.401464199310e-03
1.283691410000e+02 -1.738759053018e-03 4.383177208140e-04 5.307007391367e-03 2.911880289224e-03 6.091292687635e-01 6.677895976708e-01 -6.131654464371e-01 -6.755040206882e-01 -1.612782790845e-02 6.429637048171e-03
1.284179690000e+02 -1.738817877194e-03 4.383574242815e-04 5.307198043339e-03 2.911526480024e-03 6.143015075271e-01 6.630348814591e-01 -6.187221219641e-01 -6.703596521895e-01 -1.613547046895e-02 6.457833814293e-03
1.284667970000e+02 -1.738876676381e-03 4.383969087194e-04 5.307387606027e-03 2.911172473617e-03 6.194368105475e-01 6.582400820744e-01 -6.242355234916e-01 -6.651696767725e-01 -1.614307620999e-02 6.486055024047e-03
1.285156250000e+02 -1.738935451655e-03 4.384361765684e-04 5.307576083928e-03 2.910818274580e-03 6.245348752829e-01 6.534054764723e-01 -6.297052684077e-01 -6.599344721459e-01 -1.615064508952e-02 6.514300627024e-03
1.285644530000e+02 -1.738994204056e-03 4.384752303068e-04 5.307763481573e-03 2.910463887525e-03 6.295954011075e-01 6.485313437464e-01 -6.351309775985e-01 -6.546544193541e-01 -1.615817706556e-02 6.542570572755e-03
1.286132810000e+02 -1.739052934593e-03 4.385140724499e-04 5.307949803523e-03 2.910109317097e-03 6.346180893244e-01 6.436179651174e-01 -6.405122754793e-01 -6.493299027417e-01 -1.616567209621e-02 6.570864810709e-03
1.286621090000e+02 -1.739111644242e-03 4.385527055493e-04 5.308135054371e-03 2.909754567974e-03 6.396026431781e-01 6.386656239214e-01 -6.458487900244e-01 -6.439613099170e-01 -1.617313013962e-02 6.599183290295e-03
1.287109380000e+02 -1.739170335147e-03 4.385911329757e-04 5.308319242497e-03 2.909399637594e-03 6.445488687685e-01 6.336745029892e-01 -6.511402607005e-01 -6.385489204275e-01 -1.618055130562e-02 6.627526541569e-03
1.287597660000e+02 -1.739229005809e-03 4.386293557747e-04 5.308502365004e-03 2.909044545230e-03 6.494562706622e-01 6.286450942925e-01 -6.563861059500e-01 -6.330933499939e-01 -1.618793524855e-02 6.655893352897e-03
1.288085940000e+02 -1.739287658299e-03 4.386673773874e-04 5.308684430351e-03 2.908689288381e-03 6.543246596950e-01 6.235775856267e-01 -6.615860734355e-01 -6.275948853985e-01 -1.619528207914e-02 6.684284253718e-03
1.288574220000e+02 -1.739346293452e-03 4.387052004967e-04 5.308865443236e-03 2.908333871835e-03 6.591537470029e-01 6.184722686792e-01 -6.667398056663e-01 -6.220539269376e-01 -1.620259175581e-02 6.712699193199e-03
1.289062500000e+02 -1.739404912060e-03 4.387428278161e-04 5.309045408381e-03 2.907978300406e-03 6.639432457261e-01 6.133294371972e-01 -6.718469488568e-01 -6.164708779865e-01 -1.620986423708e-02 6.741138120444e-03
1.289550780000e+02 -1.739463514881e-03 4.387802620870e-04 5.309224330532e-03 2.907622578928e-03 6.686928710216e-01 6.081493869759e-01 -6.769071529555e-01 -6.108461449611e-01 -1.621709948151e-02 6.769600984500e-03
1.290039060000e+02 -1.739522102631e-03 4.388175060788e-04 5.309402214454e-03 2.907266712258e-03 6.734023400752e-01 6.029324158476e-01 -6.819200716717e-01 -6.051801372799e-01 -1.622429744774e-02 6.798087734349e-03
1.290527340000e+02 -1.739580675986e-03 4.388545625871e-04 5.309579064936e-03 2.906910705270e-03 6.780713721142e-01 5.976788236701e-01 -6.868853625027e-01 -5.994732673258e-01 -1.623145809448e-02 6.826598318918e-03
1.291015620000e+02 -1.739639235582e-03 4.388914344323e-04 5.309754886781e-03 2.906554562855e-03 6.826996884199e-01 5.923889123152e-01 -6.918026867608e-01 -5.937259504072e-01 -1.623858138052e-02 6.855132687068e-03
1.291503910000e+02 -1.739697783212e-03 4.389281252076e-04 5.309929688383e-03 2.906198282621e-03 6.872871058666e-01 5.870628762155e-01 -6.966718088201e-01 -5.879384857872e-01 -1.624566740943e-02 6.883691372717e-03
1.291992190000e+02 -1.739756317027e-03 4.389646362767e-04 5.310103467421e-03 2.905841884082e-03 6.918331619782e-01 5.817012393925e-01 -7.014921982590e-01 -5.821115315660e-01 -1.625271584990e-02 6.912273154866e-03
1.292480470000e+02 -1.739814838737e-03 4.390009712801e-04 5.310276232340e-03 2.905485364874e-03 6.963376786409e-01 5.763042009841e-01 -7.062636282027e-01 -5.762453934778e-01 -1.625972680640e-02 6.940878566824e-03
1.292968750000e+02 -1.739873348804e-03 4.390371331243e-04 5.310447988008e-03 2.905128729938e-03 7.008003854744e-01 5.708720708037e-01 -7.109857754796e-01 -5.703404981419e-01 -1.626670023800e-02 6.969507557214e-03
1.293457030000e+02 -1.739931847649e-03 4.390731247344e-04 5.310618739308e-03 2.904771984225e-03 7.052210142141e-01 5.654051606214e-01 -7.156583208590e-01 -5.643972749067e-01 -1.627363610382e-02 6.998160074599e-03
1.293945310000e+02 -1.739990335648e-03 4.391089490522e-04 5.310788491131e-03 2.904415132690e-03 7.095992987230e-01 5.599037841519e-01 -7.202809490751e-01 -5.584161558086e-01 -1.628053436304e-02 7.026836067480e-03
1.294433590000e+02 -1.740048813128e-03 4.391446090348e-04 5.310957248380e-03 2.904058180294e-03 7.139349750037e-01 5.543682570433e-01 -7.248533488507e-01 -5.523975755328e-01 -1.628739497494e-02 7.055535484299e-03
1.294921880000e+02 -1.740107281570e-03 4.391801083785e-04 5.311125019395e-03 2.903701124689e-03 7.182278686874e-01 5.487987824601e-01 -7.293753050082e-01 -5.463418469768e-01 -1.629421803819e-02 7.084258861921e-03
1.295410160000e+02 -1.740165738816e-03 4.392154486136e-04 5.311291802223e-03 2.903343985463e-03 7.224775442551e-01 5.431959080087e-01 -7.338463290940e-01 -5.402496580464e-01 -1.630100323272e-02 7.113004972179e-03
1.295898440000e+02 -1.740224186252e-03 4.392506334632e-04 5.311457605239e-03 2.902986760270e-03 7.266838325594e-01 5.375598413510e-01 -7.382662150586e-01 -5.341213274863e-01 -1.630775065813e-02 7.141774351338e-03
1.296386720000e+02 -1.740282624020e-03 4.392856659323e-04 5.311622433374e-03 2.902629454072e-03 7.308464782847e-01 5.318909057505e-01 -7.426346678029e-01 -5.279573001681e-01 -1.631446027395e-02 7.170566947601e-03
1.296875000000e+02 -1.740341052211e-03 4.393205490336e-04 5.311786291566e-03 2.902272071827e-03 7.349652283162e-01 5.261894263449e-01 -7.469513963267e-01 -5.217580234071e-01 -1.632113203979e-02 7.199382709109e-03
1.297363280000e+02 -1.740399470871e-03 4.393552857869e-04 5.311949184755e-03 2.901914618486e-03 7.390398317523e-01 5.204557301346e-01 -7.512161137488e-01 -5.155239469210e-01 -1.632776591533e-02 7.228221583944e-03
1.297851560000e+02 -1.740457879995e-03 4.393898792171e-04 5.312111117885e-03 2.901557098995e-03 7.430700399162e-01 5.146901459701e-01 -7.554285373274e-01 -5.092555227885e-01 -1.633436186031e-02 7.257083520127e-03
1.298339840000e+02 -1.740516279526e-03 4.394243323533e-04 5.312272095899e-03 2.901199518288e-03 7.470556063687e-01 5.088930045405e-01 -7.595883884797e-01 -5.029532054075e-01 -1.634091983456e-02 7.285968465621e-03
1.298828120000e+02 -1.740574669362e-03 4.394586482267e-04 5.312432123741e-03 2.900841881289e-03 7.509962869197e-01 5.030646383614e-01 -7.636953928010e-01 -4.966174514527e-01 -1.634743979796e-02 7.314876368327e-03
1.299316410000e+02 -1.740633050543e-03 4.394928305684e-04 5.312591209601e-03 2.900484185583e-03 7.548919189579e-01 4.972052614508e-01 -7.677493625618e-01 -4.902485890678e-01 -1.635392184283e-02 7.343807768827e-03
1.299804690000e+02 -1.740691420472e-03 4.395268810098e-04 5.312749351905e-03 2.900126450718e-03 7.587421032620e-01 4.913154499423e-01 -7.717498657177e-01 -4.838473402273e-01 -1.636036566369e-02 7.372761429893e-03
1.300292970000e+02 -1.740749780087e-03 4.395608032818e-04 5.312906558856e-03 2.899768674247e-03 7.625466827067e-01 4.853954220753e-01 -7.756967240780e-01 -4.774140380888e-01 -1.636677135378e-02 7.401737891518e-03
1.300781250000e+02 -1.740808129082e-03 4.395946004106e-04 5.313062835387e-03 2.899410861033e-03 7.663054222203e-01 4.794455175499e-01 -7.795896801338e-01 -4.709491480135e-01 -1.637313887326e-02 7.430737101365e-03
1.301269530000e+02 -1.740866467098e-03 4.396282754168e-04 5.313218186424e-03 2.899053015917e-03 7.700180890409e-01 4.734660778314e-01 -7.834284806434e-01 -4.644531374281e-01 -1.637946818238e-02 7.459759007038e-03
1.301757810000e+02 -1.740924793722e-03 4.396618313149e-04 5.313372616888e-03 2.898695143721e-03 7.736844527284e-01 4.674574461387e-01 -7.872128766486e-01 -4.579264757817e-01 -1.638575924143e-02 7.488803556080e-03
1.302246090000e+02 -1.740983108493e-03 4.396952711111e-04 5.313526131691e-03 2.898337249241e-03 7.773042851768e-01 4.614199674312e-01 -7.909426234906e-01 -4.513696345034e-01 -1.639201201080e-02 7.517870695976e-03
1.302734380000e+02 -1.741041412088e-03 4.397285984834e-04 5.313678738852e-03 2.897979329919e-03 7.808774333221e-01 4.553538638757e-01 -7.946175555231e-01 -4.447829517648e-01 -1.639822657780e-02 7.546960970139e-03
1.303222660000e+02 -1.741099701554e-03 4.397618150523e-04 5.313830437015e-03 2.897621405161e-03 7.844035274048e-01 4.492597323451e-01 -7.982372862054e-01 -4.381671726190e-01 -1.640440264842e-02 7.576073134416e-03
1.303710940000e+02 -1.741157977464e-03 4.397949244747e-04 5.313981234197e-03 2.897263472354e-03 7.878824200491e-01 4.431377990057e-01 -8.018016596916e-01 -4.315226395856e-01 -1.641054031090e-02 7.605207731642e-03
1.304199220000e+02 -1.741216239145e-03 4.398279297091e-04 5.314131135270e-03 2.896905536186e-03 7.913138926048e-01 4.369884156552e-01 -8.053104486701e-01 -4.248498315814e-01 -1.641663952589e-02 7.634364709061e-03
1.304687500000e+02 -1.741274485873e-03 4.398608336992e-04 5.314280145092e-03 2.896547601312e-03 7.946977288160e-01 4.308119357696e-01 -8.087634302005e-01 -4.181492292871e-01 -1.642270025413e-02 7.663544013862e-03
1.305175780000e+02 -1.741332716871e-03 4.398936393711e-04 5.314428268507e-03 2.896189672356e-03 7.980337148326e-01 4.246087144901e-01 -8.121603857274e-01 -4.114213151037e-01 -1.642872245642e-02 7.692745593171e-03
1.305664060000e+02 -1.741390931309e-03 4.399263496325e-04 5.314575510346e-03 2.895831753905e-03 8.013216392229e-01 4.183791086102e-01 -8.155011010924e-01 -4.046665731092e-01 -1.643470609361e-02 7.721969394056e-03
1.306152340000e+02 -1.741449128303e-03 4.399589673711e-04 5.314721875423e-03 2.895473850510e-03 8.045612929852e-01 4.121234765635e-01 -8.187853665463e-01 -3.978854890148e-01 -1.644065112665e-02 7.751215363525e-03
1.306640620000e+02 -1.741507306917e-03 4.399914954531e-04 5.314867368534e-03 2.895115966686e-03 8.077524695601e-01 4.058421784100e-01 -8.220129767607e-01 -3.910785501212e-01 -1.644655751656e-02 7.780483448529e-03
1.307128910000e+02 -1.741565467356e-03 4.400239373852e-04 5.315011997415e-03 2.894758099578e-03 8.108950287008e-01 3.995354464074e-01 -8.251837951927e-01 -3.842461050928e-01 -1.645242534417e-02 7.809774196046e-03
1.307617190000e+02 -1.741623606195e-03 4.400562946574e-04 5.315155760901e-03 2.894400268277e-03 8.139886400479e-01 3.932039021555e-01 -8.282974955105e-01 -3.773889241387e-01 -1.645825433030e-02 7.839086353179e-03
1.308105470000e+02 -1.741681723534e-03 4.400885707279e-04 5.315298666707e-03 2.894042469844e-03 8.170331692982e-01 3.868477816148e-01 -8.313539512326e-01 -3.705073593983e-01 -1.646404455675e-02 7.868420466338e-03
1.308593750000e+02 -1.741739818226e-03 4.401207683622e-04 5.315440719553e-03 2.893684708626e-03 8.200284197810e-01 3.804674512216e-01 -8.343529748199e-01 -3.636019040933e-01 -1.646979598479e-02 7.897776482234e-03
1.309082030000e+02 -1.741797889075e-03 4.401528902974e-04 5.315581924142e-03 2.893326988924e-03 8.229741973279e-01 3.740632789737e-01 -8.372943832046e-01 -3.566730528162e-01 -1.647550857580e-02 7.927154347521e-03
1.309570310000e+02 -1.741855934830e-03 4.401849392397e-04 5.315722285151e-03 2.892969314992e-03 8.258703102846e-01 3.676356344161e-01 -8.401779977991e-01 -3.497213014860e-01 -1.648118229121e-02 7.956554008794e-03
1.310058590000e+02 -1.741913954191e-03 4.402169178644e-04 5.315861807237e-03 2.892611691037e-03 8.287165695232e-01 3.611848886285e-01 -8.430036445039e-01 -3.427471473048e-01 -1.648681709252e-02 7.985975412587e-03
1.310546880000e+02 -1.741971946992e-03 4.402488294662e-04 5.316000497865e-03 2.892254113891e-03 8.315128452068e-01 3.547112814039e-01 -8.457712097982e-01 -3.357509452129e-01 -1.649241305552e-02 8.015419108594e-03
1.311035160000e+02 -1.742029909454e-03 4.402806753461e-04 5.316138355962e-03 2.891896602306e-03 8.342588387592e-01 3.482154520105e-01 -8.484804152218e-01 -3.287334814138e-01 -1.649796991264e-02 8.044883837240e-03
1.311523440000e+02 -1.742087841308e-03 4.403124587300e-04 5.316275388959e-03 2.891539153010e-03 8.369544264829e-01 3.416976437038e-01 -8.511311574596e-01 -3.216951136374e-01 -1.650348774060e-02 8.074370147655e-03
1.312011720000e+02 -1.742145741051e-03 4.403441821528e-04 5.316411601413e-03 2.891181770003e-03 8.395994294746e-01 3.351582335646e-01 -8.537232804387e-01 -3.146363437774e-01 -1.650896650120e-02 8.103877986140e-03
1.312500000000e+02 -1.742203607125e-03 4.403758481108e-04 5.316546997856e-03 2.890824457227e-03 8.421936714172e-01 3.285976001398e-01 -8.562566326082e-01 -3.075576747909e-01 -1.651440615629e-02 8.133407298934e-03
1.312988280000e+02 -1.742261437924e-03 4.404074590608e-04 5.316681582789e-03 2.890467218571e-03 8.447369785920e-01 3.220161234285e-01 -8.587310669452e-01 -3.004596106539e-01 -1.651980666782e-02 8.162958032218e-03
1.313476560000e+02 -1.742319231792e-03 4.404390174182e-04 5.316815360688e-03 2.890110057862e-03 8.472291798900e-01 3.154141848674e-01 -8.611464409594e-01 -2.933426563178e-01 -1.652516799778e-02 8.192530132116e-03
1.313964840000e+02 -1.742376987025e-03 4.404705255563e-04 5.316948335998e-03 2.889752978872e-03 8.496701068246e-01 3.087921673175e-01 -8.635026166976e-01 -2.862073176651e-01 -1.653049010825e-02 8.222123544689e-03
1.314453120000e+02 -1.742434701867e-03 4.405019858046e-04 5.317080513135e-03 2.889395985312e-03 8.520595935433e-01 3.021504550494e-01 -8.657994607478e-01 -2.790541014662e-01 -1.653577296138e-02 8.251738215944e-03
1.314941410000e+02 -1.742492375699e-03 4.405334010907e-04 5.317211899168e-03 2.889039073522e-03 8.543975241898e-01 2.954892971160e-01 -8.680368894548e-01 -2.718833683063e-01 -1.654101662637e-02 8.281374698986e-03
1.315429690000e+02 -1.742550004306e-03 4.405647723663e-04 5.317342493070e-03 2.888682261708e-03 8.566836424530e-01 2.888093534073e-01 -8.702146868533e-01 -2.646959203158e-01 -1.654622085075e-02 8.311031725813e-03
1.315917970000e+02 -1.742607586973e-03 4.405961024664e-04 5.317472301865e-03 2.888325546083e-03 8.589178388633e-01 2.821108761154e-01 -8.723327796054e-01 -2.574921199867e-01 -1.655138570465e-02 8.340709848982e-03
1.316406250000e+02 -1.742665121756e-03 4.406273935335e-04 5.317601329843e-03 2.887968930106e-03 8.610999582241e-01 2.753942550062e-01 -8.743910524944e-01 -2.502724772010e-01 -1.655651115052e-02 8.370409014262e-03
1.316894530000e+02 -1.742722606663e-03 4.406586476607e-04 5.317729581263e-03 2.887612417171e-03 8.632298480324e-01 2.686598811828e-01 -8.763893948579e-01 -2.430375025099e-01 -1.656159715087e-02 8.400129167364e-03
1.317382810000e+02 -1.742780039658e-03 4.406898668898e-04 5.317857060350e-03 2.887256010604e-03 8.653073584914e-01 2.619081470712e-01 -8.783277005889e-01 -2.357877070893e-01 -1.656664366828e-02 8.429870253940e-03
1.317871090000e+02 -1.742837418660e-03 4.407210532108e-04 5.317983771297e-03 2.886899713665e-03 8.673323425218e-01 2.551394464048e-01 -8.802058681368e-01 -2.285236026971e-01 -1.657165066540e-02 8.459632219584e-03
1.318359380000e+02 -1.742894742714e-03 4.407522091985e-04 5.318109720831e-03 2.886543522251e-03 8.693046956266e-01 2.483540350802e-01 -8.820238371213e-01 -2.212455524396e-01 -1.657661820627e-02 8.489415619998e-03
1.318847660000e+02 -1.742952007302e-03 4.407833354591e-04 5.318234907916e-03 2.886187454073e-03 8.712241954092e-01 2.415525873336e-01 -8.837814406405e-01 -2.139543672201e-01 -1.658154605024e-02 8.519219180751e-03
1.319335940000e+02 -1.743009211387e-03 4.408144344585e-04 5.318359339225e-03 2.885831504886e-03 8.730907439480e-01 2.347353619369e-01 -8.854786286611e-01 -2.066504113685e-01 -1.658643426231e-02 8.549043457001e-03
1.319824220000e+02 -1.743066352710e-03 4.408455079678e-04 5.318483018810e-03 2.885475677671e-03 8.749042051536e-01 2.279027577036e-01 -8.871153178564e-01 -1.993341985356e-01 -1.659128280542e-02 8.578888394108e-03
1.320312500000e+02 -1.743123428974e-03 4.408765577008e-04 5.318605950684e-03 2.885119975334e-03 8.766644457140e-01 2.210551746791e-01 -8.886914294529e-01 -1.920062427372e-01 -1.659609164258e-02 8.608753937374e-03
1.320800780000e+02 -1.743180437839e-03 4.409075853129e-04 5.318728138825e-03 2.884764400713e-03 8.783713351063e-01 2.141930141248e-01 -8.902068892289e-01 -1.846670583114e-01 -1.660086073689e-02 8.638640032040e-03
1.321289060000e+02 -1.743237376925e-03 4.409385924003e-04 5.318849587171e-03 2.884408956568e-03 8.800247456084e-01 2.073166785025e-01 -8.916616275117e-01 -1.773171598753e-01 -1.660559005151e-02 8.668546623293e-03
1.321777340000e+02 -1.743294243813e-03 4.409695804990e-04 5.318970299626e-03 2.884053645588e-03 8.816245523110e-01 2.004265714590e-01 -8.930555791753e-01 -1.699570622828e-01 -1.661027954967e-02 8.698473656257e-03
1.322265620000e+02 -1.743351036044e-03 4.410005510838e-04 5.319090280053e-03 2.883698470386e-03 8.831706331295e-01 1.935230978098e-01 -8.943886836367e-01 -1.625872805813e-01 -1.661492919467e-02 8.728421076001e-03
1.322753910000e+02 -1.743407752282e-03 4.410315062015e-04 5.319209534711e-03 2.883343426229e-03 8.846628988244e-01 1.866065217446e-01 -8.956609102834e-01 -1.552081787575e-01 -1.661953904390e-02 8.758389441483e-03
1.323242190000e+02 -1.743464387669e-03 4.410624459345e-04 5.319328062502e-03 2.882988530122e-03 8.861011718714e-01 1.796775336734e-01 -8.968721554974e-01 -1.478205743700e-01 -1.662410887199e-02 8.788377470172e-03
1.323730470000e+02 -1.743520940797e-03 4.410933722032e-04 5.319445869623e-03 2.882633777178e-03 8.874853698434e-01 1.727364003041e-01 -8.980223989809e-01 -1.404248317630e-01 -1.662863873728e-02 8.818385720493e-03
1.324218750000e+02 -1.743577409060e-03 4.411242862297e-04 5.319562959781e-03 2.882279169704e-03 8.888153820717e-01 1.657835309665e-01 -8.991115982835e-01 -1.330214663340e-01 -1.663312860338e-02 8.848414137281e-03
1.324707030000e+02 -1.743633789816e-03 4.411551891708e-04 5.319679336642e-03 2.881924709930e-03 8.900911007713e-01 1.588193360779e-01 -9.001397154758e-01 -1.256109934624e-01 -1.663757843395e-02 8.878462665314e-03
1.325195310000e+02 -1.743690080391e-03 4.411860821175e-04 5.319795003833e-03 2.881570400010e-03 8.913124210522e-01 1.518442271265e-01 -9.011067171433e-01 -1.181939284675e-01 -1.664198819276e-02 8.908531249309e-03
1.325683590000e+02 -1.743746278076e-03 4.412169660940e-04 5.319909964940e-03 2.881216242017e-03 8.924792409312e-01 1.448586166548e-01 -9.020125743807e-01 -1.107707865667e-01 -1.664635784360e-02 8.938619833927e-03
1.326171880000e+02 -1.743802381280e-03 4.412478426897e-04 5.320024225841e-03 2.880862230699e-03 8.935914835619e-01 1.378627748697e-01 -9.028572794577e-01 -1.033419306404e-01 -1.665068743865e-02 8.968728980599e-03
1.326660160000e+02 -1.743858384932e-03 4.412787115289e-04 5.320137785359e-03 2.880508382472e-03 8.946490072513e-01 1.308574029226e-01 -9.036407778676e-01 -9.590817986670e-02 -1.665497676452e-02 8.998857400620e-03
1.327148440000e+02 -1.743914287381e-03 4.413095740648e-04 5.320250649304e-03 2.880154691921e-03 8.956517421441e-01 1.238427732461e-01 -9.043630721166e-01 -8.846989682304e-02 -1.665922587435e-02 9.029005654896e-03
1.327636720000e+02 -1.743970085796e-03 4.413404310484e-04 5.320362821097e-03 2.879801160803e-03 8.965995980001e-01 1.168193024288e-01 -9.050241512652e-01 -8.102759590421e-02 -1.666343473224e-02 9.059173687855e-03
1.328125000000e+02 -1.744025777319e-03 4.413712831618e-04 5.320474304116e-03 2.879447790796e-03 8.974924875441e-01 1.097874080277e-01 -9.056240088459e-01 -7.358179119629e-02 -1.666760330240e-02 9.089361443869e-03
1.328613280000e+02 -1.744081359063e-03 4.414021310166e-04 5.320585101698e-03 2.879094583497e-03 8.983303264770e-01 1.027475085502e-01 -9.061626428544e-01 -6.613299643578e-02 -1.667173154907e-02 9.119568867250e-03
1.329101560000e+02 -1.744136828115e-03 4.414329751536e-04 5.320695217137e-03 2.878741540425e-03 8.991130334873e-01 9.570002343685e-02 -9.066400557410e-01 -5.868172496884e-02 -1.667581943661e-02 9.149795902251e-03
1.329589840000e+02 -1.744192181537e-03 4.414638160428e-04 5.320804653685e-03 2.878388663015e-03 8.998405302624e-01 8.864537304324e-02 -9.070562544008e-01 -5.122848971077e-02 -1.667986692943e-02 9.180042493072e-03
1.330078120000e+02 -1.744247416368e-03 4.414946540827e-04 5.320913414552e-03 2.878035952626e-03 9.005127415003e-01 8.158397862191e-02 -9.074112501642e-01 -4.377380310563e-02 -1.668387399201e-02 9.210308583849e-03
1.330566410000e+02 -1.744302530750e-03 4.415254902312e-04 5.321021505111e-03 2.877683403315e-03 9.011296069866e-01 7.451611749520e-02 -9.077050641773e-01 -3.631802438833e-02 -1.668784066974e-02 9.240594739114e-03
1.331054690000e+02 -1.744357519417e-03 4.415563234797e-04 5.321128924058e-03 2.877331030719e-03 9.016910322062e-01 6.744250215668e-02 -9.079377045759e-01 -2.886197033203e-02 -1.669176676479e-02 9.270899662389e-03
1.331542970000e+02 -1.744412380472e-03 4.415871546414e-04 5.321235676694e-03 2.876978828732e-03 9.021969641567e-01 6.036341175641e-02 -9.081092025771e-01 -2.140599904294e-02 -1.669565232351e-02 9.301223917692e-03
1.332031250000e+02 -1.744467110867e-03 4.416179838253e-04 5.321341766057e-03 2.876626798391e-03 9.026473396903e-01 5.327927095180e-02 -9.082195871467e-01 -1.395062068020e-02 -1.669949731071e-02 9.331567448930e-03
1.332519530000e+02 -1.744521707534e-03 4.416488110677e-04 5.321447195142e-03 2.876274940653e-03 9.030420987262e-01 4.619050520488e-02 -9.082688916307e-01 -6.496344732630e-03 -1.670330169123e-02 9.361930199954e-03
1.333007810000e+02 -1.744576167389e-03 4.416796363311e-04 5.321551966899e-03 2.875923256392e-03 9.033811842611e-01 3.909754076339e-02 -9.082571537438e-01 9.563200204509e-04 -1.670706543003e-02 9.392312114556e-03
1.333496090000e+02 -1.744630487329e-03 4.417104595047e-04 5.321656084237e-03 2.875571746407e-03 9.036645423804e-01 3.200080464170e-02 -9.081844155568e-01 8.406865548220e-03 -1.671078849210e-02 9.422713136474e-03
1.333984380000e+02 -1.744684665347e-03 4.417412810358e-04 5.321759552133e-03 2.875220404222e-03 9.038921263587e-01 2.490057916020e-02 -9.080507201217e-01 1.585493711063e-02 -1.671447091755e-02 9.453133832583e-03
1.334472660000e+02 -1.744738696092e-03 4.417720994041e-04 5.321862369169e-03 2.874869244867e-03 9.040638791691e-01 1.779758363592e-02 -9.078561236596e-01 2.329972321395e-02 -1.671811252070e-02 9.483572900494e-03
1.334960940000e+02 -1.744792577531e-03 4.418029149092e-04 5.321964540250e-03 2.874518261703e-03 9.041797614612e-01 1.069210188976e-02 -9.076006791173e-01 3.074087086737e-02 -1.672171334263e-02 9.514030906580e-03
1.335449220000e+02 -1.744846306506e-03 4.418337271458e-04 5.322066068111e-03 2.874167455215e-03 9.042397317846e-01 3.584563808472e-03 -9.072844458582e-01 3.817787542017e-02 -1.672527334865e-02 9.544507794347e-03
1.335937500000e+02 -1.744899879851e-03 4.418645356351e-04 5.322166955441e-03 2.873816825805e-03 9.042437518318e-01 -3.524600052352e-03 -9.069074875345e-01 4.561023316208e-02 -1.672879250415e-02 9.575003507242e-03
1.336425780000e+02 -1.744953294388e-03 4.418953398244e-04 5.322267204890e-03 2.873466373800e-03 9.041917864489e-01 -1.063495848840e-02 -9.064698720720e-01 5.303744136097e-02 -1.673227077461e-02 9.605517988657e-03
1.336914060000e+02 -1.745006546931e-03 4.419261390874e-04 5.322366819062e-03 2.873116099451e-03 9.040838036465e-01 -1.774607966685e-02 -9.059716716559e-01 6.045899830038e-02 -1.673570812556e-02 9.636051181924e-03
1.337402340000e+02 -1.745059634288e-03 4.419569327242e-04 5.322465800517e-03 2.872766002930e-03 9.039197746096e-01 -2.485753114668e-02 -9.054129627151e-01 6.787440331677e-02 -1.673910452263e-02 9.666603030322e-03
1.337890620000e+02 -1.745112553258e-03 4.419877199621e-04 5.322564151776e-03 2.872416084337e-03 9.036996737088e-01 -3.196887989933e-02 -9.047938259067e-01 7.528315683659e-02 -1.674245993152e-02 9.697173477068e-03
1.338378910000e+02 -1.745165301716e-03 4.420185005848e-04 5.322661877307e-03 2.872066336533e-03 9.034234722789e-01 -3.907983795065e-02 -9.041143315671e-01 8.268491192161e-02 -1.674577438545e-02 9.727763091978e-03
1.338867190000e+02 -1.745217874293e-03 4.420492724126e-04 5.322758975539e-03 2.871716773791e-03 9.030911624043e-01 -4.618967989212e-02 -9.033745965949e-01 9.007886810939e-02 -1.674904771452e-02 9.758370565228e-03
1.339355470000e+02 -1.745270268861e-03 4.420800350839e-04 5.322855450871e-03 2.871367388821e-03 9.027027229910e-01 -5.329811669406e-02 -9.025747009372e-01 9.746468097624e-02 -1.675227995295e-02 9.788996466140e-03
1.339843750000e+02 -1.745322482205e-03 4.421107875345e-04 5.322951305647e-03 2.871018181425e-03 9.022581412529e-01 -6.040471318627e-02 -9.017147420016e-01 1.048418556740e-01 -1.675547106674e-02 9.819640737704e-03
1.340332030000e+02 -1.745374511115e-03 4.421415286281e-04 5.323046542173e-03 2.870669151331e-03 9.017574076402e-01 -6.750903371615e-02 -9.007948213413e-01 1.122098986261e-01 -1.675862102198e-02 9.850303322854e-03
1.340820310000e+02 -1.745426352378e-03 4.421722571568e-04 5.323141162708e-03 2.870320298197e-03 9.012005158491e-01 -7.461064217039e-02 -8.998150446373e-01 1.195683175629e-01 -1.676172978482e-02 9.880984164468e-03
1.341308590000e+02 -1.745478002784e-03 4.422029718411e-04 5.323235169471e-03 2.869971621609e-03 9.005874628318e-01 -8.170910199654e-02 -8.987755216807e-01 1.269166215573e-01 -1.676479732150e-02 9.911683205364e-03
1.341796880000e+02 -1.745529460180e-03 4.422336719593e-04 5.323328566545e-03 2.869623113948e-03 8.999182345255e-01 -8.880412148876e-02 -8.976763432339e-01 1.342544712243e-01 -1.676782365989e-02 9.942401017580e-03
1.342285160000e+02 -1.745580719255e-03 4.422643548333e-04 5.323421352239e-03 2.869274788936e-03 8.991928618344e-01 -9.589497266813e-02 -8.965176722767e-01 1.415810778651e-01 -1.677080864241e-02 9.973136285642e-03
1.342773440000e+02 -1.745631777870e-03 4.422950196017e-04 5.323513530563e-03 2.868926638813e-03 8.984113384061e-01 -1.029813631388e-01 -8.952996089199e-01 1.488961051761e-01 -1.677375229793e-02 1.000388958110e-02
1.343261720000e+02 -1.745682632836e-03 4.423256647041e-04 5.323605103569e-03 2.868578662893e-03 8.975736743127e-01 -1.100628548129e-01 -8.940222792102e-01 1.561990679477e-01 -1.677665459300e-02 1.003466084656e-02
1.343750000000e+02 -1.745733280973e-03 4.423562885121e-04 5.323696073264e-03 2.868230860420e-03 8.966798829300e-01 -1.171390092748e-01 -8.926858132108e-01 1.634894824858e-01 -1.677951549424e-02 1.006545002453e-02
1.344238280000e+02 -1.745783719108e-03 4.423868893285e-04 5.323786441615e-03 2.867883230577e-03 8.957299809466e-01 -1.242093878039e-01 -8.912903449812e-01 1.707668666447e-01 -1.678233496835e-02 1.009625705752e-02
1.344726560000e+02 -1.745833944080e-03 4.424174653888e-04 5.323876210549e-03 2.867535772479e-03 8.947239883727e-01 -1.312735513974e-01 -8.898360125582e-01 1.780307398614e-01 -1.678511298210e-02 1.012708188793e-02
1.345214840000e+02 -1.745883952742e-03 4.424480148614e-04 5.323965381950e-03 2.867188485181e-03 8.936619285495e-01 -1.383310607938e-01 -8.883229579346e-01 1.852806231883e-01 -1.678784950236e-02 1.015792445814e-02
1.345703120000e+02 -1.745933741957e-03 4.424785358487e-04 5.324053957662e-03 2.866841367674e-03 8.925438281578e-01 -1.453814764957e-01 -8.867513270397e-01 1.925160393262e-01 -1.679054449605e-02 1.018878471045e-02
1.346191410000e+02 -1.745983309616e-03 4.425090270115e-04 5.324141941284e-03 2.866494411786e-03 8.913696926076e-01 -1.524245029524e-01 -8.851212357369e-01 1.997366603765e-01 -1.679319798411e-02 1.021966321968e-02
1.346679690000e+02 -1.746032650581e-03 4.425394850730e-04 5.324229330975e-03 2.866147630599e-03 8.901396033773e-01 -1.594594117812e-01 -8.834329045350e-01 2.069417166751e-01 -1.679580982494e-02 1.025055866325e-02
1.347167970000e+02 -1.746081762782e-03 4.425699085661e-04 5.324316130266e-03 2.865801015820e-03 8.888535737462e-01 -1.664859072369e-01 -8.816864582600e-01 2.141308840934e-01 -1.679838004047e-02 1.028147161552e-02
1.347656250000e+02 -1.746130643144e-03 4.426002953358e-04 5.324402340840e-03 2.865454566204e-03 8.875116438397e-01 -1.735035491165e-01 -8.798820583751e-01 2.213036922497e-01 -1.680090859797e-02 1.031240201856e-02
1.348144530000e+02 -1.746179288616e-03 4.426306431649e-04 5.324487964338e-03 2.865108280452e-03 8.861138571650e-01 -1.805118971005e-01 -8.780198701734e-01 2.284596725711e-01 -1.680339546475e-02 1.034334981440e-02
1.348632810000e+02 -1.746227696164e-03 4.426609497749e-04 5.324573002365e-03 2.864762157209e-03 8.846602606196e-01 -1.875105107774e-01 -8.761000627554e-01 2.355983583250e-01 -1.680584060821e-02 1.037431494501e-02
1.349121090000e+02 -1.746275862775e-03 4.426912128267e-04 5.324657456485e-03 2.864416195067e-03 8.831509044986e-01 -1.944989496680e-01 -8.741228090071e-01 2.427192846496e-01 -1.680824399586e-02 1.040529735231e-02
1.349609380000e+02 -1.746323786439e-03 4.427214305404e-04 5.324741329935e-03 2.864070385485e-03 8.815858098803e-01 -2.014769160452e-01 -8.720882433245e-01 2.498221338590e-01 -1.681060564318e-02 1.043629761319e-02
1.350097660000e+02 -1.746371462228e-03 4.427515992210e-04 5.324824620765e-03 2.863724741119e-03 8.799650979850e-01 -2.084436835493e-01 -8.699966294337e-01 2.569061539897e-01 -1.681292542109e-02 1.046731439973e-02
1.350585940000e+02 -1.746418888182e-03 4.427817169737e-04 5.324907332147e-03 2.863379253323e-03 8.782887978653e-01 -2.153989546642e-01 -8.678481103589e-01 2.639710316279e-01 -1.681520334611e-02 1.049834828836e-02
1.351074220000e+02 -1.746466061388e-03 4.428117812272e-04 5.324989465491e-03 2.863033920491e-03 8.765569734841e-01 -2.223422888900e-01 -8.656428738991e-01 2.710163096996e-01 -1.681743938605e-02 1.052939922077e-02
1.351562500000e+02 -1.746512978956e-03 4.428417893556e-04 5.325071022169e-03 2.862688740969e-03 8.747696922396e-01 -2.292732457845e-01 -8.633811115235e-01 2.780415331520e-01 -1.681963350877e-02 1.056046713859e-02
1.352050780000e+02 -1.746559638025e-03 4.428717386781e-04 5.325152003515e-03 2.862343713057e-03 8.729270249720e-01 -2.361913849890e-01 -8.610630183476e-01 2.850462489828e-01 -1.682178568225e-02 1.059155198340e-02
1.352539060000e+02 -1.746606035764e-03 4.429016264611e-04 5.325232410825e-03 2.861998835014e-03 8.710290459704e-01 -2.430962662543e-01 -8.586887931095e-01 2.920300062691e-01 -1.682389587454e-02 1.062265369674e-02
1.353027340000e+02 -1.746652169372e-03 4.429314499186e-04 5.325312245359e-03 2.861654105054e-03 8.690758329795e-01 -2.499874494662e-01 -8.562586381452e-01 2.989923561960e-01 -1.682596405374e-02 1.065377222005e-02
1.353515620000e+02 -1.746698036078e-03 4.429612062141e-04 5.325391508341e-03 2.861309521353e-03 8.670674672061e-01 -2.568644946720e-01 -8.537727593649e-01 3.059328520846e-01 -1.682799018808e-02 1.068490749475e-02
1.354003910000e+02 -1.746743634076e-03 4.429908930685e-04 5.325470202561e-03 2.860965074994e-03 8.650039905027e-01 -2.637271024979e-01 -8.512313136128e-01 3.128511908737e-01 -1.682997428603e-02 1.071606010036e-02
1.354492190000e+02 -1.746788958795e-03 4.430205063313e-04 5.325548325946e-03 2.860620778185e-03 8.628855755387e-01 -2.705745522981e-01 -8.486346179720e-01 3.197466468626e-01 -1.683191623468e-02 1.074722870220e-02
1.354980470000e+02 -1.746834008501e-03 4.430500436290e-04 5.325625881229e-03 2.860276621932e-03 8.607122722483e-01 -2.774065454568e-01 -8.459828374455e-01 3.266189218624e-01 -1.683381604357e-02 1.077841387932e-02
1.355468750000e+02 -1.746878780560e-03 4.430795019341e-04 5.325702869486e-03 2.859932604264e-03 8.584841757475e-01 -2.842226429315e-01 -8.432761919906e-01 3.334675780152e-01 -1.683567368119e-02 1.080961557293e-02
1.355957030000e+02 -1.746923272374e-03 4.431088781741e-04 5.325779291762e-03 2.859588723176e-03 8.562013846436e-01 -2.910224059741e-01 -8.405149050134e-01 3.402921797359e-01 -1.683748911618e-02 1.084083372413e-02
1.356445310000e+02 -1.746967481384e-03 4.431381692333e-04 5.325855149063e-03 2.859244976634e-03 8.538640010411e-01 -2.978053961582e-01 -8.376992033431e-01 3.470922937387e-01 -1.683926231721e-02 1.087206827403e-02
1.356933590000e+02 -1.747011405067e-03 4.431673719541e-04 5.325930442362e-03 2.858901362573e-03 8.514721305464e-01 -3.045711754067e-01 -8.348293172062e-01 3.538674890632e-01 -1.684099325305e-02 1.090331916363e-02
1.357421880000e+02 -1.747055041834e-03 4.431964837335e-04 5.326005174123e-03 2.858557871866e-03 8.490258316178e-01 -3.113194440371e-01 -8.319054197697e-01 3.606174750746e-01 -1.684268192671e-02 1.093458697442e-02
1.357910160000e+02 -1.747098387455e-03 4.432255001416e-04 5.326079342187e-03 2.858214516465e-03 8.465253170809e-01 -3.180494883414e-01 -8.289278677415e-01 3.673415490582e-01 -1.684432823795e-02 1.096587036661e-02
1.358398440000e+02 -1.747141440426e-03 4.432544185005e-04 5.326152948963e-03 2.857871287190e-03 8.439706535348e-01 -3.247610098391e-01 -8.258968420550e-01 3.740394256811e-01 -1.684593219081e-02 1.099716992124e-02
1.358886720000e+02 -1.747184198391e-03 4.432832354985e-04 5.326225995285e-03 2.857528181875e-03 8.413619606414e-01 -3.314535721258e-01 -8.228125862650e-01 3.807106835387e-01 -1.684749375437e-02 1.102848557911e-02
1.359375000000e+02 -1.747226659035e-03 4.433119477890e-04 5.326298481957e-03 2.857185198333e-03 8.386993615879e-01 -3.381267392851e-01 -8.196753471918e-01 3.873549036772e-01 -1.684901289782e-02 1.105981728097e-02
1.359863280000e+02 -1.747268820088e-03 4.433405519922e-04 5.326370409748e-03 2.856842334357e-03 8.359829830898e-01 -3.447800759168e-01 -8.164853748945e-01 3.939716696183e-01 -1.685048959043e-02 1.109116496750e-02
1.360351560000e+02 -1.747310679325e-03 4.433690446958e-04 5.326441779396e-03 2.856499587723e-03 8.332129553948e-01 -3.514131471658e-01 -8.132429226443e-01 4.005605673824e-01 -1.685192380153e-02 1.112252857934e-02
1.360839840000e+02 -1.747352234568e-03 4.433974224575e-04 5.326512591604e-03 2.856156956189e-03 8.303894122866e-01 -3.580255187505e-01 -8.099482468972e-01 4.071211855129e-01 -1.685331550054e-02 1.115390805707e-02
1.361328120000e+02 -1.747393483684e-03 4.434256818059e-04 5.326582847044e-03 2.855814437501e-03 8.275124910876e-01 -3.646167569914e-01 -8.066016072663e-01 4.136531150989e-01 -1.685466465699e-02 1.118530334121e-02
1.361816410000e+02 -1.747434425424e-03 4.434538198169e-04 5.326652547779e-03 2.855472022380e-03 8.245822721080e-01 -3.711865631637e-01 -8.032031963693e-01 4.201560826760e-01 -1.685597126677e-02 1.121671501571e-02
1.362304690000e+02 -1.747475056076e-03 4.434818318130e-04 5.326721691561e-03 2.855129722571e-03 8.215990197790e-01 -3.777342357775e-01 -7.997534192527e-01 4.266294181298e-01 -1.685723524606e-02 1.124814173437e-02
1.362792970000e+02 -1.747515374494e-03 4.435097148225e-04 5.326790280401e-03 2.854787528774e-03 8.185628225915e-01 -3.842594779039e-01 -7.962524757672e-01 4.330728538009e-01 -1.685845659179e-02 1.127958408069e-02
1.363281250000e+02 -1.747555378743e-03 4.435374652734e-04 5.326858314844e-03 2.854445438692e-03 8.154738320512e-01 -3.907618585633e-01 -7.927006378801e-01 4.394859911880e-01 -1.685963527381e-02 1.131104199498e-02
1.363769530000e+02 -1.747595066936e-03 4.435650795721e-04 5.326925795405e-03 2.854103450025e-03 8.123322032148e-01 -3.972409475242e-01 -7.890981805773e-01 4.458684344468e-01 -1.686077126205e-02 1.134251541749e-02
1.364257810000e+02 -1.747634437239e-03 4.435925541062e-04 5.326992722567e-03 2.853761560467e-03 8.091380946924e-01 -4.036963153334e-01 -7.854453818353e-01 4.522197904116e-01 -1.686186452651e-02 1.137400428843e-02
1.364746090000e+02 -1.747673487871e-03 4.436198852443e-04 5.327059096784e-03 2.853419767710e-03 8.058916686489e-01 -4.101275333454e-01 -7.817425225930e-01 4.585396686160e-01 -1.686291503728e-02 1.140550854793e-02
1.365234380000e+02 -1.747712217893e-03 4.436470698942e-04 5.327124919822e-03 2.853078062448e-03 8.025930227170e-01 -4.165343047062e-01 -7.779898093615e-01 4.648278097640e-01 -1.686392278474e-02 1.143702878176e-02
1.365722660000e+02 -1.747750624044e-03 4.436741032804e-04 5.327190189378e-03 2.852736456370e-03 7.992424612873e-01 -4.229159400519e-01 -7.741876826323e-01 4.710835712856e-01 -1.686488769787e-02 1.146856363891e-02
1.366210940000e+02 -1.747788705500e-03 4.437009822857e-04 5.327254907170e-03 2.852394940173e-03 7.958400901736e-01 -4.292721448023e-01 -7.703363557154e-01 4.773067000422e-01 -1.686580976809e-02 1.150011370472e-02
1.366699220000e+02 -1.747826460695e-03 4.437277032231e-04 5.327319073532e-03 2.852053511556e-03 7.923860857692e-01 -4.356024938438e-01 -7.664361211143e-01 4.834968165689e-01 -1.686668896582e-02 1.153167891913e-02
1.367187500000e+02 -1.747863888119e-03 4.437542623959e-04 5.327382688769e-03 2.851712168225e-03 7.888806280261e-01 -4.419065630218e-01 -7.624872741516e-01 4.896535442001e-01 -1.686752526158e-02 1.156325922200e-02
1.367675780000e+02 -1.747900986318e-03 4.437806560989e-04 5.327445753158e-03 2.851370907893e-03 7.853239004542e-01 -4.481839291714e-01 -7.584901129407e-01 4.957765090890e-01 -1.686831862596e-02 1.159485455316e-02
1.368164060000e+02 -1.747937753896e-03 4.438068806207e-04 5.327508266945e-03 2.851029728285e-03 7.817160901216e-01 -4.544341701476e-01 -7.544449383558e-01 5.018653402259e-01 -1.686906902965e-02 1.162646485236e-02
1.368652340000e+02 -1.747974189514e-03 4.438329322445e-04 5.327570230350e-03 2.850688627135e-03 7.780573876533e-01 -4.606568648564e-01 -7.503520540040e-01 5.079196694568e-01 -1.686977644340e-02 1.165809005932e-02
1.369140620000e+02 -1.748010291890e-03 4.438588072507e-04 5.327631643564e-03 2.850347602190e-03 7.743479872311e-01 -4.668515932862e-01 -7.462117661948e-01 5.139391315012e-01 -1.687044083808e-02 1.168973011369e-02
1.369628910000e+02 -1.748046060530e-03 4.438845024421e-04 5.327692507990e-03 2.850006644229e-03 7.705880090729e-01 -4.730180625315e-01 -7.420242976738e-01 5.199234861645e-01 -1.687106219690e-02 1.172138560352e-02
1.370117190000e+02 -1.748081492805e-03 4.439100130449e-04 5.327752821270e-03 2.849665764998e-03 7.667778084786e-01 -4.791556022570e-01 -7.377901315899e-01 5.258721288456e-01 -1.687164046543e-02 1.175305517178e-02
1.370605470000e+02 -1.748116588346e-03 4.439353358675e-04 5.327812584764e-03 2.849324955307e-03 7.629175138042e-01 -4.852639224628e-01 -7.335094969091e-01 5.317848259098e-01 -1.687217562795e-02 1.178473940609e-02
1.371093750000e+02 -1.748151346109e-03 4.439604671940e-04 5.327871798550e-03 2.848984212974e-03 7.590073334421e-01 -4.913426077772e-01 -7.291827104597e-01 5.376612237456e-01 -1.687266765564e-02 1.181643824591e-02
1.371582030000e+02 -1.748185765110e-03 4.439854033131e-04 5.327930462682e-03 2.848643535833e-03 7.550474793319e-01 -4.973912440670e-01 -7.248100916253e-01 5.435009717007e-01 -1.687311651979e-02 1.184815163062e-02
1.372070310000e+02 -1.748219844424e-03 4.440101405205e-04 5.327988577185e-03 2.848302921745e-03 7.510381669585e-01 -5.034094184691e-01 -7.203919623159e-01 5.493037220979e-01 -1.687352219176e-02 1.187987949956e-02
1.372558590000e+02 -1.748253583190e-03 4.440346751203e-04 5.328046142057e-03 2.847962368592e-03 7.469796153484e-01 -5.093967194226e-01 -7.159286469377e-01 5.550691302511e-01 -1.687388464300e-02 1.191162179200e-02
1.373046880000e+02 -1.748286981286e-03 4.440590039229e-04 5.328103158433e-03 2.847621867311e-03 7.428719624431e-01 -5.153528583564e-01 -7.114203795786e-01 5.607969713967e-01 -1.687420385114e-02 1.194337909771e-02
1.373535160000e+02 -1.748320036606e-03 4.440831222577e-04 5.328159623922e-03 2.847281429786e-03 7.387156025932e-01 -5.212771824429e-01 -7.068676742090e-01 5.664866722626e-01 -1.687447977474e-02 1.197515005510e-02
1.374023440000e+02 -1.748352749159e-03 4.441070269644e-04 5.328215539617e-03 2.846941047008e-03 7.345106818080e-01 -5.271694065192e-01 -7.022707706756e-01 5.721380149188e-01 -1.687471239247e-02 1.200693525352e-02
1.374511720000e+02 -1.748385118332e-03 4.441307143973e-04 5.328270905411e-03 2.846600716972e-03 7.302574332460e-01 -5.330291245511e-01 -6.976300030714e-01 5.777506667946e-01 -1.687490167615e-02 1.203873463205e-02
1.375000000000e+02 -1.748417143571e-03 4.441541809279e-04 5.328325721169e-03 2.846260437707e-03 7.259560935879e-01 -5.388559319663e-01 -6.929457078362e-01 5.833242983849e-01 -1.687504759764e-02 1.207054812970e-02
1.375488280000e+02 -1.748448824388e-03 4.441774229454e-04 5.328379986734e-03 2.845920207273e-03 7.216069030321e-01 -5.446494256866e-01 -6.882182237264e-01 5.888585832633e-01 -1.687515012893e-02 1.210237568544e-02
1.375976560000e+02 -1.748480160357e-03 4.442004368594e-04 5.328433701919e-03 2.845580023766e-03 7.172101052894e-01 -5.504092041605e-01 -6.834478917853e-01 5.943531980964e-01 -1.687520924207e-02 1.213421723817e-02
1.376464840000e+02 -1.748511151115e-03 4.442232191010e-04 5.328486866515e-03 2.845239885318e-03 7.127659475777e-01 -5.561348673951e-01 -6.786350553124e-01 5.998078226561e-01 -1.687522490921e-02 1.216607272676e-02
1.376953120000e+02 -1.748541796364e-03 4.442457661245e-04 5.328539480285e-03 2.844899790100e-03 7.082746806158e-01 -5.618260169891e-01 -6.737800598339e-01 6.052221398334e-01 -1.687519710257e-02 1.219794209001e-02
1.377441410000e+02 -1.748572096483e-03 4.442680748637e-04 5.328591544029e-03 2.844559729355e-03 7.037364651988e-01 -5.674823716450e-01 -6.688831523594e-01 6.105959452861e-01 -1.687512579258e-02 1.222982591979e-02
1.377929690000e+02 -1.748602050062e-03 4.442901409101e-04 5.328643055328e-03 2.844219715262e-03 6.991517449154e-01 -5.731033045551e-01 -6.639448833570e-01 6.159287080677e-01 -1.687501095457e-02 1.226172284885e-02
1.378417970000e+02 -1.748631657616e-03 4.443119612567e-04 5.328694014940e-03 2.843879739146e-03 6.945206884879e-01 -5.786885384864e-01 -6.589655049907e-01 6.212202309701e-01 -1.687485256001e-02 1.229363346869e-02
1.378906250000e+02 -1.748660919101e-03 4.443335324668e-04 5.328744422531e-03 2.843539799341e-03 6.898435605752e-01 -5.842376817292e-01 -6.539453713904e-01 6.264702094823e-01 -1.687465058150e-02 1.232555771788e-02
1.379394530000e+02 -1.748689834537e-03 4.443548511347e-04 5.328794277737e-03 2.843199894225e-03 6.851206293032e-01 -5.897503443282e-01 -6.488848387608e-01 6.316783422715e-01 -1.687440499170e-02 1.235749553498e-02
1.379882810000e+02 -1.748718404010e-03 4.443759138874e-04 5.328843580172e-03 2.842860022222e-03 6.803521662574e-01 -5.952261381158e-01 -6.437842653519e-01 6.368443311948e-01 -1.687411576338e-02 1.238944685849e-02
1.380371090000e+02 -1.748746627667e-03 4.443967173863e-04 5.328892329425e-03 2.842520181802e-03 6.755384464741e-01 -6.006646767444e-01 -6.386440114285e-01 6.419678813094e-01 -1.687378286939e-02 1.242141162684e-02
1.380859380000e+02 -1.748774506287e-03 4.444172587460e-04 5.328940526042e-03 2.842180364524e-03 6.706796484674e-01 -6.060656859424e-01 -6.334643327617e-01 6.470488044993e-01 -1.687340627451e-02 1.245339043347e-02
1.381347660000e+02 -1.748802039006e-03 4.444375338595e-04 5.328988167586e-03 2.841840582874e-03 6.657762531678e-01 -6.114285618735e-01 -6.282458057168e-01 6.520866041378e-01 -1.687298596720e-02 1.248538190688e-02
1.381835940000e+02 -1.748829226739e-03 4.444575399233e-04 5.329035254566e-03 2.841500828510e-03 6.608284468659e-01 -6.167530348462e-01 -6.229886907448e-01 6.570810994384e-01 -1.687252191330e-02 1.251738664016e-02
1.382324220000e+02 -1.748856069888e-03 4.444772737503e-04 5.329081786473e-03 2.841161100101e-03 6.558365183143e-01 -6.220387261232e-01 -6.176933558665e-01 6.620320083609e-01 -1.687201408603e-02 1.254940457152e-02
1.382812500000e+02 -1.748882568924e-03 4.444967321952e-04 5.329127762771e-03 2.840821396369e-03 6.508007596706e-01 -6.272852589523e-01 -6.123601709665e-01 6.669390521146e-01 -1.687146245868e-02 1.258143563915e-02
1.383300780000e+02 -1.748908724376e-03 4.445159121560e-04 5.329173182903e-03 2.840481716088e-03 6.457214664873e-01 -6.324922585994e-01 -6.069895077622e-01 6.718019551667e-01 -1.687086700464e-02 1.261347978118e-02
1.383789060000e+02 -1.748934536840e-03 4.445348105749e-04 5.329218046286e-03 2.840142058087e-03 6.405989377011e-01 -6.376593523812e-01 -6.015817397742e-01 6.766204452515e-01 -1.687022769739e-02 1.264553693570e-02
1.384277340000e+02 -1.748960006974e-03 4.445534244400e-04 5.329262352313e-03 2.839802421251e-03 6.354334756220e-01 -6.427861696988e-01 -5.961372422958e-01 6.813942533781e-01 -1.686954451049e-02 1.267760704073e-02
1.384765620000e+02 -1.748985135499e-03 4.445717507867e-04 5.329306100352e-03 2.839462804521e-03 6.302253859218e-01 -6.478723420700e-01 -5.906563923627e-01 6.861231138389e-01 -1.686881741761e-02 1.270969003424e-02
1.385253910000e+02 -1.749009923705e-03 4.445897870653e-04 5.329349290627e-03 2.839123199941e-03 6.249748696628e-01 -6.529176060657e-01 -5.851394553725e-01 6.908068596735e-01 -1.686804637625e-02 1.274178651163e-02
1.385742190000e+02 -1.749034371421e-03 4.446075296710e-04 5.329391920690e-03 2.838783620478e-03 6.196824542679e-01 -6.579213908806e-01 -5.795870377320e-01 6.954450399160e-01 -1.686723139184e-02 1.277389509612e-02
1.386230470000e+02 -1.749058480069e-03 4.446249761609e-04 5.329433990725e-03 2.838444058291e-03 6.143483483267e-01 -6.628834383285e-01 -5.739994089059e-01 7.000374951381e-01 -1.686637242295e-02 1.280601638273e-02
1.386718750000e+02 -1.749082250618e-03 4.446421237729e-04 5.329475500007e-03 2.838104512556e-03 6.089728708383e-01 -6.678033887261e-01 -5.683769525993e-01 7.045839728383e-01 -1.686546944361e-02 1.283815030922e-02
1.387207030000e+02 -1.749105684103e-03 4.446589697979e-04 5.329516447781e-03 2.837764982510e-03 6.035563441015e-01 -6.726808846722e-01 -5.627200541089e-01 7.090842238336e-01 -1.686452242794e-02 1.287029681334e-02
1.387695310000e+02 -1.749128781617e-03 4.446755115824e-04 5.329556833273e-03 2.837425467448e-03 5.980990937012e-01 -6.775155710806e-01 -5.570291002937e-01 7.135380022659e-01 -1.686353135013e-02 1.290245583274e-02
1.388183590000e+02 -1.749151544314e-03 4.446917465287e-04 5.329596655682e-03 2.837085966730e-03 5.926014484947e-01 -6.823070952134e-01 -5.513044795451e-01 7.179450656076e-01 -1.686249618448e-02 1.293462730506e-02
1.388671880000e+02 -1.749173973867e-03 4.447076724195e-04 5.329635914981e-03 2.836746472827e-03 5.870636267771e-01 -6.870552035050e-01 -5.455464634964e-01 7.223052634803e-01 -1.686141688283e-02 1.296681182712e-02
1.389160160000e+02 -1.749196070633e-03 4.447232861209e-04 5.329674608713e-03 2.836406999128e-03 5.814861907381e-01 -6.917593535272e-01 -5.397556793643e-01 7.266181814400e-01 -1.686029346385e-02 1.299900801818e-02
1.389648440000e+02 -1.749217836409e-03 4.447385855398e-04 5.329712736817e-03 2.836067538228e-03 5.758693659615e-01 -6.964192974698e-01 -5.339324023751e-01 7.308836767611e-01 -1.685912588047e-02 1.303121647473e-02
1.390136720000e+02 -1.749239272591e-03 4.447535683151e-04 5.329750298394e-03 2.835728089743e-03 5.702134942479e-01 -7.010346923156e-01 -5.280770267503e-01 7.351015202922e-01 -1.685791410735e-02 1.306343713418e-02
1.390625000000e+02 -1.749260380631e-03 4.447682321471e-04 5.329787292523e-03 2.835388653350e-03 5.645189205947e-01 -7.056051975596e-01 -5.221899480949e-01 7.392714862385e-01 -1.685665811924e-02 1.309566993391e-02
1.391113280000e+02 -1.749281162043e-03 4.447825747990e-04 5.329823718259e-03 2.835049228792e-03 5.587859931810e-01 -7.101304752418e-01 -5.162715633676e-01 7.433933521651e-01 -1.685535789099e-02 1.312791481125e-02
1.391601560000e+02 -1.749301618396e-03 4.447965940979e-04 5.329859574632e-03 2.834709815879e-03 5.530150633500e-01 -7.146101899792e-01 -5.103222708513e-01 7.474668990017e-01 -1.685401339754e-02 1.316017170346e-02
1.392089840000e+02 -1.749321751316e-03 4.448102879360e-04 5.329894860649e-03 2.834370414487e-03 5.472064855929e-01 -7.190440089993e-01 -5.043424701234e-01 7.514919110458e-01 -1.685262461392e-02 1.319244054777e-02
1.392578120000e+02 -1.749341562487e-03 4.448236542707e-04 5.329929575290e-03 2.834031024557e-03 5.413606175314e-01 -7.234316021715e-01 -4.983325620268e-01 7.554681759661e-01 -1.685119151527e-02 1.322472128135e-02
1.393066410000e+02 -1.749361054046e-03 4.448366913902e-04 5.329963718207e-03 2.833691639149e-03 5.354776990440e-01 -7.277727304661e-01 -4.922928246472e-01 7.593955647350e-01 -1.684971404608e-02 1.325701450281e-02
1.393554690000e+02 -1.749380226989e-03 4.448493968526e-04 5.329997286933e-03 2.833352272238e-03 5.295583349264e-01 -7.320668913199e-01 -4.862239086602e-01 7.632737109068e-01 -1.684819224219e-02 1.328931882652e-02
1.394042970000e+02 -1.749399083568e-03 4.448617690885e-04 5.330030281084e-03 2.833012917017e-03 5.236027719809e-01 -7.363138521064e-01 -4.801260951400e-01 7.671024932159e-01 -1.684662604920e-02 1.332163485073e-02
1.394531250000e+02 -1.749417625689e-03 4.448738063281e-04 5.330062699541e-03 2.832673573698e-03 5.176113801707e-01 -7.405132935881e-01 -4.739997896982e-01 7.708817128456e-01 -1.684501544261e-02 1.335396251243e-02
1.395019530000e+02 -1.749435855309e-03 4.448855068710e-04 5.330094541166e-03 2.832334242558e-03 5.115845324975e-01 -7.446648993311e-01 -4.678453990658e-01 7.746111743637e-01 -1.684336039801e-02 1.338630174854e-02
1.395507810000e+02 -1.749453774440e-03 4.448968690881e-04 5.330125804792e-03 2.831994923943e-03 5.055226049818e-01 -7.487683557368e-01 -4.616633310641e-01 7.782906857240e-01 -1.684166089110e-02 1.341865249594e-02
1.395996090000e+02 -1.749471385144e-03 4.449078914216e-04 5.330156489231e-03 2.831655618268e-03 4.994259766429e-01 -7.528233520743e-01 -4.554539945764e-01 7.819200582686e-01 -1.683991689765e-02 1.345101469147e-02
1.396484380000e+02 -1.749488689888e-03 4.449185726013e-04 5.330186593878e-03 2.831316319065e-03 4.932949035680e-01 -7.568296620576e-01 -4.492176715290e-01 7.854991795110e-01 -1.683812835646e-02 1.348338893505e-02
1.396972660000e+02 -1.749505690129e-03 4.449289107775e-04 5.330216116261e-03 2.830977040780e-03 4.871300218439e-01 -7.607868166845e-01 -4.429550282846e-01 7.890277209712e-01 -1.683629531675e-02 1.351577383738e-02
1.397460940000e+02 -1.749522388439e-03 4.449389048334e-04 5.330245055738e-03 2.830637777083e-03 4.809315941517e-01 -7.646945965639e-01 -4.366663492953e-01 7.925055779767e-01 -1.683441771843e-02 1.354816999804e-02
1.397949220000e+02 -1.749538787085e-03 4.449485535042e-04 5.330273411021e-03 2.830298528658e-03 4.747000112997e-01 -7.685527027499e-01 -4.303520474048e-01 7.959325754315e-01 -1.683249553764e-02 1.358057735369e-02
1.398437500000e+02 -1.749554888379e-03 4.449578556000e-04 5.330301180796e-03 2.829959296257e-03 4.684356669900e-01 -7.723608393215e-01 -4.240125363755e-01 7.993085416316e-01 -1.683052875066e-02 1.361299584089e-02
1.398925780000e+02 -1.749570694682e-03 4.449668100061e-04 5.330328363725e-03 2.829620080699e-03 4.621389577960e-01 -7.761187134132e-01 -4.176482308607e-01 8.026333082649e-01 -1.682851733383e-02 1.364542539622e-02
1.399414060000e+02 -1.749586208403e-03 4.449754156836e-04 5.330354958443e-03 2.829280882871e-03 4.558102831401e-01 -7.798260352465e-01 -4.112595463760e-01 8.059067104112e-01 -1.682646126361e-02 1.367786595615e-02
1.399902340000e+02 -1.749601431995e-03 4.449836716697e-04 5.330380963563e-03 2.828941703726e-03 4.494500452704e-01 -7.834825181601e-01 -4.048468992717e-01 8.091285865419e-01 -1.682436051652e-02 1.371031745714e-02
1.400390620000e+02 -1.749616367958e-03 4.449915770782e-04 5.330406377669e-03 2.828602544284e-03 4.430586492376e-01 -7.870878786413e-01 -3.984107067048e-01 8.122987785189e-01 -1.682221506922e-02 1.374277983559e-02
1.400878910000e+02 -1.749631019133e-03 4.449991312512e-04 5.330431199827e-03 2.828263398685e-03 4.366363710335e-01 -7.906419086127e-01 -3.919512540898e-01 8.154171949264e-01 -1.682002485313e-02 1.377525369301e-02
1.401367190000e+02 -1.749645387506e-03 4.450063331472e-04 5.330455427553e-03 2.827924281972e-03 4.301838843011e-01 -7.941441853739e-01 -3.854692246951e-01 8.184835566746e-01 -1.681778993479e-02 1.380773763562e-02
1.401855470000e+02 -1.749659476010e-03 4.450131822708e-04 5.330479059875e-03 2.827585188416e-03 4.237014711427e-01 -7.975945083514e-01 -3.789649058790e-01 8.214977801873e-01 -1.681551024673e-02 1.384023226460e-02
1.402343750000e+02 -1.749673287317e-03 4.450196780457e-04 5.330502095276e-03 2.827246119299e-03 4.171895475784e-01 -8.009926069284e-01 -3.724387177480e-01 8.244597208787e-01 -1.681318576598e-02 1.387273751618e-02
1.402832030000e+02 -1.749686824138e-03 4.450258199738e-04 5.330524532217e-03 2.826907075967e-03 4.106485323087e-01 -8.043382137869e-01 -3.658910810770e-01 8.273692375473e-01 -1.681081646965e-02 1.390525332652e-02
1.403320310000e+02 -1.749700089225e-03 4.450316076359e-04 5.330546369132e-03 2.826568059830e-03 4.040788466885e-01 -8.076310649376e-01 -3.593224172827e-01 8.302261923736e-01 -1.680840233498e-02 1.393777963174e-02
1.403808590000e+02 -1.749713085368e-03 4.450370406908e-04 5.330567604430e-03 2.826229072360e-03 3.974809147016e-01 -8.108708997492e-01 -3.527331483958e-01 8.330304509180e-01 -1.680594333927e-02 1.397031636791e-02
1.404296880000e+02 -1.749725815655e-03 4.450421189764e-04 5.330588236911e-03 2.825890108152e-03 3.908550269564e-01 -8.140575256913e-01 -3.461235614689e-01 8.357819379260e-01 -1.680343940820e-02 1.400286413774e-02
1.404785160000e+02 -1.749738282430e-03 4.450468421015e-04 5.330608264087e-03 2.825551182688e-03 3.842018840137e-01 -8.171905584100e-01 -3.394943504119e-01 8.384804130094e-01 -1.680089062184e-02 1.403542154406e-02
1.405273440000e+02 -1.749750488856e-03 4.450512100689e-04 5.330627684721e-03 2.825212290682e-03 3.775217821715e-01 -8.202698133301e-01 -3.328458037808e-01 8.411258087437e-01 -1.679829690698e-02 1.406798918928e-02
1.405761720000e+02 -1.749762437870e-03 4.450552228529e-04 5.330646497118e-03 2.824873433856e-03 3.708151556618e-01 -8.232950435430e-01 -3.261783457952e-01 8.437180041824e-01 -1.679565824133e-02 1.410056700928e-02
1.406250000000e+02 -1.749774132443e-03 4.450588805065e-04 5.330664699560e-03 2.824534613988e-03 3.640824412095e-01 -8.262660056421e-01 -3.194924011560e-01 8.462568817446e-01 -1.679297460269e-02 1.413315493991e-02
1.406738280000e+02 -1.749785575578e-03 4.450621831617e-04 5.330682290302e-03 2.824195832915e-03 3.573240780053e-01 -8.291824597515e-01 -3.127883950182e-01 8.487423272117e-01 -1.679024596897e-02 1.416575291697e-02
1.407226560000e+02 -1.749796770308e-03 4.450651310286e-04 5.330699267575e-03 2.823857092533e-03 3.505405076763e-01 -8.320441695533e-01 -3.060667529651e-01 8.511742297233e-01 -1.678747231816e-02 1.419836087620e-02
1.407714840000e+02 -1.749807719701e-03 4.450677243970e-04 5.330715629582e-03 2.823518394796e-03 3.437321742578e-01 -8.348509023162e-01 -2.993279009823e-01 8.535524817734e-01 -1.678465362838e-02 1.423097875331e-02
1.408203120000e+02 -1.749818426851e-03 4.450699636343e-04 5.330731374503e-03 2.823179741712e-03 3.368995241635e-01 -8.376024289222e-01 -2.925722654315e-01 8.558769792066e-01 -1.678178987782e-02 1.426360648397e-02
1.408691410000e+02 -1.749828895095e-03 4.450718492211e-04 5.330746500792e-03 2.822841128412e-03 3.300428654931e-01 -8.402985785415e-01 -2.858001341699e-01 8.581476671645e-01 -1.677888098474e-02 1.429624467230e-02
1.409179690000e+02 -1.749839127156e-03 4.450733816042e-04 5.330761005959e-03 2.822502570883e-03 3.231629301803e-01 -8.429390189291e-01 -2.790122116235e-01 8.603643551722e-01 -1.677592704668e-02 1.432889191705e-02
1.409667970000e+02 -1.749849126428e-03 4.450745614273e-04 5.330774888421e-03 2.822164064363e-03 3.162600314171e-01 -8.455235877553e-01 -2.722087866042e-01 8.625269961538e-01 -1.677292798305e-02 1.436154882206e-02
1.410156250000e+02 -1.749858896117e-03 4.450753893694e-04 5.330788146253e-03 2.821825611075e-03 3.093346248328e-01 -8.480520706275e-01 -2.653902867226e-01 8.646354993111e-01 -1.676988377242e-02 1.439421532280e-02
1.410644530000e+02 -1.749868439450e-03 4.450758661864e-04 5.330800777505e-03 2.821487213295e-03 3.023871682838e-01 -8.505242569002e-01 -2.585571398385e-01 8.666897771733e-01 -1.676679439350e-02 1.442689135472e-02
1.411132810000e+02 -1.749877759678e-03 4.450759927113e-04 5.330812780204e-03 2.821148873349e-03 2.954181218228e-01 -8.529399397019e-01 -2.517097740350e-01 8.686897455912e-01 -1.676365982509e-02 1.445957685321e-02
1.411621090000e+02 -1.749886860076e-03 4.450757698528e-04 5.330824152346e-03 2.820810593608e-03 2.884279476665e-01 -8.552989159601e-01 -2.448486175944e-01 8.706353237325e-01 -1.676048004608e-02 1.449227175362e-02
1.412109380000e+02 -1.749895744118e-03 4.450751985808e-04 5.330834892120e-03 2.820472369571e-03 2.814169663731e-01 -8.576010329897e-01 -2.379739580487e-01 8.725264722478e-01 -1.675725496896e-02 1.452497666113e-02
1.412597660000e+02 -1.749904414755e-03 4.450742799788e-04 5.330844997034e-03 2.820134217558e-03 2.743859315643e-01 -8.598460010967e-01 -2.310865055920e-01 8.743630394598e-01 -1.675398470492e-02 1.455769017144e-02
1.413085940000e+02 -1.749912875504e-03 4.450730151736e-04 5.330854465236e-03 2.819796133155e-03 2.673351683841e-01 -8.620336764881e-01 -2.241865483001e-01 8.761449937404e-01 -1.675066916757e-02 1.459041288944e-02
1.413574220000e+02 -1.749921129717e-03 4.450714053746e-04 5.330863294624e-03 2.819458118918e-03 2.602651473829e-01 -8.641638715408e-01 -2.172745150047e-01 8.778722674667e-01 -1.674730833622e-02 1.462314475032e-02
1.414062500000e+02 -1.749929180762e-03 4.450694518650e-04 5.330871483070e-03 2.819120177449e-03 2.531763411121e-01 -8.662364025552e-01 -2.103508346141e-01 8.795447963031e-01 -1.674390219027e-02 1.465588568921e-02
1.414550780000e+02 -1.749937032021e-03 4.450671560008e-04 5.330879028420e-03 2.818782311387e-03 2.460692240903e-01 -8.682510897797e-01 -2.034159360890e-01 8.811625191949e-01 -1.674045070921e-02 1.468863564119e-02
1.415039060000e+02 -1.749944686894e-03 4.450645192105e-04 5.330885928497e-03 2.818444523414e-03 2.389442727694e-01 -8.702077574339e-01 -1.964702484191e-01 8.827253783618e-01 -1.673695387266e-02 1.472139454131e-02
1.415527340000e+02 -1.749952148789e-03 4.450615429943e-04 5.330892181096e-03 2.818106816249e-03 2.318019655003e-01 -8.721062337329e-01 -1.895142005990e-01 8.842333192911e-01 -1.673341166031e-02 1.475416232456e-02
1.416015620000e+02 -1.749959421130e-03 4.450582289238e-04 5.330897783990e-03 2.817769192649e-03 2.246427824979e-01 -8.739463509092e-01 -1.825482216048e-01 8.856862907310e-01 -1.672982405197e-02 1.478693892592e-02
1.416503910000e+02 -1.749966507494e-03 4.450545785621e-04 5.330902735021e-03 2.817431648495e-03 2.174670586860e-01 -8.757279811233e-01 -1.755725974181e-01 8.870842727500e-01 -1.672619095269e-02 1.481972495182e-02
1.416992190000e+02 -1.749973411034e-03 4.450505937697e-04 5.330907031706e-03 2.817094200437e-03 2.102755718239e-01 -8.774508917351e-01 -1.685880426319e-01 8.884271633360e-01 -1.672251249128e-02 1.485251899425e-02
1.417480470000e+02 -1.749980135348e-03 4.450462762553e-04 5.330910671853e-03 2.816756844422e-03 2.030686607186e-01 -8.791149642540e-01 -1.615948432647e-01 8.897149501710e-01 -1.671878857391e-02 1.488532165939e-02
1.417968750000e+02 -1.749986683895e-03 4.450416278662e-04 5.330913653135e-03 2.816419583340e-03 1.958468126901e-01 -8.807200472096e-01 -1.545934279864e-01 8.909475949755e-01 -1.671501918080e-02 1.491813288204e-02
1.418457030000e+02 -1.749993060142e-03 4.450366505171e-04 5.330915973200e-03 2.816082420112e-03 1.886105167447e-01 -8.822659932602e-01 -1.475842253332e-01 8.921250626945e-01 -1.671120429228e-02 1.495095259695e-02
1.418945310000e+02 -1.749999267559e-03 4.450313461883e-04 5.330917629674e-03 2.815745357686e-03 1.813602635388e-01 -8.837526592139e-01 -1.405676636845e-01 8.932473214899e-01 -1.670734388875e-02 1.498378073881e-02
1.419433590000e+02 -1.750005309619e-03 4.450257169256e-04 5.330918620158e-03 2.815408399037e-03 1.740965453421e-01 -8.851799060495e-01 -1.335441712412e-01 8.943143427328e-01 -1.670343795076e-02 1.501661724230e-02
1.419921880000e+02 -1.750011189919e-03 4.450197647132e-04 5.330918942229e-03 2.815071540268e-03 1.668197068441e-01 -8.865476263364e-01 -1.265140319645e-01 8.953261211500e-01 -1.669948637752e-02 1.504946271479e-02
1.420410160000e+02 -1.750016911698e-03 4.450134919682e-04 5.330918593427e-03 2.814734798200e-03 1.595305414921e-01 -8.878556334325e-01 -1.194779615875e-01 8.962825930647e-01 -1.669548931162e-02 1.508231574552e-02
1.420898440000e+02 -1.750022478556e-03 4.450069008069e-04 5.330917571297e-03 2.814398168978e-03 1.522293972763e-01 -8.891038295705e-01 -1.124362437318e-01 8.971837607139e-01 -1.669144665345e-02 1.511517694161e-02
1.421386720000e+02 -1.750027893972e-03 4.449999935254e-04 5.330915873346e-03 2.814061655669e-03 1.449167725464e-01 -8.902920926123e-01 -1.053893056615e-01 8.980296082244e-01 -1.668735838394e-02 1.514804623758e-02
1.421875000000e+02 -1.750033161423e-03 4.449927724794e-04 5.330913497059e-03 2.813725261357e-03 1.375931670769e-01 -8.914203046894e-01 -9.833757435223e-02 8.988201228911e-01 -1.668322448412e-02 1.518092356787e-02
1.422363280000e+02 -1.750038284383e-03 4.449852400843e-04 5.330910439898e-03 2.813388989143e-03 1.302590820296e-01 -8.924883522210e-01 -9.128147646935e-02 8.995552951685e-01 -1.667904493516e-02 1.521380886690e-02
1.422851560000e+02 -1.750043266321e-03 4.449773988124e-04 5.330906699303e-03 2.813052842143e-03 1.229150199138e-01 -8.934961259324e-01 -8.422143834688e-02 9.002351186624e-01 -1.667481971830e-02 1.524670206905e-02
1.423339840000e+02 -1.750048110703e-03 4.449692511932e-04 5.330902272691e-03 2.812716823489e-03 1.155614845481e-01 -8.944435208731e-01 -7.715788596627e-02 9.008595901205e-01 -1.667054881489e-02 1.527960310867e-02
1.423828120000e+02 -1.750052820986e-03 4.449607998113e-04 5.330897157458e-03 2.812380936321e-03 1.081989810211e-01 -8.953304364339e-01 -7.009124493539e-02 9.014287094240e-01 -1.666623220640e-02 1.531251192004e-02
1.424316410000e+02 -1.750057400713e-03 4.449520471231e-04 5.330891350853e-03 2.812045176918e-03 1.008278646105e-01 -8.961567926668e-01 -6.302179566364e-02 9.019424895340e-01 -1.666186978458e-02 1.534542911164e-02
1.424804690000e+02 -1.750061853140e-03 4.449429961791e-04 5.330884850467e-03 2.811709562193e-03 9.344894474990e-02 -8.969224638484e-01 -5.595025251616e-02 9.024009155275e-01 -1.665746170979e-02 1.537835326942e-02
1.425292970000e+02 -1.750066181793e-03 4.449336495468e-04 5.330877653520e-03 2.811374088437e-03 8.606257922634e-02 -8.976273800395e-01 -4.887689510187e-02 9.028040077207e-01 -1.665300787493e-02 1.541128500161e-02
1.425781250000e+02 -1.750070390093e-03 4.449240100199e-04 5.330869757324e-03 2.811038758821e-03 7.866927781017e-02 -8.982714581643e-01 -4.180214732772e-02 9.031517784376e-01 -1.664850826188e-02 1.544422424236e-02
1.426269530000e+02 -1.750074481452e-03 4.449140804416e-04 5.330861159171e-03 2.810703576523e-03 7.126955134158e-02 -8.988546195704e-01 -3.472643262454e-02 9.034442430902e-01 -1.664396285263e-02 1.547717092575e-02
1.426757810000e+02 -1.750078459264e-03 4.449038637030e-04 5.330851856333e-03 2.810368544719e-03 6.386391168992e-02 -8.993767900437e-01 -2.765017392700e-02 9.036814201684e-01 -1.663937162927e-02 1.551012498586e-02
1.427246090000e+02 -1.750082326913e-03 4.448933627416e-04 5.330841846061e-03 2.810033666588e-03 5.645287171283e-02 -8.998378998230e-01 -2.057379365381e-02 9.038633312308e-01 -1.663473457400e-02 1.554308635672e-02
1.427734380000e+02 -1.750086087841e-03 4.448825803162e-04 5.330831125363e-03 2.809698938452e-03 4.903679328986e-02 -9.002378911799e-01 -1.349756877536e-02 9.039900029237e-01 -1.663005157275e-02 1.557605564756e-02
1.428222660000e+02 -1.750089745245e-03 4.448715198948e-04 5.330819691892e-03 2.809364377193e-03 4.161649489732e-02 -9.005766869175e-01 -6.422210463527e-03 9.040614577262e-01 -1.662532279975e-02 1.560903144195e-02
1.428710940000e+02 -1.750093302537e-03 4.448601843282e-04 5.330807542632e-03 2.809029979122e-03 3.419234027940e-02 -9.008542395360e-01 6.520054517007e-04 9.040777295045e-01 -1.662054814207e-02 1.564201434892e-02
1.429199220000e+02 -1.750096763032e-03 4.448485767261e-04 5.330794674762e-03 2.808695747400e-03 2.676484583287e-02 -9.010704972254e-01 7.724658811235e-03 9.040388519949e-01 -1.661572758234e-02 1.567500430233e-02
1.429687500000e+02 -1.750100130025e-03 4.448367002377e-04 5.330781085442e-03 2.808361685176e-03 1.933452873479e-02 -9.012254126963e-01 1.479533006895e-02 9.039448619533e-01 -1.661086110330e-02 1.570800123603e-02
1.430175780000e+02 -1.750103406791e-03 4.448245580503e-04 5.330766771818e-03 2.808027795593e-03 1.190190690023e-02 -9.013189431918e-01 2.186360031065e-02 9.037957991454e-01 -1.660594868779e-02 1.574100508380e-02
1.430664060000e+02 -1.750106596584e-03 4.448121533874e-04 5.330751731016e-03 2.807694081777e-03 4.467498939946e-03 -9.013510504996e-01 2.892905127285e-02 9.035917063366e-01 -1.660099031874e-02 1.577401577941e-02
1.431152340000e+02 -1.750109702634e-03 4.447994895084e-04 5.330735960148e-03 2.807360546845e-03 -2.968175882271e-03 -9.013217009628e-01 3.599126536130e-02 9.033326292820e-01 -1.659598597921e-02 1.580703325657e-02
1.431640620000e+02 -1.750112728149e-03 4.447865697058e-04 5.330719456311e-03 2.807027193895e-03 -1.040459769237e-02 -9.012308654915e-01 4.304982566956e-02 9.030186167158e-01 -1.659093565237e-02 1.584005744896e-02
1.432128910000e+02 -1.750115676371e-03 4.447733970319e-04 5.330702216225e-03 2.806694019187e-03 -1.784139835076e-02 -9.010785158227e-01 5.010446042906e-02 9.026497122248e-01 -1.658583921665e-02 1.587308896679e-02
1.432617190000e+02 -1.750118550336e-03 4.447599753820e-04 5.330684237662e-03 2.806361039431e-03 -2.527775227712e-02 -9.008646382704e-01 5.715446520385e-02 9.022259855821e-01 -1.658069686415e-02 1.590612639070e-02
1.433105470000e+02 -1.750121353236e-03 4.447463078731e-04 5.330665517331e-03 2.806028250842e-03 -3.271329032759e-02 -9.005892150155e-01 6.419956977944e-02 9.017474874052e-01 -1.657550847448e-02 1.593917033069e-02
1.433593750000e+02 -1.750124088173e-03 4.447323979175e-04 5.330646052270e-03 2.805695656442e-03 -4.014749061850e-02 -9.002522353346e-01 7.123936018196e-02 9.012142782427e-01 -1.657027403122e-02 1.597222072028e-02
1.434082030000e+02 -1.750126758223e-03 4.447182489534e-04 5.330625839507e-03 2.805363259224e-03 -4.757983087250e-02 -8.998536931192e-01 7.827342321529e-02 9.006264215705e-01 -1.656499351808e-02 1.600527749298e-02
1.434570310000e+02 -1.750129366429e-03 4.447038644430e-04 5.330604876054e-03 2.805031062159e-03 -5.500978846232e-02 -8.993935868832e-01 8.530134647869e-02 8.999839837816e-01 -1.655966691886e-02 1.603834058226e-02
1.435058590000e+02 -1.750131915807e-03 4.446892478721e-04 5.330583158916e-03 2.804699068188e-03 -6.243684045478e-02 -8.988719197709e-01 9.232271838409e-02 8.992870341752e-01 -1.655429421749e-02 1.607140992155e-02
1.435546880000e+02 -1.750134409390e-03 4.446744024411e-04 5.330560684615e-03 2.804367273434e-03 -6.986061565227e-02 -8.982886869901e-01 9.933727175483e-02 8.985356290009e-01 -1.654887528655e-02 1.610448612170e-02
1.436035160000e+02 -1.750136850028e-03 4.446593322845e-04 5.330537451053e-03 2.804035694367e-03 -7.728028656080e-02 -8.976439248564e-01 1.063443093620e-01 8.977298741168e-01 -1.654341033213e-02 1.613756776128e-02
1.436523440000e+02 -1.750139240688e-03 4.446440406456e-04 5.330513454749e-03 2.803704327042e-03 -8.469548166744e-02 -8.969376391335e-01 1.133435658869e-01 8.968698326461e-01 -1.653789922798e-02 1.617065545095e-02
1.437011720000e+02 -1.750141584256e-03 4.446285310854e-04 5.330488692666e-03 2.803373174275e-03 -9.210567725747e-02 -8.961698515562e-01 1.203346331635e-01 8.959555854065e-01 -1.653234195845e-02 1.620374912400e-02
1.437500000000e+02 -1.750143883581e-03 4.446128071804e-04 5.330463161756e-03 2.803042238848e-03 -9.951034953195e-02 -8.953405885213e-01 1.273171039234e-01 8.949872160685e-01 -1.652673850801e-02 1.623684871370e-02
1.437988280000e+02 -1.750146141475e-03 4.445968725201e-04 5.330436858966e-03 2.802711523505e-03 -1.069089746525e-01 -8.944498810930e-01 1.342905718122e-01 8.939648111447e-01 -1.652108886124e-02 1.626995415325e-02
1.438476560000e+02 -1.750148360716e-03 4.445807307062e-04 5.330409781234e-03 2.802381030954e-03 -1.143010287863e-01 -8.934977650073e-01 1.412546314062e-01 8.928884599784e-01 -1.651539300283e-02 1.630306537585e-02
1.438964840000e+02 -1.750150544042e-03 4.445643853502e-04 5.330381925493e-03 2.802050763860e-03 -1.216859881507e-01 -8.924842806758e-01 1.482088782282e-01 8.917582547332e-01 -1.650965091757e-02 1.633618231466e-02
1.439453120000e+02 -1.750152694155e-03 4.445478400722e-04 5.330353288669e-03 2.801720724848e-03 -1.290633290586e-01 -8.914094731895e-01 1.551529087641e-01 8.905742903818e-01 -1.650386259038e-02 1.636930490280e-02
1.439941410000e+02 -1.750154813760e-03 4.445310981547e-04 5.330323867073e-03 2.801390909750e-03 -1.364326787980e-01 -8.902733684274e-01 1.620864623637e-01 8.893366387998e-01 -1.649802788631e-02 1.640243375187e-02
1.440429690000e+02 -1.750156905392e-03 4.445141639161e-04 5.330293658827e-03 2.801061334612e-03 -1.437932121561e-01 -8.890760673829e-01 1.690088534862e-01 8.880454512404e-01 -1.649214702947e-02 1.643556743800e-02
1.440917970000e+02 -1.750158971678e-03 4.444970406517e-04 5.330262660252e-03 2.800731995169e-03 -1.511445570098e-01 -8.878176065613e-01 1.759198237084e-01 8.867008062406e-01 -1.648621988609e-02 1.646870657262e-02
1.441406250000e+02 -1.750161015158e-03 4.444797320004e-04 5.330230868256e-03 2.800402893869e-03 -1.584861905060e-01 -8.864980497966e-01 1.828189735259e-01 8.853028099001e-01 -1.648024644152e-02 1.650185108872e-02
1.441894530000e+02 -1.750163038329e-03 4.444622416012e-04 5.330198279751e-03 2.800074033108e-03 -1.658175901136e-01 -8.851174656122e-01 1.897059044762e-01 8.838515710726e-01 -1.647422668122e-02 1.653500091925e-02
1.442382810000e+02 -1.750165043649e-03 4.444445730920e-04 5.330164891642e-03 2.799745415235e-03 -1.731382336687e-01 -8.836759272220e-01 1.965802191534e-01 8.823472013552e-01 -1.646816059078e-02 1.656815599715e-02
1.442871090000e+02 -1.750167033529e-03 4.444267301086e-04 5.330130700839e-03 2.799417042547e-03 -1.804475994207e-01 -8.821735125304e-01 2.034415212236e-01 8.807898150766e-01 -1.646204815587e-02 1.660131625530e-02
1.443359380000e+02 -1.750169010378e-03 4.444087159117e-04 5.330095703523e-03 2.799088910571e-03 -1.877453154079e-01 -8.806102714953e-01 2.102895555452e-01 8.791794957670e-01 -1.645588923569e-02 1.663448230585e-02
1.443847660000e+02 -1.750170976439e-03 4.443905348648e-04 5.330059898037e-03 2.798761034939e-03 -1.950305619248e-01 -8.789863554311e-01 2.171236474762e-01 8.775164291454e-01 -1.644968406842e-02 1.666765272316e-02
1.444335940000e+02 -1.750172934029e-03 4.443721902190e-04 5.330023280584e-03 2.798433411066e-03 -2.023029683113e-01 -8.773018249174e-01 2.239435443726e-01 8.758007052325e-01 -1.644343251443e-02 1.670082811921e-02
1.444824220000e+02 -1.750174885382e-03 4.443536855839e-04 5.329985848078e-03 2.798106041034e-03 -2.095620149259e-01 -8.755567766120e-01 2.307488543379e-01 8.740324491741e-01 -1.643713455984e-02 1.673400842677e-02
1.445312500000e+02 -1.750176832682e-03 4.443350245585e-04 5.329947597437e-03 2.797778926868e-03 -2.168071827688e-01 -8.737513118566e-01 2.375391866217e-01 8.722117887920e-01 -1.643079019092e-02 1.676719357857e-02
1.445800780000e+02 -1.750178778068e-03 4.443162107298e-04 5.329908525583e-03 2.797452070534e-03 -2.240379535281e-01 -8.718855366739e-01 2.443141516344e-01 8.703388545733e-01 -1.642439939401e-02 1.680038350732e-02
1.446289060000e+02 -1.750180723628e-03 4.442972476714e-04 5.329868629444e-03 2.797125473942e-03 -2.312538096248e-01 -8.699595617640e-01 2.510733609611e-01 8.684137796593e-01 -1.641796215560e-02 1.683357814570e-02
1.446777340000e+02 -1.750182671406e-03 4.442781389420e-04 5.329827905955e-03 2.796799138939e-03 -2.384542342594e-01 -8.679735025011e-01 2.578164273762e-01 8.664366998339e-01 -1.641147846228e-02 1.686677742634e-02
1.447265620000e+02 -1.750184623394e-03 4.442588880835e-04 5.329786352057e-03 2.796473067314e-03 -2.456387114575e-01 -8.659274789288e-01 2.645429648572e-01 8.644077535127e-01 -1.640494830074e-02 1.689998128187e-02
1.447753910000e+02 -1.750186581575e-03 4.442394982218e-04 5.329743963823e-03 2.796147254121e-03 -2.528068727448e-01 -8.638215720153e-01 2.712527258365e-01 8.623270385907e-01 -1.639837152264e-02 1.693319032502e-02
1.448242190000e+02 -1.750188547762e-03 4.442199736555e-04 5.329700739950e-03 2.795821714370e-03 -2.599579103230e-01 -8.616559973869e-01 2.779450519069e-01 8.601947839404e-01 -1.639174838428e-02 1.696640312813e-02
1.448730470000e+02 -1.750190523838e-03 4.442003174724e-04 5.329656676546e-03 2.795496442985e-03 -2.670914579398e-01 -8.594308465489e-01 2.846196983272e-01 8.580110937221e-01 -1.638507873850e-02 1.699962030380e-02
1.449218750000e+02 -1.750192511594e-03 4.441805331340e-04 5.329611770593e-03 2.795171441500e-03 -2.742070033796e-01 -8.571462581699e-01 2.912762840271e-01 8.557761167664e-01 -1.637836257244e-02 1.703284178451e-02
1.449707030000e+02 -1.750194512772e-03 4.441606240776e-04 5.329566019080e-03 2.794846711386e-03 -2.813040354809e-01 -8.548023755588e-01 2.979144292084e-01 8.534900044794e-01 -1.637159987338e-02 1.706606750274e-02
1.450195310000e+02 -1.750196529059e-03 4.441405937152e-04 5.329519419015e-03 2.794522254047e-03 -2.883820441823e-01 -8.523993466576e-01 3.045337553587e-01 8.511529108318e-01 -1.636479062870e-02 1.709929739093e-02
1.450683590000e+02 -1.750198562092e-03 4.441204454323e-04 5.329471967415e-03 2.794198070821e-03 -2.954405205682e-01 -8.499373240336e-01 3.111338852645e-01 8.487649923478e-01 -1.635793482591e-02 1.713253138149e-02
1.451171880000e+02 -1.750200613496e-03 4.441001821704e-04 5.329423660317e-03 2.793874156348e-03 -3.024791008532e-01 -8.474164126423e-01 3.177145775919e-01 8.463263576336e-01 -1.635103231078e-02 1.716577008757e-02
1.451660160000e+02 -1.750202684718e-03 4.440798080875e-04 5.329374496748e-03 2.793550525098e-03 -3.094969902463e-01 -8.448368775333e-01 3.242751882188e-01 8.438372681743e-01 -1.634408335376e-02 1.719901208007e-02
1.452148440000e+02 -1.750204777276e-03 4.440593260669e-04 5.329324472794e-03 2.793227171568e-03 -3.164938278975e-01 -8.421988340726e-01 3.308154788798e-01 8.412978386632e-01 -1.633708780181e-02 1.723225797202e-02
1.452636720000e+02 -1.750206892593e-03 4.440387393736e-04 5.329273585539e-03 2.792904096825e-03 -3.234691099302e-01 -8.395024532403e-01 3.373350776897e-01 8.387082357264e-01 -1.633004564288e-02 1.726550769571e-02
1.453125000000e+02 -1.750209032040e-03 4.440180512398e-04 5.329221832086e-03 2.792581301863e-03 -3.304223338417e-01 -8.367479105950e-01 3.438336141275e-01 8.360686284878e-01 -1.632295686506e-02 1.729876118342e-02
1.453613280000e+02 -1.750211196930e-03 4.439972648623e-04 5.329169209558e-03 2.792258787611e-03 -3.373529985480e-01 -8.339353862634e-01 3.503107190494e-01 8.333791885576e-01 -1.631582145654e-02 1.733201836739e-02
1.454101560000e+02 -1.750213388523e-03 4.439763834025e-04 5.329115715097e-03 2.791936554924e-03 -3.442606044295e-01 -8.310650649285e-01 3.567660247019e-01 8.306400900216e-01 -1.630863940561e-02 1.736527917986e-02
1.454589840000e+02 -1.750215608025e-03 4.439554099841e-04 5.329061345869e-03 2.791614604587e-03 -3.511446533758e-01 -8.281371358178e-01 3.631991647337e-01 8.278515094298e-01 -1.630141070071e-02 1.739854355300e-02
1.455078120000e+02 -1.750217856586e-03 4.439343476932e-04 5.329006099062e-03 2.791292937317e-03 -3.580046488312e-01 -8.251517926913e-01 3.696097742089e-01 8.250136257852e-01 -1.629413533036e-02 1.743181141900e-02
1.455566410000e+02 -1.750220135346e-03 4.439131991416e-04 5.328949970728e-03 2.790971547178e-03 -3.648402355754e-01 -8.221091709320e-01 3.759976202031e-01 8.221265609054e-01 -1.628681313279e-02 1.746508339142e-02
1.456054690000e+02 -1.750222445252e-03 4.438919682009e-04 5.328892960404e-03 2.790650447906e-03 -3.716506403074e-01 -8.190095979526e-01 3.823620790001e-01 8.191906169219e-01 -1.627944439668e-02 1.749835803960e-02
1.456542970000e+02 -1.750224787332e-03 4.438706574020e-04 5.328835064212e-03 2.790329633419e-03 -3.784355116485e-01 -8.158532193043e-01 3.887029210404e-01 8.162059215072e-01 -1.627202896144e-02 1.753163597699e-02
1.457031250000e+02 -1.750227162513e-03 4.438492696656e-04 5.328776279440e-03 2.790009104146e-03 -3.851943597102e-01 -8.126402467430e-01 3.950197871724e-01 8.131726633665e-01 -1.626456681607e-02 1.756491713565e-02
1.457519530000e+02 -1.750229571667e-03 4.438278078681e-04 5.328716603405e-03 2.789688860447e-03 -3.919266963825e-01 -8.093708964879e-01 4.013123197212e-01 8.100910336029e-01 -1.625705794969e-02 1.759820144763e-02
1.458007810000e+02 -1.750232015608e-03 4.438062748406e-04 5.328656033455e-03 2.789368902609e-03 -3.986320353785e-01 -8.060453892058e-01 4.075801625007e-01 8.069612257062e-01 -1.624950235153e-02 1.763148884495e-02
1.458496090000e+02 -1.750234495093e-03 4.437846733678e-04 5.328594566965e-03 2.789049230846e-03 -4.053098922784e-01 -8.026639499956e-01 4.138229608256e-01 8.037834355423e-01 -1.624190001096e-02 1.766477925961e-02
1.458984380000e+02 -1.750237010876e-03 4.437630057430e-04 5.328532200056e-03 2.788729838766e-03 -4.119599204744e-01 -7.992267374106e-01 4.200404885931e-01 8.005577947938e-01 -1.623425076031e-02 1.769807330545e-02
1.459472660000e+02 -1.750239563499e-03 4.437412755434e-04 5.328468932721e-03 2.788410739523e-03 -4.185813670248e-01 -7.957341261541e-01 4.262321394838e-01 7.972846361684e-01 -1.622655490247e-02 1.773136955073e-02
1.459960940000e+02 -1.750242153601e-03 4.437194849664e-04 5.328404761166e-03 2.788091926577e-03 -4.251738898540e-01 -7.921862846984e-01 4.323976909798e-01 7.939640970225e-01 -1.621881227097e-02 1.776466860919e-02
1.460449220000e+02 -1.750244781714e-03 4.436976366023e-04 5.328339682896e-03 2.787773399858e-03 -4.317370124510e-01 -7.885834557030e-01 4.385367945172e-01 7.905963826152e-01 -1.621102285565e-02 1.779797041272e-02
1.460937500000e+02 -1.750247448313e-03 4.436757329902e-04 5.328273695453e-03 2.787455159228e-03 -4.382702603912e-01 -7.849258861730e-01 4.446491030921e-01 7.871817005271e-01 -1.620318664644e-02 1.783127489321e-02
1.461425780000e+02 -1.750250153814e-03 4.436537766179e-04 5.328206796415e-03 2.787137204478e-03 -4.447731613799e-01 -7.812138274405e-01 4.507342712715e-01 7.837202606486e-01 -1.619530363340e-02 1.786458198252e-02
1.461914060000e+02 -1.750252898581e-03 4.436317699203e-04 5.328138983398e-03 2.786819535328e-03 -4.512452452951e-01 -7.774475351455e-01 4.567919552059e-01 7.802122751696e-01 -1.618737380671e-02 1.789789161247e-02
1.462402340000e+02 -1.750255682917e-03 4.436097152786e-04 5.328070254054e-03 2.786502151432e-03 -4.576860442307e-01 -7.736272692158e-01 4.628218126396e-01 7.766579585681e-01 -1.617939715666e-02 1.793120371489e-02
1.462890620000e+02 -1.750258507070e-03 4.435876150200e-04 5.328000606077e-03 2.786185052371e-03 -4.640950925394e-01 -7.697532938474e-01 4.688235029231e-01 7.730575275997e-01 -1.617137367368e-02 1.796451822156e-02
1.463378910000e+02 -1.750261371290e-03 4.435654709628e-04 5.327930035745e-03 2.785868231177e-03 -4.704720571397e-01 -7.658257965041e-01 4.747968090608e-01 7.694111261409e-01 -1.616330318253e-02 1.799783574660e-02
1.463867190000e+02 -1.750264275595e-03 4.435432862308e-04 5.327858543723e-03 2.785551700273e-03 -4.768162158257e-01 -7.618452107274e-01 4.807411489810e-01 7.657191248274e-01 -1.615518600442e-02 1.803115485710e-02
1.464355470000e+02 -1.750267220122e-03 4.435210625311e-04 5.327786126391e-03 2.785235452548e-03 -4.831272409100e-01 -7.578117335036e-01 4.866563095438e-01 7.619816729742e-01 -1.614702196534e-02 1.806447616709e-02
1.464843750000e+02 -1.750270204892e-03 4.434988019665e-04 5.327712781611e-03 2.784919487317e-03 -4.894046762037e-01 -7.537256458890e-01 4.925419566363e-01 7.581989963382e-01 -1.613881105615e-02 1.809779960828e-02
1.465332030000e+02 -1.750273229872e-03 4.434765065828e-04 5.327638507287e-03 2.784603803828e-03 -4.956480679874e-01 -7.495872330999e-01 4.983977578079e-01 7.543713228997e-01 -1.613055326789e-02 1.813112511236e-02
1.465820310000e+02 -1.750276294972e-03 4.434541783675e-04 5.327563301368e-03 2.784288401266e-03 -5.018569650530e-01 -7.453967844894e-01 5.042233822812e-01 7.504988828512e-01 -1.612224859167e-02 1.816445261099e-02
1.466308590000e+02 -1.750279400044e-03 4.434318192493e-04 5.327487161852e-03 2.783973278750e-03 -5.080309187444e-01 -7.411545935241e-01 5.100185009635e-01 7.465819085874e-01 -1.611389701875e-02 1.819778203582e-02
1.466796880000e+02 -1.750282544953e-03 4.434094306387e-04 5.327410085195e-03 2.783658428893e-03 -5.141696083518e-01 -7.368608693016e-01 5.157829041924e-01 7.426205531143e-01 -1.610549836801e-02 1.823111400112e-02
1.467285160000e+02 -1.750285729313e-03 4.433870152626e-04 5.327332072645e-03 2.783343863585e-03 -5.202723390030e-01 -7.325160893163e-01 5.215160301661e-01 7.386152154559e-01 -1.609705297493e-02 1.826444707324e-02
1.467773440000e+02 -1.750288952876e-03 4.433645744124e-04 5.327253120775e-03 2.783029575310e-03 -5.263387960263e-01 -7.281204718217e-01 5.272176732813e-01 7.345660538731e-01 -1.608856065962e-02 1.829778186638e-02
1.468261720000e+02 -1.750292215273e-03 4.433421097770e-04 5.327173227777e-03 2.782715562941e-03 -5.323685413832e-01 -7.236743264949e-01 5.328875112934e-01 7.304733094597e-01 -1.608002141379e-02 1.833111831211e-02
1.468750000000e+02 -1.750295516084e-03 4.433196229846e-04 5.327092391895e-03 2.782401825294e-03 -5.383611397902e-01 -7.191779670020e-01 5.385252236972e-01 7.263372254576e-01 -1.607143522930e-02 1.836445634198e-02
1.469238280000e+02 -1.750298854830e-03 4.432971156021e-04 5.327010611424e-03 2.782088361125e-03 -5.443161587586e-01 -7.146317109723e-01 5.441304917381e-01 7.221580472459e-01 -1.606280209811e-02 1.839779588753e-02
1.469726560000e+02 -1.750302230983e-03 4.432745891348e-04 5.326927884712e-03 2.781775169135e-03 -5.502331686340e-01 -7.100358799718e-01 5.497029984222e-01 7.179360223306e-01 -1.605412201232e-02 1.843113688028e-02
1.470214840000e+02 -1.750305643957e-03 4.432520450261e-04 5.326844210164e-03 2.781462247970e-03 -5.561117426356e-01 -7.053907994758e-01 5.552424285279e-01 7.136714003333e-01 -1.604539496413e-02 1.846447925171e-02
1.470703120000e+02 -1.750309093114e-03 4.432294846575e-04 5.326759586235e-03 2.781149596219e-03 -5.619514568952e-01 -7.006967988417e-01 5.607484686162e-01 7.093644329810e-01 -1.603662094587e-02 1.849782293332e-02
1.471191410000e+02 -1.750312577833e-03 4.432069088856e-04 5.326674009679e-03 2.780837206025e-03 -5.677520088837e-01 -6.959541136572e-01 5.662209187680e-01 7.050152845971e-01 -1.602779976886e-02 1.853116853948e-02
1.471679690000e+02 -1.750316097229e-03 4.431843198917e-04 5.326587482571e-03 2.780525088671e-03 -5.735127430800e-01 -6.911632752220e-01 5.716592449894e-01 7.006243892292e-01 -1.601893178699e-02 1.856451463583e-02
1.472167970000e+02 -1.750319650575e-03 4.431617184079e-04 5.326500001796e-03 2.780213236192e-03 -5.792333637808e-01 -6.863245277381e-01 5.770632516740e-01 6.961919162173e-01 -1.601001681277e-02 1.859786183670e-02
1.472656250000e+02 -1.750323237022e-03 4.431391055659e-04 5.326411566042e-03 2.779901646976e-03 -5.849134591515e-01 -6.814382158072e-01 5.824326326210e-01 6.917181256026e-01 -1.600105483902e-02 1.863121007350e-02
1.473144530000e+02 -1.750326855669e-03 4.431164824343e-04 5.326322174055e-03 2.779590319364e-03 -5.905526204599e-01 -6.765046877692e-01 5.877670834661e-01 6.872032794783e-01 -1.599204585868e-02 1.866455927764e-02
1.473632810000e+02 -1.750330505564e-03 4.430938500192e-04 5.326231824641e-03 2.779279251649e-03 -5.961504421141e-01 -6.715242956717e-01 5.930663016918e-01 6.826476419789e-01 -1.598298986480e-02 1.869790938049e-02
1.474121090000e+02 -1.750334185704e-03 4.430712092640e-04 5.326140516670e-03 2.778968442082e-03 -6.017065216984e-01 -6.664973952402e-01 5.983299866381e-01 6.780514792693e-01 -1.597388685057e-02 1.873126031343e-02
1.474609380000e+02 -1.750337895110e-03 4.430485605857e-04 5.326048247170e-03 2.778657882515e-03 -6.072205725021e-01 -6.614242414801e-01 6.035579462112e-01 6.734149641700e-01 -1.596473662142e-02 1.876461269086e-02
1.475097660000e+02 -1.750341632529e-03 4.430259057301e-04 5.325955018916e-03 2.778347583834e-03 -6.126919727139e-01 -6.563054051779e-01 6.087496693595e-01 6.687385567883e-01 -1.595553954555e-02 1.879796507804e-02
1.475585940000e+02 -1.750345396880e-03 4.430032449892e-04 5.325860829081e-03 2.778037537805e-03 -6.181204430245e-01 -6.511411494797e-01 6.139049684940e-01 6.640224347742e-01 -1.594629542960e-02 1.883131808933e-02
1.476074220000e+02 -1.750349186963e-03 4.429805790561e-04 5.325765676789e-03 2.777727742517e-03 -6.235055940866e-01 -6.459318445084e-01 6.190235504910e-01 6.592668723086e-01 -1.593700426724e-02 1.886467165604e-02
1.476562500000e+02 -1.750353001525e-03 4.429579085626e-04 5.325669561224e-03 2.777418196027e-03 -6.288470399085e-01 -6.406778639061e-01 6.241051241370e-01 6.544721455499e-01 -1.592766605226e-02 1.889802570948e-02
1.477050780000e+02 -1.750356839267e-03 4.429352340778e-04 5.325572481637e-03 2.777108896355e-03 -6.341443978890e-01 -6.353795848012e-01 6.291494001398e-01 6.496385326230e-01 -1.591828077859e-02 1.893138018091e-02
1.477539060000e+02 -1.750360698842e-03 4.429125561096e-04 5.325474437347e-03 2.776799841489e-03 -6.393972888518e-01 -6.300373877754e-01 6.341560911384e-01 6.447663136088e-01 -1.590884844024e-02 1.896473500163e-02
1.478027340000e+02 -1.750364578855e-03 4.428898751044e-04 5.325375427739e-03 2.776491029389e-03 -6.446053370794e-01 -6.246516568297e-01 6.391249117141e-01 6.398557705335e-01 -1.589936903139e-02 1.899809010289e-02
1.478515620000e+02 -1.750368477867e-03 4.428671914475e-04 5.325275452267e-03 2.776182457985e-03 -6.497681703471e-01 -6.192227793506e-01 6.440555784004e-01 6.349071873580e-01 -1.588984254632e-02 1.903144541594e-02
1.479003910000e+02 -1.750372394469e-03 4.428445049992e-04 5.325174508375e-03 2.775874118868e-03 -6.548855242881e-01 -6.137510335815e-01 6.489479094917e-01 6.299207474621e-01 -1.588026878288e-02 1.906480155514e-02
1.479492190000e+02 -1.750376326969e-03 4.428218169533e-04 5.325072599789e-03 2.775566022547e-03 -6.599568241532e-01 -6.082370377020e-01 6.538014250671e-01 6.248969428894e-01 -1.587064812774e-02 1.909815708547e-02
1.479980470000e+02 -1.750380273870e-03 4.427991270496e-04 5.324969724112e-03 2.775258160563e-03 -6.649818136634e-01 -6.026810774248e-01 6.586159481685e-01 6.198359616058e-01 -1.586098037997e-02 1.913151262125e-02
1.480468750000e+02 -1.750384233549e-03 4.427764354335e-04 5.324865881076e-03 2.774950530752e-03 -6.699601348937e-01 -5.970835533314e-01 6.633912032447e-01 6.147380952037e-01 -1.585126553434e-02 1.916486809371e-02
1.480957030000e+02 -1.750388204341e-03 4.427537421914e-04 5.324761070483e-03 2.774643130932e-03 -6.748914335747e-01 -5.914448692134e-01 6.681269167493e-01 6.096036371563e-01 -1.584150358575e-02 1.919822343401e-02
1.481445310000e+02 -1.750392184538e-03 4.427310473511e-04 5.324655292208e-03 2.774335958905e-03 -6.797753591235e-01 -5.857654320363e-01 6.728228171515e-01 6.044328828074e-01 -1.583169452922e-02 1.923157857335e-02
1.481933590000e+02 -1.750396172387e-03 4.427083508830e-04 5.324548546196e-03 2.774029012460e-03 -6.846115646750e-01 -5.800456519031e-01 6.774786349463e-01 5.992261293599e-01 -1.582183835991e-02 1.926493344291e-02
1.482421880000e+02 -1.750400166177e-03 4.426856522351e-04 5.324440830251e-03 2.773722283093e-03 -6.893998046798e-01 -5.742858236523e-01 6.820941967751e-01 5.939835681365e-01 -1.581193486978e-02 1.929828865692e-02
1.482910160000e+02 -1.750404163909e-03 4.426629521931e-04 5.324332148877e-03 2.773415781132e-03 -6.941395436710e-01 -5.684865994763e-01 6.866690481617e-01 5.887057147635e-01 -1.580198445987e-02 1.933164278035e-02
1.483398440000e+02 -1.750408163790e-03 4.426402500929e-04 5.324222500044e-03 2.773109498053e-03 -6.988305446739e-01 -5.626482811167e-01 6.912030206810e-01 5.833927649564e-01 -1.579198692335e-02 1.936499642745e-02
1.483886720000e+02 -1.750412163905e-03 4.426175456795e-04 5.324111883990e-03 2.772803431608e-03 -7.034724759966e-01 -5.567712908547e-01 6.956958530364e-01 5.780450232480e-01 -1.578194225588e-02 1.939834952933e-02
1.484375000000e+02 -1.750416162298e-03 4.425948386430e-04 5.324000301032e-03 2.772497579547e-03 -7.080650098137e-01 -5.508560539216e-01 7.001472860097e-01 5.726627959767e-01 -1.577185045323e-02 1.943170201714e-02
1.484863280000e+02 -1.750420156974e-03 4.425721286202e-04 5.323887751557e-03 2.772191939619e-03 -7.126078221953e-01 -5.449029984605e-01 7.045570624716e-01 5.672463912748e-01 -1.576171151127e-02 1.946505382199e-02
1.485351560000e+02 -1.750424145904e-03 4.425494151947e-04 5.323774236031e-03 2.771886509572e-03 -7.171005931347e-01 -5.389125554869e-01 7.089249273917e-01 5.617961190583e-01 -1.575152542604e-02 1.949840487499e-02
1.485839840000e+02 -1.750428127017e-03 4.425266978975e-04 5.323659754994e-03 2.771581287160e-03 -7.215430065760e-01 -5.328851588506e-01 7.132506278498e-01 5.563122910157e-01 -1.574129219368e-02 1.953175510723e-02
1.486328120000e+02 -1.750432098206e-03 4.425039762083e-04 5.323544309062e-03 2.771276270143e-03 -7.259347504415e-01 -5.268212451953e-01 7.175339130456e-01 5.507952205968e-01 -1.573101181045e-02 1.956510444982e-02
1.486816410000e+02 -1.750436057412e-03 4.424812490909e-04 5.323427896533e-03 2.770971450046e-03 -7.302756050338e-01 -5.207211286253e-01 7.217746207191e-01 5.452451090025e-01 -1.572068406075e-02 1.959845351681e-02
1.487304690000e+02 -1.750440002294e-03 4.424585168554e-04 5.323310522945e-03 2.770666837133e-03 -7.345650885082e-01 -5.145855011181e-01 7.259723306416e-01 5.396625005064e-01 -1.571030936413e-02 1.963180087332e-02
1.487792970000e+02 -1.750443930722e-03 4.424357783668e-04 5.323192186770e-03 2.770362422949e-03 -7.388029903029e-01 -5.084146829017e-01 7.301268857225e-01 5.340476004482e-01 -1.569988750619e-02 1.966514713342e-02
1.488281250000e+02 -1.750447840448e-03 4.424130329078e-04 5.323072888930e-03 2.770058205298e-03 -7.429890145167e-01 -5.022091213984e-01 7.342380437475e-01 5.284007292129e-01 -1.568941848370e-02 1.969849222818e-02
1.488769530000e+02 -1.750451729195e-03 4.423902797139e-04 5.322952630426e-03 2.769754182005e-03 -7.471228693563e-01 -4.959692666242e-01 7.383055646749e-01 5.227222088913e-01 -1.567890229356e-02 1.973183608866e-02
1.489257810000e+02 -1.750455594651e-03 4.423675179746e-04 5.322831412334e-03 2.769450350912e-03 -7.512042671604e-01 -4.896955711472e-01 7.423292106465e-01 5.170123632691e-01 -1.566833893278e-02 1.976517864591e-02
1.489746090000e+02 -1.750459434470e-03 4.423447468345e-04 5.322709235811e-03 2.769146709882e-03 -7.552329244244e-01 -4.833884900466e-01 7.463087459976e-01 5.112715178153e-01 -1.565772839852e-02 1.979851983100e-02
1.490234380000e+02 -1.750463246358e-03 4.423219649278e-04 5.322586099557e-03 2.768843250593e-03 -7.592086426999e-01 -4.770483506935e-01 7.502440174054e-01 5.054998811583e-01 -1.564707046929e-02 1.983186025776e-02
1.490722660000e+02 -1.750467027753e-03 4.422991722451e-04 5.322462009926e-03 2.768539983391e-03 -7.631309840185e-01 -4.706758727598e-01 7.541346324345e-01 4.996980185077e-01 -1.563636557902e-02 1.986519849163e-02
1.491210940000e+02 -1.750470776298e-03 4.422763673358e-04 5.322336965794e-03 2.768236900004e-03 -7.669997594497e-01 -4.642713890997e-01 7.579804431127e-01 4.938661424270e-01 -1.562561350745e-02 1.989853514646e-02
1.491699220000e+02 -1.750474489530e-03 4.422535491747e-04 5.322210968628e-03 2.767933998408e-03 -7.708147023463e-01 -4.578353644191e-01 7.617812226560e-01 4.880045850054e-01 -1.561481425223e-02 1.993187015330e-02
1.492187500000e+02 -1.750478164957e-03 4.422307166977e-04 5.322084019971e-03 2.767631276616e-03 -7.745755503310e-01 -4.513682657248e-01 7.655367465268e-01 4.821136799591e-01 -1.560396781114e-02 1.996520344319e-02
1.492675780000e+02 -1.750481800062e-03 4.422078688012e-04 5.321956121445e-03 2.767328732674e-03 -7.782820453177e-01 -4.448705622820e-01 7.692467924444e-01 4.761937626186e-01 -1.559307418207e-02 1.999853494714e-02
1.493164060000e+02 -1.750485392297e-03 4.421850043450e-04 5.321827274750e-03 2.767026364669e-03 -7.819339335323e-01 -4.383427255710e-01 7.729111403959e-01 4.702451699183e-01 -1.558213336305e-02 2.003186459619e-02
1.493652340000e+02 -1.750488939093e-03 4.421621221521e-04 5.321697481662e-03 2.766724170729e-03 -7.855309655331e-01 -4.317852292448e-01 7.765295726465e-01 4.642682403839e-01 -1.557114535223e-02 2.006519232138e-02
1.494140620000e+02 -1.750492437853e-03 4.421392210108e-04 5.321566744036e-03 2.766422149023e-03 -7.890728962307e-01 -4.251985490847e-01 7.801018737500e-01 4.582633141214e-01 -1.556011014790e-02 2.009851805371e-02
1.494628910000e+02 -1.750495886025e-03 4.421162992062e-04 5.321435061098e-03 2.766120291589e-03 -7.925595557444e-01 -4.185830271835e-01 7.836279022955e-01 4.522306089764e-01 -1.554902752101e-02 2.013184240668e-02
1.495117190000e+02 -1.750499280825e-03 4.420933563985e-04 5.321302440250e-03 2.765818609056e-03 -7.959905649319e-01 -4.119394144249e-01 7.871073030192e-01 4.461707152804e-01 -1.553789792403e-02 2.016516394635e-02
1.495605470000e+02 -1.750502619657e-03 4.420703908090e-04 5.321168880892e-03 2.765517093554e-03 -7.993657638476e-01 -4.052680575237e-01 7.905399400916e-01 4.400838545429e-01 -1.552672112914e-02 2.019848328624e-02
1.496093750000e+02 -1.750505899832e-03 4.420474010981e-04 5.321034385186e-03 2.765215743453e-03 -8.026849249999e-01 -3.985694403397e-01 7.939256073278e-01 4.339703730715e-01 -1.551549713512e-02 2.023180035738e-02
1.496582030000e+02 -1.750509118639e-03 4.420243858975e-04 5.320898955372e-03 2.764914557176e-03 -8.059478253413e-01 -3.918440486417e-01 7.972641008842e-01 4.278306186945e-01 -1.550422594089e-02 2.026511509078e-02
1.497070310000e+02 -1.750512273347e-03 4.420013438106e-04 5.320762593765e-03 2.764613533204e-03 -8.091542462852e-01 -3.850923700636e-01 8.005552192699e-01 4.216649407486e-01 -1.549290754548e-02 2.029842741747e-02
1.497558590000e+02 -1.750515361207e-03 4.419782734153e-04 5.320625302757e-03 2.764312670076e-03 -8.123039737224e-01 -3.783148940592e-01 8.037987633564e-01 4.154736900669e-01 -1.548154194808e-02 2.033173726848e-02
1.498046880000e+02 -1.750518379509e-03 4.419551727905e-04 5.320487081975e-03 2.764011960240e-03 -8.153968607945e-01 -3.715119722806e-01 8.069946013485e-01 4.092570913971e-01 -1.547012891375e-02 2.036504525692e-02
1.498535160000e+02 -1.750521325343e-03 4.419320414114e-04 5.320347939622e-03 2.763711414678e-03 -8.184325757086e-01 -3.646843763389e-01 8.101424079730e-01 4.030157531618e-01 -1.545866890938e-02 2.039834994956e-02
1.499023440000e+02 -1.750524195965e-03 4.419088773118e-04 5.320207875495e-03 2.763411025963e-03 -8.214109818059e-01 -3.578324618153e-01 8.132420571938e-01 3.967499035529e-01 -1.544716170128e-02 2.043165195959e-02
1.499511720000e+02 -1.750526988555e-03 4.418856789771e-04 5.320066892284e-03 2.763110792898e-03 -8.243318830414e-01 -3.509567249952e-01 8.162933594406e-01 3.904598992663e-01 -1.543560728913e-02 2.046495121803e-02
1.500000000000e+02 -1.750529700274e-03 4.418624448731e-04 5.319924992754e-03 2.762810714354e-03 -8.271950879218e-01 -3.440576637591e-01 8.192961275593e-01 3.841460984325e-01 -1.542400567272e-02 2.049824765591e-02
1.500488280000e+02 -1.750532328269e-03 4.418391734472e-04 5.319782179743e-03 2.762510789278e-03 -8.300004095190e-01 -3.371357775367e-01 8.222501768223e-01 3.778088606037e-01 -1.541235685200e-02 2.053154120428e-02
1.500976560000e+02 -1.750534869675e-03 4.418158631301e-04 5.319638456162e-03 2.762211016689e-03 -8.327476654832e-01 -3.301915672615e-01 8.251553249393e-01 3.714485467419e-01 -1.540066082703e-02 2.056483179416e-02
1.501464840000e+02 -1.750537321609e-03 4.417925123364e-04 5.319493824994e-03 2.761911395685e-03 -8.354366780552e-01 -3.232255353252e-01 8.280113920680e-01 3.650655192055e-01 -1.538891759799e-02 2.059811935660e-02
1.501953120000e+02 -1.750539681180e-03 4.417691194667e-04 5.319348289295e-03 2.761611925443e-03 -8.380672740781e-01 -3.162381855320e-01 8.308182008244e-01 3.586601417369e-01 -1.537712716519e-02 2.063140382264e-02
1.502441410000e+02 -1.750541945525e-03 4.417456824281e-04 5.319201849180e-03 2.761312599092e-03 -8.406393370824e-01 -3.092298793152e-01 8.335756322577e-01 3.522326475938e-01 -1.536528928618e-02 2.066468580490e-02
1.502929690000e+02 -1.750544111637e-03 4.417222005570e-04 5.319054513844e-03 2.761013428233e-03 -8.431525977969e-01 -3.022014102295e-01 8.362834009876e-01 3.457836665193e-01 -1.535340444638e-02 2.069796387123e-02
1.503417970000e+02 -1.750546176634e-03 4.416986717396e-04 5.318906283563e-03 2.760714406162e-03 -8.456069502133e-01 -2.951531427243e-01 8.389413940475e-01 3.393134349205e-01 -1.534147240455e-02 2.073123863432e-02
1.503906250000e+02 -1.750548137580e-03 4.416750943332e-04 5.318757161670e-03 2.760415532392e-03 -8.480022396923e-01 -2.880855857932e-01 8.415494439938e-01 3.328223219454e-01 -1.532949316152e-02 2.076451002524e-02
1.504394530000e+02 -1.750549991528e-03 4.416514666873e-04 5.318607151568e-03 2.760116806524e-03 -8.503383162486e-01 -2.809992496120e-01 8.441073858945e-01 3.263106980603e-01 -1.531746671824e-02 2.079777797505e-02
1.504882810000e+02 -1.750551735525e-03 4.416277871461e-04 5.318456256726e-03 2.759818228253e-03 -8.526150345596e-01 -2.738946454920e-01 8.466150573397e-01 3.197789350368e-01 -1.530539307581e-02 2.083104241483e-02
1.505371090000e+02 -1.750553366607e-03 4.416040540483e-04 5.318304480680e-03 2.759519797363e-03 -8.548322539735e-01 -2.667722858342e-01 8.490722984523e-01 3.132274059382e-01 -1.529327223542e-02 2.086430327566e-02
1.505859380000e+02 -1.750554881837e-03 4.415802652423e-04 5.318151823897e-03 2.759221507628e-03 -8.569898820931e-01 -2.596325376899e-01 8.514790006677e-01 3.066563503372e-01 -1.528110394875e-02 2.089756116971e-02
1.506347660000e+02 -1.750556278176e-03 4.415564200363e-04 5.317998296295e-03 2.758923371243e-03 -8.590876992537e-01 -2.524762079470e-01 8.538349106268e-01 3.000664129921e-01 -1.526888871567e-02 2.093081466584e-02
1.506835940000e+02 -1.750557552677e-03 4.415325162769e-04 5.317843898487e-03 2.758625382170e-03 -8.611256236594e-01 -2.453036659514e-01 8.561399259210e-01 2.934578363843e-01 -1.525662628906e-02 2.096406437632e-02
1.507324220000e+02 -1.750558702355e-03 4.415085522986e-04 5.317688634266e-03 2.758327540584e-03 -8.631035334138e-01 -2.381154279969e-01 8.583938969100e-01 2.868309986083e-01 -1.524431667064e-02 2.099731023224e-02
1.507812500000e+02 -1.750559724221e-03 4.414845264376e-04 5.317532507488e-03 2.758029846759e-03 -8.650213113251e-01 -2.309120112344e-01 8.605966765387e-01 2.801862789815e-01 -1.523195986227e-02 2.103055216473e-02
1.508300780000e+02 -1.750560615283e-03 4.414604370338e-04 5.317375522068e-03 2.757732301072e-03 -8.668788449111e-01 -2.236939336251e-01 8.627481203485e-01 2.735240580307e-01 -1.521955586594e-02 2.106379010492e-02
1.508789060000e+02 -1.750561372547e-03 4.414362824321e-04 5.317217681981e-03 2.757434904006e-03 -8.686760264033e-01 -2.164617138942e-01 8.648480864870e-01 2.668447174778e-01 -1.520710468376e-02 2.109702398394e-02
1.509277340000e+02 -1.750561993017e-03 4.414120609836e-04 5.317058991264e-03 2.757137656146e-03 -8.704127527515e-01 -2.092158714838e-01 8.668964357189e-01 2.601486402256e-01 -1.519460631799e-02 2.113025373295e-02
1.509765620000e+02 -1.750562473694e-03 4.413877710470e-04 5.316899454008e-03 2.756840558187e-03 -8.720889256273e-01 -2.019569265069e-01 8.688930314364e-01 2.534362103436e-01 -1.518206077097e-02 2.116347928309e-02
1.510253910000e+02 -1.750562811588e-03 4.413634104899e-04 5.316739071070e-03 2.756543604852e-03 -8.737044838914e-01 -1.946852506538e-01 8.708377789653e-01 2.467076750948e-01 -1.516946778685e-02 2.119670124586e-02
1.510742190000e+02 -1.750563003687e-03 4.413389786877e-04 5.316577853224e-03 2.756246809214e-03 -8.752592724939e-01 -1.874016630902e-01 8.727304673264e-01 2.399636964411e-01 -1.515682788405e-02 2.122991819170e-02
1.511230470000e+02 -1.750563047003e-03 4.413144735315e-04 5.316415801452e-03 2.755950166213e-03 -8.767532409954e-01 -1.801065368673e-01 8.745710082166e-01 2.332045242294e-01 -1.514414080790e-02 2.126313073220e-02
1.511718750000e+02 -1.750562938542e-03 4.412898934232e-04 5.316252920068e-03 2.755653676985e-03 -8.781863099798e-01 -1.728003943145e-01 8.763592756425e-01 2.264305470507e-01 -1.513140656131e-02 2.129633879856e-02
1.512207030000e+02 -1.750562675311e-03 4.412652367786e-04 5.316089213436e-03 2.755357342777e-03 -8.795584047630e-01 -1.654837581992e-01 8.780951462901e-01 2.196421545895e-01 -1.511862514728e-02 2.132954232200e-02
1.512695310000e+02 -1.750562254322e-03 4.412405020290e-04 5.315924685971e-03 2.755061164950e-03 -8.808694553933e-01 -1.581571516804e-01 8.797784995355e-01 2.128397376091e-01 -1.510579656896e-02 2.136274123374e-02
1.513183590000e+02 -1.750561672588e-03 4.412156876219e-04 5.315759342138e-03 2.754765144982e-03 -8.821193966514e-01 -1.508210982617e-01 8.814092174546e-01 2.060236879362e-01 -1.509292082963e-02 2.139593546501e-02
1.513671880000e+02 -1.750560927113e-03 4.411907915125e-04 5.315593183039e-03 2.754469278408e-03 -8.833081917689e-01 -1.434759712321e-01 8.829872166099e-01 1.991942584489e-01 -1.507999766756e-02 2.142912562674e-02
1.514160160000e+02 -1.750560014950e-03 4.411658132049e-04 5.315426220040e-03 2.754173579058e-03 -8.844357362959e-01 -1.361225955063e-01 8.845123198731e-01 1.923521227906e-01 -1.506702761559e-02 2.146231029074e-02
1.514648440000e+02 -1.750558933116e-03 4.411407506946e-04 5.315258454351e-03 2.753878042698e-03 -8.855020041778e-01 -1.287613450090e-01 8.859844503398e-01 1.854975361574e-01 -1.505401041322e-02 2.149549006805e-02
1.515136720000e+02 -1.750557678646e-03 4.411156025078e-04 5.315089890623e-03 2.753582671275e-03 -8.865069491142e-01 -1.213927441606e-01 8.874035009892e-01 1.786308944775e-01 -1.504094606424e-02 2.152866488996e-02
1.515625000000e+02 -1.750556248584e-03 4.410903671931e-04 5.314920533547e-03 2.753287466856e-03 -8.874505295292e-01 -1.140173174954e-01 8.887693675519e-01 1.717525946658e-01 -1.502783457257e-02 2.156183468778e-02
1.516113280000e+02 -1.750554639979e-03 4.410650433228e-04 5.314750387858e-03 2.752992431627e-03 -8.883327085688e-01 -1.066355896153e-01 8.900819485197e-01 1.648630346080e-01 -1.501467594227e-02 2.159499939282e-02
1.516601560000e+02 -1.750552849890e-03 4.410396294940e-04 5.314579458331e-03 2.752697567893e-03 -8.891534540967e-01 -9.924808514395e-02 8.913411451558e-01 1.579626131448e-01 -1.500147017751e-02 2.162815893641e-02
1.517089840000e+02 -1.750550875384e-03 4.410141243295e-04 5.314407749776e-03 2.752402878082e-03 -8.899127386904e-01 -9.185532868108e-02 8.925468615049e-01 1.510517300560e-01 -1.498821728262e-02 2.166131324991e-02
1.517578120000e+02 -1.750548713538e-03 4.409885264795e-04 5.314235267044e-03 2.752108364745e-03 -8.906105396369e-01 -8.445784475652e-02 8.936990044033e-01 1.441307860442e-01 -1.497491726202e-02 2.169446226467e-02
1.518066410000e+02 -1.750546361388e-03 4.409628340945e-04 5.314062011465e-03 2.751814024524e-03 -8.912468513290e-01 -7.705600615831e-02 8.947975054352e-01 1.372000406836e-01 -1.496156984647e-02 2.172760659081e-02
1.518554690000e+02 -1.750543816128e-03 4.409370469343e-04 5.313887995052e-03 2.751519872269e-03 -8.918216343933e-01 -6.965064032276e-02 8.958422320543e-01 1.302601803590e-01 -1.494817558736e-02 2.176074480215e-02
1.519042970000e+02 -1.750541074819e-03 4.409111632107e-04 5.313713219219e-03 2.751225904866e-03 -8.923348938737e-01 -6.224211975134e-02 8.968331225772e-01 1.233114666026e-01 -1.493473421665e-02 2.179387750894e-02
1.519531250000e+02 -1.750538134580e-03 4.408851816918e-04 5.313537688947e-03 2.750932125352e-03 -8.927866258388e-01 -5.483096823958e-02 8.977700951050e-01 1.163543036454e-01 -1.492124573931e-02 2.182700464262e-02
1.520019530000e+02 -1.750534992544e-03 4.408591011781e-04 5.313361409249e-03 2.750638536888e-03 -8.931768310362e-01 -4.741770928627e-02 8.986530705794e-01 1.093890965591e-01 -1.490771016042e-02 2.186012613464e-02
1.520507810000e+02 -1.750531645855e-03 4.408329205030e-04 5.313184385164e-03 2.750345142757e-03 -8.935055148850e-01 -4.000286604844e-02 8.994819727927e-01 1.024162512392e-01 -1.489412748521e-02 2.189324191645e-02
1.520996090000e+02 -1.750528091672e-03 4.408066385335e-04 5.313006621758e-03 2.750051946363e-03 -8.937726874677e-01 -3.258696129654e-02 9.002567283970e-01 9.543617438787e-02 -1.488049771903e-02 2.192635191955e-02
1.521484380000e+02 -1.750524327085e-03 4.407802536304e-04 5.312828120459e-03 2.749758945238e-03 -8.939783671047e-01 -2.517036547853e-02 9.009772811154e-01 8.844913033816e-02 -1.486682058676e-02 2.195945675336e-02
1.521972660000e+02 -1.750520349436e-03 4.407537658119e-04 5.312648893692e-03 2.749466155031e-03 -8.941225647555e-01 -1.775390424489e-02 9.016435338346e-01 8.145581354587e-02 -1.485309665424e-02 2.199255499344e-02
1.522460940000e+02 -1.750516155851e-03 4.407271735130e-04 5.312468942943e-03 2.749173573513e-03 -8.942053092823e-01 -1.033794705316e-02 9.022554371567e-01 7.445649000729e-02 -1.483932564756e-02 2.202564724938e-02
1.522949220000e+02 -1.750511743544e-03 4.407004757452e-04 5.312288273366e-03 2.748881204577e-03 -8.942266293320e-01 -2.923014681829e-03 9.028129292698e-01 6.745156948010e-02 -1.482550757261e-02 2.205873345274e-02
1.523437500000e+02 -1.750507109749e-03 4.406736715580e-04 5.312106890134e-03 2.748589052238e-03 -8.941865581679e-01 4.490372699169e-03 9.033159512697e-01 6.044146244219e-02 -1.481164243539e-02 2.209181353510e-02
1.523925780000e+02 -1.750502251713e-03 4.406467600399e-04 5.311924798435e-03 2.748297120631e-03 -8.940851336588e-01 1.190169557230e-02 9.037644471686e-01 5.342658007391e-02 -1.479773024201e-02 2.212488742807e-02
1.524414060000e+02 -1.750497166702e-03 4.406197403187e-04 5.311742003472e-03 2.748005414013e-03 -8.939223982674e-01 1.931043511613e-02 9.041583639053e-01 4.640733424024e-02 -1.478377099875e-02 2.215795506327e-02
1.524902340000e+02 -1.750491851997e-03 4.405926115628e-04 5.311558510460e-03 2.747713936758e-03 -8.936983990388e-01 2.671607324881e-02 9.044976513534e-01 3.938413747283e-02 -1.476976471199e-02 2.219101637236e-02
1.525390620000e+02 -1.750486304899e-03 4.405653729810e-04 5.311374324626e-03 2.747422693361e-03 -8.934131875882e-01 3.411809267141e-02 9.047822623311e-01 3.235740295190e-02 -1.475571138825e-02 2.222407128700e-02
1.525878910000e+02 -1.750480522604e-03 4.405380232630e-04 5.311189447412e-03 2.747131682475e-03 -8.930668123688e-01 4.151612837417e-02 9.050121567571e-01 2.532740048696e-02 -1.474161074492e-02 2.225712041566e-02
1.526367190000e+02 -1.750474502686e-03 4.405105628215e-04 5.311003891635e-03 2.746840920750e-03 -8.926593482856e-01 4.890936172614e-02 9.051872839484e-01 1.829483245135e-02 -1.472746336633e-02 2.229016233637e-02
1.526855470000e+02 -1.750468242386e-03 4.404829904330e-04 5.310817658765e-03 2.746550407068e-03 -8.921908541186e-01 5.629742958803e-02 9.053076108785e-01 1.125996991978e-02 -1.471326897110e-02 2.232319765779e-02
1.527343750000e+02 -1.750461739076e-03 4.404553054761e-04 5.310630754054e-03 2.746260146389e-03 -8.916613996319e-01 6.367981822143e-02 9.053731022322e-01 4.223228483130e-03 -1.469902756626e-02 2.235622631166e-02
1.527832030000e+02 -1.750454990154e-03 4.404275073732e-04 5.310443182757e-03 2.745970143787e-03 -8.910710590917e-01 7.105601488421e-02 9.053837256833e-01 -2.814975711612e-03 -1.468473915899e-02 2.238924822979e-02
1.528320310000e+02 -1.750447993033e-03 4.403995955908e-04 5.310254950131e-03 2.745680404450e-03 -8.904199112515e-01 7.842550787256e-02 9.053394519026e-01 -9.854225980250e-03 -1.467040375658e-02 2.242226334397e-02
1.528808590000e+02 -1.750440745150e-03 4.403715696400e-04 5.310066061428e-03 2.745390933676e-03 -8.897080393366e-01 8.578778656272e-02 9.052402545670e-01 -1.689410512035e-02 -1.465602136647e-02 2.245527158605e-02
1.529296880000e+02 -1.750433243804e-03 4.403434284996e-04 5.309876518013e-03 2.745101730954e-03 -8.889355145868e-01 9.314249199169e-02 9.050861066481e-01 -2.393433961117e-02 -1.464159170021e-02 2.248827356369e-02
1.529785160000e+02 -1.750425486782e-03 4.403151729236e-04 5.309686332894e-03 2.744812813648e-03 -8.881024607670e-01 1.004888145683e-01 9.048769941732e-01 -3.097422290145e-02 -1.462711535652e-02 2.252126785703e-02
1.530273440000e+02 -1.750417471432e-03 4.402868019840e-04 5.309495507435e-03 2.744524181456e-03 -8.872089592212e-01 1.078263978598e-01 9.046128972933e-01 -3.801348053020e-02 -1.461259204820e-02 2.255425507392e-02
1.530761720000e+02 -1.750409195276e-03 4.402583153741e-04 5.309304046866e-03 2.744235840109e-03 -8.862551108998e-01 1.151547359759e-01 9.042938017927e-01 -4.505169341493e-02 -1.459802178318e-02 2.258723514632e-02
1.531250000000e+02 -1.750400655858e-03 4.402297128335e-04 5.309111956407e-03 2.743947795443e-03 -8.852410211423e-01 1.224733243114e-01 9.039196965031e-01 -5.208844205198e-02 -1.458340456955e-02 2.262020800618e-02
1.531738280000e+02 -1.750391850746e-03 4.402009941481e-04 5.308919241265e-03 2.743660053396e-03 -8.841667996584e-01 1.297816595870e-01 9.034905733116e-01 -5.912330653631e-02 -1.456874041551e-02 2.265317358550e-02
1.532226560000e+02 -1.750382777529e-03 4.401721591505e-04 5.308725906635e-03 2.743372620006e-03 -8.830325605108e-01 1.370792398886e-01 9.030064271686e-01 -6.615586658149e-02 -1.455402932941e-02 2.268613181630e-02
1.532714840000e+02 -1.750373433821e-03 4.401432077200e-04 5.308531957693e-03 2.743085501409e-03 -8.818384220958e-01 1.443655647079e-01 9.024672560956e-01 -7.318570153969e-02 -1.453927131971e-02 2.271908263063e-02
1.533203120000e+02 -1.750363817260e-03 4.401141397833e-04 5.308337399598e-03 2.742798703841e-03 -8.805845071244e-01 1.516401349811e-01 9.018730611930e-01 -8.021239042198e-02 -1.452446639500e-02 2.275202596057e-02
1.533691410000e+02 -1.750353925302e-03 4.400849547148e-04 5.308142233488e-03 2.742512227767e-03 -8.792709150911e-01 1.589026017323e-01 9.012238327883e-01 -8.723565571305e-02 -1.450961425939e-02 2.278496241268e-02
1.534179690000e+02 -1.750343756036e-03 4.400556537304e-04 5.307946472474e-03 2.742226091343e-03 -8.778978310836e-01 1.661521714309e-01 9.005196047544e-01 -9.425478812776e-02 -1.449471553004e-02 2.281789057004e-02
1.534667970000e+02 -1.750333306974e-03 4.400262363012e-04 5.307750117662e-03 2.741940295211e-03 -8.764653643473e-01 1.733884984416e-01 8.997603747411e-01 -1.012695096481e-01 -1.447976991227e-02 2.285081103942e-02
1.535156250000e+02 -1.750322575850e-03 4.399967025420e-04 5.307553174121e-03 2.741654845974e-03 -8.749736546534e-01 1.806110898688e-01 8.989461562393e-01 -1.082793981251e-01 -1.446477741519e-02 2.288372375302e-02
1.535644530000e+02 -1.750311560424e-03 4.399670526145e-04 5.307355646894e-03 2.741369750319e-03 -8.734228459869e-01 1.878194544549e-01 8.980769658559e-01 -1.152840311716e-01 -1.444973804805e-02 2.291662864307e-02
1.536132810000e+02 -1.750300258482e-03 4.399372867271e-04 5.307157540997e-03 2.741085015017e-03 -8.718130865246e-01 1.950131026177e-01 8.971528233207e-01 -1.222829861833e-01 -1.443465182023e-02 2.294952564182e-02
1.536621090000e+02 -1.750288667834e-03 4.399074051353e-04 5.306958861413e-03 2.740800646923e-03 -8.701445286137e-01 2.021915464882e-01 8.961737514934e-01 -1.292758403598e-01 -1.441951874123e-02 2.298241468157e-02
1.537109380000e+02 -1.750276786071e-03 4.398774075255e-04 5.306759609007e-03 2.740516647156e-03 -8.684172927772e-01 2.093544464766e-01 8.951397546327e-01 -1.362623137367e-01 -1.440433850933e-02 2.301529636796e-02
1.537597660000e+02 -1.750264611543e-03 4.398472954747e-04 5.306559796859e-03 2.740233034357e-03 -8.666316103854e-01 2.165010248555e-01 8.940509042308e-01 -1.432416970172e-01 -1.438911175606e-02 2.304816928654e-02
1.538085940000e+02 -1.750252141897e-03 4.398170687645e-04 5.306359425775e-03 2.739949809790e-03 -8.647876113892e-01 2.236309459714e-01 8.929072119641e-01 -1.502137100893e-01 -1.437383818091e-02 2.308103404318e-02
1.538574220000e+02 -1.750239375049e-03 4.397867278351e-04 5.306158500600e-03 2.739666980609e-03 -8.628854645928e-01 2.307437291750e-01 8.917087132792e-01 -1.571779295823e-01 -1.435851779392e-02 2.311389057029e-02
1.539062500000e+02 -1.750226308941e-03 4.397562731725e-04 5.305957026139e-03 2.739384554035e-03 -8.609253428564e-01 2.378388957116e-01 8.904554467858e-01 -1.641339320366e-01 -1.434315060522e-02 2.314673880034e-02
1.539550780000e+02 -1.750212941542e-03 4.397257053082e-04 5.305755007156e-03 2.739102537357e-03 -8.589074230726e-01 2.449159687577e-01 8.891474542626e-01 -1.710812939262e-01 -1.432773662512e-02 2.317957866581e-02
1.540039060000e+02 -1.750199270847e-03 4.396950248180e-04 5.305552448371e-03 2.738820937926e-03 -8.568318861425e-01 2.519744734553e-01 8.877847806637e-01 -1.780195916804e-01 -1.431227586402e-02 2.321241009923e-02
1.540527340000e+02 -1.750185294880e-03 4.396642323225e-04 5.305349354462e-03 2.738539763152e-03 -8.546989169506e-01 2.590139369472e-01 8.863674741242e-01 -1.849484017061e-01 -1.429676833247e-02 2.324523303315e-02
1.541015620000e+02 -1.750171011689e-03 4.396333284861e-04 5.305145730058e-03 2.738259020505e-03 -8.525087043406e-01 2.660338884113e-01 8.848955859664e-01 -1.918673004100e-01 -1.428121404113e-02 2.327804740016e-02
1.541503910000e+02 -1.750156419052e-03 4.396023133805e-04 5.304941575556e-03 2.737978711768e-03 -8.502613944829e-01 2.730340022467e-01 8.833691388864e-01 -1.987760056000e-01 -1.426561268083e-02 2.331085380467e-02
1.541992190000e+02 -1.750141515671e-03 4.395711890271e-04 5.304736903850e-03 2.737698855996e-03 -8.479572761145e-01 2.800135250761e-01 8.817882531206e-01 -2.056738107670e-01 -1.424996490152e-02 2.334365083561e-02
1.542480470000e+02 -1.750126299382e-03 4.395399555850e-04 5.304531715247e-03 2.737419455063e-03 -8.455965043633e-01 2.869721359523e-01 8.801529588833e-01 -2.125604340472e-01 -1.423427039522e-02 2.337643909764e-02
1.542968750000e+02 -1.750110768348e-03 4.395086138895e-04 5.304326014174e-03 2.737140516634e-03 -8.431792836539e-01 2.939093725315e-01 8.784633203005e-01 -2.194354520718e-01 -1.421852917313e-02 2.340921852349e-02
1.543457030000e+02 -1.750094920755e-03 4.394771648167e-04 5.304119805008e-03 2.736862048414e-03 -8.407058222413e-01 3.008247746722e-01 8.767194047127e-01 -2.262984415852e-01 -1.420274124656e-02 2.344198904593e-02
1.543945310000e+02 -1.750078754821e-03 4.394456092837e-04 5.303913092064e-03 2.736584058145e-03 -8.381763321836e-01 3.077178844676e-01 8.749212826792e-01 -2.331489794678e-01 -1.418690662697e-02 2.347475059778e-02
1.544433590000e+02 -1.750062268791e-03 4.394139482472e-04 5.303705879605e-03 2.736306553606e-03 -8.355910293159e-01 3.145882462774e-01 8.730690279835e-01 -2.399866427594e-01 -1.417102532593e-02 2.350750311190e-02
1.544921880000e+02 -1.750045460590e-03 4.393821820513e-04 5.303498167572e-03 2.736029536936e-03 -8.329500785688e-01 3.214355467494e-01 8.711626780434e-01 -2.468111483066e-01 -1.415509702846e-02 2.354024719165e-02
1.545410160000e+02 -1.750028329209e-03 4.393503130315e-04 5.303289968613e-03 2.735753027318e-03 -8.302538114235e-01 3.282590544032e-01 8.692023911884e-01 -2.536217940037e-01 -1.413912239882e-02 2.357298142880e-02
1.545898440000e+02 -1.750010872635e-03 4.393183416100e-04 5.303081282558e-03 2.735477026933e-03 -8.275024013631e-01 3.350584610561e-01 8.671882124135e-01 -2.604182974093e-01 -1.412310112323e-02 2.360570642699e-02
1.546386720000e+02 -1.749993089227e-03 4.392862688954e-04 5.302872113421e-03 2.735201543661e-03 -8.246960790537e-01 3.418333204475e-01 8.651202284436e-01 -2.672002364342e-01 -1.410703321380e-02 2.363842211923e-02
1.546875000000e+02 -1.749974977372e-03 4.392540960323e-04 5.302662465151e-03 2.734926585400e-03 -8.218350787994e-01 3.485831887377e-01 8.629985292495e-01 -2.739671892662e-01 -1.409091868274e-02 2.367112843856e-02
1.547363280000e+02 -1.749956535485e-03 4.392218242000e-04 5.302452341631e-03 2.734652160059e-03 -8.189196385133e-01 3.553076245379e-01 8.608232080519e-01 -2.807187343934e-01 -1.407475754240e-02 2.370382531808e-02
1.547851560000e+02 -1.749937762009e-03 4.391894546123e-04 5.302241746675e-03 2.734378275559e-03 -8.159499996892e-01 3.620061889399e-01 8.585943613254e-01 -2.874544506289e-01 -1.405854980527e-02 2.373651269091e-02
1.548339840000e+02 -1.749918655418e-03 4.391569885160e-04 5.302030684028e-03 2.734104939824e-03 -8.129264073722e-01 3.686784455447e-01 8.563120888013e-01 -2.941739171347e-01 -1.404229548396e-02 2.376919049023e-02
1.548828120000e+02 -1.749899214213e-03 4.391244271903e-04 5.301819157364e-03 2.733832160781e-03 -8.098491101297e-01 3.753239604913e-01 8.539764934719e-01 -3.008767134454e-01 -1.402599459119e-02 2.380185864924e-02
1.549316410000e+02 -1.749879436514e-03 4.390917712757e-04 5.301607165938e-03 2.733559940787e-03 -8.067182953582e-01 3.819424377480e-01 8.515876321261e-01 -3.075625562393e-01 -1.400964680456e-02 2.383451776995e-02
1.549804690000e+02 -1.749859321690e-03 4.390590234503e-04 5.301394721962e-03 2.733288298912e-03 -8.035343468209e-01 3.885331775191e-01 8.491457121350e-01 -3.142307520158e-01 -1.399325280666e-02 2.386716644796e-02
1.550292970000e+02 -1.749838867928e-03 4.390261844161e-04 5.301181824551e-03 2.733017237486e-03 -8.002974599027e-01 3.950958895494e-01 8.466507979132e-01 -3.208810186755e-01 -1.397681227630e-02 2.389980528556e-02
1.550781250000e+02 -1.749818073842e-03 4.389932555708e-04 5.300968477084e-03 2.732746764404e-03 -7.970078969626e-01 4.016301504091e-01 8.441030055265e-01 -3.275129374898e-01 -1.396032522671e-02 2.393243421613e-02
1.551269530000e+02 -1.749796938077e-03 4.389602383393e-04 5.300754682861e-03 2.732476887547e-03 -7.936659237325e-01 4.081355393435e-01 8.415024543159e-01 -3.341260902260e-01 -1.394379167128e-02 2.396505317310e-02
1.551757810000e+02 -1.749775459306e-03 4.389271341723e-04 5.300540445103e-03 2.732207614773e-03 -7.902718092860e-01 4.146116383001e-01 8.388492669001e-01 -3.407200591722e-01 -1.392721162351e-02 2.399766208994e-02
1.552246090000e+02 -1.749753636232e-03 4.388939445451e-04 5.300325766952e-03 2.731938953914e-03 -7.868258260083e-01 4.210580319537e-01 8.361435691775e-01 -3.472944271621e-01 -1.391058509704e-02 2.403026090017e-02
1.552734380000e+02 -1.749731467127e-03 4.388606702745e-04 5.300110647060e-03 2.731670907292e-03 -7.833281774077e-01 4.274744388271e-01 8.333854333075e-01 -3.538489116257e-01 -1.389391176369e-02 2.406285020467e-02
1.553222660000e+02 -1.749708951658e-03 4.388273142446e-04 5.299895097216e-03 2.731403493655e-03 -7.797792856648e-01 4.338601863086e-01 8.305751047277e-01 -3.603828280898e-01 -1.387719232028e-02 2.409542860221e-02
1.553710940000e+02 -1.749686088162e-03 4.387938773174e-04 5.299679115917e-03 2.731136715242e-03 -7.761793618091e-01 4.402149991234e-01 8.277126632381e-01 -3.668958956160e-01 -1.386042643983e-02 2.412799669397e-02
1.554199220000e+02 -1.749662875455e-03 4.387603610553e-04 5.299462705975e-03 2.730870579744e-03 -7.725286911597e-01 4.465384731089e-01 8.247982478752e-01 -3.733876994732e-01 -1.384361413650e-02 2.416055441364e-02
1.554687500000e+02 -1.749639312382e-03 4.387267670393e-04 5.299245870117e-03 2.730605094808e-03 -7.688275621906e-01 4.528302069536e-01 8.218320009637e-01 -3.798578256024e-01 -1.382675542455e-02 2.419310169498e-02
1.555175780000e+02 -1.749615397815e-03 4.386930968679e-04 5.299028610985e-03 2.730340268031e-03 -7.650762664987e-01 4.590898022211e-01 8.188140681176e-01 -3.863058606424e-01 -1.380985031839e-02 2.422563847178e-02
1.555664060000e+02 -1.749591130655e-03 4.386593521554e-04 5.298810931134e-03 2.730076106955e-03 -7.612750987722e-01 4.653168633732e-01 8.157445982412e-01 -3.927313919559e-01 -1.379289883254e-02 2.425816467789e-02
1.556152340000e+02 -1.749566509832e-03 4.386255345313e-04 5.298592833032e-03 2.729812619068e-03 -7.574243567579e-01 4.715109977924e-01 8.126237435294e-01 -3.991340076548e-01 -1.377590098165e-02 2.429068024719e-02
1.556640620000e+02 -1.749541534303e-03 4.385916456381e-04 5.298374319057e-03 2.729549811794e-03 -7.535243412295e-01 4.776718158042e-01 8.094516594690e-01 -4.055132966268e-01 -1.375885678052e-02 2.432318511364e-02
1.557128910000e+02 -1.749516202531e-03 4.385576864346e-04 5.298155387011e-03 2.729287687129e-03 -7.495752745804e-01 4.837990558355e-01 8.062284383058e-01 -4.118689784767e-01 -1.374176589355e-02 2.435567987658e-02
1.557617190000e+02 -1.749490514568e-03 4.385236599772e-04 5.297936048060e-03 2.729026263099e-03 -7.455776252964e-01 4.898920831897e-01 8.029543741337e-01 -4.182003833900e-01 -1.372462903582e-02 2.438816313910e-02
1.558105470000e+02 -1.749464468938e-03 4.384895672462e-04 5.297716299834e-03 2.728765541543e-03 -7.415316226615e-01 4.959506429824e-01 7.996295668267e-01 -4.245072331431e-01 -1.370744587294e-02 2.442063550087e-02
1.558593750000e+02 -1.749438064711e-03 4.384554099242e-04 5.297496144350e-03 2.728505529598e-03 -7.374375792311e-01 5.019743575273e-01 7.962541850382e-01 -4.307891199863e-01 -1.369021642020e-02 2.445309689604e-02
1.559082030000e+02 -1.749411300985e-03 4.384211897009e-04 5.297275583532e-03 2.728246234318e-03 -7.332958104238e-01 5.079628521871e-01 7.928284007130e-01 -4.370456370761e-01 -1.367294069303e-02 2.448554725880e-02
1.559570310000e+02 -1.749384176883e-03 4.383869082707e-04 5.297054619213e-03 2.727987662671e-03 -7.291066344891e-01 5.139157553932e-01 7.893523890857e-01 -4.432763785018e-01 -1.365561870696e-02 2.451798652339e-02
1.560058590000e+02 -1.749356691556e-03 4.383525673319e-04 5.296833253132e-03 2.727729821535e-03 -7.248703724734e-01 5.198326986653e-01 7.858263286806e-01 -4.494809393123e-01 -1.363825047767e-02 2.455041462410e-02
1.560546880000e+02 -1.749328843611e-03 4.383181678801e-04 5.296611482386e-03 2.727472712436e-03 -7.205872599944e-01 5.257134366916e-01 7.822503275657e-01 -4.556590417928e-01 -1.362083566382e-02 2.458283215907e-02
1.561035160000e+02 -1.749300633393e-03 4.382837130259e-04 5.296389317612e-03 2.727216352590e-03 -7.162577990323e-01 5.315573663484e-01 7.786247173141e-01 -4.618100299336e-01 -1.360337499463e-02 2.461523773489e-02
1.561523440000e+02 -1.749272059570e-03 4.382492037661e-04 5.296166755726e-03 2.726960743306e-03 -7.118822315873e-01 5.373642493423e-01 7.749496135854e-01 -4.679336286211e-01 -1.358586812998e-02 2.464763195003e-02
1.562011720000e+02 -1.749243121402e-03 4.382146417996e-04 5.295943798090e-03 2.726705891061e-03 -7.074608895625e-01 5.431337297334e-01 7.712252080484e-01 -4.740294370091e-01 -1.356831508604e-02 2.468001473899e-02
1.562500000000e+02 -1.749213818175e-03 4.381800288217e-04 5.295720445968e-03 2.726451802222e-03 -7.029941074912e-01 5.488654547621e-01 7.674516956531e-01 -4.800970553451e-01 -1.355071587911e-02 2.471238603634e-02
1.562988280000e+02 -1.749184149203e-03 4.381453665226e-04 5.295496700530e-03 2.726198483039e-03 -6.984822225036e-01 5.545590748654e-01 7.636292746293e-01 -4.861360849971e-01 -1.353307052561e-02 2.474474577668e-02
1.563476560000e+02 -1.749154113827e-03 4.381106565863e-04 5.295272562849e-03 2.725945939645e-03 -6.939255742930e-01 5.602142436945e-01 7.597581464836e-01 -4.921461284807e-01 -1.351537904210e-02 2.477709389469e-02
1.563964840000e+02 -1.749123711412e-03 4.380759006889e-04 5.295048033901e-03 2.725694178053e-03 -6.893245050819e-01 5.658306181302e-01 7.558385159972e-01 -4.981267894865e-01 -1.349764144525e-02 2.480943032509e-02
1.564453120000e+02 -1.749092941352e-03 4.380411004966e-04 5.294823114567e-03 2.725443204147e-03 -6.846793595884e-01 5.714078582998e-01 7.518705912225e-01 -5.040776729072e-01 -1.347985775186e-02 2.484175500265e-02
1.564941410000e+02 -1.749061802424e-03 4.380062569514e-04 5.294597801012e-03 2.725193018567e-03 -6.799903885184e-01 5.769457405992e-01 7.478545007415e-01 -5.099985058099e-01 -1.346202761323e-02 2.487406852386e-02
1.565429690000e+02 -1.749030295346e-03 4.379713731236e-04 5.294372103152e-03 2.724943637182e-03 -6.752581335422e-01 5.824437048603e-01 7.437906236400e-01 -5.158886530543e-01 -1.344415177672e-02 2.490636950007e-02
1.565917970000e+02 -1.748998418957e-03 4.379364499296e-04 5.294146016965e-03 2.724695060344e-03 -6.704828510793e-01 5.879015348590e-01 7.396790960091e-01 -5.217478448705e-01 -1.342622989483e-02 2.493865852812e-02
1.566406250000e+02 -1.748966172751e-03 4.379014889836e-04 5.293919542945e-03 2.724447293397e-03 -6.656648954906e-01 5.933189038578e-01 7.355201389540e-01 -5.275756912343e-01 -1.340826198486e-02 2.497093554302e-02
1.566894530000e+02 -1.748933556250e-03 4.378664918832e-04 5.293692681489e-03 2.724200341538e-03 -6.608046234630e-01 5.986954884390e-01 7.313139768337e-01 -5.333718034608e-01 -1.339024806423e-02 2.500320047983e-02
1.567382810000e+02 -1.748900569000e-03 4.378314602073e-04 5.293465432897e-03 2.723954209818e-03 -6.559023939751e-01 6.040309685179e-01 7.270608372564e-01 -5.391357942325e-01 -1.337218815049e-02 2.503545327366e-02
1.567871090000e+02 -1.748867210572e-03 4.377963955156e-04 5.293237797370e-03 2.723708903133e-03 -6.509585682631e-01 6.093250273566e-01 7.227609510752e-01 -5.448672776267e-01 -1.335408226132e-02 2.506769385971e-02
1.568359380000e+02 -1.748833479867e-03 4.377612986274e-04 5.293009770342e-03 2.723464421227e-03 -6.459734072728e-01 6.145774587144e-01 7.184144628943e-01 -5.505659855117e-01 -1.333593004230e-02 2.509992283311e-02
1.568847660000e+02 -1.748799377889e-03 4.377261724961e-04 5.292781361164e-03 2.723220778697e-03 -6.409474808484e-01 6.197877374431e-01 7.140217880751e-01 -5.562313014169e-01 -1.331773225485e-02 2.513213880910e-02
1.569335940000e+02 -1.748764903594e-03 4.376910178948e-04 5.292552565084e-03 2.722977974949e-03 -6.358810551213e-01 6.249556649155e-01 7.095830786371e-01 -5.618629608173e-01 -1.329948854573e-02 2.516434238320e-02
1.569824220000e+02 -1.748730056654e-03 4.376558362902e-04 5.292323381922e-03 2.722736014236e-03 -6.307745000177e-01 6.300809379034e-01 7.050985783631e-01 -5.674605836488e-01 -1.328119893312e-02 2.519653349081e-02
1.570312500000e+02 -1.748694836760e-03 4.376206291215e-04 5.292093811400e-03 2.722494900643e-03 -6.256281875507e-01 6.351632565848e-01 7.005685342547e-01 -5.730237913819e-01 -1.326286343532e-02 2.522871206744e-02
1.570800780000e+02 -1.748659243630e-03 4.375853978000e-04 5.291863853149e-03 2.722254638084e-03 -6.204424917869e-01 6.402023245555e-01 6.959931965262e-01 -5.785522070495e-01 -1.324448207074e-02 2.526087804860e-02
1.571289060000e+02 -1.748623277006e-03 4.375501437073e-04 5.291633506702e-03 2.722015230294e-03 -6.152177888119e-01 6.451978488389e-01 6.913728185985e-01 -5.840454552753e-01 -1.322605485791e-02 2.529303136991e-02
1.571777340000e+02 -1.748586936652e-03 4.375148681940e-04 5.291402771502e-03 2.721776680833e-03 -6.099544566962e-01 6.501495398964e-01 6.867076570924e-01 -5.895031623018e-01 -1.320758181552e-02 2.532517196703e-02
1.572265620000e+02 -1.748550222355e-03 4.374795725781e-04 5.291171646895e-03 2.721538993077e-03 -6.046528754613e-01 6.550571116374e-01 6.819979718222e-01 -5.949249560184e-01 -1.318906296234e-02 2.535729977569e-02
1.572753910000e+02 -1.748513133162e-03 4.374442574208e-04 5.290940127390e-03 2.721302165375e-03 -5.993133173087e-01 6.599203805695e-01 6.772439279760e-01 -6.003105759113e-01 -1.317049793660e-02 2.538941538926e-02
1.573242190000e+02 -1.748475670427e-03 4.374089254180e-04 5.290708221635e-03 2.721066210432e-03 -5.939363847709e-01 6.647388683245e-01 6.724459864602e-01 -6.056594326513e-01 -1.315188751776e-02 2.542151742817e-02
1.573730470000e+02 -1.748437833250e-03 4.373735770596e-04 5.290475923961e-03 2.720831126201e-03 -5.885223545530e-01 6.695123992632e-01 6.676043197175e-01 -6.109712699068e-01 -1.313323134524e-02 2.545360648617e-02
1.574218750000e+02 -1.748399621509e-03 4.373382135210e-04 5.290243233351e-03 2.720596915301e-03 -5.830716141411e-01 6.742407011759e-01 6.627192002630e-01 -6.162457224378e-01 -1.311452943830e-02 2.548568249924e-02
1.574707030000e+02 -1.748361035106e-03 4.373028359387e-04 5.290010148694e-03 2.720363580156e-03 -5.775845528029e-01 6.789235053437e-01 6.577909037680e-01 -6.214824267931e-01 -1.309578181635e-02 2.551774540344e-02
1.575195310000e+02 -1.748322073962e-03 4.372674454090e-04 5.289776668793e-03 2.720131122990e-03 -5.720615615534e-01 6.835605465463e-01 6.528197090510e-01 -6.266810213381e-01 -1.307698849892e-02 2.554979513488e-02
1.575683590000e+02 -1.748282738022e-03 4.372320429869e-04 5.289542792361e-03 2.719899545826e-03 -5.665030331218e-01 6.881515630691e-01 6.478058980699e-01 -6.318411462835e-01 -1.305814950564e-02 2.558183162973e-02
1.576171880000e+02 -1.748243026436e-03 4.371966289590e-04 5.289308513222e-03 2.719668845767e-03 -5.609092470015e-01 6.926963893105e-01 6.427496519311e-01 -6.369625481984e-01 -1.303926446906e-02 2.561385547993e-02
1.576660160000e+02 -1.748202940817e-03 4.371612057449e-04 5.289073839511e-03 2.719439033877e-03 -5.552808283725e-01 6.971945844302e-01 6.376514659486e-01 -6.420446612945e-01 -1.302033418258e-02 2.564586531011e-02
1.577148440000e+02 -1.748162480365e-03 4.371257735427e-04 5.288838764890e-03 2.719210106826e-03 -5.496180607040e-01 7.016459908214e-01 6.325115283260e-01 -6.470872367726e-01 -1.300135827992e-02 2.567786171264e-02
1.577636720000e+02 -1.748121645108e-03 4.370903332303e-04 5.288603287728e-03 2.718982065809e-03 -5.439213432444e-01 7.060503608570e-01 6.273301334865e-01 -6.520899225092e-01 -1.298233678121e-02 2.570984462394e-02
1.578125000000e+02 -1.748080435096e-03 4.370548856378e-04 5.288367406312e-03 2.718754911805e-03 -5.381910767888e-01 7.104074504461e-01 6.221075789455e-01 -6.570523683688e-01 -1.296326970669e-02 2.574181398053e-02
1.578613280000e+02 -1.748038850400e-03 4.370194315478e-04 5.288131118847e-03 2.718528645583e-03 -5.324276636450e-01 7.147170190394e-01 6.168441653009e-01 -6.619742262319e-01 -1.294415707674e-02 2.577376971899e-02
1.579101560000e+02 -1.747996891111e-03 4.369839716929e-04 5.287894423456e-03 2.718303267690e-03 -5.266315076004e-01 7.189788296337e-01 6.115401962220e-01 -6.668551500238e-01 -1.292499891186e-02 2.580571177597e-02
1.579589840000e+02 -1.747954557339e-03 4.369485067562e-04 5.287657318184e-03 2.718078778461e-03 -5.208030138894e-01 7.231926487765e-01 6.061959784394e-01 -6.716947957432e-01 -1.290579523265e-02 2.583764008817e-02
1.580078120000e+02 -1.747911849214e-03 4.369130373689e-04 5.287419800995e-03 2.717855178004e-03 -5.149425891592e-01 7.273582465699e-01 6.008118217334e-01 -6.764928214905e-01 -1.288654605984e-02 2.586955459239e-02
1.580566410000e+02 -1.747868766000e-03 4.368775633839e-04 5.287181864900e-03 2.717632461657e-03 -5.090505204507e-01 7.314754804964e-01 5.953879274406e-01 -6.812489844691e-01 -1.286725101868e-02 2.590145587867e-02
1.581054690000e+02 -1.747825309630e-03 4.368420867803e-04 5.286943517458e-03 2.717410638209e-03 -5.031274584815e-01 7.355439591360e-01 5.899248335715e-01 -6.859627522540e-01 -1.284791092043e-02 2.593334257728e-02
1.581542970000e+02 -1.747781479415e-03 4.368066073038e-04 5.286704751538e-03 2.717189702530e-03 -4.971736935963e-01 7.395635480925e-01 5.844227483136e-01 -6.906338872580e-01 -1.282852539151e-02 2.596521527867e-02
1.582031250000e+02 -1.747737275560e-03 4.367711253718e-04 5.286465564804e-03 2.716969653836e-03 -4.911896377680e-01 7.435340317215e-01 5.788819935321e-01 -6.952620562742e-01 -1.280909445313e-02 2.599707391992e-02
1.582519530000e+02 -1.747692698291e-03 4.367356413460e-04 5.286225954849e-03 2.716750491113e-03 -4.851757042193e-01 7.474551979488e-01 5.733028940835e-01 -6.998469283406e-01 -1.278961812661e-02 2.602891843818e-02
1.583007810000e+02 -1.747647747852e-03 4.367001555317e-04 5.285985919196e-03 2.716532213121e-03 -4.791323073903e-01 7.513268382725e-01 5.676857778021e-01 -7.043881747681e-01 -1.277009643341e-02 2.606074877063e-02
1.583496090000e+02 -1.747602424504e-03 4.366646681770e-04 5.285745455299e-03 2.716314818390e-03 -4.730598629059e-01 7.551487477653e-01 5.620309754879e-01 -7.088854691690e-01 -1.275052939509e-02 2.609256485458e-02
1.583984380000e+02 -1.747556727589e-03 4.366291787453e-04 5.285504555607e-03 2.716098300794e-03 -4.669586623031e-01 7.589208018129e-01 5.563387039369e-01 -7.133385782282e-01 -1.273091663122e-02 2.612436727853e-02
1.584472660000e+02 -1.747510659273e-03 4.365936888220e-04 5.285263227309e-03 2.715882667270e-03 -4.608293733881e-01 7.626426481371e-01 5.506095329966e-01 -7.177469978451e-01 -1.271125896693e-02 2.615615467731e-02
1.584960940000e+02 -1.747464218940e-03 4.365581977530e-04 5.285021462733e-03 2.715667911211e-03 -4.546722904896e-01 7.663141703034e-01 5.448436860876e-01 -7.221105003602e-01 -1.269155602293e-02 2.618792763986e-02
1.585449220000e+02 -1.747417406922e-03 4.365227055509e-04 5.284779259075e-03 2.715454030222e-03 -4.484878336516e-01 7.699351776942e-01 5.390415057359e-01 -7.264287688766e-01 -1.267180782129e-02 2.621968610377e-02
1.585937500000e+02 -1.747370223567e-03 4.364872121685e-04 5.284536613469e-03 2.715241021674e-03 -4.422764239435e-01 7.735054832705e-01 5.332033373631e-01 -7.307014889412e-01 -1.265201438414e-02 2.625143000668e-02
1.586425780000e+02 -1.747322669241e-03 4.364517174976e-04 5.284293522992e-03 2.715028882705e-03 -4.360384834280e-01 7.770249035725e-01 5.273295292726e-01 -7.349283485729e-01 -1.263217573378e-02 2.628315928632e-02
1.586914060000e+02 -1.747274744324e-03 4.364162213687e-04 5.284049984663e-03 2.714817610222e-03 -4.297744351305e-01 7.804932587191e-01 5.214204326342e-01 -7.391090382909e-01 -1.261229189260e-02 2.631487388049e-02
1.587402340000e+02 -1.747226449215e-03 4.363807235508e-04 5.283805995447e-03 2.714607200895e-03 -4.234847030069e-01 7.839103724076e-01 5.154764014686e-01 -7.432432511433e-01 -1.259236288310e-02 2.634657372707e-02
1.587890620000e+02 -1.747177784327e-03 4.363452237508e-04 5.283561552254e-03 2.714397651164e-03 -4.171697119131e-01 7.872760719127e-01 5.094977926324e-01 -7.473306827347e-01 -1.257238872792e-02 2.637825876402e-02
1.588378910000e+02 -1.747128749082e-03 4.363097208862e-04 5.283316646923e-03 2.714188952969e-03 -4.108297574825e-01 7.905902554294e-01 5.034848423108e-01 -7.513711135172e-01 -1.255236903934e-02 2.640992957781e-02
1.588867190000e+02 -1.747079345933e-03 4.362742159930e-04 5.283071286295e-03 2.713981110830e-03 -4.044655259648e-01 7.938526216346e-01 4.974381592756e-01 -7.553640787957e-01 -1.253230466022e-02 2.644158480934e-02
1.589355470000e+02 -1.747029574340e-03 4.362387078635e-04 5.282825462122e-03 2.713774116206e-03 -3.980773151427e-01 7.970630769299e-01 4.913579859996e-01 -7.593093652440e-01 -1.251219520401e-02 2.647322504555e-02
1.589843750000e+02 -1.746979434777e-03 4.362031959533e-04 5.282579171121e-03 2.713567964604e-03 -3.916655531627e-01 8.002214628866e-01 4.852446905199e-01 -7.632066789758e-01 -1.249204069379e-02 2.650485022472e-02
1.590332030000e+02 -1.746928927734e-03 4.361676796555e-04 5.282332409963e-03 2.713362651301e-03 -3.852306689174e-01 8.033276246452e-01 4.790986436263e-01 -7.670557288017e-01 -1.247184115278e-02 2.653646028517e-02
1.590820310000e+02 -1.746878053715e-03 4.361321582995e-04 5.282085175281e-03 2.713158171344e-03 -3.787730920156e-01 8.063814109133e-01 4.729202188447e-01 -7.708562262579e-01 -1.245159660431e-02 2.656805516532e-02
1.591308590000e+02 -1.746826813238e-03 4.360966311514e-04 5.281837463665e-03 2.712954519549e-03 -3.722932527519e-01 8.093826739626e-01 4.667097924188e-01 -7.746078856332e-01 -1.243130707180e-02 2.659963480368e-02
1.591796880000e+02 -1.746775205775e-03 4.360610966859e-04 5.281589266582e-03 2.712751686359e-03 -3.657914487016e-01 8.123313294735e-01 4.604676151338e-01 -7.783104993207e-01 -1.241097216192e-02 2.663119978511e-02
1.592285160000e+02 -1.746723233986e-03 4.360255554981e-04 5.281340590717e-03 2.712549674443e-03 -3.592683777582e-01 8.152271160604e-01 4.541943242968e-01 -7.819636355376e-01 -1.239059273123e-02 2.666274875538e-02
1.592773440000e+02 -1.746670897377e-03 4.359900059363e-04 5.281091427476e-03 2.712348473772e-03 -3.527243391626e-01 8.180699575967e-01 4.478901766816e-01 -7.855670933306e-01 -1.237016838752e-02 2.669428229984e-02
1.593261720000e+02 -1.746618196521e-03 4.359544470137e-04 5.280841773313e-03 2.712148078257e-03 -3.461597656552e-01 8.208597205800e-01 4.415555592211e-01 -7.891205982777e-01 -1.234969915471e-02 2.672580035729e-02
1.593750000000e+02 -1.746565132003e-03 4.359188776803e-04 5.280591624653e-03 2.711948481583e-03 -3.395750905146e-01 8.235962750549e-01 4.351908614733e-01 -7.926238788484e-01 -1.232918505679e-02 2.675730286665e-02
1.594238280000e+02 -1.746511704422e-03 4.358832968236e-04 5.280340977894e-03 2.711749677215e-03 -3.329707475279e-01 8.262794946094e-01 4.287964756017e-01 -7.960766664306e-01 -1.230862611790e-02 2.678878976689e-02
1.594726560000e+02 -1.746457914390e-03 4.358477032682e-04 5.280089829409e-03 2.711551658397e-03 -3.263471709623e-01 8.289092563701e-01 4.223727963553e-01 -7.994786953581e-01 -1.228802236228e-02 2.682026099708e-02
1.595214840000e+02 -1.746403762528e-03 4.358120957775e-04 5.279838175549e-03 2.711354418157e-03 -3.197047955359e-01 8.314854409979e-01 4.159202210486e-01 -8.028297029379e-01 -1.226737381429e-02 2.685171649636e-02
1.595703120000e+02 -1.746349249473e-03 4.357764730525e-04 5.279586012644e-03 2.711157949305e-03 -3.130440563893e-01 8.340079326832e-01 4.094391495412e-01 -8.061294294769e-01 -1.224668049838e-02 2.688315620398e-02
1.596191410000e+02 -1.746294374744e-03 4.357408330030e-04 5.279333331825e-03 2.710962240438e-03 -3.063652520971e-01 8.364766691477e-01 4.029298506239e-01 -8.093776843030e-01 -1.222594201398e-02 2.691458070263e-02
1.596679690000e+02 -1.746239141247e-03 4.357051756679e-04 5.279080139739e-03 2.710767291956e-03 -2.996690921263e-01 8.388914405057e-01 3.963929958068e-01 -8.125740807543e-01 -1.220515923521e-02 2.694598864459e-02
1.597167970000e+02 -1.746183548532e-03 4.356694988368e-04 5.278826427500e-03 2.710573092019e-03 -2.929558761177e-01 8.412521926152e-01 3.898288594368e-01 -8.157184353519e-01 -1.218433176260e-02 2.697738061308e-02
1.597656250000e+02 -1.746127597280e-03 4.356338009685e-04 5.278572191378e-03 2.710379632598e-03 -2.862260406195e-01 8.435588237317e-01 3.832378513429e-01 -8.188105006727e-01 -1.216345962109e-02 2.700875654765e-02
1.598144530000e+02 -1.746071288182e-03 4.355980804634e-04 5.278317427637e-03 2.710186905457e-03 -2.794800224622e-01 8.458112356131e-01 3.766203837922e-01 -8.218500324282e-01 -1.214254283570e-02 2.704011638796e-02
1.598632810000e+02 -1.746014621942e-03 4.355623356633e-04 5.278062132532e-03 2.709994902160e-03 -2.727182587306e-01 8.480093335134e-01 3.699768714673e-01 -8.248367894901e-01 -1.212158143158e-02 2.707146007374e-02
1.599121090000e+02 -1.745957599271e-03 4.355265648525e-04 5.277806302315e-03 2.709803614073e-03 -2.659411867372e-01 8.501530261765e-01 3.633077314441e-01 -8.277705339175e-01 -1.210057543396e-02 2.710278754482e-02
1.599609380000e+02 -1.745900219714e-03 4.354907655249e-04 5.277549927980e-03 2.709613028470e-03 -2.591491047458e-01 8.522422680579e-01 3.566132458129e-01 -8.306510894285e-01 -1.207952443666e-02 2.713409938220e-02
1.600097660000e+02 -1.745842486353e-03 4.354549373183e-04 5.277293016276e-03 2.709423144136e-03 -2.523427286481e-01 8.542768892866e-01 3.498941105749e-01 -8.334781065453e-01 -1.205842932736e-02 2.716539424336e-02
1.600585940000e+02 -1.745784398759e-03 4.354190776159e-04 5.277035558213e-03 2.709233947949e-03 -2.455223573278e-01 8.562568523819e-01 3.431506130028e-01 -8.362514165835e-01 -1.203728970101e-02 2.719667270980e-02
1.601074220000e+02 -1.745725957684e-03 4.353831844799e-04 5.276777550046e-03 2.709045430512e-03 -2.386884287366e-01 8.581820799808e-01 3.363831795123e-01 -8.389707946112e-01 -1.201610558329e-02 2.722793472169e-02
1.601562500000e+02 -1.745667163888e-03 4.353472559192e-04 5.276518988041e-03 2.708857582247e-03 -2.318413809197e-01 8.600524981763e-01 3.295922387945e-01 -8.416360190132e-01 -1.199487700001e-02 2.725918021930e-02
1.602050780000e+02 -1.745608018141e-03 4.353112898905e-04 5.276259868472e-03 2.708670393398e-03 -2.249816519894e-01 8.618680365094e-01 3.227782217912e-01 -8.442468715167e-01 -1.197360397708e-02 2.729040914298e-02
1.602539060000e+02 -1.745548521221e-03 4.352752842992e-04 5.276000187626e-03 2.708483854031e-03 -2.181096800992e-01 8.636286279625e-01 3.159415616704e-01 -8.468031372165e-01 -1.195228654054e-02 2.732162143314e-02
1.603027340000e+02 -1.745488673915e-03 4.352392370011e-04 5.275739941802e-03 2.708297954045e-03 -2.112259034175e-01 8.653342089508e-01 3.090826938005e-01 -8.493046046005e-01 -1.193092471650e-02 2.735281703034e-02
1.603515620000e+02 -1.745428477017e-03 4.352031458028e-04 5.275479127319e-03 2.708112683171e-03 -2.043307601026e-01 8.669847193150e-01 3.022020557256e-01 -8.517510655744e-01 -1.190951853121e-02 2.738399587516e-02
1.604003910000e+02 -1.745367930086e-03 4.351670077233e-04 5.275217735153e-03 2.707928027199e-03 -1.974245467309e-01 8.685801344216e-01 2.952999455710e-01 -8.541423638933e-01 -1.188806757127e-02 2.741515854636e-02
1.604492190000e+02 -1.745307036413e-03 4.351308219552e-04 5.274955772368e-03 2.707743983104e-03 -1.905079842445e-01 8.701203355898e-01 2.883770878668e-01 -8.564782004244e-01 -1.186657274174e-02 2.744630370832e-02
1.604980470000e+02 -1.745245795579e-03 4.350945854270e-04 5.274693229999e-03 2.707560536351e-03 -1.835813692915e-01 8.716053061258e-01 2.814337853915e-01 -8.587584270154e-01 -1.184503363035e-02 2.747743194030e-02
1.605468750000e+02 -1.745184208410e-03 4.350582957631e-04 5.274430104452e-03 2.707377676045e-03 -1.766451397352e-01 8.730349994896e-01 2.744704841297e-01 -8.609828494920e-01 -1.182345026375e-02 2.750854318328e-02
1.605957030000e+02 -1.745122275736e-03 4.350219505456e-04 5.274166392163e-03 2.707195391147e-03 -1.696997333030e-01 8.744093725251e-01 2.674876321097e-01 -8.631512772204e-01 -1.180182266875e-02 2.753963737833e-02
1.606445310000e+02 -1.745059998397e-03 4.349855473157e-04 5.273902089598e-03 2.707013670474e-03 -1.627455875617e-01 8.757283854511e-01 2.604856793756e-01 -8.652635231322e-01 -1.178015087221e-02 2.757071446660e-02
1.606933590000e+02 -1.744997377237e-03 4.349490835757e-04 5.273637193255e-03 2.706832502710e-03 -1.557831398931e-01 8.769920018522e-01 2.534650779603e-01 -8.673194037474e-01 -1.175843490115e-02 2.760177438936e-02
1.607421880000e+02 -1.744934411817e-03 4.349125560410e-04 5.273371694227e-03 2.706651872713e-03 -1.488126846401e-01 8.782002128460e-01 2.464261375189e-01 -8.693187795652e-01 -1.173667433656e-02 2.763281772353e-02
1.607910160000e+02 -1.744871105570e-03 4.348759636360e-04 5.273105599958e-03 2.706471776307e-03 -1.418349442546e-01 8.793529392340e-01 2.393696022948e-01 -8.712613924583e-01 -1.171487009695e-02 2.766384313903e-02
1.608398440000e+02 -1.744807458076e-03 4.348393030073e-04 5.272838901629e-03 2.706292198092e-03 -1.348502127461e-01 8.804501799553e-01 2.322957861474e-01 -8.731471113808e-01 -1.169302176443e-02 2.769485121332e-02
1.608886720000e+02 -1.744743470203e-03 4.348025715156e-04 5.272571595893e-03 2.706113126256e-03 -1.278589265171e-01 8.814919119667e-01 2.252051487809e-01 -8.749757674432e-01 -1.167112936642e-02 2.772584188805e-02
1.609375000000e+02 -1.744679142825e-03 4.347657664909e-04 5.272303679448e-03 2.705934548877e-03 -1.208615216663e-01 8.824781155445e-01 2.180981517456e-01 -8.767471954610e-01 -1.164919293046e-02 2.775681510492e-02
1.609863280000e+02 -1.744614476821e-03 4.347288852340e-04 5.272035149037e-03 2.705756453929e-03 -1.138584339650e-01 8.834087742746e-01 2.109752584078e-01 -8.784612339779e-01 -1.162721248416e-02 2.778777080576e-02
1.610351560000e+02 -1.744549473075e-03 4.346919250177e-04 5.271766001451e-03 2.705578829283e-03 -1.068500988347e-01 8.842838750426e-01 2.038369339207e-01 -8.801177252876e-01 -1.160518805527e-02 2.781870893248e-02
1.610839840000e+02 -1.744484132476e-03 4.346548830893e-04 5.271496233536e-03 2.705401662718e-03 -9.983695132370e-02 8.851034080246e-01 1.966836451934e-01 -8.817165154566e-01 -1.158311967162e-02 2.784962942708e-02
1.611328120000e+02 -1.744418455917e-03 4.346177566724e-04 5.271225842185e-03 2.705224941924e-03 -9.281942608478e-02 8.858673666762e-01 1.895158608615e-01 -8.832574543457e-01 -1.156100736116e-02 2.788053223167e-02
1.611816410000e+02 -1.744352442940e-03 4.345805422057e-04 5.270954818793e-03 2.705048650901e-03 -8.579781351504e-02 8.865757616616e-01 1.823339040316e-01 -8.847404254082e-01 -1.153885069772e-02 2.791141792080e-02
1.612304690000e+02 -1.744286097149e-03 4.345432383951e-04 5.270683171470e-03 2.704872784399e-03 -7.877283501614e-02 8.872285639506e-01 1.751385408745e-01 -8.861652254153e-01 -1.151665061697e-02 2.794228517170e-02
1.612792970000e+02 -1.744219418102e-03 4.345058416432e-04 5.270410891737e-03 2.704697326262e-03 -7.174478015852e-02 8.878257918545e-01 1.679300980769e-01 -8.875317467065e-01 -1.149440669385e-02 2.797313455949e-02
1.613281250000e+02 -1.744152406706e-03 4.344683490976e-04 5.270137976723e-03 2.704522263881e-03 -6.471408178928e-02 8.883674518465e-01 1.607090508686e-01 -8.888398545366e-01 -1.147211895673e-02 2.800396602664e-02
1.613769530000e+02 -1.744085063872e-03 4.344307578925e-04 5.269864423619e-03 2.704347584590e-03 -5.768117224929e-02 8.888535536283e-01 1.534758760491e-01 -8.900894180611e-01 -1.144978743405e-02 2.803477951576e-02
1.614257810000e+02 -1.744017390516e-03 4.343930651500e-04 5.269590229683e-03 2.704173275669e-03 -5.064648335160e-02 8.892841101189e-01 1.462310519556e-01 -8.912803103574e-01 -1.142741215438e-02 2.806557496953e-02
1.614746090000e+02 -1.743949387555e-03 4.343552679826e-04 5.269315392238e-03 2.703999324350e-03 -4.361044636010e-02 8.896591374443e-01 1.389750584300e-01 -8.924124084446e-01 -1.140499314638e-02 2.809635233074e-02
1.615234380000e+02 -1.743881054505e-03 4.343173627178e-04 5.269039903028e-03 2.703825714273e-03 -3.657334784458e-02 8.899786609022e-01 1.317082278586e-01 -8.934856146789e-01 -1.138252997833e-02 2.812711217203e-02
1.615722660000e+02 -1.743812395087e-03 4.342793480081e-04 5.268763770801e-03 2.703652439706e-03 -2.953590614884e-02 8.902426899127e-01 1.244313406473e-01 -8.944997700634e-01 -1.136002359916e-02 2.815785317651e-02
1.616210940000e+02 -1.743743408830e-03 4.342412201749e-04 5.268486987459e-03 2.703479484219e-03 -2.249840665332e-02 8.904512572697e-01 1.171447322414e-01 -8.954547861451e-01 -1.133747357826e-02 2.818857591738e-02
1.616699220000e+02 -1.743674096660e-03 4.342029763139e-04 5.268209550613e-03 2.703306834919e-03 -1.546127821484e-02 8.906043918178e-01 1.098488881727e-01 -8.963505559087e-01 -1.131487994468e-02 2.821928033784e-02
1.617187500000e+02 -1.743604459505e-03 4.341646135221e-04 5.267931457952e-03 2.703134478898e-03 -8.424949036719e-03 8.907021255538e-01 1.025442953116e-01 -8.971869763786e-01 -1.129224272760e-02 2.824996638117e-02
1.617675780000e+02 -1.743534498293e-03 4.341261289004e-04 5.267652707241e-03 2.702962403239e-03 -1.389846648534e-03 8.907444936152e-01 9.523144183235e-02 -8.979639486373e-01 -1.126956195627e-02 2.828063399076e-02
1.618164060000e+02 -1.743464213955e-03 4.340875195557e-04 5.267373296326e-03 2.702790595023e-03 5.643602114088e-03 8.907315342693e-01 8.791081717925e-02 -8.986813778438e-01 -1.124683766006e-02 2.831128311010e-02
1.618652340000e+02 -1.743393607422e-03 4.340487826034e-04 5.267093223136e-03 2.702619041337e-03 1.267497112940e-02 8.906632889012e-01 8.058291203148e-02 -8.993391732519e-01 -1.122406986844e-02 2.834191368279e-02
1.619140620000e+02 -1.743322679626e-03 4.340099151690e-04 5.266812485681e-03 2.702447729277e-03 1.970383500938e-02 8.905398020031e-01 7.324821826823e-02 -8.999372482279e-01 -1.120125861096e-02 2.837252565253e-02
1.619628910000e+02 -1.743251430038e-03 4.339709135917e-04 5.266531076288e-03 2.702276642455e-03 2.672991297794e-02 8.903611169381e-01 6.590707852843e-02 -9.004755306789e-01 -1.117840344878e-02 2.840311958946e-02
1.620117190000e+02 -1.743179862509e-03 4.339317766232e-04 5.266249004666e-03 2.702105775019e-03 3.375249338296e-02 8.901272916970e-01 5.856028768126e-02 -9.009539201994e-01 -1.115550534778e-02 2.843369418439e-02
1.620605470000e+02 -1.743107976515e-03 4.338925006387e-04 5.265966263327e-03 2.701935110634e-03 4.077129707766e-02 8.898383769287e-01 5.120819071197e-02 -9.013723542337e-01 -1.113256387021e-02 2.846425000806e-02
1.621093750000e+02 -1.743035772989e-03 4.338530828306e-04 5.265682850633e-03 2.701764636509e-03 4.778590180349e-02 8.894944294370e-01 4.385128394412e-02 -9.017307627701e-01 -1.110957904601e-02 2.849478700458e-02
1.621582030000e+02 -1.742963252865e-03 4.338135204148e-04 5.265398765033e-03 2.701594339898e-03 5.479588613214e-02 8.890955090745e-01 3.649006472208e-02 -9.020290799942e-01 -1.108655090523e-02 2.852530511817e-02
1.622070310000e+02 -1.742890417073e-03 4.337738106316e-04 5.265114005071e-03 2.701424208109e-03 6.180082948433e-02 8.886416787309e-01 2.912503137442e-02 -9.022672443041e-01 -1.106347947802e-02 2.855580429314e-02
1.622558590000e+02 -1.742817266545e-03 4.337339507499e-04 5.264828569384e-03 2.701254228507e-03 6.880031214837e-02 8.881330043208e-01 2.175668317708e-02 -9.024451983270e-01 -1.104036479462e-02 2.858628447392e-02
1.623046880000e+02 -1.742743800704e-03 4.336939372470e-04 5.264542450834e-03 2.701084385047e-03 7.579405846504e-02 8.875695426725e-01 1.438536932894e-02 -9.025628907264e-01 -1.101720641066e-02 2.861674622868e-02
1.623535160000e+02 -1.742670023488e-03 4.336537690932e-04 5.264255659970e-03 2.700914672191e-03 8.278136404743e-02 8.869513887958e-01 7.011892821059e-03 -9.026202678105e-01 -1.099400530512e-02 2.864718825437e-02
1.624023440000e+02 -1.742595934322e-03 4.336134428368e-04 5.263968189863e-03 2.700745074042e-03 8.976195518806e-02 8.862786066308e-01 -3.633953871758e-04 -9.026172880102e-01 -1.097076103468e-02 2.867761111977e-02
1.624511720000e+02 -1.742521534133e-03 4.335729558823e-04 5.263680039536e-03 2.700575578274e-03 9.673541582912e-02 8.855512740741e-01 -7.739992604472e-03 -9.025539110162e-01 -1.094747362999e-02 2.870801476972e-02
1.625000000000e+02 -1.742446823845e-03 4.335323056741e-04 5.263391208111e-03 2.700406172651e-03 1.037013308712e-01 8.847694719875e-01 -1.511739538037e-02 -9.024301008212e-01 -1.092414312175e-02 2.873839914917e-02
1.625488280000e+02 -1.742371804380e-03 4.334914896989e-04 5.263101694811e-03 2.700236845040e-03 1.106592861912e-01 8.839332841863e-01 -2.249509954370e-02 -9.022458257329e-01 -1.090076954078e-02 2.876876420320e-02
1.625976560000e+02 -1.742296476658e-03 4.334505054893e-04 5.262811498960e-03 2.700067583416e-03 1.176088686596e-01 8.830427974269e-01 -2.987260024116e-02 -9.020010583876e-01 -1.087735291798e-02 2.879910987696e-02
1.626464840000e+02 -1.742220841596e-03 4.334093506251e-04 5.262520619985e-03 2.699898375867e-03 1.245496661580e-01 8.820981013949e-01 -3.724939197614e-02 -9.016957757629e-01 -1.085389328435e-02 2.882943611574e-02
1.626953120000e+02 -1.742144900109e-03 4.333680227366e-04 5.262229057415e-03 2.699729210604e-03 1.314812675963e-01 8.810992886927e-01 -4.462496864788e-02 -9.013299591902e-01 -1.083039067098e-02 2.885974286491e-02
1.627441410000e+02 -1.742068651544e-03 4.333265186550e-04 5.261936804893e-03 2.699560072504e-03 1.384034045917e-01 8.800464327127e-01 -5.199897458653e-02 -9.009035850147e-01 -1.080684462640e-02 2.889003069006e-02
1.627929690000e+02 -1.741992099933e-03 4.332848378184e-04 5.261643874127e-03 2.699390956971e-03 1.453153846294e-01 8.789396749803e-01 -5.937060055852e-02 -9.004166607755e-01 -1.078325614632e-02 2.892029829623e-02
1.628417970000e+02 -1.741915244624e-03 4.332429771743e-04 5.261350258983e-03 2.699221849156e-03 1.522169416690e-01 8.777790957660e-01 -6.673948992353e-02 -8.998691728249e-01 -1.075962478033e-02 2.895054624960e-02
1.628906250000e+02 -1.741838086519e-03 4.332009345793e-04 5.261055959412e-03 2.699052737830e-03 1.591076689034e-01 8.765647992173e-01 -7.410513455926e-02 -8.992611200271e-01 -1.073595055989e-02 2.898077449601e-02
1.629394530000e+02 -1.741760626516e-03 4.331587079518e-04 5.260760975471e-03 2.698883611916e-03 1.659871606380e-01 8.752968923371e-01 -8.146702593800e-02 -8.985925056574e-01 -1.071223351654e-02 2.901098298138e-02
1.629882810000e+02 -1.741682865509e-03 4.331162952761e-04 5.260465307323e-03 2.698714460501e-03 1.728550123070e-01 8.739754849718e-01 -8.882465516699e-02 -8.978633374116e-01 -1.068847368194e-02 2.904117165176e-02
1.630371090000e+02 -1.741604804391e-03 4.330736946035e-04 5.260168955240e-03 2.698545272842e-03 1.797108204894e-01 8.726006897981e-01 -9.617751302901e-02 -8.970736274167e-01 -1.066467108780e-02 2.907134045330e-02
1.630859380000e+02 -1.741526442439e-03 4.330309031774e-04 5.259871913512e-03 2.698376034909e-03 1.865543229480e-01 8.711725925199e-01 -1.035252404444e-01 -8.962233742069e-01 -1.064082527716e-02 2.910148994952e-02
1.631347660000e+02 -1.741447783746e-03 4.329879209448e-04 5.259574194793e-03 2.698206743250e-03 1.933848382883e-01 8.696913699343e-01 -1.108670267033e-01 -8.953126336248e-01 -1.061693725863e-02 2.913161885189e-02
1.631835940000e+02 -1.741368827586e-03 4.329447452996e-04 5.259275793605e-03 2.698037384208e-03 2.002021069022e-01 8.681571144344e-01 -1.182025123954e-01 -8.943414143512e-01 -1.059300657630e-02 2.916172772456e-02
1.632324220000e+02 -1.741289574834e-03 4.329013745886e-04 5.258976710653e-03 2.697867947788e-03 2.070057301087e-01 8.665699498960e-01 -1.255311874156e-01 -8.933097463265e-01 -1.056903326226e-02 2.919181651413e-02
1.632812500000e+02 -1.741210026357e-03 4.328578072371e-04 5.258676946752e-03 2.697698424198e-03 2.137953104513e-01 8.649300029637e-01 -1.328525415403e-01 -8.922176639647e-01 -1.054501734866e-02 2.922188516731e-02
1.633300780000e+02 -1.741130183018e-03 4.328140417529e-04 5.258376502826e-03 2.697528803857e-03 2.205704517131e-01 8.632374030381e-01 -1.401660644691e-01 -8.910652061612e-01 -1.052095886779e-02 2.925193363094e-02
1.633789060000e+02 -1.741050045675e-03 4.327700767281e-04 5.258075379907e-03 2.697359077400e-03 2.273307589323e-01 8.614922822635e-01 -1.474712458668e-01 -8.898524162998e-01 -1.049685785199e-02 2.928196185195e-02
1.634277340000e+02 -1.740969615179e-03 4.327259108409e-04 5.257773579138e-03 2.697189235685e-03 2.340758384175e-01 8.596947755151e-01 -1.547675754054e-01 -8.885793422589e-01 -1.047271433370e-02 2.931196977740e-02
1.634765620000e+02 -1.740888892378e-03 4.326815428582e-04 5.257471101771e-03 2.697019269796e-03 2.408052977624e-01 8.578450203869e-01 -1.620545428064e-01 -8.872460364179e-01 -1.044852834543e-02 2.934195735446e-02
1.635253910000e+02 -1.740807876449e-03 4.326369707239e-04 5.257167942949e-03 2.696849167573e-03 2.475188831865e-01 8.559431176957e-01 -1.693317868140e-01 -8.858525265083e-01 -1.042429942317e-02 2.937192514394e-02
1.635742190000e+02 -1.740726571547e-03 4.325921952144e-04 5.256864116559e-03 2.696678927546e-03 2.542159299087e-01 8.539892883381e-01 -1.765984992969e-01 -8.843989310064e-01 -1.040002859201e-02 2.940187186578e-02
1.636230470000e+02 -1.740644976844e-03 4.325472144661e-04 5.256559617975e-03 2.696508538042e-03 2.608961871255e-01 8.519836395711e-01 -1.838543195183e-01 -8.828852879040e-01 -1.037571538896e-02 2.943179808143e-02
1.636718750000e+02 -1.740563093162e-03 4.325020276228e-04 5.256254448883e-03 2.696337991128e-03 2.675592677207e-01 8.499263197373e-01 -1.910987378236e-01 -8.813116676369e-01 -1.035135984689e-02 2.946170373852e-02
1.637207030000e+02 -1.740480921317e-03 4.324566339284e-04 5.255948611074e-03 2.696167279127e-03 2.742047859369e-01 8.478174798353e-01 -1.983312448211e-01 -8.796781451657e-01 -1.032696199875e-02 2.949158878479e-02
1.637695310000e+02 -1.740398462119e-03 4.324110327279e-04 5.255642106448e-03 2.695996394628e-03 2.808323573903e-01 8.456572735066e-01 -2.055513314255e-01 -8.779847999796e-01 -1.030252187756e-02 2.952145316812e-02
1.638183590000e+02 -1.740315716370e-03 4.323652234709e-04 5.255334937012e-03 2.695825330493e-03 2.874415990849e-01 8.434458570233e-01 -2.127584889013e-01 -8.762317160992e-01 -1.027803951646e-02 2.955129683647e-02
1.638671880000e+02 -1.740232683164e-03 4.323192047666e-04 5.255027098564e-03 2.695654076349e-03 2.940322642063e-01 8.411833424185e-01 -2.199523560923e-01 -8.744189443440e-01 -1.025351444594e-02 2.958112034852e-02
1.639160160000e+02 -1.740149366691e-03 4.322729781621e-04 5.254718605932e-03 2.695482632631e-03 3.006037026208e-01 8.388699838613e-01 -2.271321304281e-01 -8.725466520564e-01 -1.022894770380e-02 2.961092243092e-02
1.639648440000e+02 -1.740065766033e-03 4.322265424884e-04 5.254409455139e-03 2.695310989539e-03 3.071556707472e-01 8.365058996270e-01 -2.342974519501e-01 -8.706149003508e-01 -1.020433882160e-02 2.964070364299e-02
1.640136720000e+02 -1.739981881967e-03 4.321798976284e-04 5.254099648608e-03 2.695139141076e-03 3.136877912806e-01 8.340912563840e-01 -2.414478137561e-01 -8.686237913952e-01 -1.017968783276e-02 2.967046393318e-02
1.640625000000e+02 -1.739897715259e-03 4.321330435772e-04 5.253789188869e-03 2.694967081537e-03 3.201996883733e-01 8.316262233684e-01 -2.485827095119e-01 -8.665734318972e-01 -1.015499477083e-02 2.970020325006e-02
1.641113280000e+02 -1.739813266669e-03 4.320859804451e-04 5.253478078549e-03 2.694794805525e-03 3.266909876490e-01 8.291109723711e-01 -2.557016334954e-01 -8.644639331045e-01 -1.013025966940e-02 2.972992154232e-02
1.641601560000e+02 -1.739728536949e-03 4.320387084590e-04 5.253166320379e-03 2.694622307950e-03 3.331613162159e-01 8.265456777254e-01 -2.628040806400e-01 -8.622954108047e-01 -1.010548256217e-02 2.975961875877e-02
1.642089840000e+02 -1.739643526844e-03 4.319912279635e-04 5.252853917189e-03 2.694449584033e-03 3.396103026801e-01 8.239305162942e-01 -2.698895465794e-01 -8.600679853245e-01 -1.008066348290e-02 2.978929484832e-02
1.642578120000e+02 -1.739558237089e-03 4.319435394231e-04 5.252540871906e-03 2.694276629316e-03 3.460375771593e-01 8.212656674573e-01 -2.769575276913e-01 -8.577817815286e-01 -1.005580246546e-02 2.981894976002e-02
1.643066410000e+02 -1.739472666657e-03 4.318956424398e-04 5.252227181125e-03 2.694103436112e-03 3.524429022459e-01 8.185512570035e-01 -2.840076653390e-01 -8.554368801956e-01 -1.003089903331e-02 2.984858404973e-02
1.643554690000e+02 -1.739386819775e-03 4.318475396839e-04 5.251912860817e-03 2.693930007703e-03 3.588256487564e-01 8.157875804921e-01 -2.910391687448e-01 -8.530335113086e-01 -1.000595424051e-02 2.987819645292e-02
1.644042970000e+02 -1.739300695404e-03 4.317992310083e-04 5.251597907779e-03 2.693756337065e-03 3.651855828277e-01 8.129747696948e-01 -2.980516813560e-01 -8.505717659120e-01 -9.980967611535e-03 2.990778752613e-02
1.644531250000e+02 -1.739214294247e-03 4.317507173708e-04 5.251282325320e-03 2.693582421055e-03 3.715223407547e-01 8.101130139332e-01 -3.050447029713e-01 -8.480517870012e-01 -9.955939180565e-03 2.993735721887e-02
1.645019530000e+02 -1.739127617002e-03 4.317019998548e-04 5.250966116843e-03 2.693408256865e-03 3.778355604091e-01 8.072025049830e-01 -3.120177343563e-01 -8.454737220968e-01 -9.930868981837e-03 2.996690548080e-02
1.645507810000e+02 -1.739040664353e-03 4.316530796728e-04 5.250649285838e-03 2.693233842035e-03 3.841248812520e-01 8.042434370610e-01 -3.189702772875e-01 -8.428377232398e-01 -9.905757049667e-03 2.999643226168e-02
1.645996090000e+02 -1.738953436981e-03 4.316039581652e-04 5.250331835885e-03 2.693059174449e-03 3.903899443468e-01 8.012360068127e-01 -3.259018345975e-01 -8.401439469880e-01 -9.880603418450e-03 3.002593751142e-02
1.646484380000e+02 -1.738865933758e-03 4.315546357911e-04 5.250013764133e-03 2.692884248757e-03 3.966305199221e-01 7.981803502288e-01 -3.328120515144e-01 -8.373924974727e-01 -9.855407606228e-03 3.005542178362e-02
1.646972660000e+02 -1.738778158931e-03 4.315051161725e-04 5.249695087360e-03 2.692709070711e-03 4.028459966681e-01 7.950767939349e-01 -3.397001500707e-01 -8.345836529685e-01 -9.830170679551e-03 3.008488382078e-02
1.647460940000e+02 -1.738690111363e-03 4.314554000358e-04 5.249375802897e-03 2.692533635679e-03 4.090361485885e-01 7.919254797000e-01 -3.465657782749e-01 -8.317175277903e-01 -9.804892157462e-03 3.011432417720e-02
1.647949220000e+02 -1.738601791696e-03 4.314054892477e-04 5.249055914660e-03 2.692357942965e-03 4.152006232813e-01 7.887266137575e-01 -3.534084436299e-01 -8.287942965055e-01 -9.779572074660e-03 3.014374280326e-02
1.648437500000e+02 -1.738513200564e-03 4.313553858093e-04 5.248735426647e-03 2.692181992240e-03 4.213390700090e-01 7.854804047060e-01 -3.602276549182e-01 -8.258141381673e-01 -9.754210465912e-03 3.017313964948e-02
1.648925780000e+02 -1.738424338594e-03 4.313050918559e-04 5.248414342935e-03 2.692005783536e-03 4.274511397109e-01 7.821870634967e-01 -3.670229222464e-01 -8.227772363073e-01 -9.728807366062e-03 3.020251466648e-02
1.649414060000e+02 -1.738335206401e-03 4.312546096582e-04 5.248092667675e-03 2.691829317259e-03 4.335364850155e-01 7.788468034212e-01 -3.737937570906e-01 -8.196837789275e-01 -9.703362810027e-03 3.023186780501e-02
1.649902340000e+02 -1.738245804592e-03 4.312039416223e-04 5.247770405092e-03 2.691652594180e-03 4.395947602520e-01 7.754598400980e-01 -3.805396723402e-01 -8.165339584919e-01 -9.677876832797e-03 3.026119901597e-02
1.650390620000e+02 -1.738156133766e-03 4.311530902910e-04 5.247447559483e-03 2.691475615448e-03 4.456256214630e-01 7.720263914607e-01 -3.872601823436e-01 -8.133279719168e-01 -9.652349469432e-03 3.029050825035e-02
1.650878910000e+02 -1.738066192667e-03 4.311020572967e-04 5.247124128586e-03 2.691298378952e-03 4.516288490731e-01 7.685466060079e-01 -3.939549397901e-01 -8.100659531853e-01 -9.626780230995e-03 3.031979605887e-02
1.651367190000e+02 -1.737975985557e-03 4.310508475460e-04 5.246800130083e-03 2.691120893850e-03 4.576038566930e-01 7.650208487979e-01 -4.006231878587e-01 -8.067482417035e-01 -9.601170199988e-03 3.034906119316e-02
1.651855470000e+02 -1.737885511169e-03 4.309994629499e-04 5.246475561854e-03 2.690943158794e-03 4.635504288048e-01 7.614492738407e-01 -4.072645829145e-01 -8.033749814538e-01 -9.575518888461e-03 3.037830420465e-02
1.652343750000e+02 -1.737794770064e-03 4.309479065999e-04 5.246150428461e-03 2.690765176441e-03 4.694682284218e-01 7.578321082022e-01 -4.138786455872e-01 -7.999463870627e-01 -9.549826331762e-03 3.040752504483e-02
1.652832030000e+02 -1.737703762793e-03 4.308961817252e-04 5.245824734526e-03 2.690586949830e-03 4.753569203292e-01 7.541695811997e-01 -4.204648981882e-01 -7.964626775562e-01 -9.524092565306e-03 3.043672366535e-02
1.653320310000e+02 -1.737612489900e-03 4.308442916931e-04 5.245498484730e-03 2.690408482385e-03 4.812161710956e-01 7.504619243893e-01 -4.270228647554e-01 -7.929240763478e-01 -9.498317624579e-03 3.046590001795e-02
1.653808590000e+02 -1.737520951917e-03 4.307922400080e-04 5.245171683807e-03 2.690229777910e-03 4.870456490849e-01 7.467093715531e-01 -4.335520710973e-01 -7.893308112259e-01 -9.472501545136e-03 3.049505405454e-02
1.654296880000e+02 -1.737429147486e-03 4.307400292421e-04 5.244844329837e-03 2.690050836929e-03 4.928451429285e-01 7.429120804640e-01 -4.400521776550e-01 -7.856830390795e-01 -9.446643832621e-03 3.052418632351e-02
1.654785160000e+02 -1.737337080882e-03 4.306876653138e-04 5.244516441066e-03 2.689871671347e-03 4.986140870661e-01 7.390704448565e-01 -4.465224476644e-01 -7.819811458208e-01 -9.420745581841e-03 3.055329558378e-02
1.655273440000e+02 -1.737244750732e-03 4.306351510729e-04 5.244188015681e-03 2.689692282463e-03 5.043522743962e-01 7.351846278045e-01 -4.529625459333e-01 -7.782252981331e-01 -9.394806299417e-03 3.058238238444e-02
1.655761720000e+02 -1.737152157535e-03 4.305824905734e-04 5.243859058614e-03 2.689512675622e-03 5.100593805767e-01 7.312548718677e-01 -4.593720057968e-01 -7.744157411673e-01 -9.368826021176e-03 3.061144667792e-02
1.656250000000e+02 -1.737059301776e-03 4.305296880055e-04 5.243529574837e-03 2.689332856556e-03 5.157350831175e-01 7.272814217684e-01 -4.657503625817e-01 -7.705527243779e-01 -9.342804783010e-03 3.064048841672e-02
1.656738280000e+02 -1.736966183934e-03 4.304767476955e-04 5.243199569365e-03 2.689152831382e-03 5.213790613913e-01 7.232645243791e-01 -4.720971536509e-01 -7.666365015077e-01 -9.316742620876e-03 3.066950755351e-02
1.657226560000e+02 -1.736872804478e-03 4.304236741051e-04 5.242869047245e-03 2.688972606602e-03 5.269909966447e-01 7.192044287094e-01 -4.784119184467e-01 -7.626673305711e-01 -9.290639570799e-03 3.069850404108e-02
1.657714840000e+02 -1.736779163868e-03 4.303704718304e-04 5.242538013562e-03 2.688792189102e-03 5.325705720091e-01 7.151013858934e-01 -4.846941985349e-01 -7.586454738376e-01 -9.264495668867e-03 3.072747783233e-02
1.658203120000e+02 -1.736685262554e-03 4.303171456008e-04 5.242206473429e-03 2.688611586152e-03 5.381174725122e-01 7.109556491770e-01 -4.909435376481e-01 -7.545711978146e-01 -9.238310951233e-03 3.075642888031e-02
1.658691410000e+02 -1.736591099047e-03 4.302636991833e-04 5.241874425183e-03 2.688430801699e-03 5.436314976736e-01 7.067673876984e-01 -4.971596086873e-01 -7.504446881875e-01 -9.212084916599e-03 3.078535773042e-02
1.659179690000e+02 -1.736496677637e-03 4.302101397619e-04 5.241541887593e-03 2.688249851182e-03 5.491121104896e-01 7.025370304415e-01 -5.033417052357e-01 -7.462663889088e-01 -9.185818675444e-03 3.081426315105e-02
1.659667970000e+02 -1.736401996823e-03 4.301564713683e-04 5.241208859052e-03 2.688068739313e-03 5.545591150050e-01 6.982647515710e-01 -5.094895054332e-01 -7.420364951139e-01 -9.159511727430e-03 3.084314568831e-02
1.660156250000e+02 -1.736307057020e-03 4.301026992572e-04 5.240875344768e-03 2.687887474882e-03 5.599722039397e-01 6.939508126525e-01 -5.156025621134e-01 -7.377552900778e-01 -9.133164108964e-03 3.087200529579e-02
1.660644530000e+02 -1.736211858634e-03 4.300488288124e-04 5.240541349967e-03 2.687706067056e-03 5.653510719636e-01 6.895954773001e-01 -5.216804304922e-01 -7.334230612193e-01 -9.106775856514e-03 3.090084192716e-02
1.661132810000e+02 -1.736116402064e-03 4.299948655443e-04 5.240206879884e-03 2.687524525377e-03 5.706954157071e-01 6.851990111628e-01 -5.277226682111e-01 -7.290401000805e-01 -9.080347006611e-03 3.092965553627e-02
1.661621090000e+02 -1.736020687700e-03 4.299408150892e-04 5.239871939768e-03 2.687342859757e-03 5.760049337721e-01 6.807616819125e-01 -5.337288353793e-01 -7.246067023059e-01 -9.053877595845e-03 3.095844607706e-02
1.662109380000e+02 -1.735924713955e-03 4.298866820984e-04 5.239536527998e-03 2.687161076755e-03 5.812794344001e-01 6.762836671084e-01 -5.396986164983e-01 -7.201230752864e-01 -9.027367117527e-03 3.098721409255e-02
1.662597660000e+02 -1.735828485133e-03 4.298324746722e-04 5.239200663569e-03 2.686979194466e-03 5.865184041222e-01 6.717654218497e-01 -5.456313322146e-01 -7.155897064582e-01 -9.000816694220e-03 3.101595835865e-02
1.663085940000e+02 -1.735731999636e-03 4.297781977068e-04 5.238864344874e-03 2.686797220180e-03 5.917216558972e-01 6.672071285055e-01 -5.515266729283e-01 -7.110068123321e-01 -8.974225820185e-03 3.104467941910e-02
1.663574220000e+02 -1.735635257822e-03 4.297238573254e-04 5.238527577167e-03 2.686615165270e-03 5.968888963169e-01 6.626090627092e-01 -5.573842090415e-01 -7.063747047436e-01 -8.947594532251e-03 3.107337722840e-02
1.664062500000e+02 -1.735538260039e-03 4.296694597692e-04 5.238190365697e-03 2.686433041468e-03 6.020198339962e-01 6.579715020529e-01 -5.632035136334e-01 -7.016936995188e-01 -8.920922867307e-03 3.110205174116e-02
1.664550780000e+02 -1.735441006628e-03 4.296150113936e-04 5.237852715703e-03 2.686250860857e-03 6.071141795840e-01 6.532947260740e-01 -5.689841625022e-01 -6.969641164503e-01 -8.894210862298e-03 3.113070291214e-02
1.665039060000e+02 -1.735343497924e-03 4.295605186688e-04 5.237514632410e-03 2.686068635873e-03 6.121716457729e-01 6.485790162424e-01 -5.747257342058e-01 -6.921862792733e-01 -8.867458554228e-03 3.115933069622e-02
1.665527340000e+02 -1.735245734254e-03 4.295059881750e-04 5.237176121029e-03 2.685886379296e-03 6.171919473099e-01 6.438246559480e-01 -5.804278101030e-01 -6.873605156403e-01 -8.840665980157e-03 3.118793504843e-02
1.666015620000e+02 -1.735147715935e-03 4.294514266023e-04 5.236837186749e-03 2.685704104248e-03 6.221748010064e-01 6.390319304874e-01 -5.860899743936e-01 -6.824871570960e-01 -8.813833177203e-03 3.121651592392e-02
1.666503910000e+02 -1.735049441266e-03 4.293968396292e-04 5.236497827785e-03 2.685521820456e-03 6.271200266363e-01 6.342010277278e-01 -5.917119288792e-01 -6.775664377951e-01 -8.786959631764e-03 3.124507386259e-02
1.666992190000e+02 -1.734950914576e-03 4.293422363927e-04 5.236158063179e-03 2.685339549180e-03 6.320271426126e-01 6.293324346159e-01 -5.972930332850e-01 -6.725988985435e-01 -8.760046481792e-03 3.127360765016e-02
1.667480470000e+02 -1.734852134153e-03 4.292876227782e-04 5.235817891098e-03 2.685157300807e-03 6.368959736639e-01 6.244263435448e-01 -6.028329961260e-01 -6.675847821135e-01 -8.733093214618e-03 3.130211782728e-02
1.667968750000e+02 -1.734753100291e-03 4.292330058884e-04 5.235477316622e-03 2.684975089784e-03 6.417262449597e-01 6.194830473087e-01 -6.083314133684e-01 -6.625244353553e-01 -8.706099867580e-03 3.133060434964e-02
1.668457030000e+02 -1.734653813273e-03 4.291783929227e-04 5.235136344795e-03 2.684792930873e-03 6.465176837843e-01 6.145028405440e-01 -6.137878840192e-01 -6.574182088768e-01 -8.679066478068e-03 3.135906717308e-02
1.668945310000e+02 -1.734554273380e-03 4.291237911742e-04 5.234794980621e-03 2.684610839149e-03 6.512700195460e-01 6.094860197158e-01 -6.192020101646e-01 -6.522664570161e-01 -8.651993083525e-03 3.138750625355e-02
1.669433590000e+02 -1.734454480884e-03 4.290692080279e-04 5.234453229064e-03 2.684428829994e-03 6.559829837876e-01 6.044328831051e-01 -6.245733970094e-01 -6.470695378124e-01 -8.624879721448e-03 3.141592154715e-02
1.669921880000e+02 -1.734354434002e-03 4.290146498402e-04 5.234111088027e-03 2.684246915370e-03 6.606564054983e-01 5.993436262030e-01 -6.299017615937e-01 -6.418277051697e-01 -8.597725872873e-03 3.144431359135e-02
1.670410160000e+02 -1.734254137095e-03 4.289601264049e-04 5.233768576392e-03 2.684065118706e-03 6.652898290941e-01 5.942187593403e-01 -6.351864972213e-01 -6.365415391492e-01 -8.570532687604e-03 3.147268117957e-02
1.670898440000e+02 -1.734153588371e-03 4.289056442451e-04 5.233425691969e-03 2.683883452544e-03 6.698830886962e-01 5.890584823090e-01 -6.404273282473e-01 -6.312113018237e-01 -8.543299647599e-03 3.150102485005e-02
1.671386720000e+02 -1.734052788084e-03 4.288512110824e-04 5.233082439516e-03 2.683701933438e-03 6.744359244819e-01 5.838631005227e-01 -6.456238727313e-01 -6.258373657403e-01 -8.516026790557e-03 3.152934455942e-02
1.671875000000e+02 -1.733951736480e-03 4.287968347132e-04 5.232738823732e-03 2.683520578215e-03 6.789480788118e-01 5.786329211453e-01 -6.507757520404e-01 -6.204201069974e-01 -8.488714154232e-03 3.155764026447e-02
1.672363280000e+02 -1.733850433801e-03 4.287425230074e-04 5.232394849251e-03 2.683339403972e-03 6.834192962385e-01 5.733682530779e-01 -6.558825908860e-01 -6.149599052120e-01 -8.461361776421e-03 3.158591192211e-02
1.672851560000e+02 -1.733748880287e-03 4.286882839050e-04 5.232050520645e-03 2.683158428071e-03 6.878493235171e-01 5.680694069453e-01 -6.609440173604e-01 -6.094571434887e-01 -8.433969694974e-03 3.161415948940e-02
1.673339840000e+02 -1.733647076170e-03 4.286341254114e-04 5.231705842412e-03 2.682977668128e-03 6.922379096139e-01 5.627366950833e-01 -6.659596629735e-01 -6.039122083869e-01 -8.406537947787e-03 3.164238292353e-02
1.673828120000e+02 -1.733545021681e-03 4.285800555954e-04 5.231360818981e-03 2.682797142007e-03 6.965848057165e-01 5.573704315246e-01 -6.709291626877e-01 -5.983254898881e-01 -8.379066572807e-03 3.167058218184e-02
1.674316410000e+02 -1.733442714950e-03 4.285260814806e-04 5.231015447626e-03 2.682616864125e-03 7.008898529775e-01 5.519708210661e-01 -6.758522552989e-01 -5.926972656775e-01 -8.351555044192e-03 3.169875779857e-02
1.674804690000e+02 -1.733340160390e-03 4.284722134611e-04 5.230669746767e-03 2.682436860205e-03 7.051526307190e-01 5.465384022652e-01 -6.807283811298e-01 -5.870281630155e-01 -8.324004526834e-03 3.172690857728e-02
1.675292970000e+02 -1.733237356129e-03 4.284184586661e-04 5.230323713524e-03 2.682257145117e-03 7.093729854443e-01 5.410733839243e-01 -6.855572870146e-01 -5.813184671072e-01 -8.296414495797e-03 3.175503505298e-02
1.675781250000e+02 -1.733134302386e-03 4.283648253788e-04 5.229977352002e-03 2.682077737642e-03 7.135506773189e-01 5.355760867327e-01 -6.903386220800e-01 -5.755685812860e-01 -8.268784989210e-03 3.178313718357e-02
1.676269530000e+02 -1.733030999376e-03 4.283113219273e-04 5.229630666218e-03 2.681898656772e-03 7.176854687764e-01 5.300468330102e-01 -6.950720390796e-01 -5.697789121369e-01 -8.241116045248e-03 3.181121492706e-02
1.676757810000e+02 -1.732927447314e-03 4.282579566799e-04 5.229283660095e-03 2.681719921699e-03 7.217771245274e-01 5.244859466939e-01 -6.997571944279e-01 -5.639498694611e-01 -8.213407702130e-03 3.183926824161e-02
1.677246090000e+02 -1.732823646410e-03 4.282047380420e-04 5.228936337462e-03 2.681541551809e-03 7.258254115686e-01 5.188937533247e-01 -7.043937482332e-01 -5.580818662406e-01 -8.185659998117e-03 3.186729708554e-02
1.677734380000e+02 -1.732719594742e-03 4.281516733654e-04 5.228588694929e-03 2.681363563029e-03 7.298301807604e-01 5.132704645555e-01 -7.089814577820e-01 -5.521751972432e-01 -8.157872402035e-03 3.189530199056e-02
1.678222660000e+02 -1.732615296782e-03 4.280987732901e-04 5.228240750364e-03 2.681185982394e-03 7.337910396633e-01 5.076166394255e-01 -7.135198027540e-01 -5.462305236433e-01 -8.130046090392e-03 3.192328176819e-02
1.678710940000e+02 -1.732510750610e-03 4.280460452183e-04 5.227892500178e-03 2.681008826164e-03 7.377078446511e-01 5.019324933586e-01 -7.180085489924e-01 -5.402481471728e-01 -8.102180532900e-03 3.195123695094e-02
1.679199220000e+02 -1.732405956434e-03 4.279934976607e-04 5.227543947790e-03 2.680832114409e-03 7.415803719568e-01 4.962183581750e-01 -7.224473717064e-01 -5.342284931704e-01 -8.074275767993e-03 3.197916749766e-02
1.679687500000e+02 -1.732300914464e-03 4.279411391441e-04 5.227195096508e-03 2.680655867344e-03 7.454084001452e-01 4.904745672309e-01 -7.268359499596e-01 -5.281719899707e-01 -8.046331834142e-03 3.200707336735e-02
1.680175780000e+02 -1.732195624906e-03 4.278889782071e-04 5.226845949530e-03 2.680480105323e-03 7.491917101214e-01 4.847014554045e-01 -7.311739667008e-01 -5.220790688662e-01 -8.018348769860e-03 3.203495451917e-02
1.680664060000e+02 -1.732090087971e-03 4.278370233956e-04 5.226496509935e-03 2.680304848830e-03 7.529300851402e-01 4.788993590826e-01 -7.354611087947e-01 -5.159501640684e-01 -7.990326613702e-03 3.206281091239e-02
1.681152340000e+02 -1.731984303869e-03 4.277852832589e-04 5.226146780685e-03 2.680130118469e-03 7.566233108147e-01 4.730686161467e-01 -7.396970670511e-01 -5.097857126698e-01 -7.962265404259e-03 3.209064250644e-02
1.681640620000e+02 -1.731878272811e-03 4.277337663451e-04 5.225796764622e-03 2.679955934952e-03 7.602711751254e-01 4.672095659592e-01 -7.438815362553e-01 -5.035861546038e-01 -7.934165180161e-03 3.211844926089e-02
1.682128910000e+02 -1.731771992831e-03 4.276824801483e-04 5.225446457285e-03 2.679782315543e-03 7.638735417355e-01 4.613224284992e-01 -7.480142993017e-01 -4.973518045766e-01 -7.906025403387e-03 3.214623170415e-02
1.682617190000e+02 -1.731665468498e-03 4.276314353017e-04 5.225095875613e-03 2.679609288257e-03 7.674300558325e-01 4.554077871882e-01 -7.520948897325e-01 -4.910833634475e-01 -7.877847265227e-03 3.217398865813e-02
1.683105470000e+02 -1.731558697856e-03 4.275806392695e-04 5.224745014896e-03 2.679436870516e-03 7.709405867934e-01 4.494658654673e-01 -7.561230995999e-01 -4.847811521117e-01 -7.849630228532e-03 3.220172065205e-02
1.683593750000e+02 -1.731451681125e-03 4.275301005506e-04 5.224393877462e-03 2.679265083373e-03 7.744049321551e-01 4.434970084842e-01 -7.600986398758e-01 -4.784456214693e-01 -7.821374332081e-03 3.222942764604e-02
1.684082030000e+02 -1.731344418529e-03 4.274798276185e-04 5.224042465507e-03 2.679093947941e-03 7.778228918652e-01 4.375015627980e-01 -7.640212256483e-01 -4.720772250605e-01 -7.793079614689e-03 3.225710960038e-02
1.684570310000e+02 -1.731236910295e-03 4.274298289199e-04 5.223690781089e-03 2.678923485381e-03 7.811942682906e-01 4.314798763655e-01 -7.678905761483e-01 -4.656764190245e-01 -7.764746115205e-03 3.228476647547e-02
1.685058590000e+02 -1.731129156654e-03 4.273801128674e-04 5.223338826128e-03 2.678753716895e-03 7.845188662262e-01 4.254322985267e-01 -7.717064147758e-01 -4.592436620580e-01 -7.736373872515e-03 3.231239823189e-02
1.685546880000e+02 -1.731021155628e-03 4.273306868274e-04 5.222986595185e-03 2.678584660256e-03 7.877965595469e-01 4.193590553541e-01 -7.754685456201e-01 -4.527792826659e-01 -7.707962343284e-03 3.234000539546e-02
1.686035160000e+02 -1.730912911881e-03 4.272815611570e-04 5.222634104322e-03 2.678416343634e-03 7.910270236739e-01 4.132607476739e-01 -7.791765463979e-01 -4.462840093181e-01 -7.679512730179e-03 3.236758679624e-02
1.686523440000e+02 -1.730804423449e-03 4.272327431273e-04 5.222281347817e-03 2.678248784814e-03 7.942101383443e-01 4.071376047743e-01 -7.828302307685e-01 -4.397581760641e-01 -7.651024490724e-03 3.239514296089e-02
1.687011720000e+02 -1.730695690583e-03 4.271842409721e-04 5.221928327011e-03 2.678082005044e-03 7.973457181494e-01 4.009899813879e-01 -7.864293390621e-01 -4.332022514089e-01 -7.622497663935e-03 3.242267385051e-02
1.687500000000e+02 -1.730586713541e-03 4.271360628692e-04 5.221575043094e-03 2.677916025558e-03 8.004335801506e-01 3.948182335596e-01 -7.899736159023e-01 -4.266167062027e-01 -7.593932288861e-03 3.245017942640e-02
1.687988280000e+02 -1.730477492585e-03 4.270882169353e-04 5.221221497106e-03 2.677750867565e-03 8.034735438876e-01 3.886227186327e-01 -7.934628102297e-01 -4.200020135976e-01 -7.565328404581e-03 3.247765964995e-02
1.688476560000e+02 -1.730368027986e-03 4.270407112204e-04 5.220867689932e-03 2.677586552235e-03 8.064654313866e-01 3.824037952343e-01 -7.968966753245e-01 -4.133586490042e-01 -7.536686050205e-03 3.250511448275e-02
1.688964840000e+02 -1.730258320021e-03 4.269935537046e-04 5.220513622303e-03 2.677423100693e-03 8.094090671689e-01 3.761618232613e-01 -8.002749688293e-01 -4.066870900473e-01 -7.508005264873e-03 3.253254388649e-02
1.689453120000e+02 -1.730148368976e-03 4.269467522924e-04 5.220159294791e-03 2.677260534004e-03 8.123042782585e-01 3.698971638652e-01 -8.035974527706e-01 -3.999878165223e-01 -7.479286087752e-03 3.255994782302e-02
1.689941410000e+02 -1.730038172883e-03 4.269003138606e-04 5.219804700545e-03 2.677098869862e-03 8.151509519907e-01 3.636100504546e-01 -8.068639599016e-01 -3.932611723159e-01 -7.450527968692e-03 3.258732681478e-02
1.690429690000e+02 -1.729927736558e-03 4.268542480504e-04 5.219449854342e-03 2.676938135801e-03 8.179488038195e-01 3.573011041696e-01 -8.100741272829e-01 -3.865079169575e-01 -7.421732124831e-03 3.261467970250e-02
1.690917970000e+02 -1.729817058056e-03 4.268085615574e-04 5.219094749015e-03 2.676778349325e-03 8.206977271237e-01 3.509705613098e-01 -8.132277976908e-01 -3.797283990046e-01 -7.392898006857e-03 3.264200700941e-02
1.691406250000e+02 -1.729706137698e-03 4.267632619363e-04 5.218739384490e-03 2.676619531151e-03 8.233975590202e-01 3.446187879021e-01 -8.163247508965e-01 -3.729231064882e-01 -7.364025654051e-03 3.266930869796e-02
1.691894530000e+02 -1.729594975812e-03 4.267183566433e-04 5.218383760532e-03 2.676461701883e-03 8.260481391692e-01 3.382461511555e-01 -8.193647711568e-01 -3.660925293856e-01 -7.335115105716e-03 3.269658473071e-02
1.692382810000e+02 -1.729483572738e-03 4.266738530310e-04 5.218027876737e-03 2.676304882001e-03 8.286493097820e-01 3.318530194466e-01 -8.223476472329e-01 -3.592371595747e-01 -7.306166401185e-03 3.272383507037e-02
1.692871090000e+02 -1.729371928824e-03 4.266297583432e-04 5.217671732536e-03 2.676149091846e-03 8.312009156289e-01 3.254397623046e-01 -8.252731724086e-01 -3.523574907888e-01 -7.277179579813e-03 3.275105967982e-02
1.693359380000e+02 -1.729260042138e-03 4.265860788202e-04 5.217315319887e-03 2.675994348452e-03 8.337028547756e-01 3.190066184486e-01 -8.281412026535e-01 -3.454538769461e-01 -7.248154086159e-03 3.277825907882e-02
1.693847660000e+02 -1.729147917635e-03 4.265428232644e-04 5.216958652482e-03 2.675840678192e-03 8.361548746535e-01 3.125542231723e-01 -8.309514228733e-01 -3.385270981275e-01 -7.219091148491e-03 3.280543211647e-02
1.694335940000e+02 -1.729035553409e-03 4.264999976679e-04 5.216601721948e-03 2.675688097750e-03 8.385568795049e-01 3.060828178266e-01 -8.337036993500e-01 -3.315775122135e-01 -7.189990212194e-03 3.283257931335e-02
1.694824220000e+02 -1.728922949856e-03 4.264576087940e-04 5.216244527035e-03 2.675536626809e-03 8.409087244138e-01 2.995927764034e-01 -8.363978436293e-01 -3.246056198965e-01 -7.160851316717e-03 3.285970063291e-02
1.695312500000e+02 -1.728810107384e-03 4.264156632752e-04 5.215887066324e-03 2.675386284858e-03 8.432102670617e-01 2.930844739727e-01 -8.390336718624e-01 -3.176119234925e-01 -7.131674501532e-03 3.288679603874e-02
1.695800780000e+02 -1.728697026415e-03 4.263741676079e-04 5.215529338222e-03 2.675237091183e-03 8.454613677352e-01 2.865582866675e-01 -8.416110048213e-01 -3.105969268944e-01 -7.102459806131e-03 3.291386549457e-02
1.696289060000e+02 -1.728583707384e-03 4.263331281475e-04 5.215171340964e-03 2.675089064855e-03 8.476618893337e-01 2.800145916692e-01 -8.441296679129e-01 -3.035611355251e-01 -7.073207270028e-03 3.294090896428e-02
1.696777340000e+02 -1.728470150739e-03 4.262925511057e-04 5.214813072614e-03 2.674942224720e-03 8.498116973768e-01 2.734537671918e-01 -8.465894911930e-01 -2.965050562900e-01 -7.043916932755e-03 3.296792641191e-02
1.697265620000e+02 -1.728356356943e-03 4.262524425436e-04 5.214454531058e-03 2.674796589388e-03 8.519106600118e-01 2.668761924671e-01 -8.489903093793e-01 -2.894291975303e-01 -7.014588833865e-03 3.299491780162e-02
1.697753910000e+02 -1.728242324136e-03 4.262128075629e-04 5.214095706662e-03 2.674652174275e-03 8.539586894412e-01 2.602821125201e-01 -8.513320092151e-01 -2.823339234730e-01 -6.985222411130e-03 3.302188364972e-02
1.698242190000e+02 -1.728128057480e-03 4.261736535376e-04 5.213736611662e-03 2.674509003400e-03 8.559555752017e-01 2.536721786674e-01 -8.536143388633e-01 -2.752200358139e-01 -6.955818906967e-03 3.304882281617e-02
1.698730470000e+02 -1.728013555151e-03 4.261349852396e-04 5.213377236082e-03 2.674367091628e-03 8.579012358331e-01 2.470466382240e-01 -8.558371956664e-01 -2.680879018034e-01 -6.926377759955e-03 3.307573581811e-02
1.699218750000e+02 -1.727898817672e-03 4.260968080909e-04 5.213017577114e-03 2.674226456515e-03 8.597955500670e-01 2.404058743397e-01 -8.580004331131e-01 -2.609380350497e-01 -6.896899009719e-03 3.310262262029e-02
1.699707030000e+02 -1.727783845584e-03 4.260591273435e-04 5.212657631779e-03 2.674087115326e-03 8.616383992990e-01 2.337502711047e-01 -8.601039094126e-01 -2.537709503589e-01 -6.867382695897e-03 3.312948318762e-02
1.700195310000e+02 -1.727668639441e-03 4.260219480748e-04 5.212297396925e-03 2.673949085025e-03 8.634296675960e-01 2.270802135348e-01 -8.621474875044e-01 -2.465871636867e-01 -6.837828858147e-03 3.315631748515e-02
1.700683590000e+02 -1.727553199819e-03 4.259852751844e-04 5.211936869225e-03 2.673812382267e-03 8.651692417035e-01 2.203960875558e-01 -8.641310350678e-01 -2.393871920903e-01 -6.808237536138e-03 3.318312547809e-02
1.701171880000e+02 -1.727437524936e-03 4.259491126542e-04 5.211576037789e-03 2.673677020628e-03 8.668570450866e-01 2.136981426783e-01 -8.660544633050e-01 -2.321714057467e-01 -6.778608162374e-03 3.320990768000e-02
1.701660160000e+02 -1.727321620139e-03 4.259134664969e-04 5.211214913727e-03 2.673543021655e-03 8.684929007356e-01 2.069870409501e-01 -8.679175706166e-01 -2.249406193343e-01 -6.748941990151e-03 3.323666295940e-02
1.702148440000e+02 -1.727205483688e-03 4.258783403080e-04 5.210853485811e-03 2.673410398223e-03 8.700767385698e-01 2.002630338996e-01 -8.697202789597e-01 -2.176952053082e-01 -6.719238452766e-03 3.326339183069e-02
1.702636720000e+02 -1.727089116227e-03 4.258437382355e-04 5.210491750030e-03 2.673279165642e-03 8.716084561183e-01 1.935265109346e-01 -8.714624750557e-01 -2.104356846506e-01 -6.689497589944e-03 3.329009425966e-02
1.703125000000e+02 -1.726972518420e-03 4.258096642312e-04 5.210129702205e-03 2.673149338863e-03 8.730879536234e-01 1.867778622941e-01 -8.731440504042e-01 -2.031625792041e-01 -6.659719441420e-03 3.331677021225e-02
1.703613280000e+02 -1.726855690951e-03 4.257761220456e-04 5.209767337988e-03 2.673020932467e-03 8.745151340473e-01 1.800174790323e-01 -8.747649012896e-01 -1.958764116235e-01 -6.629904046941e-03 3.334341965454e-02
1.704101560000e+02 -1.726738634521e-03 4.257431152260e-04 5.209404652863e-03 2.672893960653e-03 8.758899030788e-01 1.732457530025e-01 -8.763249287858e-01 -1.885777053272e-01 -6.600051446265e-03 3.337004255277e-02
1.704589840000e+02 -1.726621349853e-03 4.257106471124e-04 5.209041642149e-03 2.672768437234e-03 8.772121691404e-01 1.664630768414e-01 -8.778240387615e-01 -1.812669844494e-01 -6.570161679161e-03 3.339663887331e-02
1.705078120000e+02 -1.726503837689e-03 4.256787208348e-04 5.208678301001e-03 2.672644375624e-03 8.784818433943e-01 1.596698439527e-01 -8.792621418848e-01 -1.739447737909e-01 -6.540234785405e-03 3.342320858271e-02
1.705566410000e+02 -1.726386096378e-03 4.256473386722e-04 5.208314616960e-03 2.672521786336e-03 8.796988641336e-01 1.528663090558e-01 -8.806391812015e-01 -1.666114484785e-01 -6.510270190740e-03 3.344975219095e-02
1.706054690000e+02 -1.726268131528e-03 4.256165046098e-04 5.207950599752e-03 2.672400686981e-03 8.808630981706e-01 1.460531457148e-01 -8.819550205846e-01 -1.592678348784e-01 -6.480269162286e-03 3.347626857768e-02
1.706542970000e+02 -1.726149941532e-03 4.255862204803e-04 5.207586236602e-03 2.672281087204e-03 8.819744903909e-01 1.392306103065e-01 -8.832096139470e-01 -1.519143094284e-01 -6.450231126562e-03 3.350275825372e-02
1.707031250000e+02 -1.726031527219e-03 4.255564885422e-04 5.207221522023e-03 2.672162998739e-03 8.830329629821e-01 1.323990991412e-01 -8.844028911852e-01 -1.445513991126e-01 -6.420156123375e-03 3.352922118621e-02
1.707519530000e+02 -1.725912889434e-03 4.255273108295e-04 5.206856450373e-03 2.672046432882e-03 8.840384409043e-01 1.255590092152e-01 -8.855347870080e-01 -1.371796313402e-01 -6.390044192538e-03 3.355565734241e-02
1.708007810000e+02 -1.725794029049e-03 4.254986891481e-04 5.206491015854e-03 2.671931400479e-03 8.849908518963e-01 1.187107381940e-01 -8.866052409377e-01 -1.297995338969e-01 -6.359895373871e-03 3.358206668975e-02
1.708496090000e+02 -1.725674946955e-03 4.254706250754e-04 5.206125212517e-03 2.671817911920e-03 8.858901264815e-01 1.118546843963e-01 -8.876141973101e-01 -1.224116348962e-01 -6.329709707198e-03 3.360844919579e-02
1.708984380000e+02 -1.725555641620e-03 4.254431193979e-04 5.205759026760e-03 2.671705974855e-03 8.867362147572e-01 1.049911061405e-01 -8.885616240470e-01 -1.150163112073e-01 -6.299486613011e-03 3.363480536773e-02
1.709472660000e+02 -1.725436118870e-03 4.254161743531e-04 5.205392467336e-03 2.671595603325e-03 8.875290181790e-01 9.812068413557e-02 -8.894474363042e-01 -1.076143943715e-01 -6.269227369058e-03 3.366113409391e-02
1.709960940000e+02 -1.725316377223e-03 4.253897902450e-04 5.205025520358e-03 2.671486803998e-03 8.882684935349e-01 9.124367807003e-02 -8.902716128891e-01 -1.002062618164e-01 -6.238931396594e-03 3.368743588239e-02
1.710449220000e+02 -1.725196417662e-03 4.253639677101e-04 5.204658179294e-03 2.671379585365e-03 8.889545825494e-01 8.436048870831e-02 -8.910341173854e-01 -9.279244248598e-02 -6.208598735453e-03 3.371371070132e-02
1.710937500000e+02 -1.725076241195e-03 4.253387071431e-04 5.204290437471e-03 2.671273955427e-03 8.895872297626e-01 7.747151738443e-02 -8.917349181844e-01 -8.537346541153e-02 -6.178229425475e-03 3.373995851902e-02
1.711425780000e+02 -1.724955848852e-03 4.253140086977e-04 5.203922288078e-03 2.671169921684e-03 8.901663825355e-01 7.057716598519e-02 -8.923739884818e-01 -7.794985966366e-02 -6.147823506496e-03 3.376617930394e-02
1.711914060000e+02 -1.724835241687e-03 4.252898722839e-04 5.203553724174e-03 2.671067491135e-03 8.906919910563e-01 6.367783693327e-02 -8.929513062745e-01 -7.052215430453e-02 -6.117381018358e-03 3.379237302470e-02
1.712402340000e+02 -1.724714420779e-03 4.252662975667e-04 5.203184738682e-03 2.670966670266e-03 8.911640083457e-01 5.677393317023e-02 -8.934668543563e-01 -6.309087834009e-02 -6.086902000897e-03 3.381853965005e-02
1.712890620000e+02 -1.724593387230e-03 4.252432839651e-04 5.202815324401e-03 2.670867465048e-03 8.915823902633e-01 4.986585813950e-02 -8.939206203136e-01 -5.565656067241e-02 -6.056386493951e-03 3.384467914889e-02
1.713378910000e+02 -1.724472139683e-03 4.252208301968e-04 5.202445466425e-03 2.670769878950e-03 8.919471024319e-01 4.295387417855e-02 -8.943126039150e-01 -4.821957772335e-02 -6.025833911277e-03 3.387079202479e-02
1.713867190000e+02 -1.724350684254e-03 4.251989361048e-04 5.202075172452e-03 2.670673920891e-03 8.922580914657e-01 3.603866879987e-02 -8.946427862606e-01 -4.078076266717e-02 -5.995245544119e-03 3.389687717739e-02
1.714355470000e+02 -1.724229019640e-03 4.251775998974e-04 5.201704427348e-03 2.670579593248e-03 8.925153297923e-01 2.912050533191e-02 -8.949111779423e-01 -3.334049152684e-02 -5.964620806976e-03 3.392293511110e-02
1.714843750000e+02 -1.724107147041e-03 4.251568199992e-04 5.201333223429e-03 2.670486899877e-03 8.927187846813e-01 2.219978905392e-02 -8.951177856601e-01 -2.589929231486e-02 -5.933959739673e-03 3.394896579542e-02
1.715332030000e+02 -1.723985067682e-03 4.251365945840e-04 5.200961552903e-03 2.670395844096e-03 8.928684262680e-01 1.527692566085e-02 -8.952626208759e-01 -1.845769270344e-02 -5.903262382032e-03 3.397496920001e-02
1.715820310000e+02 -1.723862782816e-03 4.251169215746e-04 5.200589407871e-03 2.670306428676e-03 8.929642275595e-01 8.352321245966e-03 -8.953456998055e-01 -1.101621997764e-02 -5.872528773869e-03 3.400094529466e-02
1.716308590000e+02 -1.723740293718e-03 4.250977986434e-04 5.200216780330e-03 2.670218655843e-03 8.930061644397e-01 1.426382283358e-03 -8.953670434105e-01 -3.575400988707e-03 -5.841758954996e-03 3.402689404933e-02
1.716796880000e+02 -1.723617599175e-03 4.250792228356e-04 5.199843654528e-03 2.670132525521e-03 8.929942148776e-01 -5.500626258948e-03 -8.953266759307e-01 3.864390241071e-03 -5.810952333938e-03 3.405281596471e-02
1.717285160000e+02 -1.723494705537e-03 4.250611920818e-04 5.199470037551e-03 2.670048042358e-03 8.929283610153e-01 -1.242801346581e-02 -8.952246294462e-01 1.130232313027e-02 -5.780110212310e-03 3.407870994931e-02
1.717773440000e+02 -1.723371611647e-03 4.250437029145e-04 5.199095913472e-03 2.669965205136e-03 8.928085877050e-01 -1.935551368075e-02 -8.950609389056e-01 1.873802478592e-02 -5.749231999363e-03 3.410457650467e-02
1.718261720000e+02 -1.723248318881e-03 4.250267520019e-04 5.198721273911e-03 2.669884013859e-03 8.926348823891e-01 -2.628271908258e-02 -8.948356441602e-01 2.617097055597e-02 -5.718317734878e-03 3.413041560134e-02
1.718750000000e+02 -1.723124828641e-03 4.250103357617e-04 5.198346110409e-03 2.669804467966e-03 8.924072354121e-01 -3.320922155772e-02 -8.945487897575e-01 3.360063645319e-02 -5.687367458628e-03 3.415622721002e-02
1.719238280000e+02 -1.723001142355e-03 4.249944503626e-04 5.197970414424e-03 2.669726566337e-03 8.921256400254e-01 -4.013461271807e-02 -8.942004249305e-01 4.102649920088e-02 -5.656381210375e-03 3.418201130156e-02
1.719726560000e+02 -1.722877261476e-03 4.249790917247e-04 5.197594177341e-03 2.669650307284e-03 8.917900923925e-01 -4.705848391899e-02 -8.937906035852e-01 4.844803627820e-02 -5.625359029870e-03 3.420776784696e-02
1.720214840000e+02 -1.722753187481e-03 4.249642555208e-04 5.197217390477e-03 2.669575688555e-03 8.914005915931e-01 -5.398042627729e-02 -8.933193842889e-01 5.586472596549e-02 -5.594300956854e-03 3.423349681735e-02
1.720703120000e+02 -1.722628921875e-03 4.249499371773e-04 5.196840045079e-03 2.669502707330e-03 8.909571396285e-01 -6.090003068932e-02 -8.927868302567e-01 6.327604738925e-02 -5.563207031056e-03 3.425919818403e-02
1.721191410000e+02 -1.722504463635e-03 4.249361315983e-04 5.196462124592e-03 2.669431358777e-03 8.904597306864e-01 -6.781702947583e-02 -8.921929965504e-01 7.068163216676e-02 -5.532076654288e-03 3.428487244397e-02
1.721679690000e+02 -1.722379819411e-03 4.249228342872e-04 5.196083635627e-03 2.669361641864e-03 8.899083929978e-01 -7.473072982465e-02 -8.915379799653e-01 7.808065791483e-02 -5.500911141330e-03 3.431051851716e-02
1.722167970000e+02 -1.722254988237e-03 4.249100396523e-04 5.195704561532e-03 2.669293550590e-03 8.893031277205e-01 -8.164086376715e-02 -8.908218460449e-01 8.547275829207e-02 -5.469709894700e-03 3.433613690142e-02
1.722656250000e+02 -1.722129971714e-03 4.248977421509e-04 5.195324893341e-03 2.669227079868e-03 8.886439485858e-01 -8.854702150018e-02 -8.900446764588e-01 9.285741625530e-02 -5.438472954073e-03 3.436172756864e-02
1.723144530000e+02 -1.722004771472e-03 4.248859360012e-04 5.194944622050e-03 2.669162224040e-03 8.879308722685e-01 -9.544879309165e-02 -8.892065574537e-01 1.002341158292e-01 -5.407200359109e-03 3.438729049088e-02
1.723632810000e+02 -1.721879389163e-03 4.248746151868e-04 5.194563738614e-03 2.669098976888e-03 8.871639183911e-01 -1.023457684990e-01 -8.883075798367e-01 1.076023421498e-01 -5.375892149453e-03 3.441282564032e-02
1.724121090000e+02 -1.721753826464e-03 4.248637734580e-04 5.194182233961e-03 2.669037331627e-03 8.863431095281e-01 -1.092375375879e-01 -8.873478389601e-01 1.149615815079e-01 -5.344548364730e-03 3.443833298930e-02
1.724609380000e+02 -1.721628082500e-03 4.248534041267e-04 5.193800091157e-03 2.668977279700e-03 8.854684527460e-01 -1.161238311190e-01 -8.863274131858e-01 1.223114718146e-01 -5.313168401539e-03 3.446381303184e-02
1.725097660000e+02 -1.721502164147e-03 4.248435009089e-04 5.193417316733e-03 2.668918815662e-03 8.845400123609e-01 -1.230039567659e-01 -8.852464487029e-01 1.296512007444e-01 -5.281753584772e-03 3.448926469695e-02
1.725585940000e+02 -1.721376070581e-03 4.248340566542e-04 5.193033893734e-03 2.668861929806e-03 8.835578024655e-01 -1.298776453184e-01 -8.841050341192e-01 1.369804089319e-01 -5.250303311717e-03 3.451468847952e-02
1.726074220000e+02 -1.721249803574e-03 4.248250642072e-04 5.192649813013e-03 2.668806613118e-03 8.825218574818e-01 -1.367444864620e-01 -8.829032827953e-01 1.442985877154e-01 -5.218817621929e-03 3.454008435248e-02
1.726562500000e+02 -1.721123364924e-03 4.248165161937e-04 5.192265065418e-03 2.668752856033e-03 8.814322148031e-01 -1.436040698841e-01 -8.816413125489e-01 1.516052298002e-01 -5.187296554942e-03 3.456545228893e-02
1.727050780000e+02 -1.720996756451e-03 4.248084050248e-04 5.191879641798e-03 2.668700648441e-03 8.802889147979e-01 -1.504559852935e-01 -8.803192456359e-01 1.588998293013e-01 -5.155740150270e-03 3.459079226210e-02
1.727539060000e+02 -1.720869979996e-03 4.248007228987e-04 5.191493533009e-03 2.668649979685e-03 8.790920008137e-01 -1.572998224392e-01 -8.789372087313e-01 1.661818817839e-01 -5.124148447407e-03 3.461610424537e-02
1.728027340000e+02 -1.720743037425e-03 4.247934618069e-04 5.191106729918e-03 2.668600838575e-03 8.778415191800e-01 -1.641351711294e-01 -8.774953329094e-01 1.734508843049e-01 -5.092521485823e-03 3.464138821229e-02
1.728515620000e+02 -1.720615930626e-03 4.247866135363e-04 5.190719223409e-03 2.668553213386e-03 8.765375192123e-01 -1.709616212514e-01 -8.759937536234e-01 1.807063354540e-01 -5.060859304966e-03 3.466664413653e-02
1.729003910000e+02 -1.720488658899e-03 4.247801695459e-04 5.190330996432e-03 2.668507090933e-03 8.751800248669e-01 -1.777789023073e-01 -8.744325781042e-01 1.879478835505e-01 -5.029161294739e-03 3.469187250831e-02
1.729492190000e+02 -1.720361229389e-03 4.247741214907e-04 5.189942055823e-03 2.668462460327e-03 8.737691470435e-01 -1.845863251617e-01 -8.728120144485e-01 1.951747337530e-01 -4.997428792869e-03 3.471707226828e-02
1.729980470000e+02 -1.720233641443e-03 4.247684604347e-04 5.189552384611e-03 2.668419307316e-03 8.723049167811e-01 -1.913836197660e-01 -8.711321797597e-01 2.023865379400e-01 -4.965661189929e-03 3.474224390752e-02
1.730468750000e+02 -1.720105897034e-03 4.247631773917e-04 5.189161973805e-03 2.668377618094e-03 8.707873953707e-01 -1.981703765159e-01 -8.693932267985e-01 2.095828012328e-01 -4.933858525270e-03 3.476738740031e-02
1.730957030000e+02 -1.719977998155e-03 4.247582631929e-04 5.188770814461e-03 2.668337378351e-03 8.692166471051e-01 -2.049461859829e-01 -8.675953125979e-01 2.167630304844e-01 -4.902020838217e-03 3.479250272107e-02
1.731445310000e+02 -1.719849946821e-03 4.247537084932e-04 5.188378897689e-03 2.668298573280e-03 8.675927392816e-01 -2.117106389344e-01 -8.657385984411e-01 2.239267343184e-01 -4.870148168067e-03 3.481758984440e-02
1.731933590000e+02 -1.719721745065e-03 4.247495037752e-04 5.187986214653e-03 2.668261187584e-03 8.659157422052e-01 -2.184633263532e-01 -8.638232498381e-01 2.310734231677e-01 -4.838240554092e-03 3.484264874501e-02
1.732421880000e+02 -1.719593392308e-03 4.247456392793e-04 5.187592748518e-03 2.668225204759e-03 8.641856932176e-01 -2.252039773763e-01 -8.618493954814e-01 2.382027551362e-01 -4.806297380991e-03 3.486767991012e-02
1.732910160000e+02 -1.719464895880e-03 4.247421053185e-04 5.187198506697e-03 2.668190610025e-03 8.624027395095e-01 -2.319319073779e-01 -8.598172901155e-01 2.453139523692e-01 -4.774319996348e-03 3.489268228950e-02
1.733398440000e+02 -1.719336255242e-03 4.247388918101e-04 5.186803472514e-03 2.668157385910e-03 8.605669255360e-01 -2.386468462790e-01 -8.577270719647e-01 2.524066771419e-01 -4.742307785520e-03 3.491765637124e-02
1.733886720000e+02 -1.719207472503e-03 4.247359886032e-04 5.186407637424e-03 2.668125515234e-03 8.586783336583e-01 -2.453483861238e-01 -8.555789232107e-01 2.594804475029e-01 -4.710260787660e-03 3.494260213065e-02
1.734375000000e+02 -1.719078549786e-03 4.247333854034e-04 5.186010992970e-03 2.668094980370e-03 8.567370492576e-01 -2.520361192721e-01 -8.533730301422e-01 2.665347834976e-01 -4.678179041891e-03 3.496751954320e-02
1.734863280000e+02 -1.718949489232e-03 4.247310717784e-04 5.185613530785e-03 2.668065763250e-03 8.547431607377e-01 -2.587096384195e-01 -8.511095831297e-01 2.735692072044e-01 -4.646062587304e-03 3.499240858452e-02
1.735351560000e+02 -1.718820292998e-03 4.247290371640e-04 5.185215242603e-03 2.668037845378e-03 8.526967595271e-01 -2.653685366177e-01 -8.487887766002e-01 2.805832427714e-01 -4.613911462959e-03 3.501726923038e-02
1.735839840000e+02 -1.718690963259e-03 4.247272708709e-04 5.184816120263e-03 2.668011207838e-03 8.505979400810e-01 -2.720124072950e-01 -8.464108090115e-01 2.875764164516e-01 -4.581725707880e-03 3.504210145668e-02
1.736328120000e+02 -1.718561502201e-03 4.247257620902e-04 5.184416155714e-03 2.667985831303e-03 8.484467998832e-01 -2.786408442768e-01 -8.439758828260e-01 2.945482566387e-01 -4.549505361061e-03 3.506690523948e-02
1.736816410000e+02 -1.718431909372e-03 4.247244998782e-04 5.184015332804e-03 2.667961695567e-03 8.462433937895e-01 -2.852535770675e-01 -8.414841528748e-01 3.014984360123e-01 -4.517249800522e-03 3.509168106212e-02
1.737304690000e+02 -1.718302192295e-03 4.247234732597e-04 5.183613660138e-03 2.667938781507e-03 8.439879155982e-01 -2.918499294887e-01 -8.389359316132e-01 3.084262026694e-01 -4.484960386353e-03 3.511642788613e-02
1.737792970000e+02 -1.718172350548e-03 4.247226710818e-04 5.183211121833e-03 2.667917068127e-03 8.416804272998e-01 -2.984296322708e-01 -8.363313829086e-01 3.153312341956e-01 -4.452636497210e-03 3.514114619573e-02
1.738281250000e+02 -1.718042386373e-03 4.247220821279e-04 5.182807710339e-03 2.667896534575e-03 8.393210385109e-01 -3.049922810340e-01 -8.336707249749e-01 3.222130678927e-01 -4.420278171945e-03 3.516583596757e-02
1.738769530000e+02 -1.717912302024e-03 4.247216950971e-04 5.182403418247e-03 2.667877159644e-03 8.369098618850e-01 -3.115374718991e-01 -8.309541798956e-01 3.290712433744e-01 -4.387885449372e-03 3.519049717845e-02
1.739257810000e+02 -1.717782099765e-03 4.247214986115e-04 5.181998238293e-03 2.667858921790e-03 8.344470131143e-01 -3.180648015088e-01 -8.281819735956e-01 3.359053025989e-01 -4.355458368264e-03 3.521512980531e-02
1.739746090000e+02 -1.717651781873e-03 4.247214812234e-04 5.181592163364e-03 2.667841799137e-03 8.319326109303e-01 -3.245738670487e-01 -8.253543358134e-01 3.427147899024e-01 -4.322996967360e-03 3.523973382527e-02
1.740234380000e+02 -1.717521347960e-03 4.247216314278e-04 5.181185178163e-03 2.667825769180e-03 8.293667240312e-01 -3.310643989978e-01 -8.224714404680e-01 3.494993907173e-01 -4.290500619492e-03 3.526430971856e-02
1.740722660000e+02 -1.717390805665e-03 4.247219376543e-04 5.180777292565e-03 2.667810810086e-03 8.267495823303e-01 -3.375357298365e-01 -8.195336429243e-01 3.562583763314e-01 -4.257970694345e-03 3.528885645597e-02
1.741210940000e+02 -1.717260154620e-03 4.247223882933e-04 5.180368491622e-03 2.667796898737e-03 8.240812616622e-01 -3.439875916222e-01 -8.165411257126e-01 3.629914376098e-01 -4.225406565375e-03 3.531337451865e-02
1.741699220000e+02 -1.717129397137e-03 4.247229716948e-04 5.179958768886e-03 2.667784012078e-03 8.213618929276e-01 -3.504195839238e-01 -8.134941335374e-01 3.696981287180e-01 -4.192808271156e-03 3.533786388426e-02
1.742187500000e+02 -1.716998535533e-03 4.247236761791e-04 5.179548118085e-03 2.667772126798e-03 8.185916100708e-01 -3.568313069595e-01 -8.103929147712e-01 3.763780063569e-01 -4.160175850222e-03 3.536232453066e-02
1.742675780000e+02 -1.716867572133e-03 4.247244900424e-04 5.179136533136e-03 2.667761219336e-03 8.157705500813e-01 -3.632223616187e-01 -8.072377214252e-01 3.830306297930e-01 -4.127509341063e-03 3.538675643581e-02
1.743164060000e+02 -1.716736509267e-03 4.247254015674e-04 5.178724008146e-03 2.667751265901e-03 8.128988529933e-01 -3.695923494832e-01 -8.040288091188e-01 3.896555608884e-01 -4.094808782127e-03 3.541115957784e-02
1.743652340000e+02 -1.716605349268e-03 4.247263990303e-04 5.178310537416e-03 2.667742242486e-03 8.099766618867e-01 -3.759408728492e-01 -8.007664370495e-01 3.962523641302e-01 -4.062074211818e-03 3.543553393503e-02
1.744140620000e+02 -1.716474094475e-03 4.247274707095e-04 5.177896115450e-03 2.667734124880e-03 8.070041228871e-01 -3.822675347488e-01 -7.974508679625e-01 4.028206066600e-01 -4.029305668492e-03 3.545987948580e-02
1.744628910000e+02 -1.716342744539e-03 4.247286049177e-04 5.177480728441e-03 2.667726888550e-03 8.039813227466e-01 -3.885720678563e-01 -7.940822985924e-01 4.093599919265e-01 -3.996502518319e-03 3.548419670641e-02
1.745117190000e+02 -1.716211307183e-03 4.247297899166e-04 5.177064388325e-03 2.667720509223e-03 8.009085374965e-01 -3.948538185061e-01 -7.906611366659e-01 4.158698246100e-01 -3.963666143159e-03 3.550848457958e-02
1.745605470000e+02 -1.716079782064e-03 4.247310140650e-04 5.176647081743e-03 2.667714962022e-03 7.977858610066e-01 -4.011125214143e-01 -7.871875869396e-01 4.223498142082e-01 -3.930795909782e-03 3.553274358245e-02
1.746093750000e+02 -1.715948171526e-03 4.247322657354e-04 5.176228804057e-03 2.667710222085e-03 7.946134515843e-01 -4.073477827776e-01 -7.836619260393e-01 4.287995387629e-01 -3.897891856360e-03 3.555697369403e-02
1.746582030000e+02 -1.715816477916e-03 4.247335333458e-04 5.175809550852e-03 2.667706264429e-03 7.913914705818e-01 -4.135592096390e-01 -7.800844339826e-01 4.352185791100e-01 -3.864954021016e-03 3.558117489347e-02
1.747070310000e+02 -1.715684703578e-03 4.247348053680e-04 5.175389317947e-03 2.667703063964e-03 7.881200823952e-01 -4.197464099101e-01 -7.764553941471e-01 4.416065189059e-01 -3.831982441824e-03 3.560534716006e-02
1.747558590000e+02 -1.715552850855e-03 4.247360703371e-04 5.174968101397e-03 2.667700595509e-03 7.847994544640e-01 -4.259089923939e-01 -7.727750932383e-01 4.479629446540e-01 -3.798977156809e-03 3.562949047325e-02
1.748046880000e+02 -1.715420919383e-03 4.247373168852e-04 5.174545888841e-03 2.667698833783e-03 7.814296877572e-01 -4.320466922461e-01 -7.690437443209e-01 4.542875749266e-01 -3.765937526960e-03 3.565360530619e-02
1.748535160000e+02 -1.715288916903e-03 4.247385336489e-04 5.174122694113e-03 2.667697753549e-03 7.780110938247e-01 -4.381588687171e-01 -7.652617934979e-01 4.605797429388e-01 -3.732864943481e-03 3.567769065087e-02
1.749023440000e+02 -1.715156843045e-03 4.247397094311e-04 5.173698505368e-03 2.667697329414e-03 7.745437807206e-01 -4.442452593738e-01 -7.614294613696e-01 4.668391737427e-01 -3.699758767946e-03 3.570174698134e-02
1.749511720000e+02 -1.715024700136e-03 4.247408331087e-04 5.173273319650e-03 2.667697536010e-03 7.710279280479e-01 -4.503054768093e-01 -7.575470476301e-01 4.730654654838e-01 -3.666619038173e-03 3.572577427761e-02
1.750000000000e+02 -1.714892490494e-03 4.247418936660e-04 5.172847134262e-03 2.667698347962e-03 7.674637184475e-01 -4.563391346214e-01 -7.536148551389e-01 4.792582192794e-01 -3.633445791929e-03 3.574977251985e-02
1.750488280000e+02 -1.714760216434e-03 4.247428802046e-04 5.172419946771e-03 2.667699739910e-03 7.638513375960e-01 -4.623458474349e-01 -7.496331898883e-01 4.854170392432e-01 -3.600239066923e-03 3.577374168837e-02
1.750976560000e+02 -1.714627880260e-03 4.247437819520e-04 5.171991755007e-03 2.667701686523e-03 7.601909742048e-01 -4.683252309249e-01 -7.456023609697e-01 4.915415325079e-01 -3.566998900812e-03 3.579768176362e-02
1.751464840000e+02 -1.714495484268e-03 4.247445882712e-04 5.171562557075e-03 2.667704162520e-03 7.564828200175e-01 -4.742769018400e-01 -7.415226805408e-01 4.976313092485e-01 -3.533725331196e-03 3.582159272619e-02
1.751953120000e+02 -1.714363030744e-03 4.247452886695e-04 5.171132351348e-03 2.667707142688e-03 7.527270698084e-01 -4.802004780251e-01 -7.373944637919e-01 5.036859827049e-01 -3.500418395619e-03 3.584547455684e-02
1.752441410000e+02 -1.714230519248e-03 4.247458728185e-04 5.170701127640e-03 2.667710601971e-03 7.489238430073e-01 -4.860956988827e-01 -7.332179428874e-01 5.097052921112e-01 -3.467077448419e-03 3.586932772465e-02
1.752929690000e+02 -1.714097957472e-03 4.247463305176e-04 5.170268902548e-03 2.667714515200e-03 7.450734962237e-01 -4.919619430500e-01 -7.289936100549e-01 5.156886103500e-01 -3.433703892647e-03 3.589315123363e-02
1.753417970000e+02 -1.713965344954e-03 4.247466517748e-04 5.169835666468e-03 2.667718857536e-03 7.411761559057e-01 -4.977989528260e-01 -7.247217043404e-01 5.216356836251e-01 -3.400297083204e-03 3.591694555378e-02
1.753906250000e+02 -1.713832683931e-03 4.247468267660e-04 5.169401418908e-03 2.667723604210e-03 7.372320289264e-01 -5.036063506744e-01 -7.204025527286e-01 5.275461376529e-01 -3.366857057404e-03 3.594071066639e-02
1.754394530000e+02 -1.713699976627e-03 4.247468458569e-04 5.168966159664e-03 2.667728730613e-03 7.332413251769e-01 -5.093837602725e-01 -7.160364850679e-01 5.334196013216e-01 -3.333383852501e-03 3.596444655293e-02
1.754882810000e+02 -1.713567225250e-03 4.247466996116e-04 5.168529888825e-03 2.667734212311e-03 7.292042575634e-01 -5.151308065346e-01 -7.116238340367e-01 5.392557067108e-01 -3.299877505686e-03 3.598815319500e-02
1.755371090000e+02 -1.713434431991e-03 4.247463788027e-04 5.168092606778e-03 2.667740025064e-03 7.251210420040e-01 -5.208471156356e-01 -7.071649351089e-01 5.450540891112e-01 -3.266338054093e-03 3.601183057435e-02
1.755859380000e+02 -1.713301596306e-03 4.247458744061e-04 5.167654305219e-03 2.667746144972e-03 7.209918123918e-01 -5.265324311470e-01 -7.026600337931e-01 5.508145046230e-01 -3.232764846884e-03 3.603547915687e-02
1.756347660000e+02 -1.713168725791e-03 4.247451776567e-04 5.167215003087e-03 2.667752547985e-03 7.168169597929e-01 -5.321861489637e-01 -6.981096555746e-01 5.565363590682e-01 -3.199159296203e-03 3.605909795596e-02
1.756835940000e+02 -1.713035819866e-03 4.247442799946e-04 5.166774692704e-03 2.667759210679e-03 7.125966250452e-01 -5.378080159388e-01 -6.935140523182e-01 5.622194158475e-01 -3.165520751765e-03 3.608268743840e-02
1.757324220000e+02 -1.712902880648e-03 4.247431731112e-04 5.166333375662e-03 2.667766109772e-03 7.083310360803e-01 -5.433976635285e-01 -6.888735703366e-01 5.678633232853e-01 -3.131849250449e-03 3.610624758652e-02
1.757812500000e+02 -1.712769910237e-03 4.247418489495e-04 5.165891053863e-03 2.667773222267e-03 7.040204238231e-01 -5.489547245693e-01 -6.841885585655e-01 5.734677330092e-01 -3.098144829073e-03 3.612977838276e-02
1.758300780000e+02 -1.712636910708e-03 4.247402997126e-04 5.165447729516e-03 2.667780525472e-03 6.996650221884e-01 -5.544788333021e-01 -6.794593685295e-01 5.790322999673e-01 -3.064407524386e-03 3.615327980972e-02
1.758789060000e+02 -1.712503884117e-03 4.247385178724e-04 5.165003405140e-03 2.667787997018e-03 6.952650680761e-01 -5.599696253966e-01 -6.746863543074e-01 5.845566824455e-01 -3.030637373072e-03 3.617675185013e-02
1.759277340000e+02 -1.712370832494e-03 4.247364961775e-04 5.164558083567e-03 2.667795614873e-03 6.908208013665e-01 -5.654267379755e-01 -6.698698724967e-01 5.900405420834e-01 -2.996834411749e-03 3.620019448687e-02
1.759765620000e+02 -1.712237757848e-03 4.247342276622e-04 5.164111767940e-03 2.667803357364e-03 6.863324649162e-01 -5.708498096387e-01 -6.650102821799e-01 5.954835438905e-01 -2.962998676967e-03 3.622360770296e-02
1.760253910000e+02 -1.712104659435e-03 4.247317055995e-04 5.163664452546e-03 2.667811203357e-03 6.818002112868e-01 -5.762385904935e-01 -6.601078440531e-01 6.008854664672e-01 -2.929129511245e-03 3.624699196015e-02
1.760742190000e+02 -1.711971544665e-03 4.247289237214e-04 5.163216159479e-03 2.667819131625e-03 6.772244749135e-01 -5.815925014413e-01 -6.551631228695e-01 6.062457603451e-01 -2.895228338253e-03 3.627034628395e-02
1.761230470000e+02 -1.711838412741e-03 4.247258759167e-04 5.162766883677e-03 2.667827121836e-03 6.726054151796e-01 -5.869112963748e-01 -6.501763849916e-01 6.115642117879e-01 -2.861294501040e-03 3.629367113699e-02
1.761718750000e+02 -1.711705265569e-03 4.247225564410e-04 5.162316629543e-03 2.667835153926e-03 6.679432867942e-01 -5.921946200482e-01 -6.451479990903e-01 6.168404994369e-01 -2.827328035881e-03 3.631696650285e-02
1.762207030000e+02 -1.711572105023e-03 4.247189598735e-04 5.161865401795e-03 2.667843208276e-03 6.632383474160e-01 -5.974421188161e-01 -6.400783361465e-01 6.220743053778e-01 -2.793328978976e-03 3.634023236524e-02
1.762695310000e+02 -1.711438932952e-03 4.247150811264e-04 5.161413205469e-03 2.667851265731e-03 6.584908576472e-01 -6.026534406581e-01 -6.349677694158e-01 6.272653151536e-01 -2.759297366458e-03 3.636346870803e-02
1.763183590000e+02 -1.711305751173e-03 4.247109154509e-04 5.160960045915e-03 2.667859307616e-03 6.537010810276e-01 -6.078282352034e-01 -6.298166743937e-01 6.324132177784e-01 -2.725233234383e-03 3.638667551521e-02
1.763671880000e+02 -1.711172558745e-03 4.247064583506e-04 5.160505919490e-03 2.667867315916e-03 6.488691846442e-01 -6.129662586007e-01 -6.246253220547e-01 6.375178098436e-01 -2.691135920104e-03 3.640985324529e-02
1.764160160000e+02 -1.711039362880e-03 4.247017059592e-04 5.160050850773e-03 2.667875272636e-03 6.439956358081e-01 -6.180669533980e-01 -6.193943049093e-01 6.425785782579e-01 -2.657006856133e-03 3.643300093319e-02
1.764648440000e+02 -1.710906162577e-03 4.246966545001e-04 5.159594836771e-03 2.667883160806e-03 6.390806083070e-01 -6.231300799271e-01 -6.141238990552e-01 6.475953275095e-01 -2.622845380339e-03 3.645611903829e-02
1.765136720000e+02 -1.710772959527e-03 4.246913006518e-04 5.159137884089e-03 2.667890963836e-03 6.341243773658e-01 -6.281552946659e-01 -6.088144885967e-01 6.525677606213e-01 -2.588651528483e-03 3.647920754516e-02
1.765625000000e+02 -1.710639755391e-03 4.246856414661e-04 5.158679999646e-03 2.667898665696e-03 6.291272211132e-01 -6.331422558671e-01 -6.034664597031e-01 6.574955841471e-01 -2.554425336250e-03 3.650226643847e-02
1.766113280000e+02 -1.710506551795e-03 4.246796743743e-04 5.158221190672e-03 2.667906250935e-03 6.240894205746e-01 -6.380906235832e-01 -5.980802005732e-01 6.623785081836e-01 -2.520166839250e-03 3.652529570304e-02
1.766601560000e+02 -1.710373350330e-03 4.246733971930e-04 5.157761464705e-03 2.667913704693e-03 6.190112596647e-01 -6.430000596923e-01 -5.926561014006e-01 6.672162463801e-01 -2.485876073013e-03 3.654829532385e-02
1.767089840000e+02 -1.710240152556e-03 4.246668081303e-04 5.157300829587e-03 2.667921012719e-03 6.138930251794e-01 -6.478702279225e-01 -5.871945543388e-01 6.720085159492e-01 -2.451553072993e-03 3.657126528599e-02
1.767578120000e+02 -1.710106959992e-03 4.246599057907e-04 5.156839293469e-03 2.667928161381e-03 6.087350067877e-01 -6.527007938781e-01 -5.816959534660e-01 6.767550376765e-01 -2.417197874564e-03 3.659420557470e-02
1.768066410000e+02 -1.709973771398e-03 4.246526890302e-04 5.156376855320e-03 2.667935137828e-03 6.035373901765e-01 -6.574915227656e-01 -5.761605810154e-01 6.814556317233e-01 -2.382809808437e-03 3.661711664425e-02
1.768554690000e+02 -1.709840593678e-03 4.246451575580e-04 5.155913542833e-03 2.667941929428e-03 5.983006836324e-01 -6.622418877866e-01 -5.705890615419e-01 6.861098335119e-01 -2.348390318338e-03 3.663999754172e-02
1.769042970000e+02 -1.709707425518e-03 4.246373110555e-04 5.155449355594e-03 2.667948524647e-03 5.930250793526e-01 -6.669516588477e-01 -5.649816817007e-01 6.907174713408e-01 -2.313938735474e-03 3.666284872229e-02
1.769531250000e+02 -1.709574268293e-03 4.246291497651e-04 5.154984302943e-03 2.667954912482e-03 5.877108784153e-01 -6.716205093104e-01 -5.593388429209e-01 6.952782803790e-01 -2.279455094897e-03 3.668567017172e-02
1.770019530000e+02 -1.709441123339e-03 4.246206743498e-04 5.154518394513e-03 2.667961082619e-03 5.823583847286e-01 -6.762481145397e-01 -5.536609483824e-01 6.997919994119e-01 -2.244939431579e-03 3.670846187593e-02
1.770507810000e+02 -1.709307991956e-03 4.246118858978e-04 5.154051640222e-03 2.667967025448e-03 5.769679050216e-01 -6.808341519291e-01 -5.479484029811e-01 7.042583708494e-01 -2.210391780405e-03 3.673122382097e-02
1.770996090000e+02 -1.709174875405e-03 4.246027859255e-04 5.153584050272e-03 2.667972732073e-03 5.715397488339e-01 -6.853783009263e-01 -5.422016132944e-01 7.086771407331e-01 -2.175812176180e-03 3.675395599303e-02
1.771484380000e+02 -1.709041772180e-03 4.245933761858e-04 5.153115625544e-03 2.667978194434e-03 5.660741161921e-01 -6.898803348251e-01 -5.364208688150e-01 7.130481477682e-01 -2.141199944449e-03 3.677665884305e-02
1.771972660000e+02 -1.708908688916e-03 4.245836594478e-04 5.152646395982e-03 2.667983404873e-03 5.605715461020e-01 -6.943397528534e-01 -5.306068161618e-01 7.173709662429e-01 -2.106556537538e-03 3.679933142761e-02
1.772460940000e+02 -1.708775624028e-03 4.245736383444e-04 5.152176363028e-03 2.667988356822e-03 5.550322449239e-01 -6.987563334096e-01 -5.247597487066e-01 7.216454431418e-01 -2.071881281476e-03 3.682197419854e-02
1.772949220000e+02 -1.708642578619e-03 4.245633161380e-04 5.151705537978e-03 2.667993044353e-03 5.494565333410e-01 -7.031297644159e-01 -5.188800794073e-01 7.258713390998e-01 -2.037174210726e-03 3.684458714256e-02
1.773437500000e+02 -1.708509553750e-03 4.245526965343e-04 5.151233932388e-03 2.667997462309e-03 5.438447347960e-01 -7.074597359772e-01 -5.129682227311e-01 7.300484184147e-01 -2.002435359659e-03 3.686717024652e-02
1.773925780000e+02 -1.708376550442e-03 4.245417836839e-04 5.150761558071e-03 2.668001606311e-03 5.381971754798e-01 -7.117459404075e-01 -5.070245946201e-01 7.341764490525e-01 -1.967664762564e-03 3.688972349741e-02
1.774414060000e+02 -1.708243569678e-03 4.245305821840e-04 5.150288427090e-03 2.668005472763e-03 5.325141843203e-01 -7.159880722549e-01 -5.010496124570e-01 7.382552026527e-01 -1.932862453637e-03 3.691224688234e-02
1.774902340000e+02 -1.708110612395e-03 4.245190970796e-04 5.149814551755e-03 2.668009058867e-03 5.267960929709e-01 -7.201858283280e-01 -4.950436950314e-01 7.422844545326e-01 -1.898028466987e-03 3.693474038856e-02
1.775390620000e+02 -1.707977679494e-03 4.245073338643e-04 5.149339944616e-03 2.668012362626e-03 5.210432357987e-01 -7.243389077218e-01 -4.890072625055e-01 7.462639836915e-01 -1.863162836631e-03 3.695720400346e-02
1.775878910000e+02 -1.707844769111e-03 4.244952982321e-04 5.148864608714e-03 2.668015382910e-03 5.152558309979e-01 -7.284470955147e-01 -4.829406118324e-01 7.501936527801e-01 -1.828264881477e-03 3.697963817369e-02
1.776367190000e+02 -1.707711887507e-03 4.244829970689e-04 5.148388576529e-03 2.668018119226e-03 5.094344553801e-01 -7.325099271782e-01 -4.768444143109e-01 7.540730872136e-01 -1.793336064756e-03 3.700204196800e-02
1.776855470000e+02 -1.707579032735e-03 4.244704369734e-04 5.147911851567e-03 2.668020572090e-03 5.035793332070e-01 -7.365271934164e-01 -4.707189700821e-01 7.579021580504e-01 -1.758375705837e-03 3.702441583391e-02
1.777343750000e+02 -1.707446205532e-03 4.244576252373e-04 5.147434447274e-03 2.668022742779e-03 4.976908095769e-01 -7.404986027279e-01 -4.645647044612e-01 7.616806590544e-01 -1.723383838372e-03 3.704675975934e-02
1.777832030000e+02 -1.707313406590e-03 4.244445696005e-04 5.146956377305e-03 2.668024633407e-03 4.917692322384e-01 -7.444238660264e-01 -4.583820439671e-01 7.654083876883e-01 -1.688360495918e-03 3.706907373232e-02
1.778320310000e+02 -1.707180636563e-03 4.244312782499e-04 5.146477655515e-03 2.668026246922e-03 4.858149515773e-01 -7.483026966672e-01 -4.521714162894e-01 7.690851451155e-01 -1.653305711938e-03 3.709135774101e-02
1.778808590000e+02 -1.707047896064e-03 4.244177598182e-04 5.145998295952e-03 2.668027587114e-03 4.798283206032e-01 -7.521348104730e-01 -4.459332502553e-01 7.727107362027e-01 -1.618219519801e-03 3.711361177371e-02
1.779296880000e+02 -1.706915182947e-03 4.244040230981e-04 5.145518303013e-03 2.668028658635e-03 4.738095713480e-01 -7.559200027956e-01 -4.396678472081e-01 7.762850421944e-01 -1.583101233248e-03 3.713583627369e-02
1.779785160000e+02 -1.706782503180e-03 4.243900781702e-04 5.145037710771e-03 2.668029466922e-03 4.677593085557e-01 -7.596578394265e-01 -4.333758947836e-01 7.798077289638e-01 -1.547952323876e-03 3.715803031920e-02
1.780273440000e+02 -1.706649854537e-03 4.243759347114e-04 5.144556523982e-03 2.668030018327e-03 4.616777700864e-01 -7.633481217470e-01 -4.270576969850e-01 7.832786862228e-01 -1.512772105875e-03 3.718019435437e-02
1.780761720000e+02 -1.706517237470e-03 4.243616031133e-04 5.144074757390e-03 2.668030320026e-03 4.555653193012e-01 -7.669905757074e-01 -4.207136868575e-01 7.866977336642e-01 -1.477560612226e-03 3.720232836802e-02
1.781250000000e+02 -1.706384652391e-03 4.243470941996e-04 5.143592425891e-03 2.668030380047e-03 4.494223221129e-01 -7.705849298550e-01 -4.143442984189e-01 7.900646946898e-01 -1.442317875813e-03 3.722443234909e-02
1.781738280000e+02 -1.706252099674e-03 4.243324192218e-04 5.143109544524e-03 2.668030207264e-03 4.432491469694e-01 -7.741309153588e-01 -4.079499666264e-01 7.933793964101e-01 -1.407043929420e-03 3.724650628663e-02
1.782226560000e+02 -1.706119579655e-03 4.243175898553e-04 5.142626128465e-03 2.668029811404e-03 4.370461648391e-01 -7.776282660365e-01 -4.015311273447e-01 7.966416696446e-01 -1.371738805730e-03 3.726855016984e-02
1.782714840000e+02 -1.705987092630e-03 4.243026181944e-04 5.142142193018e-03 2.668029203036e-03 4.308137491947e-01 -7.810767183790e-01 -3.950882173129e-01 7.998513489215e-01 -1.336402537328e-03 3.729056398804e-02
1.783203120000e+02 -1.705854638859e-03 4.242875167473e-04 5.141657753601e-03 2.668028393577e-03 4.245522759968e-01 -7.844760115772e-01 -3.886216741129e-01 8.030082724770e-01 -1.301035156695e-03 3.731254773066e-02
1.783691410000e+02 -1.705722215854e-03 4.242722981173e-04 5.141172815805e-03 2.668027395261e-03 4.182619945640e-01 -7.878259556449e-01 -3.821318029920e-01 8.061123452818e-01 -1.265635970932e-03 3.733450183659e-02
1.784179690000e+02 -1.705589829223e-03 4.242569762468e-04 5.140687415118e-03 2.668026221225e-03 4.119435434353e-01 -7.911261580331e-01 -3.756193089485e-01 8.091632858421e-01 -1.230206462242e-03 3.735642539630e-02
1.784667970000e+02 -1.705457476406e-03 4.242415645396e-04 5.140201557327e-03 2.668024885378e-03 4.055971774054e-01 -7.943764352976e-01 -3.690844992250e-01 8.121610076247e-01 -1.194745938154e-03 3.737831884952e-02
1.785156250000e+02 -1.705325157516e-03 4.242260770989e-04 5.139715258224e-03 2.668023402477e-03 3.992232822200e-01 -7.975765376835e-01 -3.625278144531e-01 8.151053636866e-01 -1.159254430740e-03 3.740018218620e-02
1.785644530000e+02 -1.705192872635e-03 4.242105284100e-04 5.139228533668e-03 2.668021788100e-03 3.928222460276e-01 -8.007262182635e-01 -3.559496959470e-01 8.179962107858e-01 -1.123731971966e-03 3.742201539641e-02
1.786132810000e+02 -1.705060621810e-03 4.241949333318e-04 5.138741399576e-03 2.668020058642e-03 3.863944593615e-01 -8.038252329630e-01 -3.493505856728e-01 8.208334093791e-01 -1.088178593691e-03 3.744381847034e-02
1.786621090000e+02 -1.704928405055e-03 4.241793070891e-04 5.138253871910e-03 2.668018231303e-03 3.799403151222e-01 -8.068733405856e-01 -3.427309262167e-01 8.236168236196e-01 -1.052594327671e-03 3.746559139831e-02
1.787109380000e+02 -1.704796219645e-03 4.241636649437e-04 5.137765956674e-03 2.668016324045e-03 3.734600755820e-01 -8.098703636912e-01 -3.360910245681e-01 8.263463767012e-01 -1.016978475838e-03 3.748733461574e-02
1.787597660000e+02 -1.704664070946e-03 4.241480234668e-04 5.137277689878e-03 2.668014355740e-03 3.669544037518e-01 -8.128159441562e-01 -3.294315964331e-01 8.290218283587e-01 -9.813325285311e-04 3.750904722260e-02
1.788085940000e+02 -1.704531956170e-03 4.241323986075e-04 5.136789077570e-03 2.668012345921e-03 3.604235670715e-01 -8.157099114732e-01 -3.227529502932e-01 8.316431102697e-01 -9.456557880997e-04 3.753072965519e-02
1.788574220000e+02 -1.704399875210e-03 4.241168069637e-04 5.136300135792e-03 2.668010314932e-03 3.538679677207e-01 -8.185520362115e-01 -3.160555309045e-01 8.342101013427e-01 -9.099482858667e-04 3.755238190431e-02
1.789062500000e+02 -1.704267827929e-03 4.241012654522e-04 5.135810880576e-03 2.668008283876e-03 3.472880101502e-01 -8.213420919447e-01 -3.093397834887e-01 8.367226841669e-01 -8.742100530461e-04 3.757400396089e-02
1.789550780000e+02 -1.704135814163e-03 4.240857912973e-04 5.135321327932e-03 2.668006274602e-03 3.406841010621e-01 -8.240798552755e-01 -3.026061537024e-01 8.391807450072e-01 -8.384411207416e-04 3.759559581597e-02
1.790039060000e+02 -1.704003833721e-03 4.240704020202e-04 5.134831493841e-03 2.668004309694e-03 3.340566493897e-01 -8.267651058606e-01 -2.958550876070e-01 8.415841738008e-01 -8.026415199458e-04 3.761715746073e-02
1.790527340000e+02 -1.703871886390e-03 4.240551154269e-04 5.134341394237e-03 2.668002412456e-03 3.274060662766e-01 -8.293976264356e-01 -2.890870316382e-01 8.439328641526e-01 -7.668112815399e-04 3.763868888645e-02
1.791015620000e+02 -1.703739971931e-03 4.240399495963e-04 5.133851045000e-03 2.668000606897e-03 3.207327650558e-01 -8.319772028396e-01 -2.823024325765e-01 8.462267133303e-01 -7.309504362932e-04 3.766019008454e-02
1.791503910000e+02 -1.703608087382e-03 4.240249225618e-04 5.133360451890e-03 2.667998917685e-03 3.140370238770e-01 -8.345036752352e-01 -2.755015980762e-01 8.484656675493e-01 -6.950582794904e-04 3.768166148595e-02
1.791992190000e+02 -1.703476237862e-03 4.240100535259e-04 5.132869650733e-03 2.667997370266e-03 3.073195346483e-01 -8.369767322563e-01 -2.686852540819e-01 8.506495396807e-01 -6.591363117911e-04 3.770310220288e-02
1.792480470000e+02 -1.703344420367e-03 4.239953610002e-04 5.132378647121e-03 2.667995990636e-03 3.005805802436e-01 -8.393962214862e-01 -2.618537091132e-01 8.527782843670e-01 -6.231838288781e-04 3.772451266712e-02
1.792968750000e+02 -1.703212634577e-03 4.239808640260e-04 5.131887456585e-03 2.667994805469e-03 2.938205825392e-01 -8.417619414232e-01 -2.550074110309e-01 8.548518134763e-01 -5.872008610649e-04 3.774589287055e-02
1.793457030000e+02 -1.703080880152e-03 4.239665818505e-04 5.131396094541e-03 2.667993842060e-03 2.870399654917e-01 -8.440736937910e-01 -2.481468078922e-01 8.568700425132e-01 -5.511874385488e-04 3.776724280518e-02
1.793945310000e+02 -1.702949156739e-03 4.239525339124e-04 5.130904576270e-03 2.667993128308e-03 2.802391551156e-01 -8.463312835632e-01 -2.412723479218e-01 8.588328906125e-01 -5.151435914112e-04 3.778856246314e-02
1.794433590000e+02 -1.702817463968e-03 4.239387398267e-04 5.130412916912e-03 2.667992692694e-03 2.734185794598e-01 -8.485345189866e-01 -2.343844794831e-01 8.607402805330e-01 -4.790693496166e-04 3.780985183664e-02
1.794921880000e+02 -1.702685798761e-03 4.239252190953e-04 5.129921121378e-03 2.667992564260e-03 2.665785283081e-01 -8.506832550512e-01 -2.274835095898e-01 8.625921760081e-01 -4.429640032762e-04 3.783111135312e-02
1.795410160000e+02 -1.702554166118e-03 4.239119921932e-04 5.129429224625e-03 2.667992772597e-03 2.597197138794e-01 -8.527772186085e-01 -2.205701694621e-01 8.643884311716e-01 -4.068290609676e-04 3.785234013428e-02
1.795898440000e+02 -1.702422562938e-03 4.238990788900e-04 5.128937231214e-03 2.667993347801e-03 2.528424303003e-01 -8.548162724331e-01 -2.136447665086e-01 8.661290181102e-01 -3.706638131865e-04 3.787353860838e-02
1.796386720000e+02 -1.702290988810e-03 4.238864993472e-04 5.128445155582e-03 2.667994320468e-03 2.459471135221e-01 -8.568002381031e-01 -2.067077493598e-01 8.678138740124e-01 -3.344682894224e-04 3.789470676814e-02
1.796875000000e+02 -1.702159443314e-03 4.238742738211e-04 5.127953011955e-03 2.667995721666e-03 2.390342014111e-01 -8.587289405880e-01 -1.997595666428e-01 8.694429396568e-01 -2.982425190446e-04 3.791584460635e-02
1.797363280000e+02 -1.702027926027e-03 4.238624226453e-04 5.127460814341e-03 2.667997582912e-03 2.321041337232e-01 -8.606022082717e-01 -1.928006669525e-01 8.710161594041e-01 -2.619865313011e-04 3.793695211595e-02
1.797851560000e+02 -1.701896436520e-03 4.238509662130e-04 5.126968576508e-03 2.667999936141e-03 2.251573520795e-01 -8.624198729754e-01 -1.858314988242e-01 8.725334811901e-01 -2.257003553183e-04 3.795802928997e-02
1.798339840000e+02 -1.701764974365e-03 4.238399249583e-04 5.126476311981e-03 2.668002813687e-03 2.181942999401e-01 -8.641817699810e-01 -1.788525107059e-01 8.739948565175e-01 -1.893840201002e-04 3.797907612157e-02
1.798828120000e+02 -1.701633539131e-03 4.238293193384e-04 5.125984034020e-03 2.668006248251e-03 2.112154225787e-01 -8.658877380529e-01 -1.718641509308e-01 8.754002404479e-01 -1.530375545278e-04 3.800009260401e-02
1.799316410000e+02 -1.701502127700e-03 4.238191696107e-04 5.125491745530e-03 2.668010272965e-03 2.042210236592e-01 -8.675376526754e-01 -1.648667242967e-01 8.767496186546e-01 -1.166602420562e-04 3.802107916014e-02
1.799804690000e+02 -1.701370745028e-03 4.238094966360e-04 5.124999479374e-03 2.668014921020e-03 1.972118384967e-01 -8.691312920645e-01 -1.578609654425e-01 8.780428980223e-01 -8.025360130695e-05 3.804203492387e-02
1.800292970000e+02 -1.701239388006e-03 4.238003206114e-04 5.124507237867e-03 2.668020226133e-03 1.901881745605e-01 -8.706685399326e-01 -1.508471789785e-01 8.792800724486e-01 -4.381691610173e-05 3.806296031891e-02
1.800781250000e+02 -1.701108056218e-03 4.237916618906e-04 5.124015033092e-03 2.668026222199e-03 1.831504841140e-01 -8.721492491994e-01 -1.438258125070e-01 8.804611111475e-01 -7.350214822770e-06 3.808385533895e-02
1.801269530000e+02 -1.700976749261e-03 4.237835407519e-04 5.123522876804e-03 2.668032943339e-03 1.760992211002e-01 -8.735732763786e-01 -1.367973133804e-01 8.815859868493e-01 2.914647427439e-05 3.810471997782e-02
1.801757810000e+02 -1.700845466741e-03 4.237759773770e-04 5.123030780418e-03 2.668040423866e-03 1.690348411146e-01 -8.749404815991e-01 -1.297621286747e-01 8.826546757916e-01 6.567312306111e-05 3.812555422945e-02
1.802246090000e+02 -1.700714208275e-03 4.237689918302e-04 5.122538754993e-03 2.668048698256e-03 1.619578013766e-01 -8.762507286265e-01 -1.227207051635e-01 8.836671577097e-01 1.022297035364e-04 3.814635808787e-02
1.802734380000e+02 -1.700582970809e-03 4.237626039123e-04 5.122046801150e-03 2.668057801312e-03 1.548684153918e-01 -8.775039099639e-01 -1.156733449080e-01 8.846234348360e-01 1.388169374269e-04 3.816713197236e-02
1.803222660000e+02 -1.700451759365e-03 4.237568336506e-04 5.121554949351e-03 2.668067767364e-03 1.477674339271e-01 -8.786998453825e-01 -1.086207826604e-01 8.855234547049e-01 1.754332984024e-04 3.818787502629e-02
1.803710940000e+02 -1.700320570921e-03 4.237517004911e-04 5.121063199441e-03 2.668078631359e-03 1.406551738393e-01 -8.798384359349e-01 -1.015633198607e-01 8.863672276486e-01 2.120795078361e-04 3.820858766978e-02
1.804199220000e+02 -1.700189405163e-03 4.237472238127e-04 5.120571560934e-03 2.668090428094e-03 1.335320985591e-01 -8.809195601443e-01 -9.450140181213e-02 8.871547472987e-01 2.487555382447e-04 3.822926989730e-02
1.804687500000e+02 -1.700058261796e-03 4.237434227675e-04 5.120080042925e-03 2.668103192365e-03 1.263986729973e-01 -8.819431002750e-01 -8.743547338641e-02 8.878860107360e-01 2.854613622755e-04 3.824992170341e-02
1.805175780000e+02 -1.699927140552e-03 4.237403162586e-04 5.119588654079e-03 2.668116958925e-03 1.192553635149e-01 -8.829089423522e-01 -8.036597899818e-02 8.885610184806e-01 3.221969527079e-04 3.827054308281e-02
1.805664060000e+02 -1.699796041184e-03 4.237379229170e-04 5.119097402617e-03 2.668131762455e-03 1.121026378928e-01 -8.838169761822e-01 -7.329336258004e-02 8.891797744810e-01 3.589622824534e-04 3.829113403027e-02
1.806152340000e+02 -1.699664963474e-03 4.237362610786e-04 5.118606296302e-03 2.668147637524e-03 1.049409653018e-01 -8.846670953722e-01 -6.621806755755e-02 8.897422861042e-01 3.957573245565e-04 3.831169454068e-02
1.806640620000e+02 -1.699533907233e-03 4.237353487614e-04 5.118115342431e-03 2.668164618556e-03 9.777081627180e-02 -8.854591973496e-01 -5.914053682444e-02 8.902485641245e-01 4.325820521953e-04 3.833222460906e-02
1.807128910000e+02 -1.699402869619e-03 4.237352036463e-04 5.117624537769e-03 2.668182740172e-03 9.059251557319e-02 -8.861931978175e-01 -5.206106771772e-02 8.906986313547e-01 4.694371937655e-04 3.835272465000e-02
1.807617190000e+02 -1.699271855871e-03 4.237358430505e-04 5.117133908742e-03 2.668202035646e-03 8.340683038701e-02 -8.868689718358e-01 -4.498039197120e-02 8.910924869177e-01 5.063212131546e-04 3.837319381906e-02
1.808105470000e+02 -1.699140863214e-03 4.237372838851e-04 5.116643451115e-03 2.668222539098e-03 7.621408820511e-02 -8.874864440349e-01 -3.789880576805e-02 8.914301615380e-01 5.432348384213e-04 3.839363253168e-02
1.808593750000e+02 -1.699009891591e-03 4.237395426595e-04 5.116153170191e-03 2.668244283987e-03 6.901476468160e-02 -8.880455273136e-01 -3.081674963023e-02 8.917116795108e-01 5.801780432852e-04 3.841404078326e-02
1.809082030000e+02 -1.698878940982e-03 4.237426354463e-04 5.115663070745e-03 2.668267303439e-03 6.180933667212e-02 -8.885461384848e-01 -2.373466342655e-02 8.919370684835e-01 6.171508016018e-04 3.843441856933e-02
1.809570310000e+02 -1.698748011407e-03 4.237465778572e-04 5.115173157015e-03 2.668291630204e-03 5.459828220144e-02 -8.889881982935e-01 -1.665298634888e-02 8.921063594439e-01 6.541530873650e-04 3.845476588548e-02
1.810058590000e+02 -1.698617102928e-03 4.237513850194e-04 5.114683432689e-03 2.668317296621e-03 4.738208043084e-02 -8.893716314346e-01 -9.572156888533e-03 8.922195867090e-01 6.911848747063e-04 3.847508272743e-02
1.810546880000e+02 -1.698486212966e-03 4.237570716765e-04 5.114193890869e-03 2.668344335143e-03 4.016106369688e-02 -8.896963726195e-01 -2.492467839647e-03 8.922767885109e-01 7.282468972143e-04 3.849536950615e-02
1.811035160000e+02 -1.698355347030e-03 4.237636516805e-04 5.113704554166e-03 2.668372776053e-03 3.293600911049e-02 -8.899623411926e-01 4.585353791241e-03 8.922780034471e-01 7.653376112654e-04 3.851562538661e-02
1.811523440000e+02 -1.698224502633e-03 4.237711386662e-04 5.113215414528e-03 2.668402650753e-03 2.570725120608e-02 -8.901694810542e-01 1.166101675823e-02 8.922232774953e-01 8.024577501243e-04 3.853585078060e-02
1.812011720000e+02 -1.698093680014e-03 4.237795455791e-04 5.112726473340e-03 2.668433989532e-03 1.847527335874e-02 -8.903177328707e-01 1.873408560450e-02 8.921126581697e-01 8.396072884819e-04 3.855604568423e-02
1.812500000000e+02 -1.697962879463e-03 4.237888847591e-04 5.112237731390e-03 2.668466822065e-03 1.124055991256e-02 -8.904070413432e-01 2.580412568905e-02 8.919461962534e-01 8.767862011699e-04 3.857621009370e-02
1.812988280000e+02 -1.697832101317e-03 4.237991679158e-04 5.111749188852e-03 2.668501177378e-03 4.003596146397e-03 -8.904373552229e-01 3.287070320929e-02 8.917239457860e-01 9.139944631625e-04 3.859634400532e-02
1.813476560000e+02 -1.697701345966e-03 4.238104061047e-04 5.111260845284e-03 2.668537083802e-03 -3.235131760803e-03 -8.904086273276e-01 3.993338522346e-02 8.914459640511e-01 9.512320495763e-04 3.861644741548e-02
1.813964840000e+02 -1.697570613852e-03 4.238226097032e-04 5.110772699617e-03 2.668574568938e-03 -1.047513676478e-02 -8.903208145566e-01 4.699173967273e-02 8.911123115639e-01 9.884989356713e-04 3.863652032069e-02
1.814453120000e+02 -1.697439905472e-03 4.238357883867e-04 5.110284750146e-03 2.668613659614e-03 -1.771593099110e-02 -8.901738779064e-01 5.404533540332e-02 8.907230520585e-01 1.025795096851e-03 3.865656271753e-02
1.814941410000e+02 -1.697309218699e-03 4.238499514048e-04 5.109796984534e-03 2.668654382693e-03 -2.495717406824e-02 -8.899677776581e-01 6.109388648403e-02 8.902782427967e-01 1.063121273390e-03 3.867657501222e-02
1.815429690000e+02 -1.697178559493e-03 4.238651063778e-04 5.109309419759e-03 2.668696761671e-03 -3.219807996338e-02 -8.897024914872e-01 6.813667492573e-02 8.897779721319e-01 1.100475912127e-03 3.869655638184e-02
1.815917970000e+02 -1.697047925841e-03 4.238812610129e-04 5.108822042172e-03 2.668740821634e-03 -3.943830682132e-02 -8.893779891536e-01 7.517341682657e-02 8.892223048357e-01 1.137859753030e-03 3.871650723344e-02
1.816406250000e+02 -1.696917318464e-03 4.238984219417e-04 5.108334847449e-03 2.668786585919e-03 -4.667736380306e-02 -8.889942481866e-01 8.220368486976e-02 8.886113173880e-01 1.175272772084e-03 3.873642756398e-02
1.816894530000e+02 -1.696786738140e-03 4.239165949765e-04 5.107847830592e-03 2.668834076890e-03 -5.391475941878e-02 -8.885512502833e-01 8.922705275118e-02 8.879450894219e-01 1.212714945422e-03 3.875631737052e-02
1.817382810000e+02 -1.696656185709e-03 4.239357850884e-04 5.107360985930e-03 2.668883315902e-03 -6.115000156450e-02 -8.880489813220e-01 9.624309520030e-02 8.872237037108e-01 1.250186249323e-03 3.877617665020e-02
1.817871090000e+02 -1.696525662068e-03 4.239559963842e-04 5.106874307104e-03 2.668934323257e-03 -6.838259755884e-02 -8.874874313751e-01 1.032513880010e-01 8.864472461550e-01 1.287686660216e-03 3.879600540028e-02
1.818359380000e+02 -1.696395165504e-03 4.239772325303e-04 5.106387777106e-03 2.668987119270e-03 -7.561220220435e-02 -8.868665813996e-01 1.102516512887e-01 8.856157881774e-01 1.325216923583e-03 3.881580402323e-02
1.818847660000e+02 -1.696264702380e-03 4.239994949700e-04 5.105901408124e-03 2.669041719867e-03 -8.283802564882e-02 -8.861864553230e-01 1.172431762850e-01 8.847294559486e-01 1.362775478937e-03 3.883557170555e-02
1.819335940000e+02 -1.696134271104e-03 4.240227855116e-04 5.105415181757e-03 2.669098143035e-03 -9.005972179588e-02 -8.854470437662e-01 1.242256855086e-01 8.837883282022e-01 1.400363071464e-03 3.885530885053e-02
1.819824220000e+02 -1.696003872815e-03 4.240471045891e-04 5.104929088867e-03 2.669156404496e-03 -9.727679602818e-02 -8.846483536999e-01 1.311987591661e-01 8.827925032090e-01 1.437979678193e-03 3.887501545578e-02
1.820312500000e+02 -1.695873508715e-03 4.240724516659e-04 5.104443119610e-03 2.669216518732e-03 -1.044887533388e-01 -8.837903963482e-01 1.381619786202e-01 8.817420822983e-01 1.475625276301e-03 3.889469151897e-02
1.820800780000e+02 -1.695743180066e-03 4.240988252149e-04 5.103957263438e-03 2.669278498952e-03 -1.116950983697e-01 -8.828731871994e-01 1.451149264095e-01 8.806371698429e-01 1.513299843120e-03 3.891433703789e-02
1.821289060000e+02 -1.695612888190e-03 4.241262226988e-04 5.103471509092e-03 2.669342357056e-03 -1.188953354498e-01 -8.818967460164e-01 1.520571862679e-01 8.794778732463e-01 1.551003356134e-03 3.893395201041e-02
1.821777340000e+02 -1.695482634471e-03 4.241546405512e-04 5.102985844602e-03 2.669408103598e-03 -1.260889686342e-01 -8.808610968466e-01 1.589883431447e-01 8.782643029273e-01 1.588735792979e-03 3.895353643447e-02
1.822265620000e+02 -1.695352420349e-03 4.241840741586e-04 5.102500257287e-03 2.669475747754e-03 -1.332755017424e-01 -8.797662680319e-01 1.659079832229e-01 8.769965723068e-01 1.626497131447e-03 3.897309030811e-02
1.822753910000e+02 -1.695222244660e-03 4.242145184754e-04 5.102014723809e-03 2.669545298730e-03 -1.404545853419e-01 -8.786122679787e-01 1.728158352846e-01 8.756747701701e-01 1.664288123722e-03 3.899261402898e-02
1.823242190000e+02 -1.695092114295e-03 4.242459654929e-04 5.101529249950e-03 2.669616760000e-03 -1.476254288410e-01 -8.773991809129e-01 1.797112050913e-01 8.742990700403e-01 1.702107200014e-03 3.901210679561e-02
1.823730470000e+02 -1.694962028200e-03 4.242784079635e-04 5.101043810947e-03 2.669690137812e-03 -1.547876826935e-01 -8.761270250857e-01 1.865938242371e-01 8.728695677397e-01 1.739955112228e-03 3.903156900643e-02
1.824218750000e+02 -1.694831988048e-03 4.243118369116e-04 5.100558391272e-03 2.669765435505e-03 -1.619408501712e-01 -8.747958461057e-01 1.934632840318e-01 8.713863885519e-01 1.777831838776e-03 3.905100065983e-02
1.824707030000e+02 -1.694701995562e-03 4.243462422316e-04 5.100072974690e-03 2.669842654883e-03 -1.690844345080e-01 -8.734056939185e-01 2.003191771136e-01 8.698496606894e-01 1.815737358226e-03 3.907040175425e-02
1.825195310000e+02 -1.694572052519e-03 4.243816126734e-04 5.099587544258e-03 2.669921796187e-03 -1.762179389404e-01 -8.719566228141e-01 2.071610974674e-01 8.682595152795e-01 1.853671649305e-03 3.908977228824e-02
1.825683590000e+02 -1.694442160746e-03 4.244179358293e-04 5.099102082334e-03 2.670002858069e-03 -1.833408667472e-01 -8.704486914341e-01 2.139886404423e-01 8.666160863493e-01 1.891634690896e-03 3.910911226041e-02
1.826171880000e+02 -1.694312319460e-03 4.244551988936e-04 5.098616560629e-03 2.670085839281e-03 -1.904528668247e-01 -8.688819300897e-01 2.208015421420e-01 8.649194755217e-01 1.929627240409e-03 3.912842206461e-02
1.826660160000e+02 -1.694182535901e-03 4.244933855792e-04 5.098130979997e-03 2.670170731820e-03 -1.975531513477e-01 -8.672564703190e-01 2.275991216404e-01 8.631698920734e-01 1.967647720900e-03 3.914770090870e-02
1.827148440000e+02 -1.694052809375e-03 4.245324806857e-04 5.097645310769e-03 2.670257531095e-03 -2.046413697325e-01 -8.655723523710e-01 2.343811181663e-01 8.613674444399e-01 2.005696889507e-03 3.916694918731e-02
1.827636720000e+02 -1.693923141888e-03 4.245724670562e-04 5.097159532539e-03 2.670346229153e-03 -2.117170258343e-01 -8.638296523546e-01 2.411471327054e-01 8.595122780988e-01 2.043774725755e-03 3.918616689938e-02
1.828125000000e+02 -1.693793535485e-03 4.246133263217e-04 5.096673624228e-03 2.670436816334e-03 -2.187796237551e-01 -8.620284507591e-01 2.478967676963e-01 8.576045413532e-01 2.081881209324e-03 3.920535404391e-02
1.828613280000e+02 -1.693663992246e-03 4.246550388934e-04 5.096187564085e-03 2.670529281254e-03 -2.258286678843e-01 -8.601688324585e-01 2.546296270472e-01 8.556443853162e-01 2.120016320060e-03 3.922451062002e-02
1.829101560000e+02 -1.693534514281e-03 4.246975839555e-04 5.095701329703e-03 2.670623610788e-03 -2.328636629408e-01 -8.582508867155e-01 2.613453161533e-01 8.536319638957e-01 2.158180037969e-03 3.924363662685e-02
1.829589840000e+02 -1.693405103730e-03 4.247409394600e-04 5.095214898024e-03 2.670719790054e-03 -2.398841140141e-01 -8.562747071856e-01 2.680434419133e-01 8.515674337793e-01 2.196372343220e-03 3.926273206367e-02
1.830078120000e+02 -1.693275762754e-03 4.247850821219e-04 5.094728245349e-03 2.670817802402e-03 -2.468895266059e-01 -8.542403919197e-01 2.747236127463e-01 8.494509544189e-01 2.234593216146e-03 3.928179692978e-02
1.830566410000e+02 -1.693146490890e-03 4.248299883431e-04 5.094241337377e-03 2.670917631460e-03 -2.538795496634e-01 -8.521479999227e-01 2.813855748519e-01 8.472826430804e-01 2.272843420884e-03 3.930083161409e-02
1.831054690000e+02 -1.693017295629e-03 4.248756305161e-04 5.093754169105e-03 2.671019252917e-03 -2.608534033243e-01 -8.499977237498e-01 2.880286668631e-01 8.450627535139e-01 2.311121371395e-03 3.931983533643e-02
1.831542970000e+02 -1.692888176533e-03 4.249219825420e-04 5.093266705013e-03 2.671122646773e-03 -2.678107378934e-01 -8.477896323971e-01 2.946526384816e-01 8.427914094960e-01 2.349427831563e-03 3.933880848647e-02
1.832031250000e+02 -1.692759135812e-03 4.249690161671e-04 5.092778918959e-03 2.671227789202e-03 -2.747510609423e-01 -8.455238415227e-01 3.012571043701e-01 8.404687813829e-01 2.387762782379e-03 3.935775106382e-02
1.832519530000e+02 -1.692630175681e-03 4.250167018969e-04 5.092290784220e-03 2.671334654564e-03 -2.816738806656e-01 -8.432004711900e-01 3.078416807928e-01 8.380950422179e-01 2.426126204999e-03 3.937666306818e-02
1.833007810000e+02 -1.692501298347e-03 4.250650089996e-04 5.091802273514e-03 2.671443215415e-03 -2.885787059232e-01 -8.408196458686e-01 3.144059856300e-01 8.356703677166e-01 2.464518080749e-03 3.939554449929e-02
1.833496090000e+02 -1.692372506004e-03 4.251139055103e-04 5.091313359008e-03 2.671553442497e-03 -2.954650462834e-01 -8.383814944341e-01 3.209496383944e-01 8.331949362505e-01 2.502938391119e-03 3.941439535699e-02
1.833984380000e+02 -1.692243798195e-03 4.251633592563e-04 5.090824002315e-03 2.671665307056e-03 -3.023325525112e-01 -8.358860984788e-01 3.274723936117e-01 8.306688765825e-01 2.541387905492e-03 3.943321602629e-02
1.834472660000e+02 -1.692115182344e-03 4.252133338011e-04 5.090334194605e-03 2.671778771649e-03 -3.091804544227e-01 -8.333336979016e-01 3.339736069307e-01 8.280924758188e-01 2.579865030831e-03 3.945200573629e-02
1.834960940000e+02 -1.691986657934e-03 4.252637945331e-04 5.089843896492e-03 2.671893803897e-03 -3.160084048067e-01 -8.307243842739e-01 3.404530366519e-01 8.254658689908e-01 2.618370536273e-03 3.947076487276e-02
1.835449220000e+02 -1.691858227046e-03 4.253147046347e-04 5.089353078133e-03 2.672010367364e-03 -3.228159164912e-01 -8.280583040891e-01 3.469103089682e-01 8.227892449390e-01 2.656904403985e-03 3.948949343582e-02
1.835937500000e+02 -1.691729891713e-03 4.253660261029e-04 5.088861709234e-03 2.672128423850e-03 -3.296025032269e-01 -8.253356082409e-01 3.533450517794e-01 8.200627950821e-01 2.695466616303e-03 3.950819142563e-02
1.836425780000e+02 -1.691601653915e-03 4.254177197636e-04 5.088369759065e-03 2.672247933402e-03 -3.363676797300e-01 -8.225564520206e-01 3.597568947070e-01 8.172867134011e-01 2.734057155733e-03 3.952685884242e-02
1.836914060000e+02 -1.691473515566e-03 4.254697452881e-04 5.087877196490e-03 2.672368854336e-03 -3.431109617252e-01 -8.197209951142e-01 3.661454691089e-01 8.144611964232e-01 2.772676004953e-03 3.954549568649e-02
1.837402340000e+02 -1.691345478507e-03 4.255220612109e-04 5.087383989985e-03 2.672491143258e-03 -3.498318659896e-01 -8.168294015988e-01 3.725104080930e-01 8.115864432066e-01 2.811323146814e-03 3.956410195821e-02
1.837890620000e+02 -1.691217544499e-03 4.255746249495e-04 5.086890107663e-03 2.672614755089e-03 -3.565299103954e-01 -8.138818399387e-01 3.788513465319e-01 8.086626553243e-01 2.849998564338e-03 3.958267765800e-02
1.838378910000e+02 -1.691089712593e-03 4.256273939091e-04 5.086395507167e-03 2.672739645665e-03 -3.632047504097e-01 -8.108784209017e-01 3.851680501881e-01 8.056899754705e-01 2.888703033661e-03 3.960122316585e-02
1.838867190000e+02 -1.690961989591e-03 4.256803211794e-04 5.085900176225e-03 2.672865761511e-03 -3.698556328210e-01 -8.078194447335e-01 3.914598987710e-01 8.026687319629e-01 2.927434952845e-03 3.961973772270e-02
1.839355470000e+02 -1.690834374328e-03 4.257333620454e-04 5.085404071900e-03 2.672993055221e-03 -3.764822159873e-01 -8.047050320933e-01 3.977266621437e-01 7.995990734442e-01 2.966195097796e-03 3.963822170929e-02
1.839843750000e+02 -1.690706868135e-03 4.257864696965e-04 5.084907161129e-03 2.673121475294e-03 -3.830840225967e-01 -8.015353689448e-01 4.039679823743e-01 7.964812113888e-01 3.004983452231e-03 3.965667512628e-02
1.840332030000e+02 -1.690579472205e-03 4.258395963348e-04 5.084409410622e-03 2.673250968718e-03 -3.896605766503e-01 -7.983106456119e-01 4.101835033630e-01 7.933153597068e-01 3.043800000041e-03 3.967509797442e-02
1.840820310000e+02 -1.690452187588e-03 4.258926932075e-04 5.083910786898e-03 2.673381481017e-03 -3.962114035054e-01 -7.950310567719e-01 4.163728708562e-01 7.901017347279e-01 3.082644725295e-03 3.969349025450e-02
1.841308590000e+02 -1.690325015173e-03 4.259457106412e-04 5.083411256314e-03 2.673512956297e-03 -4.027360299195e-01 -7.916968014483e-01 4.225357324587e-01 7.868405551860e-01 3.121517612234e-03 3.971185196738e-02
1.841796880000e+02 -1.690197953075e-03 4.259985991606e-04 5.082910774843e-03 2.673645340019e-03 -4.092341168955e-01 -7.883080130450e-01 4.286718630354e-01 7.835319739610e-01 3.160419442262e-03 3.973018348908e-02
1.842285160000e+02 -1.690071007029e-03 4.260513051969e-04 5.082409329121e-03 2.673778568196e-03 -4.157049279570e-01 -7.848650380594e-01 4.347806626096e-01 7.801763500678e-01 3.199348606585e-03 3.974848406972e-02
1.842773440000e+02 -1.689944174764e-03 4.261037776300e-04 5.081906874987e-03 2.673912583718e-03 -4.221481276765e-01 -7.813680196603e-01 4.408619103812e-01 7.767738420819e-01 3.238305886386e-03 3.976675408606e-02
1.843261720000e+02 -1.689817456397e-03 4.261559634958e-04 5.081403378500e-03 2.674047325587e-03 -4.285632488478e-01 -7.778171741723e-01 4.469152615172e-01 7.733246781937e-01 3.277291266616e-03 3.978499353919e-02
1.843750000000e+02 -1.689690851817e-03 4.262078091175e-04 5.080898805734e-03 2.674182731694e-03 -4.349498258830e-01 -7.742127222223e-01 4.529403731063e-01 7.698290889183e-01 3.316304732408e-03 3.980320243024e-02
1.844238280000e+02 -1.689564360669e-03 4.262592601540e-04 5.080393122819e-03 2.674318738884e-03 -4.413073948563e-01 -7.705548887292e-01 4.589369041712e-01 7.662873070791e-01 3.355346269072e-03 3.982138076041e-02
1.844726560000e+02 -1.689437982337e-03 4.263102616519e-04 5.079886295979e-03 2.674455283041e-03 -4.476354935472e-01 -7.668439028931e-01 4.649045156803e-01 7.626995677924e-01 3.394415862099e-03 3.983952853092e-02
1.845214840000e+02 -1.689311715928e-03 4.263607580992e-04 5.079378291574e-03 2.674592299159e-03 -4.539336614844e-01 -7.630799981840e-01 4.708428705595e-01 7.590661084511e-01 3.433513497160e-03 3.985764574310e-02
1.845703120000e+02 -1.689185560256e-03 4.264106934824e-04 5.078869076143e-03 2.674729721438e-03 -4.602014399893e-01 -7.592634123305e-01 4.767516337045e-01 7.553871687092e-01 3.472639160105e-03 3.987573239827e-02
1.846191410000e+02 -1.689059511243e-03 4.264600123494e-04 5.078358605978e-03 2.674867486192e-03 -4.664384996334e-01 -7.553943075339e-01 4.826305920819e-01 7.516629137330e-01 3.511793639125e-03 3.989378886731e-02
1.846679690000e+02 -1.688933572224e-03 4.265086558438e-04 5.077846869015e-03 2.675005520652e-03 -4.726441299809e-01 -7.514730884819e-01 4.884791737573e-01 7.478937401978e-01 3.550975316694e-03 3.991181441211e-02
1.847167970000e+02 -1.688807738439e-03 4.265565678325e-04 5.077333822150e-03 2.675143759999e-03 -4.788180060427e-01 -7.474999269013e-01 4.942971703099e-01 7.440798186367e-01 3.590184980793e-03 3.992980940425e-02
1.847656250000e+02 -1.688682007345e-03 4.266036909195e-04 5.076819433082e-03 2.675282136185e-03 -4.849596767461e-01 -7.434750774267e-01 5.000842546277e-01 7.402213975893e-01 3.629422618001e-03 3.994777384528e-02
1.848144530000e+02 -1.688556376009e-03 4.266499675336e-04 5.076303669916e-03 2.675420580863e-03 -4.910686930283e-01 -7.393987988852e-01 5.058401016245e-01 7.363187277773e-01 3.668688215082e-03 3.996570773681e-02
1.848632810000e+02 -1.688430841090e-03 4.266953400021e-04 5.075786501218e-03 2.675559025500e-03 -4.971446078801e-01 -7.352713542815e-01 5.115643882512e-01 7.323720620885e-01 3.707981758982e-03 3.998361108047e-02
1.849121090000e+02 -1.688305398815e-03 4.267397506285e-04 5.075267896057e-03 2.675697401498e-03 -5.031869763884e-01 -7.310930107829e-01 5.172567935066e-01 7.283816555612e-01 3.747303236832e-03 4.000148387795e-02
1.849609380000e+02 -1.688180042394e-03 4.267831426505e-04 5.074747813400e-03 2.675835643145e-03 -5.091954784808e-01 -7.268639525773e-01 5.229171140373e-01 7.243476823106e-01 3.786653442113e-03 4.001932649608e-02
1.850097660000e+02 -1.688054772264e-03 4.268254567893e-04 5.074226244795e-03 2.675973676429e-03 -5.151694274554e-01 -7.225846283330e-01 5.285448011214e-01 7.202705668619e-01 3.826030750570e-03 4.003713820582e-02
1.850585940000e+02 -1.687929580659e-03 4.268666366697e-04 5.073703150519e-03 2.676111436157e-03 -5.211085083488e-01 -7.182552315168e-01 5.341396562168e-01 7.161504884407e-01 3.865435955482e-03 4.005491937472e-02
1.851074220000e+02 -1.687804461861e-03 4.269066253339e-04 5.073178502210e-03 2.676248854770e-03 -5.270122850646e-01 -7.138760457840e-01 5.397013666190e-01 7.119877105307e-01 3.904869044723e-03 4.007267000464e-02
1.851562500000e+02 -1.687679409603e-03 4.269453662337e-04 5.072652272288e-03 2.676385865323e-03 -5.328803238180e-01 -7.094473588691e-01 5.452296217234e-01 7.077824986874e-01 3.944330006352e-03 4.009039009749e-02
1.852050780000e+02 -1.687554417048e-03 4.269828033272e-04 5.072124434012e-03 2.676522401636e-03 -5.387121931779e-01 -7.049694625676e-01 5.507241130354e-01 7.035351205234e-01 3.983818828619e-03 4.010807965522e-02
1.852539060000e+02 -1.687429476760e-03 4.270188811789e-04 5.071594961541e-03 2.676658398453e-03 -5.445074641102e-01 -7.004426527169e-01 5.561845341804e-01 6.992458456923e-01 4.023335499957e-03 4.012573867981e-02
1.853027340000e+02 -1.687304580678e-03 4.270535450632e-04 5.071063829993e-03 2.676793791609e-03 -5.502657100194e-01 -6.958672291780e-01 5.616105809137e-01 6.949149458734e-01 4.062880008990e-03 4.014336717331e-02
1.853515620000e+02 -1.687179720088e-03 4.270867410722e-04 5.070531015510e-03 2.676928518195e-03 -5.559865067918e-01 -6.912434958148e-01 5.670019511298e-01 6.905426947565e-01 4.102452344531e-03 4.016096513777e-02
1.854003910000e+02 -1.687054883039e-03 4.271184168584e-04 5.069996484357e-03 2.677062519476e-03 -5.616695488330e-01 -6.865716643079e-01 5.723584542117e-01 6.861292772223e-01 4.142053306879e-03 4.017853293476e-02
1.854492190000e+02 -1.686930064539e-03 4.271485191859e-04 5.069460236805e-03 2.677195730110e-03 -5.673141843381e-01 -6.818522378274e-01 5.776795729582e-01 6.816751517100e-01 4.181681263198e-03 4.019606984688e-02
1.854980470000e+02 -1.686805251187e-03 4.271769979421e-04 5.068922241523e-03 2.677328094804e-03 -5.729201136659e-01 -6.770854369376e-01 5.829651217982e-01 6.771805078827e-01 4.221337013598e-03 4.021357623640e-02
1.855468750000e+02 -1.686680431369e-03 4.272038036327e-04 5.068382479392e-03 2.677459557515e-03 -5.784869230488e-01 -6.722715813099e-01 5.882148072795e-01 6.726456273178e-01 4.261020547651e-03 4.023105210552e-02
1.855957030000e+02 -1.686555592668e-03 4.272288881715e-04 5.067840932649e-03 2.677590064407e-03 -5.840142014102e-01 -6.674109945127e-01 5.934283381363e-01 6.680707935268e-01 4.300731855119e-03 4.024849745651e-02
1.856445310000e+02 -1.686430721833e-03 4.272522050105e-04 5.067297584952e-03 2.677719564058e-03 -5.895015404061e-01 -6.625040039897e-01 5.986054252984e-01 6.634562919394e-01 4.340470925958e-03 4.026591229164e-02
1.856933590000e+02 -1.686305804747e-03 4.272737092732e-04 5.066752421458e-03 2.677848007676e-03 -5.949485344661e-01 -6.575509410363e-01 6.037457819002e-01 6.588024098894e-01 4.380237750312e-03 4.028329661324e-02
1.857421880000e+02 -1.686180823832e-03 4.272933582748e-04 5.066205417668e-03 2.677975351916e-03 -6.003548911349e-01 -6.525520379342e-01 6.088492274250e-01 6.541093400878e-01 4.420033133801e-03 4.030065077874e-02
1.857910160000e+02 -1.686055768252e-03 4.273111100930e-04 5.065656584351e-03 2.678101548703e-03 -6.057199890659e-01 -6.475078383682e-01 6.139152704048e-01 6.493775658600e-01 4.459855436965e-03 4.031797407972e-02
1.858398440000e+02 -1.685930618525e-03 4.273269261286e-04 5.065105900409e-03 2.678226561115e-03 -6.110435423949e-01 -6.424185831365e-01 6.189437355370e-01 6.446072844469e-01 4.499705465240e-03 4.033526687430e-02
1.858886720000e+02 -1.685805356717e-03 4.273407696068e-04 5.064553357718e-03 2.678350353170e-03 -6.163251570564e-01 -6.372846187003e-01 6.239343448620e-01 6.397987906461e-01 4.539583209544e-03 4.035252916492e-02
1.859375000000e+02 -1.685679963854e-03 4.273526061530e-04 5.063998950028e-03 2.678472892701e-03 -6.215644419623e-01 -6.321062952494e-01 6.288868226685e-01 6.349523810841e-01 4.579488660992e-03 4.036976095406e-02
1.859863280000e+02 -1.685554419876e-03 4.273624039505e-04 5.063442673040e-03 2.678594151607e-03 -6.267610090425e-01 -6.268839666759e-01 6.338008955011e-01 6.300683542014e-01 4.619421810891e-03 4.038696224422e-02
1.860351560000e+02 -1.685428703602e-03 4.273701339038e-04 5.062884524489e-03 2.678714106124e-03 -6.319144732845e-01 -6.216179905478e-01 6.386762921697e-01 6.251470102377e-01 4.659382650742e-03 4.040413303791e-02
1.860839840000e+02 -1.685302792691e-03 4.273757698041e-04 5.062324504223e-03 2.678832737094e-03 -6.370244527736e-01 -6.163087280823e-01 6.435127437571e-01 6.201886512176e-01 4.699371172245e-03 4.042127333769e-02
1.861328120000e+02 -1.685176663598e-03 4.273792885022e-04 5.061762614287e-03 2.678950030249e-03 -6.420905687320e-01 -6.109565441173e-01 6.483099836274e-01 6.151935809354e-01 4.739387367294e-03 4.043838314613e-02
1.861816410000e+02 -1.685050288944e-03 4.273806700894e-04 5.061198847445e-03 2.679065978857e-03 -6.471125479511e-01 -6.055616961665e-01 6.530678444672e-01 6.101620015257e-01 4.779432048363e-03 4.045546281532e-02
1.862304690000e+02 -1.684923647830e-03 4.273798980082e-04 5.060633233482e-03 2.679180574547e-03 -6.520898123423e-01 -6.001247772013e-01 6.577858693446e-01 6.050944263746e-01 4.819503567538e-03 4.047251164829e-02
1.862792970000e+02 -1.684796710266e-03 4.273769594079e-04 5.060065770025e-03 2.679293821864e-03 -6.570220960769e-01 -5.946460527033e-01 6.624638963604e-01 5.999910618267e-01 4.859602737123e-03 4.048952999781e-02
1.863281250000e+02 -1.684669447472e-03 4.273718451761e-04 5.059496468767e-03 2.679405729051e-03 -6.619090333166e-01 -5.891259017104e-01 6.671016680843e-01 5.948522186122e-01 4.899729549798e-03 4.050651786652e-02
1.863769530000e+02 -1.684541829248e-03 4.273645501828e-04 5.058925344035e-03 2.679516310759e-03 -6.667502615546e-01 -5.835647067364e-01 6.716989294073e-01 5.896782091592e-01 4.939883998446e-03 4.052347525714e-02
1.864257810000e+02 -1.684413823927e-03 4.273550734795e-04 5.058352412882e-03 2.679625588374e-03 -6.715454216533e-01 -5.779628537409e-01 6.762554275492e-01 5.844693475798e-01 4.980066076144e-03 4.054040217235e-02
1.864746090000e+02 -1.684285398329e-03 4.273434185020e-04 5.057777695175e-03 2.679733590356e-03 -6.762941578828e-01 -5.723207320983e-01 6.807709120665e-01 5.792259496558e-01 5.020275776172e-03 4.055729861490e-02
1.865234380000e+02 -1.684156515067e-03 4.273295929736e-04 5.057201201870e-03 2.679840354754e-03 -6.809962137728e-01 -5.666386177930e-01 6.852452260684e-01 5.739482243906e-01 5.060513916352e-03 4.057416493264e-02
1.865722660000e+02 -1.684027143064e-03 4.273136102952e-04 5.056622982363e-03 2.679945920840e-03 -6.856510479218e-01 -5.609171396760e-01 6.896779405389e-01 5.686367070406e-01 5.100778842236e-03 4.059100043749e-02
1.866210940000e+02 -1.683897241667e-03 4.272954880635e-04 5.056043053750e-03 2.680050342591e-03 -6.902584118227e-01 -5.551565812150e-01 6.940689041462e-01 5.632916105762e-01 5.141071371481e-03 4.060780547797e-02
1.866699220000e+02 -1.683766771147e-03 4.272752493825e-04 5.055461448114e-03 2.680153680285e-03 -6.948179637479e-01 -5.493573451245e-01 6.984178758699e-01 5.579132573184e-01 5.181391498167e-03 4.062458005687e-02
1.867187500000e+02 -1.683635690004e-03 4.272529228300e-04 5.054878200835e-03 2.680256003079e-03 -6.993293655624e-01 -5.435198373718e-01 7.027246170641e-01 5.525019711882e-01 5.221739216571e-03 4.064132417700e-02
1.867675780000e+02 -1.683503954923e-03 4.272285426911e-04 5.054293350688e-03 2.680357389401e-03 -7.037922827596e-01 -5.376444671438e-01 7.069888914647e-01 5.470580776932e-01 5.262114521175e-03 4.065803784119e-02
1.868164060000e+02 -1.683371520710e-03 4.272021491945e-04 5.053706939948e-03 2.680457927342e-03 -7.082063844976e-01 -5.317316468120e-01 7.112104651975e-01 5.415819039139e-01 5.302517406661e-03 4.067472105228e-02
1.868652340000e+02 -1.683238340245e-03 4.271737887564e-04 5.053119014489e-03 2.680557715063e-03 -7.125713436344e-01 -5.257817918984e-01 7.153891067844e-01 5.360737784900e-01 5.342947867913e-03 4.069137381311e-02
1.869140620000e+02 -1.683104364419e-03 4.271435142285e-04 5.052529623887e-03 2.680656861210e-03 -7.168868367632e-01 -5.197953210403e-01 7.195245871518e-01 5.305340316069e-01 5.383405900018e-03 4.070799612654e-02
1.869628910000e+02 -1.682969539309e-03 4.271113844741e-04 5.051938809415e-03 2.680755487352e-03 -7.211526310976e-01 -5.137725322422e-01 7.236167629979e-01 5.249628805693e-01 5.423892327697e-03 4.072458833494e-02
1.870117190000e+02 -1.682833817181e-03 4.270774672972e-04 5.051346652570e-03 2.680853720349e-03 -7.253682360766e-01 -5.077140969606e-01 7.276652424626e-01 5.193608868104e-01 5.464405488148e-03 4.074114976159e-02
1.870605470000e+02 -1.682697139861e-03 4.270418357557e-04 5.050753202586e-03 2.680951704902e-03 -7.295334275805e-01 -5.016203199878e-01 7.316698879796e-01 5.137282712969e-01 5.504946205933e-03 4.075768074947e-02
1.871093750000e+02 -1.682559449707e-03 4.270045710259e-04 5.050158524912e-03 2.681049595926e-03 -7.336478974895e-01 -4.954916320614e-01 7.356304801645e-01 5.080653702646e-01 5.545514476954e-03 4.077418130150e-02
1.871582030000e+02 -1.682420686788e-03 4.269657620382e-04 5.049562689233e-03 2.681147561030e-03 -7.377113415906e-01 -4.893284668515e-01 7.395468020732e-01 5.023725214286e-01 5.586110297317e-03 4.079065142056e-02
1.872070310000e+02 -1.682280788823e-03 4.269255057554e-04 5.048965769582e-03 2.681245780988e-03 -7.417234596104e-01 -4.831312609236e-01 7.434186392091e-01 4.966500639704e-01 5.626733663333e-03 4.080709110958e-02
1.872558590000e+02 -1.682139691119e-03 4.268839074589e-04 5.048367844454e-03 2.681344450221e-03 -7.456839552482e-01 -4.769004536994e-01 7.472457795309e-01 4.908983385253e-01 5.667384571517e-03 4.082350037145e-02
1.873046880000e+02 -1.681997323571e-03 4.268410801496e-04 5.047768984640e-03 2.681443779328e-03 -7.495926157228e-01 -4.706363587958e-01 7.510280904578e-01 4.851175684872e-01 5.708063851970e-03 4.083987954422e-02
1.873535160000e+02 -1.681853622290e-03 4.267971483781e-04 5.047169302422e-03 2.681543987435e-03 -7.534489926752e-01 -4.643396778118e-01 7.547652099556e-01 4.793083341419e-01 5.748769835426e-03 4.085622795994e-02
1.874023440000e+02 -1.681708512038e-03 4.267522432798e-04 5.046568878098e-03 2.681645314903e-03 -7.572528824967e-01 -4.580107305569e-01 7.584570113113e-01 4.734708623153e-01 5.789503351833e-03 4.087254595726e-02
1.874511720000e+02 -1.681561917797e-03 4.267065063674e-04 5.045967809136e-03 2.681748015731e-03 -7.610040050988e-01 -4.516499674882e-01 7.621032923748e-01 4.676054993289e-01 5.830264398533e-03 4.088883353912e-02
1.875000000000e+02 -1.681413761795e-03 4.266600889795e-04 5.045366198037e-03 2.681852360107e-03 -7.647020845244e-01 -4.452578417215e-01 7.657038534870e-01 4.617125928940e-01 5.871052973074e-03 4.090509070843e-02
1.875488280000e+02 -1.681263963437e-03 4.266131525976e-04 5.044764152453e-03 2.681958634950e-03 -7.683468489782e-01 -4.388348089907e-01 7.692584974868e-01 4.557924920992e-01 5.911869073210e-03 4.092131746810e-02
1.875976560000e+02 -1.681112439229e-03 4.265658691704e-04 5.044161785306e-03 2.682067144460e-03 -7.719380308577e-01 -4.323813276063e-01 7.727670297187e-01 4.498455473983e-01 5.952712696904e-03 4.093751382107e-02
1.876464840000e+02 -1.680959102707e-03 4.265184214432e-04 5.043559214908e-03 2.682178210674e-03 -7.754753667822e-01 -4.258978584137e-01 7.762292580397e-01 4.438721105974e-01 5.993583842328e-03 4.095367977023e-02
1.876953120000e+02 -1.680803864360e-03 4.264710032925e-04 5.042956565078e-03 2.682292174036e-03 -7.789585976228e-01 -4.193848647512e-01 7.796449928269e-01 4.378725348430e-01 6.034482507860e-03 4.096981531851e-02
1.877441410000e+02 -1.680646628315e-03 4.264238191048e-04 5.042353952931e-03 2.682409396413e-03 -7.823875381962e-01 -4.128426781318e-01 7.830141155039e-01 4.318470509482e-01 6.075409530543e-03 4.098592079832e-02
1.877929690000e+02 -1.680487305180e-03 4.263770879844e-04 5.041751538357e-03 2.682530252018e-03 -7.857617975119e-01 -4.062720347228e-01 7.863363035097e-01 4.257962615088e-01 6.116363232831e-03 4.100199555291e-02
1.878417970000e+02 -1.680325792646e-03 4.263310383003e-04 5.041149450099e-03 2.682655142400e-03 -7.890812001492e-01 -3.996732713991e-01 7.896114443027e-01 4.197204004820e-01 6.157344451621e-03 4.101803991530e-02
1.878906250000e+02 -1.680161988248e-03 4.262859119206e-04 5.040547835244e-03 2.682784487531e-03 -7.923455042714e-01 -3.930468610414e-01 7.928393584137e-01 4.136198262535e-01 6.198353186130e-03 4.103405388838e-02
1.879394530000e+02 -1.679995786081e-03 4.262419636054e-04 5.039946847004e-03 2.682918728787e-03 -7.955544724341e-01 -3.863932788072e-01 7.960198689304e-01 4.074948984887e-01 6.239389435784e-03 4.105003747502e-02
1.879882810000e+02 -1.679827076720e-03 4.261994613781e-04 5.039346644848e-03 2.683058329585e-03 -7.987078716123e-01 -3.797130020854e-01 7.991528015050e-01 4.013459781208e-01 6.280453200221e-03 4.106599067809e-02
1.880371090000e+02 -1.679655747137e-03 4.261586868990e-04 5.038747394620e-03 2.683203776021e-03 -8.018054732266e-01 -3.730065104521e-01 8.022379843620e-01 3.951734273389e-01 6.321544479289e-03 4.108191350045e-02
1.880859380000e+02 -1.679481677021e-03 4.261199350771e-04 5.038149256438e-03 2.683355580702e-03 -8.048471148858e-01 -3.662741474883e-01 8.052753100170e-01 3.889774824499e-01 6.362664115443e-03 4.109780627011e-02
1.881347660000e+02 -1.679304753008e-03 4.260835175912e-04 5.037552433794e-03 2.683514270841e-03 -8.078324523921e-01 -3.595166727689e-01 8.082644874522e-01 3.827587619068e-01 6.403810424725e-03 4.111366833893e-02
1.881835940000e+02 -1.679124847209e-03 4.260497585116e-04 5.036957100181e-03 2.683680407576e-03 -8.107613335232e-01 -3.527344345429e-01 8.112054153488e-01 3.765175049424e-01 6.444984249450e-03 4.112950003553e-02
1.882324220000e+02 -1.678941831321e-03 4.260189979221e-04 5.036363448247e-03 2.683854574352e-03 -8.136335477377e-01 -3.459279206778e-01 8.140979322967e-01 3.702540786520e-01 6.486185590313e-03 4.114530136270e-02
1.882812500000e+02 -1.678755573004e-03 4.259915915097e-04 5.035771677665e-03 2.684037380663e-03 -8.164488890648e-01 -3.390976209977e-01 8.169418794964e-01 3.639688513283e-01 6.527414448220e-03 4.116107232324e-02
1.883300780000e+02 -1.678565935785e-03 4.259679109751e-04 5.035181995266e-03 2.684229462757e-03 -8.192071561282e-01 -3.322440272364e-01 8.197371007676e-01 3.576621924501e-01 6.568670824290e-03 4.117681291990e-02
1.883789060000e+02 -1.678372778970e-03 4.259483444495e-04 5.034594615168e-03 2.684431484352e-03 -8.219081521695e-01 -3.253676329899e-01 8.224834425564e-01 3.513344726703e-01 6.609954719857e-03 4.119252315545e-02
1.884277340000e+02 -1.678175957550e-03 4.259332969174e-04 5.034009758906e-03 2.684644137362e-03 -8.245516850702e-01 -3.184689336686e-01 8.251807539442e-01 3.449860638051e-01 6.651266136466e-03 4.120820303262e-02
1.884765620000e+02 -1.677975322105e-03 4.259231906449e-04 5.033427655571e-03 2.684868142636e-03 -8.271375673746e-01 -3.115484264488e-01 8.278288866555e-01 3.386173388220e-01 6.692605075875e-03 4.122385255411e-02
1.885253910000e+02 -1.677770714476e-03 4.259184655755e-04 5.032848530112e-03 2.685104255673e-03 -8.296656674919e-01 -3.046064678410e-01 8.304277477837e-01 3.322285407869e-01 6.733972387528e-03 4.123947204220e-02
1.885742190000e+02 -1.677561984513e-03 4.259195800497e-04 5.032272650849e-03 2.685353247793e-03 -8.321357038036e-01 -2.976438427540e-01 8.329770879146e-01 3.258203066231e-01 6.775366379236e-03 4.125506085978e-02
1.886230470000e+02 -1.677348964835e-03 4.259270106562e-04 5.031700258440e-03 2.685615935896e-03 -8.345475553364e-01 -2.906609114177e-01 8.354768204816e-01 3.193928820476e-01 6.816787900306e-03 4.127061932971e-02
1.886718750000e+02 -1.677131487409e-03 4.259412531923e-04 5.031131613527e-03 2.685893164170e-03 -8.369010534957e-01 -2.836581775841e-01 8.379268078654e-01 3.129466445206e-01 6.858236953355e-03 4.128614745460e-02
1.887207030000e+02 -1.676909379302e-03 4.259628229694e-04 5.030566984973e-03 2.686185809590e-03 -8.391960344527e-01 -2.766361465252e-01 8.403269151323e-01 3.064819725973e-01 6.899713541215e-03 4.130164523706e-02
1.887695310000e+02 -1.676682462575e-03 4.259922552761e-04 5.030006650002e-03 2.686494782722e-03 -8.414323391629e-01 -2.695953249827e-01 8.426770100429e-01 2.999992459169e-01 6.941217666930e-03 4.131711267966e-02
1.888183590000e+02 -1.676450554178e-03 4.260301058492e-04 5.029450894334e-03 2.686821028539e-03 -8.436098133853e-01 -2.625362211177e-01 8.449769630607e-01 2.934988451910e-01 6.982749333763e-03 4.133254978494e-02
1.888671880000e+02 -1.676213460944e-03 4.260769524051e-04 5.028900001092e-03 2.687165534491e-03 -8.457283504816e-01 -2.554591993460e-01 8.472266929195e-01 2.869810185354e-01 7.024309396609e-03 4.134795687065e-02
1.889160160000e+02 -1.675970999001e-03 4.261333911025e-04 5.028354295966e-03 2.687529302754e-03 -8.477877190946e-01 -2.483650603925e-01 8.494259833669e-01 2.804464157451e-01 7.065896156892e-03 4.136333330822e-02
1.889648440000e+02 -1.675722964541e-03 4.262000427678e-04 5.027814079649e-03 2.687913393375e-03 -8.497878234899e-01 -2.412541716148e-01 8.515747596189e-01 2.738952873753e-01 7.107510469375e-03 4.137867941594e-02
1.890136720000e+02 -1.675469153025e-03 4.262775497501e-04 5.027279673210e-03 2.688318897308e-03 -8.517285288135e-01 -2.341270463391e-01 8.536729030427e-01 2.673280183160e-01 7.149152338183e-03 4.139399519625e-02
1.890625000000e+02 -1.675209354269e-03 4.263665772860e-04 5.026751406899e-03 2.688746944145e-03 -8.536097050994e-01 -2.269841990535e-01 8.557202977546e-01 2.607449944739e-01 7.190821767661e-03 4.140928065155e-02
1.891113280000e+02 -1.674943352333e-03 4.264678140054e-04 5.026229620280e-03 2.689198702998e-03 -8.554312272844e-01 -2.198261453553e-01 8.577168306294e-01 2.541466027612e-01 7.232518762368e-03 4.142453578420e-02
1.891601560000e+02 -1.674670925408e-03 4.265819724422e-04 5.025714662373e-03 2.689675383390e-03 -8.571929752227e-01 -2.126534018991e-01 8.596623913108e-01 2.475332310843e-01 7.274243327083e-03 4.143976059654e-02
1.892089840000e+02 -1.674391845706e-03 4.267097895526e-04 5.025206891791e-03 2.690178236152e-03 -8.588948337004e-01 -2.054664863430e-01 8.615568722206e-01 2.409052683330e-01 7.315995466801e-03 4.145495509085e-02
1.892578120000e+02 -1.674105879340e-03 4.268520272374e-04 5.024706676874e-03 2.690708554341e-03 -8.605366924484e-01 -1.982659172963e-01 8.634001685688e-01 2.342631043688e-01 7.357775186734e-03 4.147011926941e-02
1.893066410000e+02 -1.673812780134e-03 4.270094762570e-04 5.024214385831e-03 2.691267685913e-03 -8.621184779340e-01 -1.910520663972e-01 8.651922145386e-01 2.276069935606e-01 7.399583348813e-03 4.148525344407e-02
1.893554690000e+02 -1.673512313661e-03 4.271829435597e-04 5.023730427047e-03 2.691856988272e-03 -8.636400250263e-01 -1.838257494786e-01 8.669328375445e-01 2.209376003165e-01 7.441418246254e-03 4.150035699713e-02
1.894042970000e+02 -1.673204221115e-03 4.273732721438e-04 5.023255188709e-03 2.692477897873e-03 -8.651012713770e-01 -1.765873400757e-01 8.686219784491e-01 2.142551811719e-01 7.483280740859e-03 4.151543024098e-02
1.894531250000e+02 -1.672888243050e-03 4.275813290368e-04 5.022789079452e-03 2.693131886002e-03 -8.665021266211e-01 -1.693373600633e-01 8.702595437181e-01 2.075601297640e-01 7.525170838714e-03 4.153047317774e-02
1.895019530000e+02 -1.672564113331e-03 4.278080089129e-04 5.022332518322e-03 2.693820470889e-03 -8.678425053969e-01 -1.620763319971e-01 8.718454426579e-01 2.008528406454e-01 7.567088546125e-03 4.154548580947e-02
1.895507810000e+02 -1.672231559011e-03 4.280542346505e-04 5.021885934923e-03 2.694545218683e-03 -8.691223273566e-01 -1.548047790589e-01 8.733795874261e-01 1.941337092730e-01 7.609033869617e-03 4.156046813819e-02
1.895996090000e+02 -1.671890300207e-03 4.283209578952e-04 5.021449769544e-03 2.695307744445e-03 -8.703415171754e-01 -1.475232250017e-01 8.748618930422e-01 1.874031319965e-01 7.651006815933e-03 4.157542016589e-02
1.896484380000e+02 -1.671540042710e-03 4.286091657578e-04 5.021024464707e-03 2.696109729977e-03 -8.715000276635e-01 -1.402320446803e-01 8.762923061615e-01 1.806613678677e-01 7.693008252493e-03 4.159034219978e-02
1.896972660000e+02 -1.671180506733e-03 4.289198573431e-04 5.020610499919e-03 2.696952858341e-03 -8.725977461144e-01 -1.329320614747e-01 8.776706889717e-01 1.739090911318e-01 7.735036466134e-03 4.160523363057e-02
1.897460940000e+02 -1.670811383752e-03 4.292540797126e-04 5.020208339531e-03 2.697838913361e-03 -8.736346366692e-01 -1.256236512940e-01 8.789969949731e-01 1.671465627909e-01 7.777092324149e-03 4.162009476600e-02
1.897949220000e+02 -1.670432364885e-03 4.296129053237e-04 5.019818467952e-03 2.698769715810e-03 -8.746106441750e-01 -1.183073396220e-01 8.802711507473e-01 1.603741826503e-01 7.819175834162e-03 4.163492560787e-02
1.898437500000e+02 -1.670043133677e-03 4.299974382998e-04 5.019441380959e-03 2.699747140461e-03 -8.755257185389e-01 -1.109836522355e-01 8.814930857958e-01 1.535923513504e-01 7.861287004016e-03 4.164972615793e-02
1.898925780000e+02 -1.669643365970e-03 4.304088150259e-04 5.019077585828e-03 2.700773117136e-03 -8.763798147334e-01 -1.036531151482e-01 8.826627325515e-01 1.468014703543e-01 7.903425841777e-03 4.166449641787e-02
1.899414060000e+02 -1.669232729774e-03 4.308482047506e-04 5.018727601471e-03 2.701849631765e-03 -8.771728928012e-01 -9.631625455431e-02 8.837800263912e-01 1.400019419362e-01 7.945592355729e-03 4.167923638935e-02
1.899902340000e+02 -1.668810885131e-03 4.313168101914e-04 5.018391958570e-03 2.702978727458e-03 -8.779049178596e-01 -8.897359677206e-02 8.848449056477e-01 1.331941691695e-01 7.987786554379e-03 4.169394607395e-02
